shape,i,j,x,y,z,ux,uy,uz
1.0,1.0,1.0,2.926114080316483,2.213114080316483,0.0,0.0,0.0,-1.4979433911209365e-5
1.0,2.0,1.0,2.926114080316483,2.350864080316483,0.0,0.0,0.0,-5.05420269656663e-6
1.0,3.0,1.0,2.926114080316483,2.488614080316483,0.0,0.0,0.0,4.165621525993286e-6
1.0,4.0,1.0,2.926114080316483,2.626364080316483,0.0,0.0,0.0,1.2950459419725412e-5
1.0,5.0,1.0,2.9262281606329656,2.7612108185127324,0.0,0.0,0.0,2.117098549840616e-5
1.0,6.0,1.0,2.918185199544742,2.8141698042120584,0.0,0.0,0.0,2.576103988184127e-5
1.0,7.0,1.0,2.8951706892935642,2.859335698724533,0.0,0.0,0.0,3.2886957466061266e-5
1.0,8.0,1.0,2.859335698724533,2.8951706892935642,0.0,0.0,0.0,4.080744451180585e-5
1.0,9.0,1.0,2.814169804212059,2.918185199544742,0.0,0.0,0.0,4.819142751057971e-5
1.0,10.0,1.0,2.761210818512732,2.9262281606329656,0.0,0.0,0.0,5.432421732307511e-5
1.0,11.0,1.0,2.113614080316483,2.926114080316483,0.0,0.0,0.0,0.00011031205806164516
1.0,12.0,1.0,1.4631140803164828,2.926114080316483,0.0,0.0,0.0,0.00016459552930272604
1.0,13.0,1.0,0.8126140803164827,2.926114080316483,0.0,0.0,0.0,0.00021916701514761803
1.0,14.0,1.0,0.16501734212023322,2.9262281606329656,0.0,0.0,0.0,0.0002757452420509236
1.0,15.0,1.0,0.11205835642090678,2.918185199544742,0.0,0.0,0.0,0.00027994043465322856
1.0,16.0,1.0,0.06689246190843257,2.8951706892935642,0.0,0.0,0.0,0.00028271303518949414
1.0,17.0,1.0,0.0310574713394014,2.859335698724533,0.0,0.0,0.0,0.00028429310851851326
1.0,18.0,1.0,0.008042961088223777,2.8141698042120584,0.0,0.0,0.0,0.0002847666467873262
1.0,19.0,1.0,0.0,2.7612108185127324,0.0,0.0,0.0,0.0002843275580448356
1.0,20.0,1.0,0.0001140803164827453,2.113614080316483,0.0,0.0,0.0,0.00027797115242996395
1.0,21.0,1.0,0.0001140803164827453,1.4631140803164828,0.0,0.0,0.0,0.00027574831937462107
1.0,22.0,1.0,0.0001140803164827453,0.8126140803164827,0.0,0.0,0.0,0.0002777087797379697
1.0,23.0,1.0,0.0,0.16501734212023322,0.0,0.0,0.0,0.00028374934954819
1.0,24.0,1.0,0.008042961088223777,0.11205835642090678,0.0,0.0,0.0,0.0002841735555681918
1.0,25.0,1.0,0.0310574713394014,0.06689246190843257,0.0,0.0,0.0,0.0002837152110847206
1.0,26.0,1.0,0.06689246190843257,0.0310574713394014,0.0,0.0,0.0,0.00028217362772691546
1.0,27.0,1.0,0.11205835642090678,0.008042961088223777,0.0,0.0,0.0,0.0002794540276446747
1.0,28.0,1.0,0.16501734212023322,0.0,0.0,0.0,0.0,0.0002753180919873835
1.0,29.0,1.0,0.8126140803164827,0.0001140803164827453,0.0,0.0,0.0,0.00021942249657784388
1.0,30.0,1.0,1.4631140803164828,0.0001140803164827453,0.0,0.0,0.0,0.0001655844976233167
1.0,31.0,1.0,2.113614080316483,0.0001140803164827453,0.0,0.0,0.0,0.00011214640304088346
1.0,32.0,1.0,2.7612108185127324,0.0,0.0,0.0,0.0,5.723050960033021e-5
1.0,33.0,1.0,2.814169804212059,0.008042961088223777,0.0,0.0,0.0,5.112676925689911e-5
1.0,34.0,1.0,2.859335698724533,0.0310574713394014,0.0,0.0,0.0,4.3688295468796476e-5
1.0,35.0,1.0,2.8951706892935642,0.06689246190843257,0.0,0.0,0.0,3.5868500617605126e-5
1.0,36.0,1.0,2.918185199544742,0.11205835642090678,0.0,0.0,0.0,2.8909956814487626e-5
1.0,37.0,1.0,2.9262281606329656,0.16501734212023322,0.0,0.0,0.0,2.3868440327560884e-5
1.0,38.0,1.0,2.926114080316483,0.29986408031648293,0.0,0.0,0.0,1.5638109611602908e-5
1.0,39.0,1.0,2.926114080316483,0.43761408031648275,0.0,0.0,0.0,6.6218093055402715e-6
1.0,40.0,1.0,2.926114080316483,0.5753640803164828,0.0,0.0,0.0,-2.85157508543762e-6
1.0,41.0,1.0,2.926114080316483,0.7131140803164828,0.0,0.0,0.0,-1.3005170409085326e-5
2.0,1.0,1.0,5.9261140803164825,2.213114080316483,0.0,0.0,0.0,0.002467060582509429
2.0,2.0,1.0,5.9261140803164825,2.350864080316483,0.0,0.0,0.0,0.0019228096879650354
2.0,3.0,1.0,5.9261140803164825,2.488614080316483,0.0,0.0,0.0,0.0013815661174048847
2.0,4.0,1.0,5.9261140803164825,2.626364080316483,0.0,0.0,0.0,0.0008422058655181686
2.0,5.0,1.0,5.926228160632966,2.7612108185127324,0.0,0.0,0.0,0.0003154891970529041
2.0,6.0,1.0,5.918185199544742,2.8141698042120584,0.0,0.0,0.0,0.00010874405652286544
2.0,7.0,1.0,5.895170689293565,2.859335698724533,0.0,0.0,0.0,-6.696596925213482e-5
2.0,8.0,1.0,5.859335698724533,2.8951706892935642,0.0,0.0,0.0,-0.0002048710166883207
2.0,9.0,1.0,5.814169804212058,2.918185199544742,0.0,0.0,0.0,-0.0002906096866673142
2.0,10.0,1.0,5.7612108185127315,2.9262281606329656,0.0,0.0,0.0,-0.00031474732148633006
2.0,11.0,1.0,5.1136140803164825,2.926114080316483,0.0,0.0,0.0,-0.00021902457626865
2.0,12.0,1.0,4.463114080316483,2.926114080316483,0.0,0.0,0.0,-0.0001354898444304875
2.0,13.0,1.0,3.8126140803164827,2.926114080316483,0.0,0.0,0.0,-6.0588142295946886e-5
2.0,14.0,1.0,3.1650173421202332,2.9262281606329656,0.0,0.0,0.0,1.2020687588588567e-6
2.0,15.0,1.0,3.112058356420907,2.918185199544742,0.0,0.0,0.0,1.1027502433808611e-5
2.0,16.0,1.0,3.0668924619084326,2.8951706892935642,0.0,0.0,0.0,2.6733818887748907e-5
2.0,17.0,1.0,3.0310574713394014,2.859335698724533,0.0,0.0,0.0,4.3574697380432624e-5
2.0,18.0,1.0,3.0080429610882238,2.8141698042120584,0.0,0.0,0.0,5.672864065808244e-5
2.0,19.0,1.0,3.0,2.7612108185127324,0.0,0.0,0.0,6.179234325620855e-5
2.0,20.0,1.0,3.0001140803164827,2.113614080316483,0.0,0.0,0.0,5.2412935752757174e-5
2.0,21.0,1.0,3.0001140803164827,1.4631140803164828,0.0,0.0,0.0,5.092019887578636e-5
2.0,22.0,1.0,3.0001140803164827,0.8126140803164827,0.0,0.0,0.0,5.316347924864739e-5
2.0,23.0,1.0,3.0,0.16501734212023322,0.0,0.0,0.0,6.32673017636674e-5
2.0,24.0,1.0,3.0080429610882238,0.11205835642090678,0.0,0.0,0.0,5.8425323711167074e-5
2.0,25.0,1.0,3.0310574713394014,0.06689246190843257,0.0,0.0,0.0,4.5246334346250406e-5
2.0,26.0,1.0,3.0668924619084326,0.0310574713394014,0.0,0.0,0.0,2.8456584292531313e-5
2.0,27.0,1.0,3.112058356420907,0.008042961088223777,0.0,0.0,0.0,1.2895993722322805e-5
2.0,28.0,1.0,3.1650173421202332,0.0,0.0,0.0,0.0,3.1884834467304396e-6
2.0,29.0,1.0,3.8126140803164827,0.0001140803164827453,0.0,0.0,0.0,-5.7975049981176065e-5
2.0,30.0,1.0,4.463114080316483,0.0001140803164827453,0.0,0.0,0.0,-0.00013229303784222863
2.0,31.0,1.0,5.1136140803164825,0.0001140803164827453,0.0,0.0,0.0,-0.00021514542244055183
2.0,32.0,1.0,5.761210818512732,0.0,0.0,0.0,0.0,-0.0003100044247237278
2.0,33.0,1.0,5.814169804212058,0.008042961088223777,0.0,0.0,0.0,-0.00028606859153048497
2.0,34.0,1.0,5.859335698724533,0.0310574713394014,0.0,0.0,0.0,-0.00020106151916858905
2.0,35.0,1.0,5.895170689293565,0.06689246190843257,0.0,0.0,0.0,-6.43383606887653e-5
2.0,36.0,1.0,5.918185199544742,0.11205835642090678,0.0,0.0,0.0,0.00010986253081479351
2.0,37.0,1.0,5.926228160632966,0.16501734212023322,0.0,0.0,0.0,0.000314830347210408
2.0,38.0,1.0,5.9261140803164825,0.29986408031648293,0.0,0.0,0.0,0.0008370232589999687
2.0,39.0,1.0,5.9261140803164825,0.43761408031648275,0.0,0.0,0.0,0.0013717547694972077
2.0,40.0,1.0,5.9261140803164825,0.5753640803164828,0.0,0.0,0.0,0.0019083510414447612
2.0,41.0,1.0,5.9261140803164825,0.7131140803164828,0.0,0.0,0.0,0.0024479211970106123
1.0,1.0,2.0,2.926114080316483,2.213114080316483,0.5,0.00027628143313679777,-3.665029190123092e-5,-1.2654869370859366e-5
1.0,2.0,2.0,2.926114080316483,2.350864080316483,0.5,0.00023271137002020255,-3.699666796152514e-5,-3.164400427328187e-6
1.0,3.0,2.0,2.926114080316483,2.488614080316483,0.5,0.00018910503587659964,-3.7272734392365346e-5,5.751668409750897e-6
1.0,4.0,2.0,2.926114080316483,2.626364080316483,0.5,0.00014581517989674207,-3.750059331396206e-5,1.3997853339154845e-5
1.0,5.0,2.0,2.9262281606329656,2.7612108185127324,0.5,0.00010409971863127337,-3.762960843982429e-5,2.173613805612019e-5
1.0,6.0,2.0,2.918185199544742,2.8141698042120584,0.5,8.79498908374573e-5,-4.011517372118467e-5,2.6774073086459378e-5
1.0,7.0,2.0,2.8951706892935642,2.859335698724533,0.5,7.428911959763633e-5,-4.709702957779552e-5,3.331438066343317e-5
1.0,8.0,2.0,2.859335698724533,2.8951706892935642,0.5,6.358368688861714e-5,-5.7854123359417454e-5,4.1066663910946784e-5
1.0,9.0,2.0,2.814169804212059,2.918185199544742,0.5,5.683110166903848e-5,-7.120356457454522e-5,4.8751524060525256e-5
1.0,10.0,2.0,2.761210818512732,2.9262281606329656,0.5,5.455942910811354e-5,-8.643476521556915e-5,5.492607500978432e-5
1.0,11.0,2.0,2.113614080316483,2.926114080316483,0.5,5.484550168438059e-5,-0.0002285025474340894,0.0001105363343053769
1.0,12.0,2.0,1.4631140803164828,2.926114080316483,0.5,5.4716969195717195e-5,-0.0002515479593477023,0.00016447320615321865
1.0,13.0,2.0,0.8126140803164827,2.926114080316483,0.5,5.427044879905785e-5,-0.00016590535692862578,0.0002187485111008563
1.0,14.0,2.0,0.16501734212023322,2.9262281606329656,0.5,5.3711136176382156e-5,-3.358533008308733e-5,0.00027516469880031893
1.0,15.0,2.0,0.11205835642090678,2.918185199544742,0.5,5.199075030084889e-5,-2.2583298293990725e-5,0.0002793482446708474
1.0,16.0,2.0,0.06689246190843257,2.8951706892935642,0.5,4.714810832114657e-5,-1.3180177667968019e-5,0.0002821031334955967
1.0,17.0,2.0,0.0310574713394014,2.859335698724533,0.5,3.967739832909939e-5,-5.771651124351423e-6,0.0002836777489423547
1.0,18.0,2.0,0.008042961088223777,2.8141698042120584,0.5,3.040551386350386e-5,-1.0933250772606039e-6,0.0002841514776631979
1.0,19.0,2.0,0.0,2.7612108185127324,0.5,1.9825223514265826e-5,4.734723939405144e-7,0.0002837246327401645
1.0,20.0,2.0,0.0001140803164827453,2.113614080316483,0.5,-8.442720848110571e-5,1.0802862146369315e-7,0.00027747173371595664
1.0,21.0,2.0,0.0001140803164827453,1.4631140803164828,0.5,-0.00012324545369103325,-1.1738467211786946e-7,0.0002752747800468313
1.0,22.0,2.0,0.0001140803164827453,0.8126140803164827,0.5,-8.527844764854301e-5,-3.406607903851934e-7,0.00027721570990462866
1.0,23.0,2.0,0.0,0.16501734212023322,0.5,1.890045803632944e-5,-6.938058326226873e-7,0.0002831656709954193
1.0,24.0,2.0,0.008042961088223777,0.11205835642090678,0.5,2.955384069572951e-5,8.858350198756335e-7,0.00028357704388595094
1.0,25.0,2.0,0.0310574713394014,0.06689246190843257,0.5,3.890717569562126e-5,5.607443063048779e-6,0.0002831144884195002
1.0,26.0,2.0,0.06689246190843257,0.0310574713394014,0.5,4.645740145108117e-5,1.3097374731859602e-5,0.00028157268908944247
1.0,27.0,2.0,0.11205835642090678,0.008042961088223777,0.5,5.136046847520854e-5,2.262127765127313e-5,0.0002788658142064422
1.0,28.0,2.0,0.16501734212023322,0.0,0.5,5.31047710197523e-5,3.378577653397518e-5,0.00027473951066647235
1.0,29.0,2.0,0.8126140803164827,0.0001140803164827453,0.5,5.365260464206688e-5,0.0001689404405169956,0.00021900260522373277
1.0,30.0,2.0,1.4631140803164828,0.0001140803164827453,0.5,5.4095859874301675e-5,0.0002567011613167476,0.00016545011563916712
1.0,31.0,2.0,2.113614080316483,0.0001140803164827453,0.5,5.421989499389028e-5,0.00023323476656135142,0.00011235573160870677
1.0,32.0,2.0,2.7612108185127324,0.0,0.5,5.3943541180066094e-5,8.810098256316107e-5,5.776479497089653e-5
1.0,33.0,2.0,2.814169804212059,0.008042961088223777,0.5,5.6255234495333676e-5,7.263375552572863e-5,5.171465513605794e-5
1.0,34.0,2.0,2.859335698724533,0.0310574713394014,0.5,6.310441761159188e-5,5.9099929141485537e-5,4.412831448707985e-5
1.0,35.0,2.0,2.8951706892935642,0.06689246190843257,0.5,7.393603573806997e-5,4.8208752608662216e-5,3.622433652486087e-5
1.0,36.0,2.0,2.918185199544742,0.11205835642090678,0.5,8.772110023995861e-5,4.1143892479016636e-5,2.940051748199177e-5
1.0,37.0,2.0,2.9262281606329656,0.16501734212023322,0.5,0.0001039953586629273,3.864119743073532e-5,2.4749822640937503e-5
1.0,38.0,2.0,2.926114080316483,0.29986408031648293,0.5,0.00014591885168620746,3.852618065747922e-5,1.664556146809561e-5
1.0,39.0,2.0,2.926114080316483,0.43761408031648275,0.5,0.0001894083439184303,3.8281894621591836e-5,8.255598915898753e-6
1.0,40.0,2.0,2.926114080316483,0.5753640803164828,0.5,0.0002332130783033666,3.798668694420403e-5,-8.205944416635201e-7
1.0,41.0,2.0,2.926114080316483,0.7131140803164828,0.5,0.0002769697048071934,3.762197710517708e-5,-1.0575687534160012e-5
2.0,1.0,2.0,5.9261140803164825,2.213114080316483,0.5,-4.8244000010246504e-5,0.001973387291800527,0.0024578163362996975
2.0,2.0,2.0,5.9261140803164825,2.350864080316483,0.5,-3.559099412803495e-5,0.001974546371107972,0.0019166078806756677
2.0,3.0,2.0,5.9261140803164825,2.488614080316483,0.5,-2.4169798380203906e-5,0.0019754365434209113,0.0013767062159105422
2.0,4.0,2.0,5.9261140803164825,2.626364080316483,0.5,-9.947376208398198e-6,0.001976194125878309,0.0008384396103157683
2.0,5.0,2.0,5.926228160632966,2.7612108185127324,0.5,1.0361839286066733e-5,0.001976856070954747,0.00031269074623799535
2.0,6.0,2.0,5.918185199544742,2.8141698042120584,0.5,2.1130519637671853e-5,0.0019787342800667795,0.0001069294850663015
2.0,7.0,2.0,5.895170689293565,2.859335698724533,0.5,3.224890720932752e-5,0.0019845788379128882,-6.712077439048236e-5
2.0,8.0,2.0,5.859335698724533,2.8951706892935642,0.5,4.2662603443028245e-5,0.001995078091404539,-0.00020322612924438926
2.0,9.0,2.0,5.814169804212058,2.918185199544742,0.5,5.037729802144037e-5,0.0020101337607206005,-0.0002876629247295203
2.0,10.0,2.0,5.7612108185127315,2.9262281606329656,0.5,5.347080784216141e-5,0.0020297823102045586,-0.0003116032283567461
2.0,11.0,2.0,5.1136140803164825,2.926114080316483,0.5,5.355318343407495e-5,0.002300800930342229,-0.0002183178115541033
2.0,12.0,2.0,4.463114080316483,2.926114080316483,0.5,5.211344171757626e-5,0.0022050231721024317,-0.00013516753987500657
2.0,13.0,2.0,3.8126140803164827,2.926114080316483,0.5,5.088189569212416e-5,0.0014908902428323874,-5.9790308863378716e-5
2.0,14.0,2.0,3.1650173421202332,2.9262281606329656,0.5,5.160922325281767e-5,0.0003121511094893036,4.880862494579164e-6
2.0,15.0,2.0,3.112058356420907,2.918185199544742,0.5,6.70982053243731e-5,0.0002116092404866661,1.3900401737727233e-5
2.0,16.0,2.0,3.0668924619084326,2.8951706892935642,0.5,0.00011107284068062938,0.00012559072935522836,2.78833369246454e-5
2.0,17.0,2.0,3.0310574713394014,2.859335698724533,0.5,0.00017893476938143186,5.7710468531198364e-5,4.287026601971328e-5
2.0,18.0,2.0,3.0080429610882238,2.8141698042120584,0.5,0.00026324166233369684,1.4578557902005506e-5,5.458150906140256e-5
2.0,19.0,2.0,3.0,2.7612108185127324,0.5,0.0003597926774175514,-3.200702839333252e-7,5.865376338880816e-5
2.0,20.0,2.0,3.0001140803164827,2.113614080316483,0.5,0.0013762659906679047,-1.0552467601649477e-6,5.214941361078039e-5
2.0,21.0,2.0,3.0001140803164827,1.4631140803164828,0.5,0.001772356041961477,2.821211232038825e-7,5.114847540731968e-5
2.0,22.0,2.0,3.0001140803164827,0.8126140803164827,0.5,0.0013746769552155378,1.6432553796595117e-6,5.289820058869758e-5
2.0,23.0,2.0,3.0,0.16501734212023322,0.5,0.00035849836758701503,8.962354643300542e-7,6.0153009096024245e-5
2.0,24.0,2.0,3.0080429610882238,0.11205835642090678,0.5,0.0002620868740208472,-1.3979461241763812e-5,5.599875562050014e-5
2.0,25.0,2.0,3.0310574713394014,0.06689246190843257,0.5,0.00017795602147961393,-5.7013193254203226e-5,4.455246968202408e-5
2.0,26.0,2.0,3.0668924619084326,0.0310574713394014,0.5,0.00011026959266703543,-0.00012471491926470358,2.976881927970398e-5
2.0,27.0,2.0,3.112058356420907,0.008042961088223777,0.5,6.642400126782874e-5,-0.000210480371474981,1.5866688456583297e-5
2.0,28.0,2.0,3.1650173421202332,0.0,0.5,5.0983887353798814e-5,-0.00031070581267517237,6.896384561124299e-6
2.0,29.0,2.0,3.8126140803164827,0.0001140803164827453,0.5,5.026706558143841e-5,-0.0014835085588256734,-5.717973073887668e-5
2.0,30.0,2.0,4.463114080316483,0.0001140803164827453,0.5,5.153123460190892e-5,-0.002189988496405718,-0.00013199216729262132
2.0,31.0,2.0,5.1136140803164825,0.0001140803164827453,0.5,5.3005921217670606e-5,-0.0022822299002496055,-0.00021446567249272446
2.0,32.0,2.0,5.761210818512732,0.0,0.5,5.2952013603443476e-5,-0.0020122583470623618,-0.0003068949104938816
2.0,33.0,2.0,5.814169804212058,0.008042961088223777,0.5,4.988583864101367e-5,-0.001992773104913983,-0.0002831565975516557
2.0,34.0,2.0,5.859335698724533,0.0310574713394014,0.5,4.224664054905874e-5,-0.001977860968404918,-0.00019944741855133818
2.0,35.0,2.0,5.895170689293565,0.06689246190843257,0.5,3.195037559157841e-5,-0.001967476920759102,-6.451611363038566e-5
2.0,36.0,2.0,5.918185199544742,0.11205835642090678,0.5,2.0978726214364487e-5,-0.001961706152837736,0.00010803518601373433
2.0,37.0,2.0,5.926228160632966,0.16501734212023322,0.5,1.0379205236772672e-5,-0.0019598535270924544,0.00031203063270499433
2.0,38.0,2.0,5.9261140803164825,0.29986408031648293,0.5,-9.508424188099002e-6,-0.001959193959374744,0.0008332823538342616
2.0,39.0,2.0,5.9261140803164825,0.43761408031648275,0.5,-2.331292845116685e-5,-0.0019584430028188743,0.0013669458034441136
2.0,40.0,2.0,5.9261140803164825,0.5753640803164828,0.5,-3.4325202968251094e-5,-0.0019575632533569026,0.0019022264705888527
2.0,41.0,2.0,5.9261140803164825,0.7131140803164828,0.5,-4.6567763283016724e-5,-0.001956419270599009,0.002438794663221275
1.0,1.0,3.0,2.926114080316483,2.213114080316483,1.0,0.0005775309509154493,-7.028513929137995e-5,-5.7283597518233925e-6
1.0,2.0,3.0,2.926114080316483,2.350864080316483,1.0,0.0004854016583403052,-7.097943294377573e-5,2.5117806756516874e-6
1.0,3.0,3.0,2.926114080316483,2.488614080316483,1.0,0.00039310389054975905,-7.153877030557317e-5,1.0096224466290639e-5
1.0,4.0,3.0,2.926114080316483,2.626364080316483,1.0,0.0003015366323808138,-7.193963028223496e-5,1.7415640754017623e-5
1.0,5.0,3.0,2.9262281606329656,2.7612108185127324,1.0,0.00021336367966603287,-7.216491292944704e-5,2.406150026524399e-5
1.0,6.0,3.0,2.918185199544742,2.8141698042120584,1.0,0.00017927434607858386,-7.748264117792556e-5,2.8021276229440185e-5
1.0,7.0,3.0,2.8951706892935642,2.859335698724533,1.0,0.0001504810012151924,-9.232027364839736e-5,3.5143614562923696e-5
1.0,8.0,3.0,2.859335698724533,2.8951706892935642,1.0,0.00012790845937290696,-0.00011502901448652908,4.312455526486949e-5
1.0,9.0,3.0,2.814169804212059,2.918185199544742,1.0,0.00011367609705956504,-0.0001431095690500258,5.051142527442094e-5
1.0,10.0,3.0,2.761210818512732,2.9262281606329656,1.0,0.00010885915932614351,-0.00017529986216675692,5.659984429366638e-5
1.0,11.0,3.0,2.113614080316483,2.926114080316483,1.0,0.00010939564477619784,-0.0004738238097843902,0.00011124947908674405
1.0,12.0,3.0,1.4631140803164828,2.926114080316483,1.0,0.00010901069504735336,-0.0005202026842494522,0.00016404980212404656
1.0,13.0,3.0,0.8126140803164827,2.926114080316483,1.0,0.00010804510238579875,-0.00034375772025106613,0.00021751756353755275
1.0,14.0,3.0,0.16501734212023322,2.9262281606329656,1.0,0.00010701192844179345,-6.783731145110049e-5,0.00027341389890423617
1.0,15.0,3.0,0.11205835642090678,2.918185199544742,1.0,0.00010350222370786067,-4.53294517374464e-5,0.0002775735212646793
1.0,16.0,3.0,0.06689246190843257,2.8951706892935642,1.0,9.374438222855327e-5,-2.6354682589909975e-5,0.00028031854155968126
1.0,17.0,3.0,0.0310574713394014,2.859335698724533,1.0,7.88437914616747e-5,-1.1555419641565814e-5,0.00028190034716311257
1.0,18.0,3.0,0.008042961088223777,2.8141698042120584,1.0,6.049893078615769e-5,-2.278711028416932e-6,0.0002824044686274336
1.0,19.0,3.0,0.0,2.7612108185127324,1.0,3.9606299225752594e-5,8.349733952329989e-7,0.00028201706324128923
1.0,20.0,3.0,0.0001140803164827453,2.113614080316483,1.0,-0.00016148949814811392,2.2632351492713018e-7,0.00027599073645809513
1.0,21.0,3.0,0.0001140803164827453,1.4631140803164828,1.0,-0.00023405157013360232,-2.294050009496866e-7,0.00027385247339634154
1.0,22.0,3.0,0.0001140803164827453,0.8126140803164827,1.0,-0.00016279507282607712,-6.816227887634493e-7,0.00027575230178202486
1.0,23.0,3.0,0.0,0.16501734212023322,1.0,3.8019160674473756e-5,-1.2694967529459587e-6,0.0002815103230366674
1.0,24.0,3.0,0.008042961088223777,0.11205835642090678,1.0,5.899720272275647e-5,1.8601341043775537e-6,0.00028188063909267904
1.0,25.0,3.0,0.0310574713394014,0.06689246190843257,1.0,7.744062087088665e-5,1.1190141283538188e-5,0.0002813773478660647
1.0,26.0,3.0,0.06689246190843257,0.0310574713394014,1.0,9.244053266572688e-5,2.6092097879826802e-5,0.00027981395878644706
1.0,27.0,3.0,0.11205835642090678,0.008042961088223777,1.0,0.00010227557935056755,4.522250265626159e-5,0.0002771037276125331
1.0,28.0,3.0,0.16501734212023322,0.0,1.0,0.00010581610040765775,6.794304488142437e-5,0.00027299552136751605
1.0,29.0,3.0,0.8126140803164827,0.0001140803164827453,1.0,0.0001068267459351366,0.0003476793845126925,0.0002177743033238198
1.0,30.0,3.0,1.4631140803164828,0.0001140803164827453,1.0,0.00010776947504453548,0.0005270663714307011,0.00016498905283860831
1.0,31.0,3.0,2.113614080316483,0.0001140803164827453,1.0,0.00010818887872040159,0.00048052267076021413,0.0001129969861813942
1.0,32.0,3.0,2.7612108185127324,0.0,1.0,0.00010766227572562834,0.00017799462587617194,5.9337036545220136e-5
1.0,33.0,3.0,2.814169804212059,0.008042961088223777,1.0,0.00011252496617140851,0.00014546418018982488,5.325724261442086e-5
1.0,34.0,3.0,2.859335698724533,0.0310574713394014,1.0,0.0001268874478469452,0.0001171295315623474,4.5855642247933086e-5
1.0,35.0,3.0,2.8951706892935642,0.06689246190843257,1.0,0.00014965078922204913,9.425435614603384e-5,3.809768001114474e-5
1.0,36.0,3.0,2.918185199544742,0.11205835642090678,1.0,0.00017868181062858602,7.934018109804931e-5,3.1301874078454456e-5
1.0,37.0,3.0,2.9262281606329656,0.16501734212023322,1.0,0.00021301107507590926,7.396966314880591e-5,2.664979348559767e-5
1.0,38.0,3.0,2.926114080316483,0.29986408031648293,1.0,0.0003017472821299936,7.36881191307267e-5,2.025346318094736e-5
1.0,39.0,3.0,2.926114080316483,0.43761408031648275,1.0,0.00039380601721298957,7.328296594337296e-5,1.284521001284164e-5
1.0,40.0,3.0,2.926114080316483,0.5753640803164828,1.0,0.0004865565544476228,7.27107678928413e-5,5.102029230951941e-6
1.0,41.0,3.0,2.926114080316483,0.7131140803164828,1.0,0.000579150695990491,7.197702572449578e-5,-3.2211519301992083e-6
2.0,1.0,3.0,5.9261140803164825,2.213114080316483,1.0,0.00013582670759081767,0.0039360969513132235,0.0024366892027401737
2.0,2.0,3.0,5.9261140803164825,2.350864080316483,1.0,0.00011974935173946417,0.003938195700273722,0.0018988185000341346
2.0,3.0,3.0,5.9261140803164825,2.488614080316483,1.0,0.00010165228929026473,0.0039399473477831504,0.0013628002750034121
2.0,4.0,3.0,5.9261140803164825,2.626364080316483,1.0,8.772376814401637e-5,0.003941375261627368,0.0008279026928665842
2.0,5.0,3.0,5.926228160632966,2.7612108185127324,1.0,8.368982870102285e-5,0.0039425503042052985,0.00030498091113913414
2.0,6.0,3.0,5.918185199544742,2.8141698042120584,1.0,8.622798293921009e-5,0.003943330021929041,0.00010172469273087805
2.0,7.0,3.0,5.895170689293565,2.859335698724533,1.0,9.119310949557434e-5,0.0039461476710051695,-6.82506240468016e-5
2.0,8.0,3.0,5.859335698724533,2.8951706892935642,1.0,9.743020809448172e-5,0.003952525085684224,-0.0001999521490051276
2.0,9.0,3.0,5.814169804212058,2.918185199544742,1.0,0.00010291031281337354,0.003963149070066504,-0.0002809547427479359
2.0,10.0,3.0,5.7612108185127315,2.9262281606329656,1.0,0.00010540920703554388,0.003978383458548055,-0.0003038093432907529
2.0,11.0,3.0,5.1136140803164825,2.926114080316483,1.0,0.00010603462700374507,0.004199196364046731,-0.00021608223089016876
2.0,12.0,3.0,4.463114080316483,2.926114080316483,1.0,0.0001041480124356014,0.0038352565918357544,-0.00013420232374215053
2.0,13.0,3.0,3.8126140803164827,2.926114080316483,1.0,0.00010237693747259494,0.002519787806185768,-5.7358539924222914e-5
2.0,14.0,3.0,3.1650173421202332,2.9262281606329656,1.0,0.00010419243751331394,0.0005169771027776833,1.4040348171042635e-5
2.0,15.0,3.0,3.112058356420907,2.918185199544742,1.0,0.00012998710484813132,0.0003496547403749862,2.21970730814653e-5
2.0,16.0,3.0,3.0668924619084326,2.8951706892935642,1.0,0.00020262801086775366,0.00020755873028818357,3.1745467195046927e-5
2.0,17.0,3.0,3.0310574713394014,2.859335698724533,1.0,0.00031454082609547776,9.56936284117548e-5,4.087526569673683e-5
2.0,18.0,3.0,3.0080429610882238,2.8141698042120584,1.0,0.00045371065568062537,2.4624834831290933e-5,4.7822458476054136e-5
2.0,19.0,3.0,3.0,2.7612108185127324,1.0,0.0006140795822116346,-5.20908072219034e-8,5.128113690604828e-5
2.0,20.0,3.0,3.0001140803164827,2.113614080316483,1.0,0.0022909631806424377,-1.4886380449727989e-6,5.1330140486088316e-5
2.0,21.0,3.0,3.0001140803164827,1.4631140803164828,1.0,0.0029351543512317613,5.6190223094138e-7,5.185702373491007e-5
2.0,22.0,3.0,3.0001140803164827,0.8126140803164827,1.0,0.002285496357599386,2.628796619141201e-6,5.214206399972517e-5
2.0,23.0,3.0,3.0,0.16501734212023322,1.0,0.0006104084022477146,1.2806776962262057e-6,5.269707598856201e-5
2.0,24.0,3.0,3.0080429610882238,0.11205835642090678,1.0,0.0004507683716729541,-2.3288413771001706e-5,4.961340239950187e-5
2.0,25.0,3.0,3.0310574713394014,0.06689246190843257,1.0,0.0003122633392893054,-9.404285364925235e-5,4.2621823138424254e-5
2.0,26.0,3.0,3.0668924619084326,0.0310574713394014,1.0,0.00020091195975957657,-0.00020535653019054193,3.355761536445558e-5
2.0,27.0,3.0,3.112058356420907,0.008042961088223777,1.0,0.00012865447979815592,-0.00034669112660238086,2.4195554518930947e-5
2.0,28.0,3.0,3.1650173421202332,0.0,1.0,0.00010299626985174319,-0.0005130469669885296,1.618222638954787e-5
2.0,29.0,3.0,3.8126140803164827,0.0001140803164827453,1.0,0.00010117055258460945,-0.002500865786276304,-5.477496815871118e-5
2.0,30.0,3.0,4.463114080316483,0.0001140803164827453,1.0,0.00010302833934294154,-0.0038025225924364606,-0.00013109348448385707
2.0,31.0,3.0,5.1136140803164825,0.0001140803164827453,1.0,0.00010496281414392899,-0.004161581784668756,-0.00021230215817766738
2.0,32.0,3.0,5.761210818512732,0.0,1.0,0.00010438167646349862,-0.003943577971695489,-0.0002992033075715597
2.0,33.0,3.0,5.814169804212058,0.008042961088223777,1.0,0.00010193661091044546,-0.0039286699974712975,-0.0002765448848251207
2.0,34.0,3.0,5.859335698724533,0.0310574713394014,1.0,9.660013647769807e-5,-0.00391832093147692,-0.0001962523082485501
2.0,35.0,3.0,5.895170689293565,0.06689246190843257,1.0,9.057837934114019e-5,-0.003912156139355505,-6.569871315195804e-5
2.0,36.0,3.0,5.918185199544742,0.11205835642090678,1.0,8.587332300722602e-5,-0.003909470422543109,0.00010280835441526686
2.0,37.0,3.0,5.926228160632966,0.16501734212023322,1.0,8.362594037083331e-5,-0.003908735751394058,0.0003043302848020662
2.0,38.0,3.0,5.9261140803164825,0.29986408031648293,1.0,8.835848831274957e-5,-0.003907567237666224,0.0008228253858934185
2.0,39.0,3.0,5.9261140803164825,0.43761408031648275,1.0,0.00010295878787587782,-0.003906153341241315,0.00135319146784256
2.0,40.0,3.0,5.9261140803164825,0.5753640803164828,1.0,0.00012170668477313315,-0.0039044227707510848,0.0018846623552609993
2.0,41.0,3.0,5.9261140803164825,0.7131140803164828,1.0,0.00013844232670489828,-0.0039023521833055556,0.0024179614122999205
1.0,1.0,4.0,2.926114080316483,2.213114080316483,1.5,0.0009180306261472161,-9.802428808417885e-5,5.352873435657301e-6
1.0,2.0,4.0,2.926114080316483,2.350864080316483,1.5,0.0007699684651137981,-9.90090832895513e-5,1.1746835504564953e-5
1.0,3.0,4.0,2.926114080316483,2.488614080316483,1.5,0.0006216703272681908,-9.990576804919217e-5,1.7665794065096586e-5
1.0,4.0,4.0,2.926114080316483,2.626364080316483,1.5,0.00047394136339143464,-0.00010073712228794107,2.270472224428644e-5
1.0,5.0,4.0,2.9262281606329656,2.7612108185127324,1.5,0.00033138381730237593,-0.000101185670306744,2.777699278906435e-5
1.0,6.0,4.0,2.918185199544742,2.8141698042120584,1.5,0.0002763111582338443,-0.00010963764850460503,3.2456886390523815e-5
1.0,7.0,4.0,2.8951706892935642,2.859335698724533,1.5,0.00022976597189920328,-0.00013334467103143124,3.829580320412113e-5
1.0,8.0,4.0,2.859335698724533,2.8951706892935642,1.5,0.00019336730986887164,-0.000169860515477088,4.580530806871461e-5
1.0,9.0,4.0,2.814169804212059,2.918185199544742,1.5,0.00017044006926540274,-0.00021519307696559159,5.3629467695568144e-5
1.0,10.0,4.0,2.761210818512732,2.9262281606329656,1.5,0.00016274656896362731,-0.0002670080777630478,5.986743709287765e-5
1.0,11.0,4.0,2.113614080316483,2.926114080316483,1.5,0.00016337779752198807,-0.0007369199595285844,0.00011217805847027251
1.0,12.0,4.0,1.4631140803164828,2.926114080316483,1.5,0.00016215945096070732,-0.0007987519846610945,0.00016313090531188228
1.0,13.0,4.0,0.8126140803164827,2.926114080316483,1.5,0.0001607990876777677,-0.0005234163022888367,0.0002155397760939486
1.0,14.0,4.0,0.16501734212023322,2.9262281606329656,1.5,0.00015942291642233647,-0.00010064909816933878,0.00027042313966148284
1.0,15.0,4.0,0.11205835642090678,2.918185199544742,1.5,0.00015417714702913802,-6.693649108398332e-5,0.0002745572660230116
1.0,16.0,4.0,0.06689246190843257,2.8951706892935642,1.5,0.00013968612953586354,-3.873306734807647e-5,0.000277360224451183
1.0,17.0,4.0,0.0310574713394014,2.859335698724533,1.5,0.0001177303686234616,-1.6909280919352213e-5,0.0002790475171519819
1.0,18.0,4.0,0.008042961088223777,2.8141698042120584,1.5,9.091087558342942e-5,-3.3332725595368025e-6,0.0002796648399437947
1.0,19.0,4.0,0.0,2.7612108185127324,1.5,6.060146518421561e-5,1.1950086802640046e-6,0.0002793569601465217
1.0,20.0,4.0,0.0001140803164827453,2.113614080316483,1.5,-0.00022362342854349675,3.6570515059140295e-7,0.0002735601202673678
1.0,21.0,4.0,0.0001140803164827453,1.4631140803164828,1.5,-0.0003235844157063036,-3.3162267599101417e-7,0.00027148299331854843
1.0,22.0,4.0,0.0001140803164827453,0.8126140803164827,1.5,-0.00022481121692597832,-1.0250744572592619e-6,0.00027334656271811375
1.0,23.0,4.0,0.0,0.16501734212023322,1.5,5.874775339378389e-5,-1.8335011910424038e-6,0.0002789204961573194
1.0,24.0,4.0,0.008042961088223777,0.11205835642090678,1.5,8.906454433528155e-5,2.698821063811426e-6,0.00027921036604428804
1.0,25.0,4.0,0.0310574713394014,0.06689246190843257,1.5,0.00011590612901275211,1.628917064863297e-5,0.00027858318412277795
1.0,26.0,4.0,0.06689246190843257,0.0310574713394014,1.5,0.00013789265733118878,3.814727145537759e-5,0.0002768987519383075
1.0,27.0,4.0,0.11205835642090678,0.008042961088223777,1.5,0.0001524118971982008,6.641080089668165e-5,0.00027411601736745847
1.0,28.0,4.0,0.16501734212023322,0.0,1.5,0.0001576694892510764,0.0001002139675348438,0.0002700262247262835
1.0,29.0,4.0,0.8126140803164827,0.0001140803164827453,1.5,0.00015901845493727486,0.0005249285181658127,0.00021580232324523656
1.0,30.0,4.0,1.4631140803164828,0.0001140803164827453,1.5,0.00016034168248388355,0.0008019435383495178,0.00016403563484361505
1.0,31.0,4.0,2.113614080316483,0.0001140803164827453,1.5,0.0001615500984425721,0.0007409856457904936,0.00011375187179884158
1.0,32.0,4.0,2.7612108185127324,0.0,1.5,0.0001610987664356118,0.0002701354148352636,6.247293064294845e-5
1.0,33.0,4.0,2.814169804212059,0.008042961088223777,1.5,0.000168863147640406,0.00021799565554704624,5.6385206181836845e-5
1.0,34.0,4.0,2.859335698724533,0.0310574713394014,1.5,0.0001919608085535788,0.00017231997949475631,4.8637989925714536e-5
1.0,35.0,4.0,2.8951706892935642,0.06689246190843257,1.5,0.00022860825790802013,0.00013550013882717492,4.086663343418482e-5
1.0,36.0,4.0,2.918185199544742,0.11205835642090678,1.5,0.00027539606790586823,0.0001115845044343369,3.4606266649053315e-5
1.0,37.0,4.0,2.9262281606329656,0.16501734212023322,1.5,0.0003307673962801443,0.00010315069147356439,3.112252669741852e-5
1.0,38.0,4.0,2.926114080316483,0.29986408031648293,1.5,0.0004740275861814495,0.00010277881231280912,2.560985921990214e-5
1.0,39.0,4.0,2.926114080316483,0.43761408031648275,1.5,0.0006225678084644618,0.00010190312263371731,2.059448245520308e-5
1.0,40.0,4.0,2.926114080316483,0.5753640803164828,1.5,0.0007718144483111807,0.00010093542616738596,1.486690937385646e-5
1.0,41.0,4.0,2.926114080316483,0.7131140803164828,1.5,0.0009208439943383227,9.989652395915145e-5,8.489334440003246e-6
2.0,1.0,4.0,5.9261140803164825,2.213114080316483,1.5,0.0006732619636585424,0.005879402655665584,0.002403298006088229
2.0,2.0,4.0,5.9261140803164825,2.350864080316483,1.5,0.0005642609195566589,0.005882254901925521,0.001872145094976993
2.0,3.0,4.0,5.9261140803164825,2.488614080316483,1.5,0.0004536095338651446,0.005884522344302832,0.0013420461863160233
2.0,4.0,4.0,5.9261140803164825,2.626364080316483,1.5,0.0003467709062685202,0.005886295503607464,0.0008127977545636926
2.0,5.0,4.0,5.926228160632966,2.7612108185127324,1.5,0.00025059536789487,0.005887685136889225,0.0002950549711072762
2.0,6.0,4.0,5.918185199544742,2.8141698042120584,1.5,0.0002163368898387173,0.005882869889971883,9.539482914686018e-5
2.0,7.0,4.0,5.895170689293565,2.859335698724533,1.5,0.0001894982783474036,0.005869443837294755,-6.935903258877464e-5
2.0,8.0,4.0,5.859335698724533,2.8951706892935642,1.5,0.0001701240662198351,0.0058501401040842865,-0.0001956143875584321
2.0,9.0,4.0,5.814169804212058,2.918185199544742,1.5,0.00015890164002984867,0.005827867954998857,-0.00027250038027766836
2.0,10.0,4.0,5.7612108185127315,2.9262281606329656,1.5,0.00015549653635850083,0.005803893004337311,-0.0002941089514748144
2.0,11.0,4.0,5.1136140803164825,2.926114080316483,1.5,0.00015695000332894952,0.005520336085701003,-0.00021231463593865762
2.0,12.0,4.0,4.463114080316483,2.926114080316483,1.5,0.000156165689990101,0.004645693224310397,-0.00013222818709928913
2.0,13.0,4.0,3.8126140803164827,2.926114080316483,1.5,0.00015485688758002725,0.0028736940827347396,-5.408849374372049e-5
2.0,14.0,4.0,3.1650173421202332,2.9262281606329656,1.5,0.00015630246501236846,0.0005673390287109776,2.543264237630713e-5
2.0,15.0,4.0,3.112058356420907,2.918185199544742,1.5,0.00018476243628237613,0.00038283412218608463,3.106581465514255e-5
2.0,16.0,4.0,3.0668924619084326,2.8951706892935642,1.5,0.00026455580037422114,0.00022684764994022162,3.586214879853364e-5
2.0,17.0,4.0,3.0310574713394014,2.859335698724533,1.5,0.00038693854213492953,0.00010446100023687842,3.980191056077187e-5
2.0,18.0,4.0,3.0080429610882238,2.8141698042120584,1.5,0.0005385684919609836,2.6883389277418626e-5,4.242358876911995e-5
2.0,19.0,4.0,3.0,2.7612108185127324,1.5,0.0007129065099327072,2.83313193725107e-8,4.2885806776158046e-5
2.0,20.0,4.0,3.0001140803164827,2.113614080316483,1.5,0.0025262308719168074,-7.870435964603099e-7,5.0721067614640264e-5
2.0,21.0,4.0,3.0001140803164827,1.4631140803164828,1.5,0.0032227781317685374,8.039952228839954e-7,5.264710175007464e-5
2.0,22.0,4.0,3.0001140803164827,0.8126140803164827,1.5,0.002512814478916143,2.5216534272470965e-6,5.161006155474699e-5
2.0,23.0,4.0,3.0,0.16501734212023322,1.5,0.0007056528170945969,1.7574118030179436e-6,4.4484759495907764e-5
2.0,24.0,4.0,3.0080429610882238,0.11205835642090678,1.5,0.0005328591565473822,-2.4859006735605953e-5,4.359707487766377e-5
2.0,25.0,4.0,3.0310574713394014,0.06689246190843257,1.5,0.0003826785548633684,-0.0001016340517337599,4.145624789061724e-5
2.0,26.0,4.0,3.0668924619084326,0.0310574713394014,1.5,0.000261572288978749,-0.00022269191319106748,3.792999405654692e-5
2.0,27.0,4.0,3.112058356420907,0.008042961088223777,1.5,0.000182640779615747,-0.00037695550473807024,3.3331299323349774e-5
2.0,28.0,4.0,3.1650173421202332,0.0,1.5,0.0001544924587280471,-0.0005594401720174284,2.773261824906507e-5
2.0,29.0,4.0,3.8126140803164827,0.0001140803164827453,1.5,0.00015317879137754744,-0.0028417784179721305,-5.160839696921423e-5
2.0,30.0,4.0,4.463114080316483,0.0001140803164827453,1.5,0.00015456817493653778,-0.004596290860243082,-0.00012920724002249613
2.0,31.0,4.0,5.1136140803164825,0.0001140803164827453,1.5,0.00015539247959012184,-0.005465460996179305,-0.00020863885011721117
2.0,32.0,4.0,5.761210818512732,0.0,1.5,0.00015399066652771676,-0.005752549713624647,-0.00028966849772856207
2.0,33.0,4.0,5.814169804212058,0.008042961088223777,1.5,0.00015745689882281435,-0.005776893023361671,-0.00026824692267409536
2.0,34.0,4.0,5.859335698724533,0.0310574713394014,1.5,0.0001688362221277141,-0.005799464984065497,-0.00019203590425509543
2.0,35.0,4.0,5.895170689293565,0.06689246190843257,1.5,0.00018843620374395635,-0.0058189918349921205,-6.687791366374137e-5
2.0,36.0,4.0,5.918185199544742,0.11205835642090678,1.5,0.0002155358328500569,-0.005832551055168177,9.646258322981923e-5
2.0,37.0,4.0,5.926228160632966,0.16501734212023322,1.5,0.00025007316729661446,-0.005837410763755676,0.0002944382539467457
2.0,38.0,4.0,5.9261140803164825,0.29986408031648293,1.5,0.00034687954621268904,-0.005836031898785289,0.0008078568569657373
2.0,39.0,4.0,5.9261140803164825,0.43761408031648275,1.5,0.0004542905095377747,-0.0058342787021636415,0.0013326798892787884
2.0,40.0,4.0,5.9261140803164825,0.5753640803164828,1.5,0.0005654825556960925,-0.005832040329530791,0.0018583393878755102
2.0,41.0,4.0,5.9261140803164825,0.7131140803164828,1.5,0.000675038322882879,-0.005829227271639969,0.002385036112025059
1.0,1.0,5.0,2.926114080316483,2.213114080316483,2.0,0.0012700031819213144,-0.00011879735492861023,1.8913743781486965e-5
1.0,2.0,5.0,2.926114080316483,2.350864080316483,2.0,0.0010678542839075986,-0.00011991125289329804,2.3678181521292713e-5
1.0,3.0,5.0,2.926114080316483,2.488614080316483,2.0,0.0008658027547752326,-0.00012090139418211387,2.8179346383859945e-5
1.0,4.0,5.0,2.926114080316483,2.626364080316483,2.0,0.0006623240401330687,-0.00012186083017130227,3.246476895643105e-5
1.0,5.0,5.0,2.9262281606329656,2.7612108185127324,2.0,0.00046133089108816287,-0.00012282155321924123,3.437884796042413e-5
1.0,6.0,5.0,2.918185199544742,2.8141698042120584,2.0,0.000381967290111842,-0.00013541057820969985,3.611143030043901e-5
1.0,7.0,5.0,2.8951706892935642,2.859335698724533,2.0,0.0003142459893053561,-0.0001706914874486798,4.341453073817224e-5
1.0,8.0,5.0,2.859335698724533,2.8951706892935642,2.0,0.0002609757446856628,-0.00022456996577459589,5.177828332282643e-5
1.0,9.0,5.0,2.814169804212059,2.918185199544742,2.0,0.00022769097956613883,-0.00029027518138620374,5.922927950712897e-5
1.0,10.0,5.0,2.761210818512732,2.9262281606329656,2.0,0.00021646149270787468,-0.0003643884082948151,6.505090639189646e-5
1.0,11.0,5.0,2.113614080316483,2.926114080316483,2.0,0.00021523545757525596,-0.000990023869623949,0.00011241360068459821
1.0,12.0,5.0,1.4631140803164828,2.926114080316483,2.0,0.0002135286801931598,-0.0010472094829814388,0.00016179202835393797
1.0,13.0,5.0,0.8126140803164827,2.926114080316483,2.0,0.00021203684006356307,-0.0006782327492658153,0.0002129023602079661
1.0,14.0,5.0,0.16501734212023322,2.9262281606329656,2.0,0.00021042194799235955,-0.0001280004628583336,0.0002662290550023431
1.0,15.0,5.0,0.11205835642090678,2.918185199544742,2.0,0.00020370946816660615,-8.48205710228106e-5,0.00027034339874271895
1.0,16.0,5.0,0.06689246190843257,2.8951706892935642,2.0,0.00018524943002084116,-4.887801942004001e-5,0.00027329905589173966
1.0,17.0,5.0,0.0310574713394014,2.859335698724533,2.0,0.0001574222089842448,-2.1208023928928525e-5,0.00027521379415143467
1.0,18.0,5.0,0.008042961088223777,2.8141698042120584,2.0,0.00012360477444844117,-4.082020570314294e-6,0.00027604581530830003
1.0,19.0,5.0,0.0,2.7612108185127324,2.0,8.557514239495212e-5,1.6049420394689795e-6,0.00027584868400933445
1.0,20.0,5.0,0.0001140803164827453,2.113614080316483,2.0,-0.0002645858083278395,5.438748681186937e-7,0.0002701936701469946
1.0,21.0,5.0,0.0001140803164827453,1.4631140803164828,2.0,-0.0003856375575795451,-4.2118729335911677e-7,0.00026817396813917085
1.0,22.0,5.0,0.0001140803164827453,0.8126140803164827,2.0,-0.00026519964278446946,-1.3828420962064403e-6,0.000270007633451878
1.0,23.0,5.0,0.0,0.16501734212023322,2.0,8.378337378231343e-5,-2.4289180246566783e-6,0.0002754826562711065
1.0,24.0,5.0,0.008042961088223777,0.11205835642090678,2.0,0.00012167361373038045,3.2388400074971797e-6,0.000275663034011395
1.0,25.0,5.0,0.0310574713394014,0.06689246190843257,2.0,0.00015536503732540115,2.0302786910456077e-5,0.00027481633619406504
1.0,26.0,5.0,0.06689246190843257,0.0310574713394014,2.0,0.0001830871074519214,4.787037433037332e-5,0.00027289610756661074
1.0,27.0,5.0,0.11205835642090678,0.008042961088223777,2.0,0.0002014763904266908,8.367828533562726e-5,0.00026995178490371493
1.0,28.0,5.0,0.16501734212023322,0.0,2.0,0.0002081621273490056,0.00012669517180032784,0.00026587577097119216
1.0,29.0,5.0,0.8126140803164827,0.0001140803164827453,2.0,0.00020975271540946358,0.0006747914618582759,0.0002131720172205972
1.0,30.0,5.0,1.4631140803164828,0.0001140803164827453,2.0,0.0002112139607617746,0.0010422278460582874,0.00016266047877631245
1.0,31.0,5.0,2.113614080316483,0.0001140803164827453,2.0,0.00021286528220324153,0.0009861355945480833,0.00011385492858370582
1.0,32.0,5.0,2.7612108185127324,0.0,2.0,0.0002141085208138023,0.0003660557992299299,6.71216165254638e-5
1.0,33.0,5.0,2.814169804212059,0.008042961088223777,2.0,0.00022529204723250863,0.0002923750687662018,6.153448176482126e-5
1.0,34.0,5.0,2.859335698724533,0.0310574713394014,2.0,0.0002584976251180168,0.00022692936044240518,5.449708229079168e-5
1.0,35.0,5.0,2.8951706892935642,0.06689246190843257,2.0,0.00031180563813634836,0.00017311322222611608,4.68771016211941e-5
1.0,36.0,5.0,2.918185199544742,0.11205835642090678,2.0,0.0003798668526192516,0.00013775343316501125,4.038982116438211e-5
1.0,37.0,5.0,2.9262281606329656,0.16501734212023322,2.0,0.0004595604381673954,0.00012480064986140535,3.665094563071701e-5
1.0,38.0,5.0,2.926114080316483,0.29986408031648293,2.0,0.0006614314957729047,0.00012359308557388112,3.5793146225777087e-5
1.0,39.0,5.0,2.926114080316483,0.43761408031648275,2.0,0.0008661480683889685,0.00012253032377174575,3.190743462153276e-5
1.0,40.0,5.0,2.926114080316483,0.5753640803164828,2.0,0.0010693202771014417,0.00012151154927121056,2.7263776066414436e-5
1.0,41.0,5.0,2.926114080316483,0.7131140803164828,2.0,0.001272624425698315,0.00012036730034760763,2.2593243386879747e-5
2.0,1.0,5.0,5.9261140803164825,2.213114080316483,2.0,0.0015304495686470976,0.007794220597127832,0.002360566378562807
2.0,2.0,5.0,5.9261140803164825,2.350864080316483,2.0,0.0012696953144188466,0.00779769882870649,0.0018380855978674634
2.0,3.0,5.0,5.9261140803164825,2.488614080316483,2.0,0.0010081442478321846,0.00780039149938277,0.0013165603642029272
2.0,4.0,5.0,5.9261140803164825,2.626364080316483,2.0,0.0007487010867223949,0.007802330567253165,0.0007955305191864598
2.0,5.0,5.0,5.926228160632966,2.7612108185127324,2.0,0.0004989886012628237,0.007803738187267981,0.00028564918201760554
2.0,6.0,5.0,5.918185199544742,2.8141698042120584,2.0,0.0004025768644625332,0.007789368451997725,9.015852349824105e-5
2.0,7.0,5.0,5.895170689293565,2.859335698724533,2.0,0.00032148915334721735,0.007748179337839371,-6.961704862297517e-5
2.0,8.0,5.0,5.859335698724533,2.8951706892935642,2.0,0.0002580614283482966,0.007684712707724242,-0.00019108102421508852
2.0,9.0,5.0,5.814169804212058,2.918185199544742,2.0,0.00021790619627015106,0.007605577055567388,-0.0002644607338946959
2.0,10.0,5.0,5.7612108185127315,2.9262281606329656,2.0,0.0002041826235895338,0.007513606861392197,-0.0002849086003590885
2.0,11.0,5.0,5.1136140803164825,2.926114080316483,2.0,0.00020658097518916422,0.0063667735232489685,-0.0002073752517818573
2.0,12.0,5.0,4.463114080316483,2.926114080316483,2.0,0.00020743827717461483,0.004796427432114923,-0.00012864602041074224
2.0,13.0,5.0,3.8126140803164827,2.926114080316483,2.0,0.00020877943391249787,0.0026727328747796265,-5.066924151476173e-5
2.0,14.0,5.0,3.1650173421202332,2.9262281606329656,2.0,0.00020871500483414938,0.00047327425171621074,3.372094489459591e-5
2.0,15.0,5.0,3.112058356420907,2.918185199544742,2.0,0.00023247833884872468,0.000316270063883326,4.0073998579381436e-5
2.0,16.0,5.0,3.0668924619084326,2.8951706892935642,2.0,0.00029874061121517144,0.0001862194283852348,4.096978163846136e-5
2.0,17.0,5.0,3.0310574713394014,2.859335698724533,2.0,0.00039983775701336974,8.535461018952903e-5,3.9166640403235884e-5
2.0,18.0,5.0,3.0080429610882238,2.8141698042120584,2.0,0.000525540205544266,2.1674051645988412e-5,3.7422207758054604e-5
2.0,19.0,5.0,3.0,2.7612108185127324,2.0,0.0006713518463117755,-1.7696550651722786e-7,3.960244045950482e-5
2.0,20.0,5.0,3.0001140803164827,2.113614080316483,2.0,0.0022274895299842015,1.3322522076279029e-6,5.090209166318838e-5
2.0,21.0,5.0,3.0001140803164827,1.4631140803164828,2.0,0.0028370925941696833,1.181595010994196e-6,5.2645963723606934e-5
2.0,22.0,5.0,3.0001140803164827,0.8126140803164827,2.0,0.0022045440118310554,7.945711777687513e-7,5.198267576675339e-5
2.0,23.0,5.0,3.0,0.16501734212023322,2.0,0.0006595496526936207,2.6568570930827873e-6,4.127194346901398e-5
2.0,24.0,5.0,3.0080429610882238,0.11205835642090678,2.0,0.0005168444423685165,-1.8601634199904178e-5,4.021300692500618e-5
2.0,25.0,5.0,3.0310574713394014,0.06689246190843257,2.0,0.0003939206742201699,-8.09022281521021e-5,4.166073885188822e-5
2.0,26.0,5.0,3.0668924619084326,0.0310574713394014,2.0,0.0002948840230687483,-0.0001797617859746011,4.322020967617458e-5
2.0,27.0,5.0,3.112058356420907,0.008042961088223777,2.0,0.0002298628309382309,-0.0003074571344561452,4.221738981189379e-5
2.0,28.0,5.0,3.1650173421202332,0.0,2.0,0.00020652363659714188,-0.00046187272397853424,3.582584016353403e-5
2.0,29.0,5.0,3.8126140803164827,0.0001140803164827453,2.0,0.0002067215059227807,-0.002633603594834532,-4.830466132334209e-5
2.0,30.0,5.0,4.463114080316483,0.0001140803164827453,2.0,0.0002054061444718876,-0.004737253267758106,-0.00012572075381878743
2.0,31.0,5.0,5.1136140803164825,0.0001140803164827453,2.0,0.0002045892119515212,-0.006299390006814508,-0.00020382865394571488
2.0,32.0,5.0,5.761210818512732,0.0,2.0,0.0002022482977731794,-0.00744700124376508,-0.00028067480007429427
2.0,33.0,5.0,5.814169804212058,0.008042961088223777,2.0,0.00021599921140629704,-0.00753911260058548,-0.00026040211126371717
2.0,34.0,5.0,5.859335698724533,0.0310574713394014,2.0,0.00025621278013569283,-0.007618353358477249,-0.00018765116433332754
2.0,35.0,5.0,5.895170689293565,0.06689246190843257,2.0,0.0003197118922624608,-0.0076818881716329765,-6.721832299272482e-5
2.0,36.0,5.0,5.918185199544742,0.11205835642090678,2.0,0.0004008652788479465,-0.007723110725985274,9.121502926903659e-5
2.0,37.0,5.0,5.926228160632966,0.16501734212023322,2.0,0.0004973263018885168,-0.007737490159726024,0.00028508460247583393
2.0,38.0,5.0,5.9261140803164825,0.29986408031648293,2.0,0.0007470845543607978,-0.007736095567146,0.0007907710194208895
2.0,39.0,5.0,5.9261140803164825,0.43761408031648275,2.0,0.0010065018745067011,-0.007734180596000334,0.0013075111542880241
2.0,40.0,5.0,5.9261140803164825,0.5753640803164828,2.0,0.0012679952478767947,-0.007731523682906055,0.0018247377590333003
2.0,41.0,5.0,5.9261140803164825,0.7131140803164828,2.0,0.0015287062661548602,-0.007728093665816951,0.002342906118609131
1.0,1.0,6.0,2.926114080316483,2.213114080316483,2.5,0.001541773773321426,-0.0001329559317473269,3.340606336270964e-5
1.0,2.0,6.0,2.926114080316483,2.350864080316483,2.5,0.0013012935160935828,-0.00013408129725490944,3.639796805990979e-5
1.0,3.0,6.0,2.926114080316483,2.488614080316483,2.5,0.001062261530452561,-0.00013524756699038665,3.989284036543454e-5
1.0,4.0,6.0,2.926114080316483,2.626364080316483,2.5,0.0008215321906075173,-0.0001366731947584923,4.3928088431707334e-5
1.0,5.0,6.0,2.9262281606329656,2.7612108185127324,2.5,0.0005792472317508578,-0.00013846198737531802,5.082733027649504e-5
1.0,6.0,6.0,2.918185199544742,2.8141698042120584,2.5,0.00047966678814885706,-0.00015465223114050194,5.599143416626555e-5
1.0,7.0,6.0,2.8951706892935642,2.859335698724533,2.5,0.0003930600865502175,-0.00019878311448240176,5.807747701246107e-5
1.0,8.0,6.0,2.859335698724533,2.8951706892935642,2.5,0.00032434562028087443,-0.0002674975807517448,6.132640372739706e-5
1.0,9.0,6.0,2.814169804212059,2.918185199544742,2.5,0.0002802147369389746,-0.0003541042823503835,6.542183700144948e-5
1.0,10.0,6.0,2.761210818512732,2.9262281606329656,2.5,0.00026528474621185746,-0.0004513570039961721,6.860378026070214e-5
1.0,11.0,6.0,2.113614080316483,2.926114080316483,2.5,0.0002640620053772538,-0.0011724443276810654,0.00011228215639803833
1.0,12.0,6.0,1.4631140803164828,2.926114080316483,2.5,0.0002628454186412929,-0.0012130718797590217,0.00016019838179779166
1.0,13.0,6.0,0.8126140803164827,2.926114080316483,2.5,0.0002614101550754323,-0.0007798508402082444,0.00020969896889119126
1.0,14.0,6.0,0.16501734212023322,2.9262281606329656,2.5,0.0002596227648611016,-0.00014613266222357816,0.0002610264892887987
1.0,15.0,6.0,0.11205835642090678,2.918185199544742,2.5,0.00025192979515560794,-9.665728363048679e-5,0.00026511035484740416
1.0,16.0,6.0,0.06689246190843257,2.8951706892935642,2.5,0.00023080365213162178,-5.553121231872136e-5,0.0002682624588188026
1.0,17.0,6.0,0.0310574713394014,2.859335698724533,2.5,0.0001989977403782241,-2.3913280570721763e-5,0.00027046600805131094
1.0,18.0,6.0,0.008042961088223777,2.8141698042120584,2.5,0.0001603887481590912,-4.370287784095953e-6,0.0002715575681403839
1.0,19.0,6.0,0.0,2.7612108185127324,2.5,0.00011701393707268464,2.104408462947134e-6,0.00027147881932088454
1.0,20.0,6.0,0.0001140803164827453,2.113614080316483,2.5,-0.0002804262864687905,7.459239695771573e-7,0.0002658970863297339
1.0,21.0,6.0,0.0001140803164827453,1.4631140803164828,2.5,-0.0004170713230645864,-4.969015965753877e-7,0.00026393918387211137
1.0,22.0,6.0,0.0001140803164827453,0.8126140803164827,2.5,-0.0002803261099104661,-1.7370507302687249e-6,0.0002657378940145491
1.0,23.0,6.0,0.0,0.16501734212023322,2.5,0.00011539203403722101,-3.087443903024993e-6,0.0002711717983220599
1.0,24.0,6.0,0.008042961088223777,0.11205835642090678,2.5,0.00015846845034255818,3.342783250657252e-6,0.00027123698363120264
1.0,25.0,6.0,0.0310574713394014,0.06689246190843257,2.5,0.00019679213703266958,2.2741369301788797e-5,0.0002701338286515061
1.0,26.0,6.0,0.06689246190843257,0.0310574713394014,2.5,0.0002283474792537019,5.4110223446938593e-5,0.0002679267769020586
1.0,27.0,6.0,0.11205835642090678,0.008042961088223777,2.5,0.00024929743402841065,9.489337715375128e-5,0.0002647855673883276
1.0,28.0,6.0,0.16501734212023322,0.0,2.5,0.00025692294740244044,0.0001439351515605133,0.0002607357284013909
1.0,29.0,6.0,0.8126140803164827,0.0001140803164827453,2.5,0.0002586971148322959,0.0007711300931876707,0.000209973580564154
1.0,30.0,6.0,1.4631140803164828,0.0001140803164827453,2.5,0.0002601217773697722,0.0011990944070687645,0.0001610201890563539
1.0,31.0,6.0,2.113614080316483,0.0001140803164827453,2.5,0.0002613212012726071,0.001157975515201335,0.00011363143994675558
1.0,32.0,6.0,2.7612108185127324,0.0,2.5,0.00026263188627192096,0.0004461905149220538,7.005444869426427e-5
1.0,33.0,6.0,2.814169804212059,0.008042961088223777,2.5,0.0002773193106119526,0.00035063863595403543,6.677811719356913e-5
1.0,34.0,6.0,2.859335698724533,0.0310574713394014,2.5,0.0003206042122057301,0.00026569217052719256,6.272274251307507e-5
1.0,35.0,6.0,2.8951706892935642,0.06689246190843257,2.5,0.0003880014335007211,0.0001982949492322015,5.951599329687599e-5
1.0,36.0,6.0,2.918185199544742,0.11205835642090678,2.5,0.00047294789892756404,0.00015501004763842402,5.747013965097208e-5
1.0,37.0,6.0,2.9262281606329656,0.16501734212023322,2.5,0.000572551342993219,0.00013988312225844405,5.677805076449819e-5
1.0,38.0,6.0,2.926114080316483,0.29986408031648293,2.5,0.0008162928960646094,0.00013801431403672826,4.871440329149108e-5
1.0,39.0,6.0,2.926114080316483,0.43761408031648275,2.5,0.001056686835376744,0.00013654214551715418,4.364807730387047e-5
1.0,40.0,6.0,2.926114080316483,0.5753640803164828,2.5,0.001294953039787468,0.00013536331416279829,4.024676917797631e-5
1.0,41.0,6.0,2.926114080316483,0.7131140803164828,2.5,0.0015346885619540072,0.00013423615287720957,3.725315731868679e-5
2.0,1.0,6.0,5.9261140803164825,2.213114080316483,2.5,0.0025671668376163596,0.0096729499404772,0.002310142965487495
2.0,2.0,6.0,5.9261140803164825,2.350864080316483,2.5,0.0021199581099821826,0.009676898450578595,0.0017985493684998693
2.0,3.0,6.0,5.9261140803164825,2.488614080316483,2.5,0.0016728646371933966,0.00967988681977755,0.0012876778140130628
2.0,4.0,6.0,5.9261140803164825,2.626364080316483,2.5,0.0012259774117556925,0.009681920650084165,0.000777284873961624
2.0,5.0,6.0,5.926228160632966,2.7612108185127324,2.5,0.0007884683627759322,0.009683341446175654,0.00027783743352462225
2.0,6.0,6.0,5.918185199544742,2.8141698042120584,2.5,0.000616471574493637,0.00965737687329255,8.676416395942066e-5
2.0,7.0,6.0,5.895170689293565,2.859335698724533,2.5,0.00046969883029997943,0.009582603429885882,-6.886870834793885e-5
2.0,8.0,6.0,5.859335698724533,2.8951706892935642,2.5,0.00035319101468816864,0.009465961145465303,-0.00018683461738371444
2.0,9.0,6.0,5.814169804212058,2.918185199544742,2.5,0.00027835711219273884,0.009318718941656819,-0.00025787072970667523
2.0,10.0,6.0,5.7612108185127315,2.9262281606329656,2.5,0.0002523178163646126,0.009145758614710153,-0.00027751459184729776
2.0,11.0,6.0,5.1136140803164825,2.926114080316483,2.5,0.00025537329471548534,0.006998528370017496,-0.00020157135349068263
2.0,12.0,6.0,4.463114080316483,2.926114080316483,2.5,0.0002577438747010522,0.004693956472126738,-0.00012411007958402646
2.0,13.0,6.0,3.8126140803164827,2.926114080316483,2.5,0.00026061109753885005,0.0022816269295404066,-4.531819180136164e-5
2.0,14.0,6.0,3.1650173421202332,2.9262281606329656,2.5,0.0002647921633697769,0.0003186544075907226,3.360411127277013e-5
2.0,15.0,6.0,3.112058356420907,2.918185199544742,2.5,0.0002802147369389746,0.0002171042640380164,3.8407030045684406e-5
2.0,16.0,6.0,3.0668924619084326,2.8951706892935642,2.5,0.00032434562028087443,0.00013049756243937769,4.250357267800049e-5
2.0,17.0,6.0,3.0310574713394014,2.859335698724533,2.5,0.0003930600865502175,6.178309617003464e-5,4.575422673114537e-5
2.0,18.0,6.0,3.0080429610882238,2.8141698042120584,2.5,0.00047966678814885706,1.765221282813483e-5,4.7842446688987686e-5
2.0,19.0,6.0,3.0,2.7612108185127324,2.5,0.0005849428372257771,1.9633599047700245e-6,4.617773423716041e-5
2.0,20.0,6.0,3.0001140803164827,2.113614080316483,2.5,0.0017752215609438916,2.496420074668091e-6,5.0363923951449115e-5
2.0,21.0,6.0,3.0001140803164827,1.4631140803164828,2.5,0.0022458788074822,1.4556348904761551e-6,5.303856095472673e-5
2.0,22.0,6.0,3.0001140803164827,0.8126140803164827,2.5,0.0017516363818762897,5.183088012836197e-7,5.0921824327314276e-5
2.0,23.0,6.0,3.0,0.16501734212023322,2.5,0.000572551342993219,1.1355767950054087e-6,5.013105440490779e-5
2.0,24.0,6.0,3.0080429610882238,0.11205835642090678,2.5,0.00047294789892756404,-1.3991348584974547e-5,4.937376820374789e-5
2.0,25.0,6.0,3.0310574713394014,0.06689246190843257,2.5,0.0003880014335007211,-5.7276250178752035e-5,4.727231124522913e-5
2.0,26.0,6.0,3.0668924619084326,0.0310574713394014,2.5,0.0003206042122057301,-0.00012467347147374308,4.402144590546674e-5
2.0,27.0,6.0,3.112058356420907,0.008042961088223777,2.5,0.0002773193106119526,-0.00020961993690058598,3.993773827547647e-5
2.0,28.0,6.0,3.1650173421202332,0.0,2.5,0.00026219238523197264,-0.000309223380966241,3.516107256760316e-5
2.0,29.0,6.0,3.8126140803164827,0.0001140803164827453,2.5,0.00025815067046155396,-0.0022441460254389385,-4.302262453504235e-5
2.0,30.0,6.0,4.463114080316483,0.0001140803164827453,2.5,0.000255317756834878,-0.004632665855973484,-0.00012130315540156011
2.0,31.0,6.0,5.1136140803164825,0.0001140803164827453,2.5,0.00025299180181782415,-0.006923688148571508,-0.00019817146460612492
2.0,32.0,6.0,5.761210818512732,0.0,2.5,0.00025000443710633855,-0.009065285173979525,-0.0002734970151849627
2.0,33.0,6.0,5.814169804212058,0.008042961088223777,2.5,0.0002759952793749118,-0.00923788301322658,-0.00025401615980260797
2.0,34.0,6.0,5.859335698724533,0.0310574713394014,2.5,0.00035067536138798524,-0.009384812130419721,-0.00018356407397784912
2.0,35.0,6.0,5.895170689293565,0.06689246190843257,2.5,0.00046693317629732125,-0.009501199713114836,-6.656384773420889e-5
2.0,36.0,6.0,5.918185199544742,0.11205835642090678,2.5,0.0006133779219283094,-0.009575804735570894,8.780034142411806e-5
2.0,37.0,6.0,5.926228160632966,0.16501734212023322,2.5,0.0007849748807476215,-0.009601709797134764,0.00027732396102220485
2.0,38.0,6.0,5.9261140803164825,0.29986408031648293,2.5,0.0012214236238641573,-0.009600302379479989,0.0007727338743932144
2.0,39.0,6.0,5.9261140803164825,0.43761408031648275,2.5,0.001667185264464982,-0.009598294806745398,0.001279000094869903
2.0,40.0,6.0,5.9261140803164825,0.5753640803164828,2.5,0.0021131316057797717,-0.009595346586955301,0.001785738883492379
2.0,41.0,6.0,5.9261140803164825,0.7131140803164828,2.5,0.002559200516795503,-0.009591452672859312,0.002293190743636857
1.0,1.0,7.0,2.926114080316483,2.213114080316483,3.0,0.0016758722211878446,-0.0001386271752030539,4.542495270468572e-5
1.0,2.0,7.0,2.926114080316483,2.350864080316483,3.0,0.0014134909710689216,-0.00013933021917638837,4.652968972843199e-5
1.0,3.0,7.0,2.926114080316483,2.488614080316483,3.0,0.0011510911067960465,-0.00013986365750218077,4.866948705747346e-5
1.0,4.0,7.0,2.926114080316483,2.626364080316483,3.0,0.000887119072680933,-0.00014015106086125837,5.193965864808758e-5
1.0,5.0,7.0,2.9262281606329656,2.7612108185127324,3.0,0.0006269543947556636,-0.000139614484157531,5.4987798957303705e-5
1.0,6.0,7.0,2.918185199544742,2.8141698042120584,3.0,0.0005250106034036729,-0.0001546401805010189,5.599143416626555e-5
1.0,7.0,7.0,2.8951706892935642,2.859335698724533,3.0,0.0004384039018050333,-0.00019877106384291873,5.807747701246107e-5
1.0,8.0,7.0,2.859335698724533,2.8951706892935642,3.0,0.0003696894355356902,-0.0002674855301122618,6.132640372739706e-5
1.0,9.0,7.0,2.814169804212059,2.918185199544742,3.0,0.0003255585521937904,-0.0003540922317109005,6.542183700144948e-5
1.0,10.0,7.0,2.761210818512732,2.9262281606329656,3.0,0.00031047095562343723,-0.0004534604672458257,6.909213693410945e-5
1.0,11.0,7.0,2.113614080316483,2.926114080316483,3.0,0.00031060870370928597,-0.0012248378182826934,0.00011248439542259105
1.0,12.0,7.0,1.4631140803164828,2.926114080316483,3.0,0.0003101545451653659,-0.0012741791225659733,0.00015845254090667273
1.0,13.0,7.0,0.8126140803164827,2.926114080316483,3.0,0.0003088347008474953,-0.0008198797644082524,0.00020599708995841252
1.0,14.0,7.0,0.16501734212023322,2.9262281606329656,3.0,0.00030683399724819294,-0.00015440659675226295,0.00025507262068266023
1.0,15.0,7.0,0.11205835642090678,2.918185199544742,3.0,0.00029868685266051727,-0.00010212061664030279,0.00025909531089028377
1.0,16.0,7.0,0.06689246190843257,2.8951706892935642,3.0,0.00027629089674374637,-5.856480854461065e-5,0.0002623824433533532
1.0,17.0,7.0,0.0310574713394014,2.859335698724533,3.0,0.00024249615338696259,-2.5002373505833625e-5,0.00026480377330847236
1.0,18.0,7.0,0.008042961088223777,2.8141698042120584,3.0,0.0002013700134464487,-4.214523414114988e-6,0.00026610032673284213
1.0,19.0,7.0,0.0,2.7612108185127324,3.0,0.000155050299380298,2.6709097308620378e-6,0.0002661207698404693
1.0,20.0,7.0,0.0001140803164827453,2.113614080316483,3.0,-0.0002726900743452803,9.500624213645797e-7,0.000260681822625705
1.0,21.0,7.0,0.0001140803164827453,1.4631140803164828,3.0,-0.0004206380841547524,-5.586794743874327e-7,0.0002588107188682355
1.0,22.0,7.0,0.0001140803164827453,0.8126140803164827,3.0,-0.0002720355007036004,-2.0656613175022886e-6,0.000260547012691916
1.0,23.0,7.0,0.0,0.16501734212023322,3.0,0.0001534972460299126,-3.7821004689126007e-6,0.00026586130623090836
1.0,24.0,7.0,0.008042961088223777,0.11205835642090678,3.0,0.00019939799903696936,3.040077136740326e-6,0.0002658313230900819
1.0,25.0,7.0,0.0310574713394014,0.06689246190843257,3.0,0.00024012267880424185,2.362387312725797e-5,0.0002645302047912834
1.0,26.0,7.0,0.06689246190843257,0.0310574713394014,3.0,0.00027356452309979564,5.683443470509799e-5,0.0002621126910773427
1.0,27.0,7.0,0.11205835642090678,0.008042961088223777,3.0,0.0002957123580004744,9.990564136806757e-5,0.00025884081292884906
1.0,28.0,7.0,0.16501734212023322,0.0,3.0,0.0003037649181783066,0.0001515782686843097,0.0002548494882979204
1.0,29.0,7.0,0.8126140803164827,0.0001140803164827453,3.0,0.00030576275721681703,0.0008077179088454349,0.00020626977959843846
1.0,30.0,7.0,1.4631140803164828,0.0001140803164827453,3.0,0.00030710076698337534,0.0012547912052852596,0.00015922281722937699
1.0,31.0,7.0,2.113614080316483,0.0001140803164827453,3.0,0.000307631716854834,0.001205785380774121,0.00011366585674987278
1.0,32.0,7.0,2.7612108185127324,0.0,3.0,0.000307570480531392,0.0004478111760082823,7.040987457098338e-5
1.0,33.0,7.0,2.814169804212059,0.008042961088223777,3.0,0.00032237035188069363,0.0003503308632794597,6.677811719356913e-5
1.0,34.0,7.0,2.859335698724533,0.0310574713394014,3.0,0.0003656552534744711,0.0002653843978526168,6.272274251307507e-5
1.0,35.0,7.0,2.8951706892935642,0.06689246190843257,3.0,0.00043305247476946215,0.00019798717655762575,5.951599329687599e-5
1.0,36.0,7.0,2.918185199544742,0.11205835642090678,3.0,0.000517998940196305,0.00015470227496384826,5.747013965097208e-5
1.0,37.0,7.0,2.9262281606329656,0.16501734212023322,3.0,0.0006176023842619601,0.0001395753495838683,5.677805076449819e-5
1.0,38.0,7.0,2.926114080316483,0.29986408031648293,3.0,0.0008731104000680176,0.00014053687902586373,5.5149982111545555e-5
1.0,39.0,7.0,2.926114080316483,0.43761408031648275,3.0,0.001133788149584477,0.0001404434010057782,5.213769033859468e-5
1.0,40.0,7.0,2.926114080316483,0.5753640803164828,3.0,0.0013932418234917927,0.00013999118960186446,4.992167701869949e-5
1.0,41.0,7.0,2.926114080316483,0.7131140803164828,3.0,0.0016525383325339314,0.00013934878443599695,4.897704532125432e-5
2.0,1.0,7.0,5.9261140803164825,2.213114080316483,3.0,0.003623623746378516,0.011509125197634446,0.0022534581021465723
2.0,2.0,7.0,5.9261140803164825,2.350864080316483,3.0,0.002984335515093515,0.011513505830102648,0.001754309846850968
2.0,3.0,7.0,5.9261140803164825,2.488614080316483,3.0,0.002345631261545665,0.011516783380435781,0.001255923708409286
2.0,4.0,7.0,5.9261140803164825,2.626364080316483,3.0,0.0017058319605325037,0.01151894366410736,0.0007580585167239632
2.0,5.0,7.0,5.926228160632966,2.7612108185127324,3.0,0.0010768961218430963,0.011520486793049362,0.0002710200480844732
2.0,6.0,7.0,5.918185199544742,2.8141698042120584,3.0,0.0008287227712214803,0.011482900184508295,8.455566410439965e-5
2.0,7.0,7.0,5.895170689293565,2.859335698724533,3.0,0.0006163384675622126,0.011374646083036604,-6.757123045759735e-5
2.0,8.0,7.0,5.859335698724533,2.8951706892935642,3.0,0.0004473181046131953,0.011205464177100517,-0.00018303359920739942
2.0,9.0,7.0,5.814169804212058,2.918185199544742,3.0,0.00033851463462273586,0.01099157799266005,-0.0002526042261183738
2.0,10.0,7.0,5.7612108185127315,2.9262281606329656,3.0,0.0003005236486773232,0.010740152159941117,-0.00027170783918477315
2.0,11.0,7.0,5.1136140803164825,2.926114080316483,3.0,0.0003037409337601298,0.007658042388489745,-0.0001955346089055836
2.0,12.0,7.0,4.463114080316483,2.926114080316483,3.0,0.000306800556504181,0.004703912778480344,-0.00011863214028884534
2.0,13.0,7.0,3.8126140803164827,2.926114080316483,3.0,0.0003097056404019732,0.0021175059179741663,-4.0990125588224105e-5
2.0,14.0,7.0,3.1650173421202332,2.9262281606329656,3.0,0.00031013597862459267,0.0003186664582302056,3.360411127277013e-5
2.0,15.0,7.0,3.112058356420907,2.918185199544742,3.0,0.0003255585521937904,0.00021711631467749944,3.8407030045684406e-5
2.0,16.0,7.0,3.0668924619084326,2.8951706892935642,3.0,0.0003696894355356902,0.00013050961307886072,4.250357267800049e-5
2.0,17.0,7.0,3.0310574713394014,2.859335698724533,3.0,0.0004384039018050333,6.179514680951767e-5,4.575422673114537e-5
2.0,18.0,7.0,3.0080429610882238,2.8141698042120584,3.0,0.0005250106034036729,1.766426346761786e-5,4.7842446688987686e-5
2.0,19.0,7.0,3.0,2.7612108185127324,3.0,0.0006233883070471086,2.516425727960384e-6,4.927126309798491e-5
2.0,20.0,7.0,3.0001140803164827,2.113614080316483,3.0,0.0015112745978628607,2.1644869258263023e-6,5.144394819665861e-5
2.0,21.0,7.0,3.0001140803164827,1.4631140803164828,3.0,0.0018293146299972556,1.6544503213581633e-6,5.346280906548235e-5
2.0,22.0,7.0,3.0001140803164827,0.8126140803164827,3.0,0.0015105916761271444,1.3747446165931577e-6,5.2473597301228996e-5
2.0,23.0,7.0,3.0,0.16501734212023322,3.0,0.0006176023842619601,8.278041204296562e-7,5.013105440490779e-5
2.0,24.0,7.0,3.0080429610882238,0.11205835642090678,3.0,0.000517998940196305,-1.42991212595503e-5,4.937376820374789e-5
2.0,25.0,7.0,3.0310574713394014,0.06689246190843257,3.0,0.00043305247476946215,-5.758402285332779e-5,4.727231124522913e-5
2.0,26.0,7.0,3.0668924619084326,0.0310574713394014,3.0,0.0003656552534744711,-0.00012498124414831883,4.402144590546674e-5
2.0,27.0,7.0,3.112058356420907,0.008042961088223777,3.0,0.00032237035188069363,-0.00020992770957516173,3.993773827547647e-5
2.0,28.0,7.0,3.1650173421202332,0.0,3.0,0.00030724342650071367,-0.00030953115364081675,3.516107256760316e-5
2.0,29.0,7.0,3.8126140803164827,0.0001140803164827453,3.0,0.00030683027508008286,-0.002081560672471501,-3.886573695889187e-5
2.0,30.0,7.0,4.463114080316483,0.0001140803164827453,3.0,0.0003040053333677656,-0.00464285975348107,-0.00011594938592517994
2.0,31.0,7.0,5.1136140803164825,0.0001140803164827453,3.0,0.00030100131152504536,-0.007578035011929652,-0.00019229797493052698
2.0,32.0,7.0,5.761210818512732,0.0,3.0,0.0002978583421958881,-0.01064687383849432,-0.00026789506096234117
2.0,33.0,7.0,5.814169804212058,0.008042961088223777,3.0,0.00033570570455561404,-0.010897311123006275,-0.0002489430467422113
2.0,34.0,7.0,5.859335698724533,0.0310574713394014,3.0,0.0004440869222090445,-0.011110356995316248,-0.00017992035008982678
2.0,35.0,7.0,5.895170689293565,0.06689246190843257,3.0,0.0006124463059537763,-0.011278872535813694,-6.53678033814817e-5
2.0,36.0,7.0,5.918185199544742,0.11205835642090678,3.0,0.0008239938352204542,-0.011386698183751282,8.55586535566707e-5
2.0,37.0,7.0,5.926228160632966,0.16501734212023322,3.0,0.00107118154647012,-0.011424135569097275,0.0002705486801501605
2.0,38.0,7.0,5.9261140803164825,0.29986408031648293,3.0,0.0016975991470342875,-0.011422606475102038,0.0007537310699940226
2.0,39.0,7.0,5.9261140803164825,0.43761408031648275,3.0,0.002334813521966463,-0.011420473833274512,0.0012476542578100974
2.0,40.0,7.0,5.9261140803164825,0.5753640803164828,3.0,0.002970923416933939,-0.01141723952281525,0.001742093907243216
2.0,41.0,7.0,5.9261140803164825,0.7131140803164828,3.0,0.003607618226341546,-0.01141291800721622,0.002237289106357554
1.0,1.0,8.0,2.926114080316483,2.213114080316483,3.5,0.001729645368894276,-0.00013944289793263275,5.2003089474855656e-5
1.0,2.0,8.0,2.926114080316483,2.350864080316483,3.5,0.0014635342551968607,-0.0001397583209371734,5.224819129368929e-5
1.0,3.0,8.0,2.926114080316483,2.488614080316483,3.5,0.0011973603926660956,-0.00013994803480200542,5.290958487420662e-5
1.0,4.0,8.0,2.926114080316483,2.626364080316483,3.5,0.000931355135635812,-0.0001398712704174816,5.363346773894423e-5
1.0,5.0,8.0,2.9262281606329656,2.7612108185127324,3.5,0.0006716398219778378,-0.00013933842491246963,5.458600824645253e-5
1.0,6.0,8.0,2.918185199544742,2.8141698042120584,3.5,0.0005703544186584885,-0.0001546281298615359,5.599143416626555e-5
1.0,7.0,8.0,2.8951706892935642,2.859335698724533,3.5,0.00048374771705984897,-0.00019875901320343573,5.807747701246107e-5
1.0,8.0,8.0,2.859335698724533,2.8951706892935642,3.5,0.0004150332507905059,-0.00026747347947277876,6.132640372739706e-5
1.0,9.0,8.0,2.814169804212059,2.918185199544742,3.5,0.0003709023674486061,-0.0003540801810714175,6.542183700144948e-5
1.0,10.0,8.0,2.761210818512732,2.9262281606329656,3.5,0.00035585729568274083,-0.0004530248951384083,6.906826579725015e-5
1.0,11.0,8.0,2.113614080316483,2.926114080316483,3.5,0.00035607703411543986,-0.0012214178526805352,0.00011254546944274569
1.0,12.0,8.0,1.4631140803164828,2.926114080316483,3.5,0.0003557594230555344,-0.0012724092025245008,0.00015662051956909543
1.0,13.0,8.0,0.8126140803164827,2.926114080316483,3.5,0.00035435931356192295,-0.0008209858901940386,0.00020178180852744402
1.0,14.0,8.0,0.16501734212023322,2.9262281606329656,3.5,0.0003520426455171204,-0.0001562288550647608,0.0002484928631564289
1.0,15.0,8.0,0.11205835642090678,2.918185199544742,3.5,0.000343780141366308,-0.00010338162342179131,0.000252405889892299
1.0,16.0,8.0,0.06689246190843257,2.8951706892935642,3.5,0.0003210304277989487,-5.919965348687061e-5,0.0002556991052459033
1.0,17.0,8.0,0.0310574713394014,2.859335698724533,3.5,0.0002865809553649979,-2.5031198624416347e-5,0.00025819160598051545
1.0,18.0,8.0,0.008042961088223777,2.8141698042120584,3.5,0.00024450082412639845,-3.798863502509075e-6,0.00025958227138663485
1.0,19.0,8.0,0.0,2.7612108185127324,3.5,0.00019693084605541298,3.2365221629023717e-6,0.0002596757807766085
1.0,20.0,8.0,0.0001140803164827453,2.113614080316483,3.5,-0.0002484436396303226,1.1465060272676653e-6,0.00025457915892128277
1.0,21.0,8.0,0.0001140803164827453,1.4631140803164828,3.5,-0.00040433048922615226,-6.070664877349199e-7,0.0002528375669266447
1.0,22.0,8.0,0.0001140803164827453,0.8126140803164827,3.5,-0.00024750456574251545,-2.359702251951997e-6,0.0002544657412040613
1.0,23.0,8.0,0.0,0.16501734212023322,3.5,0.00019529954420455906,-4.446484362119425e-6,0.00025945790769308784
1.0,24.0,8.0,0.008042961088223777,0.11205835642090678,3.5,0.00024238000522397898,2.514868376538025e-6,0.0002593585558356406
1.0,25.0,8.0,0.0310574713394014,0.06689246190843257,3.5,0.0002839940711541673,2.3510147455140183e-5,0.0002579691419734099
1.0,26.0,8.0,0.06689246190843257,0.0310574713394014,3.5,0.00031803638868928573,5.727227683187295e-5,0.00025548617177458005
1.0,27.0,8.0,0.11205835642090678,0.008042961088223777,3.5,0.0003405015184498971,0.0001008975984221393,0.00025221144201244814
1.0,28.0,8.0,0.16501734212023322,0.0,3.5,0.00034865634008590673,0.0001530433333302068,0.0002483278552712299
1.0,29.0,8.0,0.8126140803164827,0.0001140803164827453,3.5,0.0003509780652654958,0.0008071902925000424,0.00020204847200763442
1.0,30.0,8.0,1.4631140803164828,0.0001140803164827453,3.5,0.00035242658279129426,0.0012507288495361777,0.00015731650422505319
1.0,31.0,8.0,2.113614080316483,0.0001140803164827453,3.5,0.00035282928900314876,0.0012008831318085248,0.0001136011491279015
1.0,32.0,8.0,2.7612108185127324,0.0,3.5,0.0003526616983319789,0.00044708004724034676,7.040318424586678e-5
1.0,33.0,8.0,2.814169804212059,0.008042961088223777,3.5,0.0003674213931494347,0.000350023090604884,6.677811719356913e-5
1.0,34.0,8.0,2.859335698724533,0.0310574713394014,3.5,0.0004107062947432122,0.0002650766251780411,6.272274251307507e-5
1.0,35.0,8.0,2.8951706892935642,0.06689246190843257,3.5,0.00047810351603820323,0.00019767940388305005,5.951599329687599e-5
1.0,36.0,8.0,2.918185199544742,0.11205835642090678,3.5,0.0005630499814650461,0.00015439450228927257,5.747013965097208e-5
1.0,37.0,8.0,2.9262281606329656,0.16501734212023322,3.5,0.0006626534255307012,0.0001392675769092926,5.677805076449819e-5
1.0,38.0,8.0,2.926114080316483,0.29986408031648293,3.5,0.0009170115847852293,0.0001397018045021983,5.574055789946484e-5
1.0,39.0,8.0,2.926114080316483,0.43761408031648275,3.5,0.0011775302408618274,0.000139874751203671,5.520053813838631e-5
1.0,40.0,8.0,2.926114080316483,0.5753640803164828,3.5,0.0014383778973054704,0.0001397826929137485,5.483791368715752e-5
1.0,41.0,8.0,2.926114080316483,0.7131140803164828,3.5,0.0016992097968050975,0.00013954073066733234,5.4741617657843474e-5
2.0,1.0,8.0,5.9261140803164825,2.213114080316483,3.5,0.00458943966702181,0.013297661868598242,0.0021908674599835413
2.0,2.0,8.0,5.9261140803164825,2.350864080316483,3.5,0.0037736735009987255,0.013302476690333258,0.0017055301101039132
2.0,3.0,8.0,5.9261140803164825,2.488614080316483,3.5,0.0029585822876006767,0.013306075261431875,0.0012210144461425453
2.0,4.0,8.0,5.9261140803164825,2.626364080316483,3.5,0.002141854883023853,0.013308437189616202,0.0007371399206545608
2.0,5.0,8.0,5.926228160632966,2.7612108185127324,3.5,0.0013389551708601019,0.013310213330468302,0.00026390676522444637
2.0,6.0,8.0,5.918185199544742,2.8141698042120584,3.5,0.0010222615676169894,0.01326223121167106,8.232223412793827e-5
2.0,7.0,8.0,5.895170689293565,2.859335698724533,3.5,0.0007513248220589788,0.013124150511349793,-6.638679278866532e-5
2.0,8.0,8.0,5.859335698724533,2.8951706892935642,3.5,0.00053582884504515,0.012908509562258837,-0.00017959545545381006
2.0,9.0,8.0,5.814169804212058,2.918185199544742,3.5,0.00039721371397352054,0.012636158938546055,-0.0002479697746265928
2.0,10.0,8.0,5.7612108185127315,2.9262281606329656,3.5,0.0003488201473284745,0.012316424185204487,-0.0002666732231882988
2.0,11.0,8.0,5.1136140803164825,2.926114080316483,3.5,0.00035193216690702797,0.008441129310106975,-0.0001894970009428291
2.0,12.0,8.0,4.463114080316483,2.926114080316483,3.5,0.00035473155481660195,0.004922439110569525,-0.00011303438631416768
2.0,13.0,8.0,3.8126140803164827,2.926114080316483,3.5,0.000356367332317038,0.002111734533620094,-3.77353259128627e-5
2.0,14.0,8.0,3.1650173421202332,2.9262281606329656,3.5,0.00035547979387940835,0.00031867850886968866,3.360411127277013e-5
2.0,15.0,8.0,3.112058356420907,2.918185199544742,3.5,0.0003709023674486061,0.00021712836531698245,3.8407030045684406e-5
2.0,16.0,8.0,3.0668924619084326,2.8951706892935642,3.5,0.0004150332507905059,0.00013052166371834372,4.250357267800049e-5
2.0,17.0,8.0,3.0310574713394014,2.859335698724533,3.5,0.00048374771705984897,6.180719744900067e-5,4.575422673114537e-5
2.0,18.0,8.0,3.0080429610882238,2.8141698042120584,3.5,0.0005703544186584885,1.7676314107100862e-5,4.7842446688987686e-5
2.0,19.0,8.0,3.0,2.7612108185127324,3.5,0.0006679061683799419,2.7237675913145757e-6,4.884001080436212e-5
2.0,20.0,8.0,3.0001140803164827,2.113614080316483,3.5,0.0014178577293006696,1.74120708422897e-6,5.336303619233966e-5
2.0,21.0,8.0,3.0001140803164827,1.4631140803164828,3.5,0.001642608520202775,1.7861263610881598e-6,5.5216019002594604e-5
2.0,22.0,8.0,3.0001140803164827,0.8126140803164827,3.5,0.0014331843769499703,1.538345635628179e-6,5.383124648362265e-5
2.0,23.0,8.0,3.0,0.16501734212023322,3.5,0.0006626534255307012,5.20031445853958e-7,5.013105440490779e-5
2.0,24.0,8.0,3.0080429610882238,0.11205835642090678,3.5,0.0005630499814650461,-1.4606893934125998e-5,4.937376820374789e-5
2.0,25.0,8.0,3.0310574713394014,0.06689246190843257,3.5,0.00047810351603820323,-5.7891795527903486e-5,4.727231124522913e-5
2.0,26.0,8.0,3.0668924619084326,0.0310574713394014,3.5,0.0004107062947432122,-0.00012528901682289453,4.402144590546674e-5
2.0,27.0,8.0,3.112058356420907,0.008042961088223777,3.5,0.0003674213931494347,-0.00021023548224973743,3.993773827547647e-5
2.0,28.0,8.0,3.1650173421202332,0.0,3.5,0.00035229446776945475,-0.00030983892631539244,3.516107256760316e-5
2.0,29.0,8.0,3.8126140803164827,0.0001140803164827453,3.5,0.00035316794305396943,-0.002076614053362611,-3.5721542482283824e-5
2.0,30.0,8.0,4.463114080316483,0.0001140803164827453,3.5,0.00035158236885897133,-0.004861021482417128,-0.00011050984307906744
2.0,31.0,8.0,5.1136140803164825,0.0001140803164827453,3.5,0.0003488543603191941,-0.008356324209294053,-0.00018642922916353884
2.0,32.0,8.0,5.761210818512732,0.0,3.5,0.00034581519621087873,-0.012211114645332614,-0.00026305291639860197
2.0,33.0,8.0,5.814169804212058,0.008042961088223777,3.5,0.0003939685149535112,-0.012529228484265763,-0.0002444906530681509
2.0,34.0,8.0,5.859335698724533,0.0310574713394014,3.5,0.0005318850749133305,-0.012800197632539161,-0.00017663178030870923
2.0,35.0,8.0,5.895170689293565,0.06689246190843257,3.5,0.0007462894892820721,-0.013014742184277539,-6.428141145171537e-5
2.0,36.0,8.0,5.918185199544742,0.11205835642090678,3.5,0.001015847352677496,-0.013152118497348642,8.329266722784482e-5
2.0,37.0,8.0,5.926228160632966,0.16501734212023322,3.5,0.0013309215730663362,-0.013199855346221758,0.00026347974402490484
2.0,38.0,8.0,5.9261140803164825,0.29986408031648293,3.5,0.0021296963828062263,-0.013198095329739933,0.0007330510585491561
2.0,39.0,8.0,5.9261140803164825,0.43761408031648275,3.5,0.0029422078898376546,-0.013195762492655402,0.0012131810800008011
2.0,40.0,8.0,5.9261140803164825,0.5753640803164828,3.5,0.003753080545418376,-0.013192209407749119,0.0016939481953064722
2.0,41.0,8.0,5.9261140803164825,0.7131140803164828,3.5,0.004564627383414457,-0.01318745667725489,0.002175532459056103
1.0,1.0,9.0,2.926114080316483,2.213114080316483,4.0,0.0017734289979243463,-0.00013932499690211852,5.5036740157544215e-5
1.0,2.0,9.0,2.926114080316483,2.350864080316483,4.0,0.0015076810246692377,-0.0001394982311596411,5.5049342735795597e-5
1.0,3.0,9.0,2.926114080316483,2.488614080316483,4.0,0.00124192489799676,-0.0001395883401964484,5.509931167877474e-5
1.0,4.0,9.0,2.926114080316483,2.626364080316483,4.0,0.0009764496911736014,-0.00013961277128608484,5.5169959409955025e-5
1.0,5.0,9.0,2.9262281606329656,2.7612108185127324,4.0,0.0007170454028922948,-0.00013933956704446687,5.518992301665959e-5
1.0,6.0,9.0,2.918185199544742,2.8141698042120584,4.0,0.0006156982339133043,-0.00015461607922205288,5.599143416626555e-5
1.0,7.0,9.0,2.8951706892935642,2.859335698724533,4.0,0.0005290915323146648,-0.0001987469625639527,5.807747701246107e-5
1.0,8.0,9.0,2.859335698724533,2.8951706892935642,4.0,0.0004603770660453217,-0.00026746142883329573,6.132640372739706e-5
1.0,9.0,9.0,2.814169804212059,2.918185199544742,4.0,0.0004162461827034219,-0.0003540681304319345,6.542183700144948e-5
1.0,10.0,9.0,2.761210818512732,2.9262281606329656,4.0,0.0004011984881557119,-0.00045294555027703315,6.916233960266675e-5
1.0,11.0,9.0,2.113614080316483,2.926114080316483,4.0,0.00040080045368367763,-0.0012079191977989185,0.00011231299906194991
1.0,12.0,9.0,1.4631140803164828,2.926114080316483,4.0,0.00039986760950347567,-0.0012534961742037283,0.00015449284939514563
1.0,13.0,9.0,0.8126140803164827,2.926114080316483,4.0,0.00039790241464393724,-0.0008101657694694717,0.00019696921628554572
1.0,14.0,9.0,0.16501734212023322,2.9262281606329656,4.0,0.0003950962723146938,-0.0001553958030965582,0.00024116481484829847
1.0,15.0,9.0,0.11205835642090678,2.918185199544742,4.0,0.00038684238742192335,-0.00010283383264395052,0.00024493452925626667
1.0,16.0,9.0,0.06689246190843257,2.8951706892935642,4.0,0.00036411237485903166,-5.8763880030147814e-5,0.0002481488528048534
1.0,17.0,9.0,0.0310574713394014,2.859335698724533,4.0,0.0003296088246402248,-2.458880880064091e-5,0.0002506162582805041
1.0,18.0,9.0,0.008042961088223777,2.8141698042120584,4.0,0.0002873528240861778,-3.3038636194988347e-6,0.00025203350880500326
1.0,19.0,9.0,0.0,2.7612108185127324,4.0,0.0002394647039335985,3.7462911276974255e-6,0.0002521917466902752
1.0,20.0,9.0,0.0001140803164827453,2.113614080316483,4.0,-0.0002140342909719855,1.3397868015596435e-6,0.00024764640014428855
1.0,21.0,9.0,0.0001140803164827453,1.4631140803164828,4.0,-0.0003743400149137254,-6.42811499698911e-7,0.0002460791642425353
1.0,22.0,9.0,0.0001140803164827453,0.8126140803164827,4.0,-0.0002130545500983364,-2.625019290408937e-6,0.00024755166402564316
1.0,23.0,9.0,0.0,0.16501734212023322,4.0,0.00023765645257096203,-5.029567776663382e-6,0.0002520114991585593
1.0,24.0,9.0,0.008042961088223777,0.11205835642090678,4.0,0.0002850217153305547,1.9413598149729362e-6,0.00025185039906241877
1.0,25.0,9.0,0.0310574713394014,0.06689246190843257,4.0,0.00032678159518273345,2.2973791101620307e-5,0.00025043827573774163
1.0,26.0,9.0,0.06689246190843257,0.0310574713394014,4.0,0.0003608530825282033,5.671743777304258e-5,0.0002479838087945161
1.0,27.0,9.0,0.11205835642090678,0.008042961088223777,4.0,0.0003832819720576561,0.0001001979812574572,0.0002447896854950052
1.0,28.0,9.0,0.16501734212023322,0.0,4.0,0.0003914223069212616,0.00015201888620053913,0.00024104793003117004
1.0,29.0,9.0,0.8126140803164827,0.0001140803164827453,4.0,0.00039423908942683774,0.0007956392425032009,0.00019722331248533874
1.0,30.0,9.0,1.4631140803164828,0.0001140803164827453,4.0,0.00039625756273371944,0.001230828124336747,0.00015511590588207142
1.0,31.0,9.0,2.113614080316483,0.0001140803164827453,4.0,0.0003972628252870958,0.00118668107241819,0.00011329308963512239
1.0,32.0,9.0,2.7612108185127324,0.0,4.0,0.0003977110554265577,0.0004466982883336429,7.048482791538498e-5
1.0,33.0,9.0,2.814169804212059,0.008042961088223777,4.0,0.00041247243441817574,0.00034971531793030823,6.677811719356913e-5
1.0,34.0,9.0,2.859335698724533,0.0310574713394014,4.0,0.0004557573360119532,0.00026476885250346536,6.272274251307507e-5
1.0,35.0,9.0,2.8951706892935642,0.06689246190843257,4.0,0.0005231545573069443,0.0001973716312084743,5.951599329687599e-5
1.0,36.0,9.0,2.918185199544742,0.11205835642090678,4.0,0.0006081010227337872,0.0001540867296146968,5.747013965097208e-5
1.0,37.0,9.0,2.9262281606329656,0.16501734212023322,4.0,0.0007077044667994422,0.00013895980423471685,5.677805076449819e-5
1.0,38.0,9.0,2.926114080316483,0.29986408031648293,4.0,0.0009617392574385871,0.0001392994917431929,5.678824082502761e-5
1.0,39.0,9.0,2.926114080316483,0.43761408031648275,4.0,0.0012215783509596817,0.00013923668408628387,5.681084676021374e-5
1.0,40.0,9.0,2.926114080316483,0.5753640803164828,4.0,0.0014816060448863914,0.00013916298942695578,5.682456206353271e-5
1.0,41.0,9.0,2.926114080316483,0.7131140803164828,4.0,0.001741627082422144,0.00013905746869350842,5.6879409505318946e-5
2.0,1.0,9.0,5.9261140803164825,2.213114080316483,4.0,0.005416849280796223,0.015034046495206538,0.002122063266881717
2.0,2.0,9.0,5.9261140803164825,2.350864080316483,4.0,0.004450587691361692,0.015039351808402306,0.0016517731556533668
2.0,3.0,9.0,5.9261140803164825,2.488614080316483,4.0,0.003484930952786344,0.015043325130145701,0.00118243394418444
2.0,4.0,9.0,5.9261140803164825,2.626364080316483,4.0,0.00251748895577501,0.015045946404482336,0.0007138210257709235
2.0,5.0,9.0,5.926228160632966,2.7612108185127324,4.0,0.001567047469461177,0.01504799927357523,0.00025557120006896775
2.0,6.0,9.0,5.918185199544742,2.8141698042120584,4.0,0.0011924893909372725,0.014991265054436034,7.92856881756709e-5
2.0,7.0,9.0,5.895170689293565,2.859335698724533,4.0,0.0008722663354167983,0.01482809699732504,-6.566634957698146e-5
2.0,8.0,9.0,5.859335698724533,2.8951706892935642,4.0,0.0006177727403427728,0.014573481350717333,-0.0001763599432293409
2.0,9.0,9.0,5.814169804212058,2.918185199544742,4.0,0.0004542177592950567,0.014252210979117415,-0.00024337872447811805
2.0,10.0,9.0,5.7612108185127315,2.9262281606329656,4.0,0.00039715415651833674,0.013875455884980367,-0.000261651908607723
2.0,11.0,9.0,5.1136140803164825,2.926114080316483,4.0,0.00040007499288573987,0.009337036803300135,-0.000183486283239322
2.0,12.0,9.0,4.463114080316483,2.926114080316483,4.0,0.00040218511471984295,0.0052954174898441515,-0.0001075675248105721
2.0,13.0,9.0,3.8126140803164827,2.926114080316483,4.0,0.0004029049419158904,0.0021890168798362423,-3.4560279956712687e-5
2.0,14.0,9.0,3.1650173421202332,2.9262281606329656,4.0,0.00040082360913422415,0.0003186905595091717,3.360411127277013e-5
2.0,15.0,9.0,3.112058356420907,2.918185199544742,4.0,0.0004162461827034219,0.00021714041595646548,3.8407030045684406e-5
2.0,16.0,9.0,3.0668924619084326,2.8951706892935642,4.0,0.0004603770660453217,0.00013053371435782675,4.250357267800049e-5
2.0,17.0,9.0,3.0310574713394014,2.859335698724533,4.0,0.0005290915323146648,6.18192480884837e-5,4.575422673114537e-5
2.0,18.0,9.0,3.0080429610882238,2.8141698042120584,4.0,0.0006156982339133043,1.7688364746583893e-5,4.7842446688987686e-5
2.0,19.0,9.0,3.0,2.7612108185127324,4.0,0.0007129215006234031,2.6994135162756875e-6,4.910258900611749e-5
2.0,20.0,9.0,3.0001140803164827,2.113614080316483,4.0,0.00140757551888179,1.6565459110643226e-6,5.554886603019417e-5
2.0,21.0,9.0,3.0001140803164827,1.4631140803164828,4.0,0.0015909631865939958,1.6698622009110877e-6,5.80460159731459e-5
2.0,22.0,9.0,3.0001140803164827,0.8126140803164827,4.0,0.0014286073863229766,1.6469236127644017e-6,5.5661114061442604e-5
2.0,23.0,9.0,3.0,0.16501734212023322,4.0,0.0007077044667994422,2.1225877127820555e-7,5.013105440490779e-5
2.0,24.0,9.0,3.0080429610882238,0.11205835642090678,4.0,0.0006081010227337872,-1.491466660870175e-5,4.937376820374789e-5
2.0,25.0,9.0,3.0310574713394014,0.06689246190843257,4.0,0.0005231545573069443,-5.819956820247924e-5,4.727231124522913e-5
2.0,26.0,9.0,3.0668924619084326,0.0310574713394014,4.0,0.0004557573360119532,-0.00012559678949747028,4.402144590546674e-5
2.0,27.0,9.0,3.112058356420907,0.008042961088223777,4.0,0.00041247243441817574,-0.00021054325492431318,3.993773827547647e-5
2.0,28.0,9.0,3.1650173421202332,0.0,4.0,0.0003973455090381958,-0.0003101466989899682,3.516107256760316e-5
2.0,29.0,9.0,3.8126140803164827,0.0001140803164827453,4.0,0.00039939392151900493,-0.0021550161341826915,-3.2651625509025276e-5
2.0,30.0,9.0,4.463114080316483,0.0001140803164827453,4.0,0.00039871526269550105,-0.005234101985351802,-0.00010520721585841376
2.0,31.0,9.0,5.1136140803164825,0.0001140803164827453,4.0,0.0003966690356062847,-0.009247894099961731,-0.00018059309274236226
2.0,32.0,9.0,5.761210818512732,0.0,4.0,0.0003938163746942956,-0.013758841168583147,-0.00025821185727803995
2.0,33.0,9.0,5.814169804212058,0.008042961088223777,4.0,0.0004505441925031942,-0.014133353088611715,-0.00024006889334329156
2.0,34.0,9.0,5.859335698724533,0.0310574713394014,4.0,0.0006131260329156298,-0.01445270493565172,-0.00017353244502510136
2.0,35.0,9.0,5.895170689293565,0.06689246190843257,4.0,0.0008660977188648433,-0.014705794781879212,-6.364514512237284e-5
2.0,36.0,9.0,5.918185199544742,0.11205835642090678,4.0,0.0011843973185297104,-0.01486798155689287,8.023779246678581e-5
2.0,37.0,9.0,5.926228160632966,0.16501734212023322,4.0,0.0015566966700019298,-0.014924373843199976,0.00025520324412108697
2.0,38.0,9.0,5.9261140803164825,0.29986408031648293,4.0,0.0025013836582650165,-0.014922339461101766,0.0007099887032792531
2.0,39.0,9.0,5.9261140803164825,0.43761408031648275,4.0,0.0034629482101113333,-0.014919748496200098,0.0011750594342186487
2.0,40.0,9.0,5.9261140803164825,0.5753640803164828,4.0,0.004422729410425585,-0.01491582230581169,0.0016408533737690297
2.0,41.0,9.0,5.9261140803164825,0.7131140803164828,4.0,0.0053831150063995215,-0.014910581130782558,0.002107594739101033
1.0,1.0,10.0,2.926114080316483,2.213114080316483,4.5,0.0018256992409226875,-0.00013935122942539366,5.799140597593684e-5
1.0,2.0,10.0,2.926114080316483,2.350864080316483,4.5,0.0015580616968002196,-0.00013964655827265426,5.770713364271311e-5
1.0,3.0,10.0,2.926114080316483,2.488614080316483,4.5,0.0012903444679081958,-0.00013983371971224712,5.704834636917266e-5
1.0,4.0,10.0,2.926114080316483,2.626364080316483,4.5,0.0010230131921564816,-0.0001397752547097862,5.64784504420144e-5
1.0,5.0,10.0,2.9262281606329656,2.7612108185127324,4.5,0.0007624941375740322,-0.00013926597715352074,5.591422460953637e-5
1.0,6.0,10.0,2.918185199544742,2.8141698042120584,4.5,0.00066104204916812,-0.00015460402858256988,5.599143416626555e-5
1.0,7.0,10.0,2.8951706892935642,2.859335698724533,4.5,0.0005744353475694805,-0.0001987349119244697,5.807747701246107e-5
1.0,8.0,10.0,2.859335698724533,2.8951706892935642,4.5,0.0005057208813001374,-0.00026744937819381275,6.132640372739706e-5
1.0,9.0,10.0,2.814169804212059,2.918185199544742,4.5,0.0004615899979582376,-0.00035405607979245145,6.542183700144948e-5
1.0,10.0,10.0,2.761210818512732,2.9262281606329656,4.5,0.00044630487656146704,-0.0004531525886512501,6.913752876695543e-5
1.0,11.0,10.0,2.113614080316483,2.926114080316483,4.5,0.0004444764893465092,-0.0011954315482042258,0.00011192079146049142
1.0,12.0,10.0,1.4631140803164828,2.926114080316483,4.5,0.0004420333447696288,-0.0012341876468708252,0.00015174494225675644
1.0,13.0,10.0,0.8126140803164827,2.926114080316483,4.5,0.0004389363536310552,-0.0007975067267571029,0.00019142096324575788
1.0,14.0,10.0,0.16501734212023322,2.9262281606329656,4.5,0.0004355981981146537,-0.00015282576921447704,0.00023288132996872
1.0,15.0,10.0,0.11205835642090678,2.918185199544742,4.5,0.0004274153225787132,-0.00010098404661690869,0.00023648618621071061
1.0,16.0,10.0,0.06689246190843257,2.8951706892935642,4.5,0.0004049433708473919,-5.749325090813662e-5,0.00023963402287869462
1.0,17.0,10.0,0.0310574713394014,2.859335698724533,4.5,0.0003708406047712517,-2.3759453742374837e-5,0.00024211226311586306
1.0,18.0,10.0,0.008042961088223777,2.8141698042120584,4.5,0.00032908229378806204,-2.755077739672978e-6,0.0002435979219594305
1.0,19.0,10.0,0.0,2.7612108185127324,4.5,0.0002817727576064546,4.185301611709783e-6,0.00024385201603416043
1.0,20.0,10.0,0.0001140803164827453,2.113614080316483,4.5,-0.00016748525326263034,1.5420309547705826e-6,0.00023996505535230601
1.0,21.0,10.0,0.0001140803164827453,1.4631140803164828,4.5,-0.00032666010076585437,-6.667881591397612e-7,0.0002385982639503376
1.0,22.0,10.0,0.0001140803164827453,0.8126140803164827,4.5,-0.00016670350142615044,-2.87540521668184e-6,0.0002398868172437285
1.0,23.0,10.0,0.0,0.16501734212023322,4.5,0.0002797048010736764,-5.518898256763182e-6,0.0002437037080338796
1.0,24.0,10.0,0.008042961088223777,0.11205835642090678,4.5,0.00032649076216451306,1.3418026013436243e-6,0.00024344979628261872
1.0,25.0,10.0,0.0310574713394014,0.06689246190843257,4.5,0.00036775129628460913,2.2092478715559318e-5,0.00024197389387958947
1.0,26.0,10.0,0.06689246190843257,0.0310574713394014,4.5,0.00040141962926490096,5.5392133239476785e-5,0.00023951309287490705
1.0,27.0,10.0,0.11205835642090678,0.008042961088223777,4.5,0.0004235882008696083,9.828870959288854e-5,0.00023638814917334845
1.0,28.0,10.0,0.16501734212023322,0.0,4.5,0.0004316565410474932,0.0001493820986710519,0.0002328101595929084
1.0,29.0,10.0,0.8126140803164827,0.0001140803164827453,4.5,0.0004350026456373667,0.0007828030282512425,0.00019166226063717108
1.0,30.0,10.0,1.4631140803164828,0.0001140803164827453,4.5,0.00043814366197463965,0.0012112174660617314,0.00015230201787538793
1.0,31.0,10.0,2.113614080316483,0.0001140803164827453,4.5,0.00044065604081936204,0.0011737465912057792,0.00011283119411363237
1.0,32.0,10.0,2.7612108185127324,0.0,4.5,0.00044252678271317194,0.0004466030242025195,7.045264223247439e-5
1.0,33.0,10.0,2.814169804212059,0.008042961088223777,4.5,0.00045752347568691677,0.0003494075452557325,6.677811719356913e-5
1.0,34.0,10.0,2.859335698724533,0.0310574713394014,4.5,0.0005008083772806943,0.0002644610798288896,6.272274251307507e-5
1.0,35.0,10.0,2.8951706892935642,0.06689246190843257,4.5,0.0005682055985756853,0.00019706385853389855,5.951599329687599e-5
1.0,36.0,10.0,2.918185199544742,0.11205835642090678,4.5,0.0006531520640025282,0.00015377895694012106,5.747013965097208e-5
1.0,37.0,10.0,2.9262281606329656,0.16501734212023322,4.5,0.0007527555080681833,0.0001386520315601411,5.677805076449819e-5
1.0,38.0,10.0,2.926114080316483,0.29986408031648293,4.5,0.0010074834421786578,0.00013905500369195274,5.769950343045585e-5
1.0,39.0,10.0,2.926114080316483,0.43761408031648275,4.5,0.0012687980934952834,0.0001392220974290763,5.813902547319046e-5
1.0,40.0,10.0,2.926114080316483,0.5753640803164828,4.5,0.001530673601885063,0.0001391437262827866,5.863561804916316e-5
1.0,41.0,10.0,2.926114080316483,0.7131140803164828,4.5,0.0017925350966198047,0.00013892715075366257,5.891302752759213e-5
2.0,1.0,10.0,5.9261140803164825,2.213114080316483,4.5,0.00609314983487137,0.016713493894796896,0.0020461469536178886
2.0,2.0,10.0,5.9261140803164825,2.350864080316483,4.5,0.005005918250352324,0.016719365411931197,0.0015923611263506984
2.0,3.0,10.0,5.9261140803164825,2.488614080316483,4.5,0.003919291449163579,0.016723767955283787,0.0011396581704257631
2.0,4.0,10.0,5.9261140803164825,2.626364080316483,4.5,0.0028307249004395985,0.0167266800506649,0.0006877606651305361
2.0,5.0,10.0,5.926228160632966,2.7612108185127324,4.5,0.0017614550999273746,0.016728986549939057,0.0002458643699163337
2.0,6.0,10.0,5.918185199544742,2.8141698042120584,4.5,0.0013401319689829523,0.016665176878497067,7.541134193868917e-5
2.0,7.0,10.0,5.895170689293565,2.859335698724533,4.5,0.0009799668616349703,0.016481667309210274,-6.53047503158356e-5
2.0,8.0,10.0,5.859335698724533,2.8951706892935642,4.5,0.0006937590143886502,0.016195335357720782,-0.00017308018030466398
2.0,9.0,10.0,5.814169804212058,2.918185199544742,4.5,0.0005098381573872598,0.015834077943488598,-0.00023847187247065895
2.0,10.0,10.0,5.7612108185127315,2.9262281606329656,4.5,0.0004456703469525902,0.015410471418171576,-0.0002562311813169597
2.0,11.0,10.0,5.1136140803164825,2.926114080316483,4.5,0.00044863459039041006,0.01030896513210056,-0.00017725776980679592
2.0,12.0,10.0,4.463114080316483,2.926114080316483,4.5,0.000450067537650876,0.005771463860804382,-0.00010189553015462694
2.0,13.0,10.0,3.8126140803164827,2.926114080316483,4.5,0.0004497475595064759,0.002317556306136009,-3.110279193755835e-5
2.0,14.0,10.0,3.1650173421202332,2.9262281606329656,4.5,0.00044616742438903983,0.00031870261014865466,3.360411127277013e-5
2.0,15.0,10.0,3.112058356420907,2.918185199544742,4.5,0.0004615899979582376,0.00021715246659594848,3.8407030045684406e-5
2.0,16.0,10.0,3.0668924619084326,2.8951706892935642,4.5,0.0005057208813001374,0.00013054576499730975,4.250357267800049e-5
2.0,17.0,10.0,3.0310574713394014,2.859335698724533,4.5,0.0005744353475694805,6.18312987279667e-5,4.575422673114537e-5
2.0,18.0,10.0,3.0080429610882238,2.8141698042120584,4.5,0.00066104204916812,1.7700415386066896e-5,4.7842446688987686e-5
2.0,19.0,10.0,3.0,2.7612108185127324,4.5,0.0007579978725903798,2.7548730994703553e-6,4.968779757413758e-5
2.0,20.0,10.0,3.0001140803164827,2.113614080316483,4.5,0.0014314169371021214,1.1808614745839056e-6,5.861479506937725e-5
2.0,21.0,10.0,3.0001140803164827,1.4631140803164828,4.5,0.0016054170603742072,1.8224988419500934e-6,6.216777430504272e-5
2.0,22.0,10.0,3.0001140803164827,0.8126140803164827,4.5,0.0014520517135920153,1.744288752544416e-6,5.8280972180261076e-5
2.0,23.0,10.0,3.0,0.16501734212023322,4.5,0.0007527555080681833,-9.551390329754691e-8,5.013105440490779e-5
2.0,24.0,10.0,3.0080429610882238,0.11205835642090678,4.5,0.0006531520640025282,-1.5222439283277503e-5,4.937376820374789e-5
2.0,25.0,10.0,3.0310574713394014,0.06689246190843257,4.5,0.0005682055985756853,-5.850734087705499e-5,4.727231124522913e-5
2.0,26.0,10.0,3.0668924619084326,0.0310574713394014,4.5,0.0005008083772806943,-0.00012590456217204604,4.402144590546674e-5
2.0,27.0,10.0,3.112058356420907,0.008042961088223777,4.5,0.00045752347568691677,-0.00021085102759888893,3.993773827547647e-5
2.0,28.0,10.0,3.1650173421202332,0.0,4.5,0.0004423965503069368,-0.00031045447166454395,3.516107256760316e-5
2.0,29.0,10.0,3.8126140803164827,0.0001140803164827453,4.5,0.0004459268121250767,-0.002285734444980947,-2.93227980547851e-5
2.0,30.0,10.0,4.463114080316483,0.0001140803164827453,4.5,0.0004462840550726148,-0.005711921670506906,-9.971471287606153e-5
2.0,31.0,10.0,5.1136140803164825,0.0001140803164827453,4.5,0.00044490390745318125,-0.010216744757760295,-0.00017453547461718984
2.0,32.0,10.0,5.761210818512732,0.0,4.5,0.00044199217676934194,-0.015283306309628635,-0.00025295367867953525
2.0,33.0,10.0,5.814169804212058,0.008042961088223777,4.5,0.0005057272020547573,-0.015704034951567383,-0.0002353143676951716
2.0,34.0,10.0,5.859335698724533,0.0310574713394014,4.5,0.000688399274837449,-0.016062833910292083,-0.000170373018929703
2.0,35.0,10.0,5.895170689293565,0.06689246190843257,4.5,0.0009726584999144695,-0.016347213767416196,-6.335308800675998e-5
2.0,36.0,10.0,5.918185199544742,0.11205835642090678,4.5,0.0013303661873016162,-0.01652947008816907,7.635840340091223e-5
2.0,37.0,10.0,5.926228160632966,0.16501734212023322,4.5,0.0017488097638028188,-0.01659284352195758,0.0002455681593999964
2.0,38.0,10.0,5.9261140803164825,0.29986408031648293,4.5,0.002810761238003658,-0.01659055695308406,0.000684199592601586
2.0,39.0,10.0,5.9261140803164825,0.43761408031648275,4.5,0.003891870404787096,-0.016587675849045396,0.0011327605358458846
2.0,40.0,10.0,5.9261140803164825,0.5753640803164828,4.5,0.004971050793023196,-0.01658332170052431,0.0015821248154388751
2.0,41.0,10.0,5.9261140803164825,0.7131140803164828,4.5,0.0060508327863807955,-0.01657751603706309,0.0020325688439996785
1.0,1.0,11.0,2.926114080316483,2.213114080316483,5.0,0.0018664513815170262,-0.00013818342071317675,6.348457518059734e-5
1.0,2.0,11.0,2.926114080316483,2.350864080316483,5.0,0.0016019100239994782,-0.00013874610953687282,6.252589725059281e-5
1.0,3.0,11.0,2.926114080316483,2.488614080316483,5.0,0.0013374149819128179,-0.00013926942524877123,6.088489000938129e-5
1.0,4.0,11.0,2.926114080316483,2.626364080316483,5.0,0.0010710771845175385,-0.00013970227816429388,5.8042201308514845e-5
1.0,5.0,11.0,2.9262281606329656,2.7612108185127324,5.0,0.0008087052687942674,-0.0001394196461435784,5.517371774945638e-5
1.0,6.0,11.0,2.918185199544742,2.8141698042120584,5.0,0.0007063858644229358,-0.00015459197794308685,5.599143416626555e-5
1.0,7.0,11.0,2.8951706892935642,2.859335698724533,5.0,0.0006197791628242962,-0.00019872286128498666,5.807747701246107e-5
1.0,8.0,11.0,2.859335698724533,2.8951706892935642,5.0,0.0005510646965549532,-0.0002674373275543297,6.132640372739706e-5
1.0,9.0,11.0,2.814169804212059,2.918185199544742,5.0,0.0005069338132130534,-0.0003540440291529684,6.542183700144948e-5
1.0,10.0,11.0,2.761210818512732,2.9262281606329656,5.0,0.0004915141930707867,-0.0004540644503127397,6.958062207689781e-5
1.0,11.0,11.0,2.113614080316483,2.926114080316483,5.0,0.0004861381872441942,-0.0011706781332543764,0.0001107934375274964
1.0,12.0,11.0,1.4631140803164828,2.926114080316483,5.0,0.0004805993821228714,-0.0011941736222252446,0.00014809135841639746
1.0,13.0,11.0,0.8126140803164827,2.926114080316483,5.0,0.0004766812650656663,-0.0007680898102165486,0.00018524802700847255
1.0,14.0,11.0,0.16501734212023322,2.9262281606329656,5.0,0.00047287044671269333,-0.00014536643509367313,0.0002234851108306361
1.0,15.0,11.0,0.11205835642090678,2.918185199544742,5.0,0.00046498290170768575,-9.568351232148665e-5,0.00022694135473506918
1.0,16.0,11.0,0.06689246190843257,2.8951706892935642,5.0,0.00044345309789972165,-5.409987450247989e-5,0.00023014091132739852
1.0,17.0,11.0,0.0310574713394014,2.859335698724533,5.0,0.00041089012118624243,-2.193467931913992e-5,0.0002327856684830219
1.0,18.0,11.0,0.008042961088223777,2.8141698042120584,5.0,0.00037114719323764865,-1.973693883025761e-6,0.00023447688990344063
1.0,19.0,11.0,0.0,2.7612108185127324,5.0,0.00032627244557952896,4.584717928264051e-6,0.00023488606349256544
1.0,20.0,11.0,0.0001140803164827453,2.113614080316483,5.0,-9.651480429079957e-5,1.7622951576331365e-6,0.00023162427169702522
1.0,21.0,11.0,0.0001140803164827453,1.4631140803164828,5.0,-0.000245368988758439,-6.799966304613301e-7,0.0002304601374306954
1.0,22.0,11.0,0.0001140803164827453,0.8126140803164827,5.0,-9.625358194090451e-5,-3.121740711879007e-6,0.0002315612970844046
1.0,23.0,11.0,0.0,0.16501734212023322,5.0,0.0003237951411996842,-5.9456588394429855e-6,0.00023476327262869206
1.0,24.0,11.0,0.008042961088223777,0.11205835642090678,5.0,0.00036819436718783636,5.400882388091691e-7,0.00023435805938880545
1.0,25.0,11.0,0.0310574713394014,0.06689246190843257,5.0,0.00040748420736787315,2.026986286374489e-5,0.00023268423426775432
1.0,26.0,11.0,0.06689246190843257,0.0310574713394014,5.0,0.00043965060938876664,5.20385425693527e-5,0.00023006533339180768
1.0,27.0,11.0,0.11205835642090678,0.008042961088223777,5.0,0.00046090262940477793,9.307809001124172e-5,0.00022689455835051093
1.0,28.0,11.0,0.16501734212023322,0.0,5.0,0.0004686849668375738,0.00014207431649350483,0.0002234647774246351
1.0,29.0,11.0,0.8126140803164827,0.0001140803164827453,5.0,0.0004724992371473494,0.0007545045590154444,0.0001854808067401279
1.0,30.0,11.0,1.4631140803164828,0.0001140803164827453,5.0,0.0004764393325174822,0.0011728810509146512,0.00014858723396589832
1.0,31.0,11.0,2.113614080316483,0.0001140803164827453,5.0,0.0004820282146703721,0.0011498481949109474,0.0001116139231600733
1.0,32.0,11.0,2.7612108185127324,0.0,5.0,0.00048744497906187185,0.00044720626112353074,7.089876241650541e-5
1.0,33.0,11.0,2.814169804212059,0.008042961088223777,5.0,0.0005025745169556578,0.0003490997725811567,6.677811719356913e-5
1.0,34.0,11.0,2.859335698724533,0.0310574713394014,5.0,0.0005458594185494353,0.00026415330715431385,6.272274251307507e-5
1.0,35.0,11.0,2.8951706892935642,0.06689246190843257,5.0,0.0006132566398444264,0.0001967560858593228,5.951599329687599e-5
1.0,36.0,11.0,2.918185199544742,0.11205835642090678,5.0,0.0006982031052712692,0.0001534711842655453,5.747013965097208e-5
1.0,37.0,11.0,2.9262281606329656,0.16501734212023322,5.0,0.0007978065493369243,0.00013834425888556534,5.677805076449819e-5
1.0,38.0,11.0,2.926114080316483,0.29986408031648293,5.0,0.0010547709672163485,0.00013899385179408865,5.800099997938249e-5
1.0,39.0,11.0,2.926114080316483,0.43761408031648275,5.0,0.0013177121565571806,0.0001387120201482309,6.0683561997020896e-5
1.0,40.0,11.0,2.926114080316483,0.5753640803164828,5.0,0.0015793020242940922,0.00013826014488055817,6.25247809764042e-5
1.0,41.0,11.0,2.926114080316483,0.7131140803164828,5.0,0.0018407179280586405,0.00013777075470422875,6.350189431089686e-5
2.0,1.0,11.0,5.9261140803164825,2.213114080316483,5.0,0.00660940759996146,0.018330128578732313,0.001961927351158594
2.0,2.0,11.0,5.9261140803164825,2.350864080316483,5.0,0.005432685199233992,0.018336656989856825,0.001526460140559182
2.0,3.0,11.0,5.9261140803164825,2.488614080316483,5.0,0.004256674447785726,0.01834154587700895,0.001092230036092378
2.0,4.0,11.0,5.9261140803164825,2.626364080316483,5.0,0.0030784975451774877,0.018344770101783685,0.0006588915722537171
2.0,5.0,11.0,5.926228160632966,2.7612108185127324,5.0,0.001920856692504793,0.018347282379997224,0.0002351596296385049
2.0,6.0,11.0,5.918185199544742,2.8141698042120584,5.0,0.0014644983210403372,0.018278156083801594,7.118610990484536e-5
2.0,7.0,11.0,5.895170689293565,2.859335698724533,5.0,0.0010742385728065953,0.018079293771268063,-6.482733687756573e-5
2.0,8.0,11.0,5.859335698724533,2.8951706892935642,5.0,0.0007639762844726822,0.01776886766516765,-0.00016936766948689785
2.0,9.0,11.0,5.814169804212058,2.918185199544742,5.0,0.0005644967937021727,0.0173770018964207,-0.00023295494291751846
2.0,10.0,11.0,5.7612108185127315,2.9262281606329656,5.0,0.000494874030870521,0.016917226274716406,-0.00025012160983228673
2.0,11.0,11.0,5.1136140803164825,2.926114080316483,5.0,0.0004982611980451997,0.011359941547966528,-0.00017017455897044723
2.0,12.0,11.0,4.463114080316483,2.926114080316483,5.0,0.0004995666146185022,0.006363404680654364,-9.585156323089714e-5
2.0,13.0,11.0,3.8126140803164827,2.926114080316483,5.0,0.0004973233364773252,0.0025099945370679485,-2.7243630094980467e-5
2.0,14.0,11.0,3.1650173421202332,2.9262281606329656,5.0,0.0004915112396438556,0.0003187146607881377,3.360411127277013e-5
2.0,15.0,11.0,3.112058356420907,2.918185199544742,5.0,0.0005069338132130534,0.0002171645172354315,3.8407030045684406e-5
2.0,16.0,11.0,3.0668924619084326,2.8951706892935642,5.0,0.0005510646965549532,0.00013055781563679278,4.250357267800049e-5
2.0,17.0,11.0,3.0310574713394014,2.859335698724533,5.0,0.0006197791628242962,6.184334936744974e-5,4.575422673114537e-5
2.0,18.0,11.0,3.0080429610882238,2.8141698042120584,5.0,0.0007063858644229358,1.7712466025549926e-5,4.7842446688987686e-5
2.0,19.0,11.0,3.0,2.7612108185127324,5.0,0.0008027251175927923,2.5897187838575277e-6,4.848163481726823e-5
2.0,20.0,11.0,3.0001140803164827,2.113614080316483,5.0,0.0015207654227324173,2.0080324045869357e-6,6.416410270775862e-5
2.0,21.0,11.0,3.0001140803164827,1.4631140803164828,5.0,0.001732637768607277,1.5900527187591844e-6,6.725451440733509e-5
2.0,22.0,11.0,3.0001140803164827,0.8126140803164827,5.0,0.0015305415419622787,1.5120725749529647e-6,6.242814792896809e-5
2.0,23.0,11.0,3.0,0.16501734212023322,5.0,0.0007978065493369243,-4.0328657787329936e-7,5.013105440490779e-5
2.0,24.0,11.0,3.0080429610882238,0.11205835642090678,5.0,0.0006982031052712692,-1.5530211957853255e-5,4.937376820374789e-5
2.0,25.0,11.0,3.0310574713394014,0.06689246190843257,5.0,0.0006132566398444264,-5.881511355163074e-5,4.727231124522913e-5
2.0,26.0,11.0,3.0668924619084326,0.0310574713394014,5.0,0.0005458594185494353,-0.0001262123348466218,4.402144590546674e-5
2.0,27.0,11.0,3.112058356420907,0.008042961088223777,5.0,0.0005025745169556578,-0.00021115880027346468,3.993773827547647e-5
2.0,28.0,11.0,3.1650173421202332,0.0,5.0,0.0004874475915756779,-0.0003107622443391197,3.516107256760316e-5
2.0,29.0,11.0,3.8126140803164827,0.0001140803164827453,5.0,0.0004931876032749576,-0.002481295082333458,-2.56538261387937e-5
2.0,30.0,11.0,4.463114080316483,0.0001140803164827453,5.0,0.000495462039183329,-0.00630654355466484,-9.386577989984457e-5
2.0,31.0,11.0,5.1136140803164825,0.0001140803164827453,5.0,0.0004941654495046505,-0.011265164038524497,-0.0001676123187793134
2.0,32.0,11.0,5.761210818512732,0.0,5.0,0.0004908297344551672,-0.016780115788136096,-0.00024698710716376267
2.0,33.0,11.0,5.814169804212058,0.008042961088223777,5.0,0.000559928931065754,-0.017236417782722488,-0.00022993011998895726
2.0,34.0,11.0,5.859335698724533,0.0310574713394014,5.0,0.0007579053386326159,-0.017625325961105814,-0.00016676687114928657
2.0,35.0,11.0,5.895170689293565,0.06689246190843257,5.0,0.0010658314647642355,-0.017933411781193752,-6.29394689039888e-5
2.0,36.0,11.0,5.918185199544742,0.11205835642090678,5.0,0.0014531563316761032,-0.018130776673906966,7.212747539658539e-5
2.0,37.0,11.0,5.926228160632966,0.16501734212023322,5.0,0.001906087968100617,-0.018199382692018675,0.00023493349693489747
2.0,38.0,11.0,5.9261140803164825,0.29986408031648293,5.0,0.003055056586922671,-0.018196890029321584,0.0006556080956795889
2.0,39.0,11.0,5.9261140803164825,0.43761408031648275,5.0,0.0042244268636013665,-0.018193696788088198,0.0010858231492930311
2.0,40.0,11.0,5.9261140803164825,0.5753640803164828,5.0,0.005391655379840486,-0.018188857479981443,0.0015169276992659352
2.0,41.0,11.0,5.9261140803164825,0.7131140803164828,5.0,0.00655958603473576,-0.018182396997850226,0.0019492652088429834
1.0,1.0,12.0,2.926114080316483,2.213114080316483,5.5,0.0017929449852725514,-0.00013510356592069938,7.188567119847337e-5
1.0,2.0,12.0,2.926114080316483,2.350864080316483,5.5,0.0015567481743788544,-0.00013590411138783673,7.063367175875711e-5
1.0,3.0,12.0,2.926114080316483,2.488614080316483,5.5,0.0013230535074459915,-0.0001367244011336837,6.881816135439297e-5
1.0,4.0,12.0,2.926114080316483,2.626364080316483,5.5,0.0010879489094948022,-0.0001376659984750697,6.637662313971373e-5
1.0,5.0,12.0,2.9262281606329656,2.7612108185127324,5.5,0.0008501100182001702,-0.00013883737895625976,6.03231424668691e-5
1.0,6.0,12.0,2.918185199544742,2.8141698042120584,5.5,0.0007517296796777516,-0.00015457992730360384,5.599143416626555e-5
1.0,7.0,12.0,2.8951706892935642,2.859335698724533,5.5,0.000665122978079112,-0.00019871081064550366,5.807747701246107e-5
1.0,8.0,12.0,2.859335698724533,2.8951706892935642,5.5,0.000596408511809769,-0.0002674252769148467,6.132640372739706e-5
1.0,9.0,12.0,2.814169804212059,2.918185199544742,5.5,0.0005522776284678692,-0.00035403197851348545,6.542183700144948e-5
1.0,10.0,12.0,2.761210818512732,2.9262281606329656,5.5,0.0005353279723631328,-0.00045176662030547553,6.871169421392571e-5
1.0,11.0,12.0,2.113614080316483,2.926114080316483,5.5,0.0005203715312552179,-0.0010826238516524031,0.00010816276978607681
1.0,12.0,12.0,1.4631140803164828,2.926114080316483,5.5,0.0005144923133229047,-0.0010815092123820907,0.00014418684747472175
1.0,13.0,12.0,0.8126140803164827,2.926114080316483,5.5,0.000510159615882272,-0.0006893075323004228,0.00017863327221827246
1.0,14.0,12.0,0.16501734212023322,2.9262281606329656,5.5,0.000506160762901279,-0.00012747507670455479,0.00021316650778170371
1.0,15.0,12.0,0.11205835642090678,2.918185199544742,5.5,0.0004990936987794582,-8.329516427326952e-5,0.00021647041608936573
1.0,16.0,12.0,0.06689246190843257,2.8951706892935642,5.5,0.0004799801298774473,-4.648259596615333e-5,0.00021983710457116408
1.0,17.0,12.0,0.0310574713394014,2.859335698724533,5.5,0.00045123735590726574,-1.815382682850487e-5,0.0002228100901161723
1.0,18.0,12.0,0.008042961088223777,2.8141698042120584,5.5,0.00041635194358089644,-6.794024612880558e-7,0.000224841510757675
1.0,19.0,12.0,0.0,2.7612108185127324,5.5,0.00037718424014640463,5.001119775273856e-6,0.00022545048763307986
1.0,20.0,12.0,0.0001140803164827453,2.113614080316483,5.5,1.4554536982458687e-5,1.998862744611817e-6,0.00022270447605606293
1.0,21.0,12.0,0.0001140803164827453,1.4631140803164828,5.5,-0.00011142448529317566,-6.833815773567537e-7,0.00022173686707576667
1.0,22.0,12.0,0.0001140803164827453,0.8126140803164827,5.5,1.3896511319678322e-5,-3.3642175804818916e-6,0.00022265696585600724
1.0,23.0,12.0,0.0,0.16501734212023322,5.5,0.00037406757594291555,-6.365195242473747e-6,0.00022535155405325883
1.0,24.0,12.0,0.008042961088223777,0.11205835642090678,5.5,0.0004128759778728012,-7.393686652299397e-7,0.00022475034144912287
1.0,25.0,12.0,0.0310574713394014,0.06689246190843257,5.5,0.0004474228696961132,1.6562497366337326e-5,0.00022274538803405806
1.0,26.0,12.0,0.06689246190843257,0.0310574713394014,5.5,0.0004758717726480376,4.4597659052212205e-5,0.00021980880791415102
1.0,27.0,12.0,0.11205835642090678,0.008042961088223777,5.5,0.0004947807856101997,8.100991537321218e-5,0.00021647842303914184
1.0,28.0,12.0,0.16501734212023322,0.0,5.5,0.0005017707104900388,0.00012468754734875102,0.00021320006929627757
1.0,29.0,12.0,0.8126140803164827,0.0001140803164827453,5.5,0.0005057681968605663,0.0006792391416951452,0.00017885755996771075
1.0,30.0,12.0,1.4631140803164828,0.0001140803164827453,5.5,0.0005101049529610946,0.0010660602569463947,0.00014463707729808536
1.0,31.0,12.0,2.113614080316483,0.0001140803164827453,5.5,0.0005159770109001536,0.0010668560960820977,0.00010886835781872048
1.0,32.0,12.0,2.7612108185127324,0.0,5.5,0.0005309333028707945,0.00044484952338731015,6.997338397597793e-5
1.0,33.0,12.0,2.814169804212059,0.008042961088223777,5.5,0.0005476255582243988,0.000348791999906581,6.677811719356913e-5
1.0,34.0,12.0,2.859335698724533,0.0310574713394014,5.5,0.0005909104598181763,0.00026384553447973816,6.272274251307507e-5
1.0,35.0,12.0,2.8951706892935642,0.06689246190843257,5.5,0.0006583076811131674,0.0001964483131847471,5.951599329687599e-5
1.0,36.0,12.0,2.918185199544742,0.11205835642090678,5.5,0.0007432541465400102,0.0001531634115909696,5.747013965097208e-5
1.0,37.0,12.0,2.9262281606329656,0.16501734212023322,5.5,0.0008428575906056653,0.00013803648621098965,5.677805076449819e-5
1.0,38.0,12.0,2.926114080316483,0.29986408031648293,5.5,0.0010837817276337471,0.00013692716250093012,6.454247203788258e-5
1.0,39.0,12.0,2.926114080316483,0.43761408031648275,5.5,0.0013194852219227055,0.0001360358385257198,6.799963603513952e-5
1.0,40.0,12.0,2.926114080316483,0.5753640803164828,5.5,0.00155309570182393,0.00013527311735554503,6.975531511805589e-5
1.0,41.0,12.0,2.926114080316483,0.7131140803164828,5.5,0.0017892601344967436,0.00013453420434490857,7.110124166988435e-5
2.0,1.0,12.0,5.9261140803164825,2.213114080316483,5.5,0.006953141405837196,0.01987662167184172,0.0018680892332235321
2.0,2.0,12.0,5.9261140803164825,2.350864080316483,5.5,0.005720095228160164,0.019883898874005868,0.0014531692552354543
2.0,3.0,12.0,5.9261140803164825,2.488614080316483,5.5,0.004487838223786837,0.019889338550985236,0.0010396408755346167
2.0,4.0,12.0,5.9261140803164825,2.626364080316483,5.5,0.003253404479711885,0.01989291476140946,0.0006271193711584372
2.0,5.0,12.0,5.926228160632966,2.7612108185127324,5.5,0.002040409574131895,0.01989561900337494,0.00022381413899594894
2.0,6.0,12.0,5.918185199544742,2.8141698042120584,5.5,0.001562111359181645,0.019823161600237626,6.712775131968467e-5
2.0,7.0,12.0,5.895170689293565,2.859335698724533,5.5,0.0011530095061692315,0.01961466722145949,-6.362932463772158e-5
2.0,8.0,12.0,5.859335698724533,2.8951706892935642,5.5,0.000827674379356862,0.01928909780746448,-0.000164581022609638
2.0,9.0,12.0,5.814169804212058,2.918185199544742,5.5,0.0006184326888266473,0.018877929954750027,-0.00022617077294506896
2.0,10.0,12.0,5.7612108185127315,2.9262281606329656,5.5,0.0005454084784369103,0.01839524871601027,-0.00024264599505220452
2.0,11.0,12.0,5.1136140803164825,2.926114080316483,5.5,0.0005496299281876108,0.012536031620750298,-0.00016159642922259515
2.0,12.0,12.0,4.463114080316483,2.926114080316483,5.5,0.0005512542964020666,0.007170591472247364,-8.867488203712552e-5
2.0,13.0,12.0,3.8126140803164827,2.926114080316483,5.5,0.0005493148541451611,0.0028665901844857748,-2.3312608124705472e-5
2.0,14.0,12.0,3.1650173421202332,2.9262281606329656,5.5,0.0005368550548986714,0.0003187267114276207,3.360411127277013e-5
2.0,15.0,12.0,3.112058356420907,2.918185199544742,5.5,0.0005522776284678692,0.00021717656787491451,3.8407030045684406e-5
2.0,16.0,12.0,3.0668924619084326,2.8951706892935642,5.5,0.000596408511809769,0.00013056986627627579,4.250357267800049e-5
2.0,17.0,12.0,3.0310574713394014,2.859335698724533,5.5,0.000665122978079112,6.185540000693274e-5,4.575422673114537e-5
2.0,18.0,12.0,3.0080429610882238,2.8141698042120584,5.5,0.0007517296796777516,1.772451666503293e-5,4.7842446688987686e-5
2.0,19.0,12.0,3.0,2.7612108185127324,5.5,0.0008537230578207881,2.810312478581571e-6,5.6886317303696614e-5
2.0,20.0,12.0,3.0001140803164827,2.113614080316483,5.5,0.001808007837371732,4.004901375775983e-6,7.103960886386878e-5
2.0,21.0,12.0,3.0001140803164827,1.4631140803164828,5.5,0.0021364598734821758,1.3942960635166845e-6,7.151130742995488e-5
2.0,22.0,12.0,3.0001140803164827,0.8126140803164827,5.5,0.0017938021486722249,-1.0226768273472755e-6,7.056900940142661e-5
2.0,23.0,12.0,3.0,0.16501734212023322,5.5,0.0008428575906056653,-7.110592524489976e-7,5.013105440490779e-5
2.0,24.0,12.0,3.0080429610882238,0.11205835642090678,5.5,0.0007432541465400102,-1.5837984632428954e-5,4.937376820374789e-5
2.0,25.0,12.0,3.0310574713394014,0.06689246190843257,5.5,0.0006583076811131674,-5.912288622620644e-5,4.727231124522913e-5
2.0,26.0,12.0,3.0668924619084326,0.0310574713394014,5.5,0.0005909104598181763,-0.00012652010752119749,4.402144590546674e-5
2.0,27.0,12.0,3.112058356420907,0.008042961088223777,5.5,0.0005476255582243988,-0.00021146657294804038,3.993773827547647e-5
2.0,28.0,12.0,3.1650173421202332,0.0,5.5,0.0005324986328444189,-0.0003110700170136954,3.516107256760316e-5
2.0,29.0,12.0,3.8126140803164827,0.0001140803164827453,5.5,0.0005448552818854673,-0.00283972486978198,-2.2061178645463668e-5
2.0,30.0,12.0,4.463114080316483,0.0001140803164827453,5.5,0.0005467167813636242,-0.0071137048394605135,-8.683934792609677e-5
2.0,31.0,12.0,5.1136140803164825,0.0001140803164827453,5.5,0.0005451040709239907,-0.01243693696902392,-0.00015921005236862247
2.0,32.0,12.0,5.761210818512732,0.0,5.5,0.0005409409230227454,-0.018248450312446776,-0.00023963960466124866
2.0,33.0,12.0,5.814169804212058,0.008042961088223777,5.5,0.0006133775175811867,-0.018727231970513486,-0.0002232661632083642
2.0,34.0,12.0,5.859335698724533,0.0310574713394014,5.5,0.0008209361017973094,-0.019135087218403832,-0.00016208371282825618
2.0,35.0,12.0,5.895170689293565,0.06689246190843257,5.5,0.0011436618013594023,-0.019458041763657417,-6.181243766336739e-5
2.0,36.0,12.0,5.918185199544742,0.11205835642090678,5.5,0.001549493309046646,-0.019664866638156246,6.804937783295935e-5
2.0,37.0,12.0,5.926228160632966,0.16501734212023322,5.5,0.0020239813014795867,-0.019736744518552826,0.0002236447147824085
2.0,38.0,12.0,5.9261140803164825,0.29986408031648293,5.5,0.0032273576297222805,-0.01973405940581863,0.0006241150329450427
2.0,39.0,12.0,5.9261140803164825,0.43761408031648275,5.5,0.0044520420321637,-0.019730514626630113,0.0010337396511370784
2.0,40.0,12.0,5.9261140803164825,0.5753640803164828,5.5,0.005674582332998613,-0.019725126435231284,0.0014443672893992823
2.0,41.0,12.0,5.9261140803164825,0.7131140803164828,5.5,0.006897897329995698,-0.019717920302946314,0.0018563800252507942
1.0,1.0,13.0,2.926114080316483,2.213114080316483,6.0,0.001518003755546629,-0.0001315288348701593,8.287343108696683e-5
1.0,2.0,13.0,2.926114080316483,2.350864080316483,6.0,0.0013329835122191135,-0.000132539384419967,8.167340528169598e-5
1.0,3.0,13.0,2.926114080316483,2.488614080316483,6.0,0.0011481401008077497,-0.00013357526094132663,8.025882816230227e-5
1.0,4.0,13.0,2.926114080316483,2.626364080316483,6.0,0.000961387002894721,-0.00013476506911484583,7.88913615541023e-5
1.0,5.0,13.0,2.9262281606329656,2.7612108185127324,6.0,0.0007759475852481277,-0.00013622500734742295,8.058909189474253e-5
1.0,6.0,13.0,2.918185199544742,2.8141698042120584,6.0,0.0007025213386323012,-0.00014819047699019732,8.14899529392504e-5
1.0,7.0,13.0,2.8951706892935642,2.859335698724533,6.0,0.0006396234784425622,-0.00018118925411652245,7.719510532041723e-5
1.0,8.0,13.0,2.859335698724533,2.8951706892935642,6.0,0.0005902790956539769,-0.00023118974719510215,7.251014873237861e-5
1.0,9.0,13.0,2.814169804212059,2.918185199544742,6.0,0.0005597566984630304,-0.0002911585642265884,6.928160763722509e-5
1.0,10.0,13.0,2.761210818512732,2.9262281606329656,6.0,0.0005499644437102192,-0.0003574809645837328,7.035357929153855e-5
1.0,11.0,13.0,2.113614080316483,2.926114080316483,6.0,0.0005476657688657861,-0.0008476646323754344,0.00010674635974088717
1.0,12.0,13.0,1.4631140803164828,2.926114080316483,6.0,0.0005426609944463935,-0.0008476695651741127,0.0001404774170597248
1.0,13.0,13.0,0.8126140803164827,2.926114080316483,6.0,0.0005387708567309472,-0.0005341002850513765,0.00017199750841898051
1.0,14.0,13.0,0.16501734212023322,2.9262281606329656,6.0,0.0005348552038660692,-9.526064568390838e-5,0.0002024234683936359
1.0,15.0,13.0,0.11205835642090678,2.918185199544742,6.0,0.0005293516056446441,-6.137031112267456e-5,0.00020554464808632812
1.0,16.0,13.0,0.06689246190843257,2.8951706892935642,6.0,0.0005146822014034526,-3.328843994751384e-5,0.00020907248437360474
1.0,17.0,13.0,0.0310574713394014,2.859335698724533,6.0,0.0004927863072702156,-1.1820632477232322e-5,0.00021237558282803586
1.0,18.0,13.0,0.008042961088223777,2.8141698042120584,6.0,0.00046639635846155194,1.3072884429099065e-6,0.00021474755071223048
1.0,19.0,13.0,0.0,2.7612108185127324,6.0,0.0004369812887142737,5.485342483518547e-6,0.0002155484758193331
1.0,20.0,13.0,0.0001140803164827453,2.113614080316483,6.0,0.0001723434575292505,2.2421212061048226e-6,0.00021327775964006024
1.0,21.0,13.0,0.0001140803164827453,1.4631140803164828,6.0,8.238495870566277e-5,-6.777495744779226e-7,0.00021251058228893548
1.0,22.0,13.0,0.0001140803164827453,0.8126140803164827,6.0,0.00017046729092297982,-3.5949946759826198e-6,0.00021324710834652672
1.0,23.0,13.0,0.0,0.16501734212023322,6.0,0.0004330360992265129,-6.829183321398166e-6,0.00021548120240006367
1.0,24.0,13.0,0.008042961088223777,0.11205835642090678,6.0,0.00046226486249109264,-2.6783784035262685e-6,0.0002146906149265129
1.0,25.0,13.0,0.0310574713394014,0.06689246190843257,6.0,0.000488492179431781,1.0367838587899346e-5,0.0002123496223209335
1.0,26.0,13.0,0.06689246190843257,0.0310574713394014,6.0,0.0005102563601817812,3.170546840364473e-5,0.00020908751026496168
1.0,27.0,13.0,0.11205835642090678,0.008042961088223777,6.0,0.0005248395926742248,5.962066475258533e-5,0.00020559836470276607
1.0,28.0,13.0,0.16501734212023322,0.0,6.0,0.0005303120621918122,9.331369076151542e-5,0.00020250035292836886
1.0,29.0,13.0,0.8126140803164827,0.0001140803164827453,6.0,0.000534219355700729,0.0005299182750921533,0.00017221259325924662
1.0,30.0,13.0,1.4631140803164828,0.0001140803164827453,6.0,0.0005381078110964121,0.0008425668892209557,0.0001408789515990773
1.0,31.0,13.0,2.113614080316483,0.0001140803164827453,6.0,0.0005430917671426878,0.0008444574877222302,0.00010738072294793328
1.0,32.0,13.0,2.7612108185127324,0.0,6.0,0.0005454298615767531,0.00035885529510458556,7.12021177154955e-5
1.0,33.0,13.0,2.814169804212059,0.008042961088223777,6.0,0.0005552298761570333,0.00029262216232510695,6.997614733974953e-5
1.0,34.0,13.0,2.859335698724533,0.0310574713394014,6.0,0.0005858691257559141,0.00023252576580271966,7.275936617259231e-5
1.0,35.0,13.0,2.8951706892935642,0.06689246190843257,6.0,0.0006356455657413585,0.00018219857329469896,7.661622675342752e-5
1.0,36.0,13.0,2.918185199544742,0.11205835642090678,6.0,0.0006995048058124921,0.00014881534799259132,8.001070795814148e-5
1.0,37.0,13.0,2.9262281606329656,0.16501734212023322,6.0,0.0007741397183929334,0.0001364326456710134,8.135952714149291e-5
1.0,38.0,13.0,2.926114080316483,0.29986408031648293,6.0,0.0009621522478332803,0.0001347044494571204,7.816833574586183e-5
1.0,39.0,13.0,2.926114080316483,0.43761408031648275,6.0,0.0011518830287890862,0.00013344438550084777,7.903360922993569e-5
1.0,40.0,13.0,2.926114080316483,0.5753640803164828,6.0,0.0013394916485791391,0.00013242621845733937,8.04381887096835e-5
1.0,41.0,13.0,2.926114080316483,0.7131140803164828,6.0,0.0015273274800098077,0.0001314488106019687,8.134008362201153e-5
2.0,1.0,13.0,5.9261140803164825,2.213114080316483,6.0,0.0071266182675459346,0.021344228835842576,0.0017634163691920511
2.0,2.0,13.0,5.9261140803164825,2.350864080316483,6.0,0.005869080190082312,0.02135233483020354,0.0013716033044051147
2.0,3.0,13.0,5.9261140803164825,2.488614080316483,6.0,0.004612187057685465,0.02135838964095689,0.0009813052703917058
2.0,4.0,13.0,5.9261140803164825,2.626364080316483,6.0,0.0033536141214872005,0.02136237678207963,0.0005921198080844499
2.0,5.0,13.0,5.926228160632966,2.7612108185127324,6.0,0.0021179369135006384,0.02136531002785485,0.00021172943754201235
2.0,6.0,13.0,5.918185199544742,2.8141698042120584,6.0,0.001631096529929087,0.021291583731814546,6.335453032262893e-5
2.0,7.0,13.0,5.895170689293565,2.859335698724533,6.0,0.0012149778630402635,0.021079504159045213,-6.123289430853856e-5
2.0,8.0,13.0,5.859335698724533,2.8951706892935642,6.0,0.0008842884626018975,0.02074851873182415,-0.00015785637348516188
2.0,9.0,13.0,5.814169804212058,2.918185199544742,6.0,0.0006717474781134581,0.0203307154169413,-0.00021696951719724764
2.0,10.0,13.0,5.7612108185127315,2.9262281606329656,6.0,0.000597662292464688,0.019840399747186672,-0.00023258148696770074
2.0,11.0,13.0,5.1136140803164825,2.926114080316483,6.0,0.0006029350063189484,0.01387626619542679,-0.00015090992829891662
2.0,12.0,13.0,4.463114080316483,2.926114080316483,6.0,0.0006054920329562242,0.00829311691489158,-7.97509761117347e-5
2.0,13.0,13.0,3.8126140803164827,2.926114080316483,6.0,0.0006047288731554013,0.003639024513421505,-1.729333469589011e-5
2.0,14.0,13.0,3.1650173421202332,2.9262281606329656,6.0,0.0006029773410472377,0.0005158367721063904,3.704778882506941e-5
2.0,15.0,13.0,3.112058356420907,2.918185199544742,6.0,0.0006300886936040854,0.00033563354983007947,4.546438078641727e-5
2.0,16.0,13.0,3.0668924619084326,2.8951706892935642,6.0,0.0007033374480719863,0.00019229094108413127,5.908462011363151e-5
2.0,17.0,13.0,3.0310574713394014,2.859335698724533,6.0,0.0008116800884137976,8.497272069045623e-5,7.358987001786383e-5
2.0,18.0,13.0,3.0080429610882238,2.8141698042120584,6.0,0.0009429318792359882,1.9430641993972945e-5,8.440728700531134e-5
2.0,19.0,13.0,3.0,2.7612108185127324,6.0,0.0010919283841925405,-2.006271287823323e-6,8.29671083613779e-5
2.0,20.0,13.0,3.0001140803164827,2.113614080316483,6.0,0.002485552563619089,3.4758097037186956e-6,7.629923252950623e-5
2.0,21.0,13.0,3.0001140803164827,1.4631140803164828,6.0,0.0029819618686660674,1.2773820859178394e-6,7.711422225071553e-5
2.0,22.0,13.0,3.0001140803164827,0.8126140803164827,6.0,0.00245988014588365,-1.4839725231066049e-6,7.476115777742928e-5
2.0,23.0,13.0,3.0,0.16501734212023322,6.0,0.0010777176192359869,5.633274031611701e-6,8.235316993445128e-5
2.0,24.0,13.0,3.0080429610882238,0.11205835642090678,6.0,0.0009314130656873453,-1.5154395936506962e-5,8.053308566706769e-5
2.0,25.0,13.0,3.0310574713394014,0.06689246190843257,6.0,0.0008027314936655729,-7.952389166729941e-5,7.121140182818004e-5
2.0,26.0,13.0,3.0668924619084326,0.0310574713394014,6.0,0.0006963202022547294,-0.00018509420918974074,5.789495746454428e-5
2.0,27.0,13.0,3.112058356420907,0.008042961088223777,6.0,0.0006242091894463188,-0.0003264556546296992,4.495353638590354e-5
2.0,28.0,13.0,3.1650173421202332,0.0,6.0,0.000597505080106807,-0.0005046033520259574,3.694175989615632e-5
2.0,29.0,13.0,3.8126140803164827,0.0001140803164827453,6.0,0.0005996866327411495,-0.0036080610365617216,-1.6135012296106804e-5
2.0,30.0,13.0,4.463114080316483,0.0001140803164827453,6.0,0.0006004057262169546,-0.008230058222059357,-7.81267088038435e-5
2.0,31.0,13.0,5.1136140803164825,0.0001140803164827453,6.0,0.0005978987844714996,-0.013769143746766778,-0.00014871112968122831
2.0,32.0,13.0,5.761210818512732,0.0,6.0,0.0005927006341373051,-0.019683923812010947,-0.00022972472188007034
2.0,33.0,13.0,5.814169804212058,0.008042961088223777,6.0,0.0006661770755215314,-0.020170192483988273,-0.00021420577964923997
2.0,34.0,13.0,5.859335698724533,0.0310574713394014,6.0,0.0008769708446098544,-0.020584555245470607,-0.00015548216237901345
2.0,35.0,13.0,5.895170689293565,0.06689246190843257,6.0,0.0012049476236351301,-0.020912821604664584,-5.950590936695494e-5
2.0,36.0,13.0,5.918185199544742,0.11205835642090678,6.0,0.0016176620363316254,-0.021123162989693373,6.424015190693654e-5
2.0,37.0,13.0,5.926228160632966,0.16501734212023322,6.0,0.002100530878088755,-0.021196285145208455,0.0002116061287791863
2.0,38.0,13.0,5.9261140803164825,0.29986408031648293,6.0,0.0033261654698194306,-0.021193372027357233,0.0005894012801279956
2.0,39.0,13.0,5.9261140803164825,0.43761408031648275,6.0,0.0045745431777107935,-0.0211894182040332,0.000975932877542705
2.0,40.0,13.0,5.9261140803164825,0.5753640803164828,6.0,0.005821267888728449,-0.021183418049572775,0.001363570891174162
2.0,41.0,13.0,5.9261140803164825,0.7131140803164828,6.0,0.0070686253118945625,-0.02117538767620555,0.0017527149026262256
1.0,1.0,14.0,2.926114080316483,2.213114080316483,6.5,0.0011348069370692288,-0.00012560994306632796,9.603189010023838e-5
1.0,2.0,14.0,2.926114080316483,2.350864080316483,6.5,0.0010216086707662915,-0.00012668428834811923,9.379893040607767e-5
1.0,3.0,14.0,2.926114080316483,2.488614080316483,6.5,0.0009078987904329082,-0.00012772971759299884,9.185753550633094e-5
1.0,4.0,14.0,2.926114080316483,2.626364080316483,6.5,0.000795153837558291,-0.0001287708718994051,9.06600960786165e-5
1.0,5.0,14.0,2.9262281606329656,2.7612108185127324,6.5,0.0006879003480598586,-0.00012939641859354158,8.881109475155448e-5
1.0,6.0,14.0,2.918185199544742,2.8141698042120584,6.5,0.0006471379969030733,-0.00013567189277720305,8.563317438518465e-5
1.0,7.0,14.0,2.8951706892935642,2.859335698724533,6.5,0.0006130905288071639,-0.00015302435882401545,8.299523764295048e-5
1.0,8.0,14.0,2.859335698724533,2.8951706892935642,6.5,0.0005868922557027149,-0.00017944204260356042,8.032005472865282e-5
1.0,9.0,14.0,2.814169804212059,2.918185199544742,6.5,0.0005707573092390388,-0.00021183046502878605,7.871470122870727e-5
1.0,10.0,14.0,2.761210818512732,2.9262281606329656,6.5,0.0005655116143706458,-0.0002482377821201432,7.889629734802955e-5
1.0,11.0,14.0,2.113614080316483,2.926114080316483,6.5,0.0005672140888193529,-0.0005312093838464247,0.00010802525158312354
1.0,12.0,14.0,1.4631140803164828,2.926114080316483,6.5,0.000565482511025503,-0.0005177558225667721,0.00013759151138052075
1.0,13.0,14.0,0.8126140803164827,2.926114080316483,6.5,0.0005624027513185164,-0.000314555466419966,0.00016566877219987506
1.0,14.0,14.0,0.16501734212023322,2.9262281606329656,6.5,0.0005587989608978707,-5.1224089344847475e-5,0.00019191936865030877
1.0,15.0,14.0,0.11205835642090678,2.918185199544742,6.5,0.0005554837688778235,-3.162305261205371e-5,0.0001947781782959023
1.0,16.0,14.0,0.06689246190843257,2.8951706892935642,6.5,0.0005469398892597625,-1.554933721592079e-5,0.00019826818444760295
1.0,17.0,14.0,0.0310574713394014,2.859335698724533,6.5,0.0005343697056877462,-3.418757833155563e-6,0.00020166485154857474
1.0,18.0,14.0,0.008042961088223777,2.8141698042120584,6.5,0.0005194146009433066,3.858518476657162e-6,0.00020418293600579034
1.0,19.0,14.0,0.0,2.7612108185127324,6.5,0.0005029721175621807,6.0344485355083966e-6,0.00020510040183806526
1.0,20.0,14.0,0.0001140803164827453,2.113614080316483,6.5,0.00036485621826245124,2.4853816542385695e-6,0.000203416410859374
1.0,21.0,14.0,0.0001140803164827453,1.4631140803164828,6.5,0.0003204302445384173,-6.64019889124441e-7,0.0002028742931830339
1.0,22.0,14.0,0.0001140803164827453,0.8126140803164827,6.5,0.00036178042076241907,-3.8091817078567574e-6,0.00020340451322640337
1.0,23.0,14.0,0.0,0.16501734212023322,6.5,0.0004982307297572189,-7.340764007516646e-6,0.00020507690477954322
1.0,24.0,14.0,0.008042961088223777,0.11205835642090678,6.5,0.0005146624857017973,-5.164234865329709e-6,0.00020417005706928587
1.0,25.0,14.0,0.0310574713394014,0.06689246190843257,6.5,0.0005296336057117021,2.12349951200969e-6,0.00020167892004993525
1.0,26.0,14.0,0.06689246190843257,0.0310574713394014,6.5,0.0005422366457581936,1.4289454573793881e-5,0.0001983166744482805
1.0,27.0,14.0,0.11205835642090678,0.008042961088223777,6.5,0.0005508143239608209,3.043258266889575e-5,0.00019485848039269043
1.0,28.0,14.0,0.16501734212023322,0.0,6.5,0.0005541451242620482,5.014365803192352e-5,0.00019201821013141657
1.0,29.0,14.0,0.8126140803164827,0.0001140803164827453,6.5,0.0005577398009427764,0.00031622482799120336,0.00016587060708577253
1.0,30.0,14.0,1.4631140803164828,0.0001140803164827453,6.5,0.0005608185906789851,0.0005223886562176294,0.000137937478824935
1.0,31.0,14.0,2.113614080316483,0.0001140803164827453,6.5,0.0005625879181910816,0.0005375325696099208,0.00010854427616604887
1.0,32.0,14.0,2.7612108185127324,0.0,6.5,0.0005610828866202972,0.0002521883974778945,7.932605704682543e-5
1.0,33.0,14.0,2.814169804212059,0.008042961088223777,6.5,0.0005664516488438327,0.00021510511863100077,7.904147130092272e-5
1.0,34.0,14.0,2.859335698724533,0.0310574713394014,6.5,0.0005829311891844902,0.00018202843790204163,8.06189020383259e-5
1.0,35.0,14.0,2.8951706892935642,0.06689246190843257,6.5,0.0006096764789261107,0.00015499997926300858,8.356981690413906e-5
1.0,36.0,14.0,2.918185199544742,0.11205835642090678,6.5,0.0006443604614335224,0.00013722376127612857,8.657419827386627e-5
1.0,37.0,14.0,2.9262281606329656,0.16501734212023322,6.5,0.0006859185377661327,0.0001308634808328673,8.828884965067915e-5
1.0,38.0,14.0,2.926114080316483,0.29986408031648293,6.5,0.0007953137542602839,0.00013032741163055442,9.035943862059843e-5
1.0,39.0,14.0,2.926114080316483,0.43761408031648275,6.5,0.000910431518886568,0.00012923987685232611,9.113946030331946e-5
1.0,40.0,14.0,2.926114080316483,0.5753640803164828,6.5,0.0010266842645522804,0.00012814442446336632,9.251146852312946e-5
1.0,41.0,14.0,2.926114080316483,0.7131140803164828,6.5,0.0011424409742393845,0.00012705433832679776,9.432010268122866e-5
2.0,1.0,14.0,5.9261140803164825,2.213114080316483,6.5,0.0071691771779004865,0.02272313131764565,0.0016470321620344341
2.0,2.0,14.0,5.9261140803164825,2.350864080316483,6.5,0.005911280325234171,0.022732112079292606,0.0012810969034464312
2.0,3.0,14.0,5.9261140803164825,2.488614080316483,6.5,0.004653648410151089,0.02273882265368993,0.0009167180655255822
2.0,4.0,14.0,5.9261140803164825,2.626364080316483,6.5,0.003395361841926539,0.022743265691083574,0.0005534888544518369
2.0,5.0,14.0,5.926228160632966,2.7612108185127324,6.5,0.002162178621484251,0.02274646507098326,0.0001985276795493634
2.0,6.0,14.0,5.918185199544742,2.8141698042120584,6.5,0.0016772525674615172,0.02267308349370411,5.970292883856085e-5
2.0,7.0,14.0,5.895170689293565,2.859335698724533,6.5,0.0012634194168425704,0.02246217598143968,-5.7323328504341486e-5
2.0,8.0,14.0,5.859335698724533,2.8951706892935642,6.5,0.0009350753202999523,0.022133473857386537,-0.0001483189476855132
2.0,9.0,14.0,5.814169804212058,2.918185199544742,6.5,0.0007243895054050675,0.02171911266288833,-0.00020403842369975226
2.0,10.0,14.0,5.7612108185127315,2.9262281606329656,6.5,0.0006511331370959376,0.021233410061858585,-0.00021853526196325887
2.0,11.0,14.0,5.1136140803164825,2.926114080316483,6.5,0.0006576577201445227,0.015324871268795651,-0.00013762496529590986
2.0,12.0,14.0,4.463114080316483,2.926114080316483,6.5,0.0006612963561137496,0.009637742315128995,-6.864363770408752e-5
2.0,13.0,14.0,3.8126140803164827,2.926114080316483,6.5,0.0006636011779150788,0.004616905715347627,-7.924443623580134e-6
2.0,14.0,14.0,3.1650173421202332,2.9262281606329656,6.5,0.0006662615825094338,0.0007586837600030643,4.8483439375365135e-5
2.0,15.0,14.0,3.112058356420907,2.918185199544742,6.5,0.0007056421533639735,0.0005024761438573615,5.744131302403489e-5
2.0,16.0,14.0,3.0668924619084326,2.8951706892935642,6.5,0.0008134127094821176,0.00029166570558618305,6.999746049081929e-5
2.0,17.0,14.0,3.0310574713394014,2.859335698724533,6.5,0.0009750933918227719,0.00013016076493539485,8.262045939670055e-5
2.0,18.0,14.0,3.0080429610882238,2.8141698042120584,6.5,0.0011716106994356216,2.9998046223294696e-5,9.20346092465578e-5
2.0,19.0,14.0,3.0,2.7612108185127324,6.5,0.0013937846302835418,-3.60160063067081e-6,9.756108838380094e-5
2.0,20.0,14.0,3.0001140803164827,2.113614080316483,6.5,0.0034563853963343167,1.325907526861034e-7,8.494389980656178e-5
2.0,21.0,14.0,3.0001140803164827,1.4631140803164828,6.5,0.004189561575116474,1.0283422904427054e-6,8.221063452533953e-5
2.0,22.0,14.0,3.0001140803164827,0.8126140803164827,6.5,0.003433243613371597,2.4635974470651213e-6,8.429587645217457e-5
2.0,23.0,14.0,3.0,0.16501734212023322,6.5,0.001379450159446908,6.1231390384347365e-6,9.658063191704133e-5
2.0,24.0,14.0,3.0080429610882238,0.11205835642090678,6.5,0.0011596213822304706,-2.7107916900975453e-5,9.267547148686793e-5
2.0,25.0,14.0,3.0310574713394014,0.06689246190843257,6.5,0.0009653165310065289,-0.00012597303508804495,8.229770025544941e-5
2.0,26.0,14.0,3.0668924619084326,0.0310574713394014,6.5,0.0008055018323255935,-0.0002854872337998559,6.911235741370319e-5
2.0,27.0,14.0,3.112058356420907,0.008042961088223777,6.5,0.0006989334717109335,-0.0004938761862932334,5.654820193940183e-5
2.0,28.0,14.0,3.1650173421202332,0.0,6.5,0.0006599693716722657,-0.0007474428492208532,4.7779730519509276e-5
2.0,29.0,14.0,3.8126140803164827,0.0001140803164827453,6.5,0.0006576842645780659,-0.004577539007713913,-7.166296916679404e-6
2.0,30.0,14.0,4.463114080316483,0.0001140803164827453,6.5,0.0006556092301031292,-0.009563641579503212,-6.722530613934789e-5
2.0,31.0,14.0,5.1136140803164825,0.0001140803164827453,6.5,0.0006520525838986212,-0.015206765699253026,-0.00013565029391722318
2.0,32.0,14.0,5.761210818512732,0.0,6.5,0.000645628450868537,-0.02106746421330077,-0.00021588235300388313
2.0,33.0,14.0,5.814169804212058,0.008042961088223777,6.5,0.0007182913348172101,-0.021549208967894213,-0.00020146847596117624
2.0,34.0,14.0,5.859335698724533,0.0310574713394014,6.5,0.0009272630050799772,-0.0219601919244395,-0.00014611020368386315
2.0,35.0,14.0,5.895170689293565,0.06689246190843257,6.5,0.0012529332004667343,-0.022286213009395248,-5.5712162733125055e-5
2.0,36.0,14.0,5.918185199544742,0.11205835642090678,6.5,0.0016633953489181097,-0.022495399493767873,6.0542662991709856e-5
2.0,37.0,14.0,5.926228160632966,0.16501734212023322,6.5,0.0021443715673726566,-0.02256818093203148,0.00019845160317610784
2.0,38.0,14.0,5.9261140803164825,0.29986408031648293,6.5,0.0033675138268347195,-0.0225650040718349,0.0005510728371628418
2.0,39.0,14.0,5.9261140803164825,0.43761408031648275,6.5,0.004615559828072104,-0.02256059747680488,0.0009119082253945771
2.0,40.0,14.0,5.9261140803164825,0.5753640803164828,6.5,0.00586295893590889,-0.022553945731670928,0.0012738860359208027
2.0,41.0,14.0,5.9261140803164825,0.7131140803164828,6.5,0.007110619491614722,-0.022545046188355646,0.001637410058246719
1.0,1.0,15.0,2.926114080316483,2.213114080316483,7.0,0.0007949909338435214,-0.00011393276664370183,0.00010864442481306011
1.0,2.0,15.0,2.926114080316483,2.350864080316483,7.0,0.0007506516709738447,-0.00011481647378850892,0.00010487939589808521
1.0,3.0,15.0,2.926114080316483,2.488614080316483,7.0,0.0007059267538925176,-0.00011556009163116495,0.00010150502520313114
1.0,4.0,15.0,2.926114080316483,2.626364080316483,7.0,0.0006627352074825299,-0.00011610989632752618,9.802932924863765e-5
1.0,5.0,15.0,2.9262281606329656,2.7612108185127324,7.0,0.0006233741531820904,-0.00011652342784122261,9.4877586171104e-5
1.0,6.0,15.0,2.918185199544742,2.8141698042120584,7.0,0.0006089967802238968,-0.00011894843031913826,9.335663816027753e-5
1.0,7.0,15.0,2.8951706892935642,2.859335698724533,7.0,0.0005973603805036107,-0.00012518346870808204,9.017835732654477e-5
1.0,8.0,15.0,2.859335698724533,2.8951706892935642,7.0,0.000588646990226735,-0.00013422054470422872,8.731028280027068e-5
1.0,9.0,15.0,2.814169804212059,2.918185199544742,7.0,0.0005834527905210983,-0.00014482117716418816,8.571546382205494e-5
1.0,10.0,15.0,2.761210818512732,2.9262281606329656,7.0,0.0005819324794881811,-0.00015636042907666827,8.659545391125664e-5
1.0,11.0,15.0,2.113614080316483,2.926114080316483,7.0,0.0005838046092798658,-0.00021782595379551354,0.00011114613383618809
1.0,12.0,15.0,1.4631140803164828,2.926114080316483,7.0,0.0005835810476337709,-0.0001675597991789758,0.00013580667506746575
1.0,13.0,15.0,0.8126140803164827,2.926114080316483,7.0,0.0005814685509220118,-7.67705679658081e-5,0.0001598263870758063
1.0,14.0,15.0,0.16501734212023322,2.9262281606329656,7.0,0.0005782481347353665,-3.8656639402022505e-6,0.00018213734167359853
1.0,15.0,15.0,0.11205835642090678,2.918185199544742,7.0,0.0005773054414065888,2.918487602826124e-7,0.0001846237331311008
1.0,16.0,15.0,0.06689246190843257,2.8951706892935642,7.0,0.000575370338981449,3.422442562473715e-6,0.00018775547190614004
1.0,17.0,15.0,0.0310574713394014,2.859335698724533,7.0,0.0005728230963477624,5.523037151291986e-6,0.00019085608664722427
1.0,18.0,15.0,0.008042961088223777,2.8141698042120584,7.0,0.0005701065935587938,6.540485089312611e-6,0.0001931968710821872
1.0,19.0,15.0,0.0,2.7612108185127324,7.0,0.0005674862030880794,6.583705757856301e-6,0.00019410471535655907
1.0,20.0,15.0,0.0001140803164827453,2.113614080316483,7.0,0.0005624100909891633,2.7222942306942386e-6,0.00019320720737813494
1.0,21.0,15.0,0.0001140803164827453,1.4631140803164828,7.0,0.0005654725288786318,-6.434812495977533e-7,0.00019293027368144376
1.0,22.0,15.0,0.0001140803164827453,0.8126140803164827,7.0,0.0005584980703050997,-4.003594654797151e-6,0.0001932153244188984
1.0,23.0,15.0,0.0,0.16501734212023322,7.0,0.0005622103076995187,-7.843016746036818e-6,0.000194130789148208
1.0,24.0,15.0,0.008042961088223777,0.11205835642090678,7.0,0.000564939157967365,-7.780581364093737e-6,0.00019323135687489046
1.0,25.0,15.0,0.0310574713394014,0.06689246190843257,7.0,0.0005677910805885125,-6.691390918637042e-6,0.00019090707963985036
1.0,26.0,15.0,0.06689246190843257,0.0310574713394014,7.0,0.0005704795460598879,-4.446749582582897e-6,0.00018782652759869568
1.0,27.0,15.0,0.11205835642090678,0.008042961088223777,7.0,0.0005725263493224687,-1.0938748485947305e-6,0.00018471337113959194
1.0,28.0,15.0,0.16501734212023322,0.0,7.0,0.0005735147115932847,3.370033516469344e-6,0.00018223889343048992
1.0,29.0,15.0,0.8126140803164827,0.0001140803164827453,7.0,0.000576728952466115,8.208765012805603e-5,0.00016000757369299203
1.0,30.0,15.0,1.4631140803164828,0.0001140803164827453,7.0,0.0005788523596620429,0.00017778244212155099,0.00013608876994800217
1.0,31.0,15.0,2.113614080316483,0.0001140803164827453,7.0,0.0005791511373394413,0.00022841995986036672,0.00011148367962720287
1.0,32.0,15.0,2.7612108185127324,0.0,7.0,0.0005773090729354725,0.0001613059286241339,8.697609426218847e-5
1.0,33.0,15.0,2.814169804212059,0.008042961088223777,7.0,0.0005789169132866049,0.00014914560325928394,8.616890874517738e-5
1.0,34.0,15.0,2.859335698724533,0.0310574713394014,7.0,0.0005843753470365485,0.00013802383962124127,8.776590696804565e-5
1.0,35.0,15.0,2.8951706892935642,0.06689246190843257,7.0,0.0005935109232496708,0.00012859079287601716,9.035182697436196e-5
1.0,36.0,15.0,2.918185199544742,0.11205835642090678,7.0,0.0006057078292645545,0.00012212473082269548,9.311701437657907e-5
1.0,37.0,15.0,2.9262281606329656,0.16501734212023322,7.0,0.0006207417018458933,0.00011959342122789236,9.521865212490016e-5
1.0,38.0,15.0,2.926114080316483,0.29986408031648293,7.0,0.0006617265329094785,0.00011912077497773868,9.764103287025831e-5
1.0,39.0,15.0,2.926114080316483,0.43761408031648275,7.0,0.0007065247665247327,0.00011858471500515361,0.00010077193327409482
1.0,40.0,15.0,2.926114080316483,0.5753640803164828,7.0,0.0007528242007545894,0.00011784315181141327,0.00010382707355459393
1.0,41.0,15.0,2.926114080316483,0.7131140803164828,7.0,0.000798744877520388,0.00011693813616179375,0.0001071707670790858
2.0,1.0,15.0,5.9261140803164825,2.213114080316483,7.0,0.007158859830069506,0.024002900124585832,0.001518651347643004
2.0,2.0,15.0,5.9261140803164825,2.350864080316483,7.0,0.00591031596080265,0.024012749154313073,0.0011814478220620098
2.0,3.0,15.0,5.9261140803164825,2.488614080316483,7.0,0.004661566059569924,0.024020110247511203,0.0008457278813607444
2.0,4.0,15.0,5.9261140803164825,2.626364080316483,7.0,0.003413379103398611,0.02402500880525653,0.0005110873518433311
2.0,5.0,15.0,5.926228160632966,2.7612108185127324,7.0,0.002192764360099815,0.024028473348737416,0.0001840527887440179
2.0,6.0,15.0,5.918185199544742,2.8141698042120584,7.0,0.0017139240036140736,0.02395607444422958,5.6151489867683444e-5
2.0,7.0,15.0,5.895170689293565,2.859335698724533,7.0,0.0013060795339262868,0.02374822783975621,-5.16218950124792e-5
2.0,8.0,15.0,5.859335698724533,2.8951706892935642,7.0,0.0009831391616472586,0.02342486365221777,-0.00013534617025725483
2.0,9.0,15.0,5.814169804212058,2.918185199544742,7.0,0.0007763507546547474,0.023017936762005947,-0.0001864861705797454
2.0,10.0,15.0,5.7612108185127315,2.9262281606329656,7.0,0.0007046675681400476,0.022541667113244304,-0.0001995377420912968
2.0,11.0,15.0,5.1136140803164825,2.926114080316483,7.0,0.0007124962645834028,0.016752389988127357,-0.00012152624900557776
2.0,12.0,15.0,4.463114080316483,2.926114080316483,7.0,0.0007173001323256944,0.011004578456960314,-5.5179449054377573e-5
2.0,13.0,15.0,3.8126140803164827,2.926114080316483,7.0,0.0007214026852645113,0.005593478041021849,4.25931356207681e-6
2.0,14.0,15.0,3.1650173421202332,2.9262281606329656,7.0,0.0007252012984416894,0.0009816141087650326,6.043131890679737e-5
2.0,15.0,15.0,3.112058356420907,2.918185199544742,7.0,0.0007752519369881032,0.0006544894030014959,6.822464587112059e-5
2.0,16.0,15.0,3.0668924619084326,2.8951706892935642,7.0,0.0009142082799237837,0.0003824792465406477,7.967046549148095e-5
2.0,17.0,15.0,3.0310574713394014,2.859335698724533,7.0,0.001124819642218377,0.0001722887822650792,9.185145794074657e-5
2.0,18.0,15.0,3.0080429610882238,2.8141698042120584,7.0,0.0013828985944779112,4.1098131962291265e-5,0.00010134958591337059
2.0,19.0,15.0,3.0,2.7612108185127324,7.0,0.0016763340467238173,-3.317057913138019e-6,0.00010339858384472234
2.0,20.0,15.0,3.0001140803164827,2.113614080316483,7.0,0.0044726327038411414,-1.4459521543769854e-6,9.266836732648232e-5
2.0,21.0,15.0,3.0001140803164827,1.4631140803164828,7.0,0.005473318488857674,1.1613469123828309e-6,8.91271612248087e-5
2.0,22.0,15.0,3.0001140803164827,0.8126140803164827,7.0,0.004454276847919413,3.7505763057881985e-6,9.223109915162581e-5
2.0,23.0,15.0,3.0,0.16501734212023322,7.0,0.0016637567334883367,5.977606305289359e-6,0.00010301461289915332
2.0,24.0,15.0,3.0080429610882238,0.11205835642090678,7.0,0.001371993610260809,-3.8189086570694416e-5,0.0001001496969299608
2.0,25.0,15.0,3.0310574713394014,0.06689246190843257,7.0,0.0011155291417594543,-0.00016863225245271674,9.122529065036334e-5
2.0,26.0,15.0,3.0668924619084326,0.0310574713394014,7.0,0.0009063248922483121,-0.0003774422203971419,7.932035422347783e-5
2.0,27.0,15.0,3.112058356420907,0.008042961088223777,7.0,0.0007683467368921922,-0.0006475089224873755,6.780075514279852e-5
2.0,28.0,15.0,3.1650173421202332,0.0,7.0,0.0007186501578713182,-0.0009721735162232637,5.9942199720565176e-5
2.0,29.0,15.0,3.8126140803164827,0.0001140803164827453,7.0,0.0007148703390480129,-0.0055478319264026426,4.661156431541501e-6
2.0,30.0,15.0,4.463114080316483,0.0001140803164827453,7.0,0.0007109919781178471,-0.010919400368698423,-5.402755892697245e-5
2.0,31.0,15.0,5.1136140803164825,0.0001140803164827453,7.0,0.0007063291772362925,-0.016623462500857278,-0.00011979711532854182
2.0,32.0,15.0,5.761210818512732,0.0,7.0,0.0006986175603363929,-0.022367044864768856,-0.00019716622456482475
2.0,33.0,15.0,5.814169804212058,0.008042961088223777,7.0,0.0007697313923642412,-0.022839503201387557,-0.00018418303390851375
2.0,34.0,15.0,5.859335698724533,0.0310574713394014,7.0,0.0009748642207467692,-0.02324316412669227,-0.00013335690727328002
2.0,35.0,15.0,5.895170689293565,0.06689246190843257,7.0,0.00129520890262237,-0.023563924817397428,-5.015638195607968e-5
2.0,36.0,15.0,5.918185199544742,0.11205835642090678,7.0,0.0016997647573558955,-0.023770092650343914,5.693801265550432e-5
2.0,37.0,15.0,5.926228160632966,0.16501734212023322,7.0,0.0021747335103783193,-0.02384190408830793,0.00018403041269455365
2.0,38.0,15.0,5.9261140803164825,0.29986408031648293,7.0,0.0033854493103265206,-0.02383846453860974,0.0005089951690122475
2.0,39.0,15.0,5.9261140803164825,0.43761408031648275,7.0,0.004623490254237766,-0.023833605695741264,0.0008415190579085093
2.0,40.0,15.0,5.9261140803164825,0.5753640803164828,7.0,0.005862080845003813,-0.023826307713442064,0.0011751163165927194
2.0,41.0,15.0,5.9261140803164825,0.7131140803164828,7.0,0.0071004704668938615,-0.0238165456102958,0.0015101880058645979
1.0,1.0,16.0,2.926114080316483,2.213114080316483,7.5,0.0005566317526692296,-9.769411828446145e-5,0.00011865830152119981
1.0,2.0,16.0,2.926114080316483,2.350864080316483,7.5,0.0005613921289267358,-9.838564843680268e-5,0.00011392711189169065
1.0,3.0,16.0,2.926114080316483,2.488614080316483,7.5,0.0005657463085421841,-9.901308233466847e-5,0.00010942424923867691
1.0,4.0,16.0,2.926114080316483,2.626364080316483,7.5,0.0005714261194933871,-9.960258477355007e-5,0.000105295881284842
1.0,5.0,16.0,2.9262281606329656,2.7612108185127324,7.5,0.0005795826705977743,-0.00010013227007078562,0.00010137240572863564
1.0,6.0,16.0,2.918185199544742,2.8141698042120584,7.5,0.0005837787936858266,-9.96566943456774e-5,9.89066203836557e-5
1.0,7.0,16.0,2.8951706892935642,2.859335698724533,7.5,0.0005880012374606942,-9.766928024651716e-5,9.668871928166179e-5
1.0,8.0,16.0,2.859335698724533,2.8951706892935642,7.5,0.0005918739339475422,-9.407796528288952e-5,9.475893626665935e-5
1.0,9.0,16.0,2.814169804212059,2.918185199544742,7.5,0.0005947358666593939,-8.900712042301535e-5,9.37538002420923e-5
1.0,10.0,16.0,2.761210818512732,2.9262281606329656,7.5,0.0005959980677539701,-8.246472950865563e-5,9.425190114018847e-5
1.0,11.0,16.0,2.113614080316483,2.926114080316483,7.5,0.0005980574119483389,3.181884093928409e-5,0.0001145084034162066
1.0,12.0,16.0,1.4631140803164828,2.926114080316483,7.5,0.0005981363577712145,0.00012204580364745177,0.00013467998807043888
1.0,13.0,16.0,0.8126140803164827,2.926114080316483,7.5,0.0005965224106769377,0.00012335162023007992,0.0001545207672486098
1.0,14.0,16.0,0.16501734212023322,2.9262281606329656,7.5,0.0005936701835184585,3.6228552219311334e-5,0.00017318920439805368
1.0,15.0,16.0,0.11205835642090678,2.918185199544742,7.5,0.0005947386487820933,2.7317110769319396e-5,0.00017520562507213248
1.0,16.0,16.0,0.06689246190843257,2.8951706892935642,7.5,0.0005984053995220577,1.948484850191303e-5,0.00017767488053713735
1.0,17.0,16.0,0.0310574713394014,2.859335698724533,7.5,0.0006043584947422365,1.3085401046371601e-5,0.00018010372626620454
1.0,18.0,16.0,0.008042961088223777,2.8141698042120584,7.5,0.0006120242488401311,8.798058354580345e-6,0.00018195188563002886
1.0,19.0,16.0,0.0,2.7612108185127324,7.5,0.0006211283932227509,7.037506604342504e-6,0.00018272267443205837
1.0,20.0,16.0,0.0001140803164827453,2.113614080316483,7.5,0.0007285310490730093,2.9400375372812437e-6,0.0001827683751651628
1.0,21.0,16.0,0.0001140803164827453,1.4631140803164828,7.5,0.000771764802896331,-6.179205938346164e-7,0.0001827880880722279
1.0,22.0,16.0,0.0001140803164827453,0.8126140803164827,7.5,0.0007243176340024148,-4.169803612272422e-6,0.0001827957217871562
1.0,23.0,16.0,0.0,0.16501734212023322,7.5,0.0006156747227950223,-8.246615462425999e-6,0.00018279353726272844
1.0,24.0,16.0,0.008042961088223777,0.11205835642090678,7.5,0.000606714459281433,-9.982888809669807e-6,0.0001820279685871148
1.0,25.0,16.0,0.0310574713394014,0.06689246190843257,7.5,0.0005992169206651582,-1.4182143951494595e-5,0.00018018475695512804
1.0,26.0,16.0,0.06689246190843257,0.0310574713394014,7.5,0.000593432605438014,-2.0410440073310423e-5,0.00017776058633277487
1.0,27.0,16.0,0.11205835642090678,0.008042961088223777,7.5,0.0005898959806677915,-2.7984910359202632e-5,0.00017529582750332485
1.0,28.0,16.0,0.16501734212023322,0.0,7.5,0.0005888799467076516,-3.6547332643772825e-5,0.00017328439485598667
1.0,29.0,16.0,0.8126140803164827,0.0001140803164827453,7.5,0.0005917310157403645,-0.00011729689418890572,0.0001546756548938658
1.0,30.0,16.0,1.4631140803164828,0.0001140803164827453,7.5,0.0005933662356424733,-0.00011094990224267976,0.00013488315578124026
1.0,31.0,16.0,2.113614080316483,0.0001140803164827453,7.5,0.0005933154613250664,-2.0875450963113212e-5,0.00011474109968854776
1.0,32.0,16.0,2.7612108185127324,0.0,7.5,0.0005912935358100942,8.820363938575666e-5,9.452397907725325e-5
1.0,33.0,16.0,2.814169804212059,0.008042961088223777,7.5,0.0005901123863045031,9.426247117119796e-5,9.397242166642213e-5
1.0,34.0,16.0,2.859335698724533,0.0310574713394014,7.5,0.0005874656909066764,9.892758170771724e-5,9.490839843359141e-5
1.0,35.0,16.0,2.8951706892935642,0.06689246190843257,7.5,0.0005839086884148466,0.00010219905700928248,9.691606470057922e-5
1.0,36.0,16.0,2.918185199544742,0.11205835642090678,7.5,0.0005800491872682452,0.00010397477515223152,9.925582998985209e-5
1.0,37.0,16.0,2.9262281606329656,0.16501734212023322,7.5,0.0005762501089559785,0.00010439054047459559,0.00010122052645803627
1.0,38.0,16.0,2.926114080316483,0.29986408031648293,7.5,0.0005690509830820877,0.00010389150707468149,0.00010504605061920799
1.0,39.0,16.0,2.926114080316483,0.43761408031648275,7.5,0.000564326553580919,0.00010328367872289723,0.00010883981455129399
1.0,40.0,16.0,2.926114080316483,0.5753640803164828,7.5,0.0005609181516563589,0.00010264009065055246,0.00011301455484906074
1.0,41.0,16.0,2.926114080316483,0.7131140803164828,7.5,0.0005570939702665313,0.0001019325460706857,0.00011747570995150418
2.0,1.0,16.0,5.9261140803164825,2.213114080316483,7.5,0.007188140394810603,0.025172991890407375,0.0013787423704512108
2.0,2.0,16.0,5.9261140803164825,2.350864080316483,7.5,0.005941660400264917,0.02518364172564863,0.0010730857947997205
2.0,3.0,16.0,5.9261140803164825,2.488614080316483,7.5,0.004694618211412529,0.025191590504492985,0.0007687278692049128
2.0,4.0,16.0,5.9261140803164825,2.626364080316483,7.5,0.003449091210121886,0.025196881437208354,0.0004652770044655428
2.0,5.0,16.0,5.926228160632966,2.7612108185127324,7.5,0.0022331611008401457,0.025200550931008543,0.00016863705719258941
2.0,6.0,16.0,5.918185199544742,2.8141698042120584,7.5,0.0017570539060069237,0.025128598377023106,5.300314724822056e-5
2.0,7.0,16.0,5.895170689293565,2.859335698724533,7.5,0.0013521669720415854,0.024922244953442568,-4.387305826052566e-5
2.0,8.0,16.0,5.859335698724533,2.8951706892935642,7.5,0.0010320873129267979,0.024601657663109944,-0.00011873448399886706
2.0,9.0,16.0,5.814169804212058,2.918185199544742,7.5,0.0008274776352506098,0.024198782762199087,-0.00016415758715625112
2.0,10.0,16.0,5.7612108185127315,2.9262281606329656,7.5,0.0007567387051317796,0.023727827198888392,-0.0001754744207907586
2.0,11.0,16.0,5.1136140803164825,2.926114080316483,7.5,0.0007658665928211962,0.018003737643462924,-0.00010261663275150307
2.0,12.0,16.0,4.463114080316483,2.926114080316483,7.5,0.0007715449070009734,0.012163921034969792,-3.976594390982293e-5
2.0,13.0,16.0,3.8126140803164827,2.926114080316483,7.5,0.0007763365821397923,0.006386946180600011,1.7579203803382813e-5
2.0,14.0,16.0,3.1650173421202332,2.9262281606329656,7.5,0.0007808525954252551,0.0011560398526147104,7.293726677308376e-5
2.0,15.0,16.0,3.112058356420907,2.918185199544742,7.5,0.0008394534595228296,0.0007734986807516641,7.996822571350312e-5
2.0,16.0,16.0,3.0668924619084326,2.8951706892935642,7.5,0.0010028220516418076,0.00045371239386269663,8.901911918796459e-5
2.0,17.0,16.0,3.0310574713394014,2.859335698724533,7.5,0.0012514825920061233,0.00020535710483594557,9.778952852338366e-5
2.0,18.0,16.0,3.0080429610882238,2.8141698042120584,7.5,0.0015573352533922744,4.956405717226401e-5,0.00010413156881066512
2.0,19.0,16.0,3.0,2.7612108185127324,7.5,0.0019062520815516923,-3.4296639711313496e-6,0.00010682984952681705
2.0,20.0,16.0,3.0001140803164827,2.113614080316483,7.5,0.005282184712603901,-1.5795057977459055e-6,9.854329371095239e-5
2.0,21.0,16.0,3.0001140803164827,1.4631140803164828,7.5,0.006499090725432288,1.1139088723024857e-6,9.590239223001143e-5
2.0,22.0,16.0,3.0001140803164827,0.8126140803164827,7.5,0.005267177532083079,3.9036769448448194e-6,9.830251203111204e-5
2.0,23.0,16.0,3.0,0.16501734212023322,7.5,0.001893897598857833,5.758396764022357e-6,0.00010637298865048547
2.0,24.0,16.0,3.0080429610882238,0.11205835642090678,7.5,0.00154642796470985,-4.699470686697031e-5,0.00010407203567124297
2.0,25.0,16.0,3.0310574713394014,0.06689246190843257,7.5,0.001242006840447068,-0.0002020080385380798,9.735630505893607e-5
2.0,26.0,16.0,3.0668924619084326,0.0310574713394014,7.5,0.0009946294172131535,-0.0004490641961602498,8.84285192184659e-5
2.0,27.0,16.0,3.112058356420907,0.008042961088223777,7.5,0.0008321697141096322,-0.0007670754679200196,7.947761126840556e-5
2.0,28.0,16.0,3.1650173421202332,0.0,7.5,0.000773914820954875,-0.0011473625509503672,7.25537827317056e-5
2.0,29.0,16.0,3.8126140803164827,0.0001140803164827453,7.5,0.0007694206237463123,-0.006340468799042063,1.783811459688236e-5
2.0,30.0,16.0,4.463114080316483,0.0001140803164827453,7.5,0.0007647309697712696,-0.012073032053750758,-3.8874770472580946e-5
2.0,31.0,16.0,5.1136140803164825,0.0001140803164827453,7.5,0.0007591890473009739,-0.017867311425333376,-0.00010115955512540765
2.0,32.0,16.0,5.761210818512732,0.0,7.5,0.0007501967617050782,-0.02354592837968673,-0.0001734445493430554
2.0,33.0,16.0,5.814169804212058,0.008042961088223777,7.5,0.0008203713924571632,-0.02401309638147486,-0.00016218105415655726
2.0,34.0,16.0,5.859335698724533,0.0310574713394014,7.5,0.0010233352783882246,-0.024412721847878432,-0.00011701297397322778
2.0,35.0,16.0,5.895170689293565,0.06689246190843257,7.5,0.0013408300301954313,-0.02473071516792914,-4.2583992805866925e-5
2.0,36.0,16.0,5.918185199544742,0.11205835642090678,7.5,0.001742436145621004,-0.02493539324074872,5.372289444197494e-5
2.0,37.0,16.0,5.926228160632966,0.16501734212023322,7.5,0.0022146738099354597,-0.025006758499777074,0.0001686667526147619
2.0,38.0,16.0,5.9261140803164825,0.29986408031648293,7.5,0.0034206876133650406,-0.025003114676296966,0.00046352367862254203
2.0,39.0,16.0,5.9261140803164825,0.43761408031648275,7.5,0.004656028757377362,-0.02499786538729669,0.0007651530288257192
2.0,40.0,16.0,5.9261140803164825,0.5753640803164828,7.5,0.005892860870793635,-0.024989982958000076,0.0010676859945405427
2.0,41.0,16.0,5.9261140803164825,0.7131140803164828,7.5,0.00712913827241118,-0.02497942475123256,0.001371511257844184
1.0,1.0,17.0,2.926114080316483,2.213114080316483,8.0,0.00042273924525736687,-7.939866520461908e-5,0.0001263691022312267
1.0,2.0,17.0,2.926114080316483,2.350864080316483,8.0,0.00045587060751843214,-7.995704992388589e-5,0.0001213280093439598
1.0,3.0,17.0,2.926114080316483,2.488614080316483,8.0,0.0004886593092976208,-8.050169092489552e-5,0.00011652826860445402
1.0,4.0,17.0,2.926114080316483,2.626364080316483,8.0,0.0005226212406525203,-8.099862718282632e-5,0.00011180688351021753
1.0,5.0,17.0,2.9262281606329656,2.7612108185127324,8.0,0.000558122449357882,-8.14480247122388e-5,0.00010720302255790744
1.0,6.0,17.0,2.918185199544742,2.8141698042120584,8.0,0.0005729417295789873,-7.9373870122608e-5,0.00010540553373424702
1.0,7.0,17.0,2.8951706892935642,2.859335698724533,8.0,0.0005861831253174672,-7.283840134919614e-5,0.00010348370726447774
1.0,8.0,17.0,2.859335698724533,2.8951706892935642,8.0,0.0005971581733214143,-6.214426130134686e-5,0.00010207954048813
1.0,9.0,17.0,2.814169804212059,2.918185199544742,8.0,0.0006045291602735032,-4.814899979016493e-5,0.00010153891762677542
1.0,10.0,17.0,2.761210818512732,2.9262281606329656,8.0,0.0006073445444576001,-3.126133591103347e-5,0.00010223259684748821
1.0,11.0,17.0,2.113614080316483,2.926114080316483,8.0,0.0006093728477086442,0.00018446941370977378,0.0001178527873196035
1.0,12.0,17.0,1.4631140803164828,2.926114080316483,8.0,0.0006095350809412858,0.0002986178927273772,0.00013375475889183743
1.0,13.0,17.0,0.8126140803164827,2.926114080316483,8.0,0.0006081096645767055,0.0002456155017626899,0.00014960131746347976
1.0,14.0,17.0,0.16501734212023322,2.9262281606329656,8.0,0.0006054876116138179,6.10006858001431e-5,0.00016488679060519619
1.0,15.0,17.0,0.11205835642090678,2.918185199544742,8.0,0.00060779666241861,4.4044507800179686e-5,0.00016637192145834635
1.0,16.0,17.0,0.06689246190843257,2.8951706892935642,8.0,0.000614926960276024,2.94420571064967e-5,0.00016799993936691187
1.0,17.0,17.0,0.0310574713394014,2.859335698724533,8.0,0.0006261526911425372,1.777803790301708e-5,0.0001695361318115415
1.0,18.0,17.0,0.008042961088223777,2.8141698042120584,8.0,0.0006402771022135979,1.0198896519677665e-5,0.00017070165583341139
1.0,19.0,17.0,0.0,2.7612108185127324,8.0,0.0006566917997076185,7.3222507265163e-6,0.0001712499041746635
1.0,20.0,17.0,0.0001140803164827453,2.113614080316483,8.0,0.0008340115409143767,3.1199742347666534e-6,0.00017224968605725438
1.0,21.0,17.0,0.0001140803164827453,1.4631140803164828,8.0,0.0009022958454932133,-5.893049798541651e-7,0.00017256418104749733
1.0,22.0,17.0,0.0001140803164827453,0.8126140803164827,8.0,0.0008299749094982888,-4.293361656141466e-6,0.00017229309088877915
1.0,23.0,17.0,0.0,0.16501734212023322,8.0,0.0006513586775657898,-8.480479293281448e-6,0.000171353375481806
1.0,24.0,17.0,0.008042961088223777,0.11205835642090678,8.0,0.0006350513726303287,-1.1339189303451435e-5,0.00017080767617199977
1.0,25.0,17.0,0.0310574713394014,0.06689246190843257,8.0,0.0006210553845890607,-1.885131999016943e-5,0.0001696388918952338
1.0,26.0,17.0,0.06689246190843257,0.0310574713394014,8.0,0.0006099597345510132,-3.0383682113847387e-5,0.00016809665331928735
1.0,27.0,17.0,0.11205835642090678,0.008042961088223777,8.0,0.0006029301678029152,-4.478682108415888e-5,0.00016646324311685555
1.0,28.0,17.0,0.16501734212023322,0.0,8.0,0.0006006618447213743,-6.147235900070549e-5,0.00016497753018997668
1.0,29.0,17.0,0.8126140803164827,0.0001140803164827453,8.0,0.0006032874875134199,-0.00024102301130678698,0.00014972432045493706
1.0,30.0,17.0,1.4631140803164828,0.0001140803164827453,8.0,0.0006047275406999558,-0.0002898637013273729,0.0001338932470218506
1.0,31.0,17.0,2.113614080316483,0.0001140803164827453,8.0,0.0006045901210347781,-0.0001754666020081684,0.00011799633406644488
1.0,32.0,17.0,2.7612108185127324,0.0,8.0,0.0006026016146142658,3.720423362048166e-5,0.00010235554599144501
1.0,33.0,17.0,2.814169804212059,0.008042961088223777,8.0,0.000599827444652813,5.383232588597994e-5,0.00010168662316084008
1.0,34.0,17.0,2.859335698724533,0.0310574713394014,8.0,0.0005925604329652253,6.762141566655837e-5,0.00010225227473251556
1.0,35.0,17.0,2.8951706892935642,0.06689246190843257,8.0,0.0005817359902643478,7.816953402925703e-5,0.00010355408344526482
1.0,36.0,17.0,2.918185199544742,0.11205835642090678,8.0,0.0005686775698903131,8.462902153019201e-5,0.00010530820104885125
1.0,37.0,17.0,2.9262281606329656,0.16501734212023322,8.0,0.0005540610957510877,8.667529921841444e-5,0.00010725139849646595
1.0,38.0,17.0,2.926114080316483,0.29986408031648293,8.0,0.0005190175908986241,8.620984579962927e-5,0.00011152114900846906
1.0,39.0,17.0,2.926114080316483,0.43761408031648275,8.0,0.0004854738312792182,8.57131311674066e-5,0.00011603834497648582
1.0,40.0,17.0,2.926114080316483,0.5753640803164828,8.0,0.00045308199608949407,8.515647800288323e-5,0.00012062672392338377
1.0,41.0,17.0,2.926114080316483,0.7131140803164828,8.0,0.00042034529609596386,8.457803777742386e-5,0.0001254281656870073
2.0,1.0,17.0,5.9261140803164825,2.213114080316483,8.0,0.007328568821405009,0.02622327162897916,0.0012285125597659098
2.0,2.0,17.0,5.9261140803164825,2.350864080316483,8.0,0.006063587452315262,0.02623460455672815,0.0009570562184101038
2.0,3.0,17.0,5.9261140803164825,2.488614080316483,8.0,0.004797949954051927,0.02624303359814945,0.0006866409505413154
2.0,4.0,17.0,5.9261140803164825,2.626364080316483,8.0,0.003534176148334718,0.02624860952139234,0.00041689947567055647
2.0,5.0,17.0,5.926228160632966,2.7612108185127324,8.0,0.0023010960371218697,0.0262523874189004,0.00015308258657751607
2.0,6.0,17.0,5.918185199544742,2.8141698042120584,8.0,0.0018185607944865671,0.026179443366186852,5.087755379316658e-5
2.0,7.0,17.0,5.895170689293565,2.859335698724533,8.0,0.001408425994013042,0.025970364924568036,-3.384563779545332e-5
2.0,8.0,17.0,5.859335698724533,2.8951706892935642,8.0,0.0010843796240884898,0.025645705434563123,-9.87048021243386e-5
2.0,9.0,17.0,5.814169804212058,2.918185199544742,8.0,0.0008773629946826385,0.025237891405910654,-0.00013763396203940996
2.0,10.0,17.0,5.7612108185127315,2.9262281606329656,8.0,0.0008058899525424493,0.024761320446390015,-0.00014703181292281716
2.0,11.0,17.0,5.1136140803164825,2.926114080316483,8.0,0.0008162055922868995,0.018960748969809434,-8.116981553567936e-5
2.0,12.0,17.0,4.463114080316483,2.926114080316483,8.0,0.0008226078236776182,0.012955750164815661,-2.293979100530403e-5
2.0,13.0,17.0,3.8126140803164827,2.926114080316483,8.0,0.000827809853734202,0.006878851572704546,3.134663544403073e-5
2.0,14.0,17.0,3.1650173421202332,2.9262281606329656,8.0,0.0008323256967227529,0.0012553368789373347,8.55747877317176e-5
2.0,15.0,17.0,3.112058356420907,2.918185199544742,8.0,0.0008957668946773835,0.0008406710564277887,9.108370228256937e-5
2.0,16.0,17.0,3.0668924619084326,2.8951706892935642,8.0,0.0010729258668171486,0.000493724247790499,9.707339791599038e-5
2.0,17.0,17.0,3.0310574713394014,2.859335698724533,8.0,0.0013428051019100807,0.00022413172519529214,0.00010268349608106902
2.0,18.0,17.0,3.0080429610882238,2.8141698042120584,8.0,0.0016749403680063467,5.4988216042864665e-5,0.00010675598816959468
2.0,19.0,17.0,3.0,2.7612108185127324,8.0,0.0020539637352874254,-2.602414309366678e-6,0.0001077841037512649
2.0,20.0,17.0,3.0001140803164827,2.113614080316483,8.0,0.005725566380204187,-1.3765921838650421e-6,0.00010342045953403312
2.0,21.0,17.0,3.0001140803164827,1.4631140803164828,8.0,0.007047788784136145,1.0976744642921016e-6,0.00010167113489378731
2.0,22.0,17.0,3.0001140803164827,0.8126140803164827,8.0,0.005712413989247174,3.570846218281701e-6,0.00010321804702172007
2.0,23.0,17.0,3.0,0.16501734212023322,8.0,0.0020421447043163237,4.873665568427515e-6,0.00010747829563131373
2.0,24.0,17.0,3.0080429610882238,0.11205835642090678,8.0,0.0016643189650532102,-5.254038316536827e-5,0.00010621902108345054
2.0,25.0,17.0,3.0310574713394014,0.06689246190843257,8.0,0.0013333769608824635,-0.0002210924088074288,0.00010233953796833547
2.0,26.0,17.0,3.0668924619084326,0.0310574713394014,8.0,0.0010645773901754507,-0.0004895971773893446,9.679447042028998e-5
2.0,27.0,17.0,3.112058356420907,0.008042961088223777,8.0,0.0008881968473603707,-0.0008349915189474112,9.073549076627383e-5
2.0,28.0,17.0,3.1650173421202332,0.0,8.0,0.0008250552635450642,-0.0012476418630337858,8.521598828386402e-5
2.0,29.0,17.0,3.8126140803164827,0.0001140803164827453,8.0,0.0008205431542427721,-0.006834789199599928,3.151742302661806e-5
2.0,30.0,17.0,4.463114080316483,0.0001140803164827453,8.0,0.0008154105509134897,-0.012864815415665405,-2.225704812955231e-5
2.0,31.0,17.0,5.1136140803164825,0.0001140803164827453,8.0,0.0008091118813740876,-0.01882107479330973,-7.999414524942361e-5
2.0,32.0,17.0,5.761210818512732,0.0,8.0,0.0007989359216704161,-0.02457379587726793,-0.00014537662919605665
2.0,33.0,17.0,5.814169804212058,0.008042961088223777,8.0,0.0008698218649673801,-0.025046422958353045,-0.0001360165765326129
2.0,34.0,17.0,5.859335698724533,0.0310574713394014,8.0,0.001075128824492214,-0.025450860150459904,-9.72817159469889e-5
2.0,35.0,17.0,5.895170689293565,0.06689246190843257,8.0,0.0013964949361744991,-0.025772828934609332,-3.276037316159692e-5
2.0,36.0,17.0,5.918185199544742,0.11205835642090678,8.0,0.0018032336147865344,-0.025980172187379417,5.1508386048062565e-5
2.0,37.0,17.0,5.926228160632966,0.16501734212023322,8.0,0.0022817690422382406,-0.026052508271036855,0.00015314920450416238
2.0,38.0,17.0,5.9261140803164825,0.29986408031648293,8.0,0.003504616853697862,-0.026048755193097725,0.00041548769212010355
2.0,39.0,17.0,5.9261140803164825,0.43761408031648275,8.0,0.004757894172854257,-0.026043221317250884,0.0006837202747008654
2.0,40.0,17.0,5.9261140803164825,0.5753640803164828,8.0,0.006013014154181857,-0.0260348603891437,0.0009526257165741186
2.0,41.0,17.0,5.9261140803164825,0.7131140803164828,8.0,0.007267481892524848,-0.026023622121779492,0.0012225691129178805
1.0,1.0,18.0,2.926114080316483,2.213114080316483,8.5,0.0003806854273685902,-6.0852625720356665e-5,0.00013248644248691938
1.0,2.0,18.0,2.926114080316483,2.350864080316483,8.5,0.00042403846300705366,-6.131346878523676e-5,0.0001275361347785931
1.0,3.0,18.0,2.926114080316483,2.488614080316483,8.5,0.00046714190296424116,-6.177715761476746e-5,0.0001226873759800353
1.0,4.0,18.0,2.926114080316483,2.626364080316483,8.5,0.0005111539927917496,-6.223818252864019e-5,0.00011794124525922728
1.0,5.0,18.0,2.9262281606329656,2.7612108185127324,8.5,0.0005559857213069967,-6.272687232646651e-5,0.00011334803078573786
1.0,6.0,18.0,2.918185199544742,2.8141698042120584,8.5,0.000574294241482563,-6.0122343077004365e-5,0.00011153276355659258
1.0,7.0,18.0,2.8951706892935642,2.859335698724533,8.5,0.0005904183164881544,-5.210265729276517e-5,0.00011036298037029793
1.0,8.0,18.0,2.859335698724533,2.8951706892935642,8.5,0.0006036108210873149,-3.919840161993894e-5,0.00010968723763333114
1.0,9.0,18.0,2.814169804212059,2.918185199544742,8.5,0.0006123594688162119,-2.25318142583813e-5,0.00010958297826470647
1.0,10.0,18.0,2.761210818512732,2.9262281606329656,8.5,0.0006156333922178309,-2.636778974732087e-6,0.00011010885748882625
1.0,11.0,18.0,2.113614080316483,2.926114080316483,8.5,0.0006175991919392692,0.0002364728543613114,0.0001211420341521596
1.0,12.0,18.0,1.4631140803164828,2.926114080316483,8.5,0.0006178035102252542,0.0003501849451377834,0.00013288130037708245
1.0,13.0,18.0,0.8126140803164827,2.926114080316483,8.5,0.0006165023317425046,0.00027832152085380425,0.00014489043768838432
1.0,14.0,18.0,0.16501734212023322,2.9262281606329656,8.5,0.0006139922141660557,6.762808656355707e-5,0.00015687743907741636
1.0,15.0,18.0,0.11205835642090678,2.918185199544742,8.5,0.0006166330656603297,4.8532436794744074e-5,0.000157831251417034
1.0,16.0,18.0,0.06689246190843257,2.8951706892935642,8.5,0.0006246939089100408,3.212016945343437e-5,0.00015861420471665363
1.0,17.0,18.0,0.0310574713394014,2.859335698724533,8.5,0.0006373455871348006,1.904309787899052e-5,0.0001592478616197202
1.0,18.0,18.0,0.008042961088223777,2.8141698042120584,8.5,0.0006532257557408512,1.058109136199306e-5,0.00015971431029027365
1.0,19.0,18.0,0.0,2.7612108185127324,8.5,0.0006716332154237488,7.413221026830221e-6,0.00016001815699294723
1.0,20.0,18.0,0.0001140803164827453,2.113614080316483,8.5,0.0008668492261717771,3.2457774578498254e-6,0.00016181304749517857
1.0,21.0,18.0,0.0001140803164827453,1.4631140803164828,8.5,0.000941390911290613,-5.592063916929128e-7,0.00016237742707124017
1.0,22.0,18.0,0.0001140803164827453,0.8126140803164827,8.5,0.0008632674894909847,-4.3606450004285944e-6,0.00016186792435794677
1.0,23.0,18.0,0.0,0.16501734212023322,8.5,0.0006665808117872668,-8.519529449733493e-6,0.00016014073337597653
1.0,24.0,18.0,0.008042961088223777,0.11205835642090678,8.5,0.0006482065731782145,-1.1681560743861541e-5,0.00015983815205369633
1.0,25.0,18.0,0.0310574713394014,0.06689246190843257,8.5,0.000632378659051569,-2.0116160953694385e-5,0.0001593650431737331
1.0,26.0,18.0,0.06689246190843257,0.0310574713394014,8.5,0.000619786508132137,-3.3132870641589626e-5,0.00015872079503915715
1.0,27.0,18.0,0.11205835642090678,0.008042961088223777,8.5,0.0006117748643790744,-4.944761743210655e-5,0.0001579277013743933
1.0,28.0,18.0,0.16501734212023322,0.0,8.5,0.0006091547460383008,-6.840500227556875e-5,0.0001569692964927652
1.0,29.0,18.0,0.8126140803164827,0.0001140803164827453,8.5,0.0006116686162616053,-0.00027611292691680786,0.00014498365403839604
1.0,30.0,18.0,1.4631140803164828,0.0001140803164827453,8.5,0.0006129855215559241,-0.00034499575705468604,0.00013296115897735815
1.0,31.0,18.0,2.113614080316483,0.0001140803164827453,8.5,0.0006128081057925855,-0.0002301573842983512,0.00012119212541875642
1.0,32.0,18.0,2.7612108185127324,0.0,8.5,0.0006108775547101221,8.562641834382174e-6,0.0001101143505321833
1.0,33.0,18.0,2.814169804212059,0.008042961088223777,8.5,0.0006076130831924242,2.8425545021862653e-5,0.00010957120710992352
1.0,34.0,18.0,2.859335698724533,0.0310574713394014,8.5,0.0005988820634311817,4.5071538473546117e-5,0.00010964310505004526
1.0,35.0,18.0,2.8951706892935642,0.06689246190843257,8.5,0.0005857079024471553,5.7963089059469984e-5,0.00011034811405707869
1.0,36.0,18.0,2.918185199544742,0.11205835642090678,8.5,0.0005695927893038191,6.59734875556328e-5,0.00011156149654094833
1.0,37.0,18.0,2.9262281606329656,0.16501734212023322,8.5,0.0005512821692225579,6.857949715628697e-5,0.0001132031667958704
1.0,38.0,18.0,2.926114080316483,0.29986408031648293,8.5,0.000506419216340355,6.810150399849705e-5,0.0001177089723643382
1.0,39.0,18.0,2.926114080316483,0.43761408031648275,8.5,0.0004623551726844787,6.763341641529649e-5,0.00012229173535214204
1.0,40.0,18.0,2.926114080316483,0.5753640803164828,8.5,0.0004191903383644764,6.716072092011634e-5,0.00012698822465634507
1.0,41.0,18.0,2.926114080316483,0.7131140803164828,8.5,0.00037577124192317155,6.668493950507045e-5,0.00013180701566067171
2.0,1.0,18.0,5.9261140803164825,2.213114080316483,8.5,0.007604064738535532,0.027144488105807718,0.0010696900590885896
2.0,2.0,18.0,5.9261140803164825,2.350864080316483,8.5,0.006295332019416121,0.0271563598963185,0.0008348162765435777
2.0,3.0,18.0,5.9261140803164825,2.488614080316483,8.5,0.004986130993578969,0.02716514219995646,0.0006007089350824173
2.0,4.0,18.0,5.9261140803164825,2.626364080316483,8.5,0.00367846148944124,0.027170882048417753,0.0003670405797101303
2.0,5.0,18.0,5.926228160632966,2.7612108185127324,8.5,0.0024016107951749764,0.027174667972896915,0.00013837555756338873
2.0,6.0,18.0,5.918185199544742,2.8141698042120584,8.5,0.0019015524893634477,0.027098999970537226,5.0481927180846734e-5
2.0,7.0,18.0,5.895170689293565,2.859335698724533,8.5,0.0014762803082536797,0.026882122021858933,-2.1397110533146524e-5
2.0,8.0,18.0,5.859335698724533,2.8951706892935642,8.5,0.00114007848927886,0.026545185953331916,-7.575942305656132e-5
2.0,9.0,18.0,5.814169804212058,2.918185199544742,8.5,0.0009251801075924026,0.026121710818398317,-0.00010793100986273099
2.0,10.0,18.0,5.7612108185127315,2.9262281606329656,8.5,0.0008509756702033319,0.02562655508507818,-0.00011538758599017717
2.0,11.0,18.0,5.1136140803164825,2.926114080316483,8.5,0.0008623345922293103,0.019585191593527302,-5.7597426444077686e-5
2.0,12.0,18.0,4.463114080316483,2.926114080316483,8.5,0.0008695128640181976,0.013338789653253507,-5.018104248899394e-6
2.0,13.0,18.0,3.8126140803164827,2.926114080316483,8.5,0.000875062542187636,0.007047146822858946,4.515392221270193e-5
2.0,14.0,18.0,3.1650173421202332,2.9262281606329656,8.5,0.0008791273368356871,0.0012760586790097836,9.693480793168948e-5
2.0,15.0,18.0,3.112058356420907,2.918185199544742,8.5,0.0009436589353721587,0.0008537894752290475,0.00010123836483795936
2.0,16.0,18.0,3.0668924619084326,2.8951706892935642,8.5,0.001123647173180288,0.0005011926380931839,0.00010453999062276169
2.0,17.0,18.0,3.0310574713394014,2.859335698724533,8.5,0.0013973089410566626,0.00022775779395041697,0.00010678260771175849
2.0,18.0,18.0,3.0080429610882238,2.8141698042120584,8.5,0.0017334067271831167,5.6531790159669e-5,0.0001079528349591487
2.0,19.0,18.0,3.0,2.7612108185127324,8.5,0.0021161509129184837,-1.6448664382531728e-6,0.00010844900353783206
2.0,20.0,18.0,3.0001140803164827,2.113614080316483,8.5,0.005780534091714905,-6.898159688639692e-7,0.00010734178892499135
2.0,21.0,18.0,3.0001140803164827,1.4631140803164828,8.5,0.007086199969985212,1.0496103309761956e-6,0.00010653374968479049
2.0,22.0,18.0,3.0001140803164827,0.8126140803164827,8.5,0.005768319633935988,2.8094022746002598e-6,0.00010718208754042852
2.0,23.0,18.0,3.0,0.16501734212023322,8.5,0.0021045570637870594,3.7718775171832627e-6,0.00010813998642554597
2.0,24.0,18.0,3.0080429610882238,0.11205835642090678,8.5,0.001722866262051931,-5.423690590324562e-5,0.0001077481643898567
2.0,25.0,18.0,3.0310574713394014,0.06689246190843257,8.5,0.0013878273424809038,-0.00022491039068102796,0.00010644209126834746
2.0,26.0,18.0,3.0668924619084326,0.0310574713394014,8.5,0.0011151317200651318,-0.0004973796860041167,0.00010415028737592507
2.0,27.0,18.0,3.112058356420907,0.008042961088223777,8.5,0.0009358422459925196,-0.0008486108248452357,0.0001008989411506599
2.0,28.0,18.0,3.1650173421202332,0.0,8.5,0.0008715804603917141,-0.001269096609276793,9.663140777470314e-5
2.0,29.0,18.0,3.8126140803164827,0.0001140803164827453,8.5,0.000867507476403355,-0.007006274431605915,4.523946985314852e-5
2.0,30.0,18.0,4.463114080316483,0.0001140803164827453,8.5,0.000862010385164234,-0.0132505388454892,-4.518322065848552e-6
2.0,31.0,18.0,5.1136140803164825,0.0001140803164827453,8.5,0.0008549221717652913,-0.01944517857123556,-5.6696774327580144e-5
2.0,32.0,18.0,5.761210818512732,0.0,8.5,0.0008436976493313372,-0.02543494473646066,-0.00011411045999975202
2.0,33.0,18.0,5.814169804212058,0.008042961088223777,8.5,0.0009172734856210056,-0.02592588301315572,-0.00010667890863324556
2.0,34.0,18.0,5.859335698724533,0.0310574713394014,8.5,0.001130348083733567,-0.026345756641967557,-7.464745889690877e-5
2.0,35.0,18.0,5.895170689293565,0.06689246190843257,8.5,0.0014636993556625636,-0.026679830804483443,-2.0534994710778397e-5
2.0,36.0,18.0,5.918185199544742,0.11205835642090678,8.5,0.0018853698983027592,-0.026894867844342876,5.100062397005764e-5
2.0,37.0,18.0,5.926228160632966,0.16501734212023322,8.5,0.002381197520646846,-0.02696989179258157,0.00013845786008720142
2.0,38.0,18.0,5.9261140803164825,0.29986408031648293,8.5,0.003647261306321728,-0.02696612934510704,0.0003659637364078969
2.0,39.0,18.0,5.9261140803164825,0.43761408031648275,8.5,0.004943897589855685,-0.02696043093318568,0.0005984494091072504
2.0,40.0,18.0,5.9261140803164825,0.5753640803164828,8.5,0.006242056376412225,-0.026951717164047487,0.0008313746793558161
2.0,41.0,18.0,5.9261140803164825,0.7131140803164828,8.5,0.007539745257461182,-0.02693994129593676,0.0010650659882910642
1.0,1.0,19.0,2.926114080316483,2.213114080316483,9.0,0.00040845656198596587,-4.331302433893637e-5,0.00013753804972632314
1.0,2.0,19.0,2.926114080316483,2.350864080316483,9.0,0.0004481306865053718,-4.37187424116973e-5,0.0001329519954665058
1.0,3.0,19.0,2.926114080316483,2.488614080316483,9.0,0.0004876874274063266,-4.415653266982425e-5,0.00012843647666413687
1.0,4.0,19.0,2.926114080316483,2.626364080316483,9.0,0.000527831525437684,-4.4615150387954875e-5,0.00012394262019916797
1.0,5.0,19.0,2.9262281606329656,2.7612108185127324,9.0,0.0005682130338913938,-4.510748542264289e-5,0.00011952545124763754
1.0,6.0,19.0,2.918185199544742,2.8141698042120584,9.0,0.000584517569331847,-4.282587746030226e-5,0.00011815229221021391
1.0,7.0,19.0,2.8951706892935642,2.859335698724533,9.0,0.0005987645176735165,-3.5785507369222716e-5,0.00011734488149690248
1.0,8.0,19.0,2.859335698724533,2.8951706892935642,9.0,0.0006103361232214229,-2.4503274204036605e-5,0.00011706848215049908
1.0,9.0,19.0,2.814169804212059,2.918185199544742,9.0,0.0006179626247768361,-1.0008365229769889e-5,0.00011722446710547519
1.0,10.0,19.0,2.761210818512732,2.9262281606329656,9.0,0.0006208126413911731,7.201702244006959e-6,0.0001176802172412392
1.0,11.0,19.0,2.113614080316483,2.926114080316483,9.0,0.000622716025843868,0.00020752504154274571,0.00012428793894010692
1.0,12.0,19.0,1.4631140803164828,2.926114080316483,9.0,0.0006229815631930924,0.0002990379439849255,0.00013201145177486613
1.0,13.0,19.0,0.8126140803164827,2.926114080316483,9.0,0.0006217969005714606,0.00023595237598511982,0.0001402670710226814
1.0,14.0,19.0,0.16501734212023322,2.9262281606329656,9.0,0.0006193286214563357,5.8574695129711e-5,0.0001488460812078857
1.0,15.0,19.0,0.11205835642090678,2.918185199544742,9.0,0.0006215239729961555,4.23942206556197e-5,0.00014931843959776206
1.0,16.0,19.0,0.06689246190843257,2.8951706892935642,9.0,0.0006283304555143575,2.844964220395818e-5,0.00014939824858035372
1.0,17.0,19.0,0.0310574713394014,2.859335698724533,9.0,0.0006390631849797232,1.7306084866307585e-5,0.0001492983090770852
1.0,18.0,19.0,0.008042961088223777,2.8141698042120584,9.0,0.0006525771548528446,1.0069391952947322e-5,0.00014919882312912648
1.0,19.0,19.0,0.0,2.7612108185127324,9.0,0.0006682808571010662,7.335283785710404e-6,0.000149295398262355
1.0,20.0,19.0,0.0001140803164827453,2.113614080316483,9.0,0.0008344548156574545,3.3096336345790896e-6,0.0001516042039457237
1.0,21.0,19.0,0.0001140803164827453,1.4631140803164828,9.0,0.000897930290427413,-5.284673365190992e-7,0.0001523387408952251
1.0,22.0,19.0,0.0001140803164827453,0.8126140803164827,9.0,0.0008313873905379863,-4.3647950848416455e-6,0.00015166598101805425
1.0,23.0,19.0,0.0,0.16501734212023322,9.0,0.0006635365006061605,-8.387336712375422e-6,0.00014942668105277917
1.0,24.0,19.0,0.008042961088223777,0.11205835642090678,9.0,0.0006477887710355457,-1.1127953793312467e-5,0.00014933146082110022
1.0,25.0,19.0,0.0310574713394014,0.06689246190843257,9.0,0.000634249549586478,-1.8377303821085153e-5,0.00014942478361939498
1.0,26.0,19.0,0.06689246190843257,0.0310574713394014,9.0,0.0006235059874535166,-2.9531370996820286e-5,0.00014951448865849467
1.0,27.0,19.0,0.11205835642090678,0.008042961088223777,9.0,0.0006166981892742889,-4.347795748106649e-5,0.0001494241076764504
1.0,28.0,19.0,0.16501734212023322,0.0,9.0,0.0006145041984918397,-5.9647738534065676e-5,0.00014894504043068313
1.0,29.0,19.0,0.8126140803164827,0.0001140803164827453,9.0,0.0006169769461809453,-0.00023598394853568364,0.00014033280138824828
1.0,30.0,19.0,1.4631140803164828,0.0001140803164827453,9.0,0.0006181793288761134,-0.00029713422583905027,0.00013203307106211438
1.0,31.0,19.0,2.113614080316483,0.0001140803164827453,9.0,0.0006179410400833846,-0.00020364829030062277,0.000124252816999433
1.0,32.0,19.0,2.7612108185127324,0.0,9.0,0.0006160770979786316,-1.4707911235697248e-6,0.00011756146176357126
1.0,33.0,19.0,2.814169804212059,0.008042961088223777,9.0,0.0006132070008992825,1.589269927162706e-5,0.00011710816535842432
1.0,34.0,19.0,2.859335698724533,0.0310574713394014,9.0,0.0006055138452453721,3.052173668632044e-5,0.0001169687920711869
1.0,35.0,19.0,2.8951706892935642,0.06689246190843257,9.0,0.0005938353384841057,4.1914246371206536e-5,0.00011721473895202048
1.0,36.0,19.0,2.918185199544742,0.11205835642090678,9.0,0.0005794544060556742,4.903054210904704e-5,0.00011796739964414062
1.0,37.0,19.0,2.9262281606329656,0.16501734212023322,9.0,0.0005629932279185944,5.133950519325191e-5,0.00011938726474512205
1.0,38.0,19.0,2.926114080316483,0.29986408031648293,9.0,0.0005222063780826652,5.08453669454534e-5,0.00012369085940288333
1.0,39.0,19.0,2.926114080316483,0.43761408031648275,9.0,0.00048164594087104806,5.038612013565923e-5,0.0001281128033537677
1.0,40.0,19.0,2.926114080316483,0.5753640803164828,9.0,0.00044167047799188123,4.993967414075336e-5,0.00013255486764824357
1.0,41.0,19.0,2.926114080316483,0.7131140803164828,9.0,0.0004015715225538555,4.951993416415065e-5,0.00013706369944266322
2.0,1.0,19.0,5.9261140803164825,2.213114080316483,9.0,0.007985106790263003,0.027928639409718757,0.0009041943679735931
2.0,2.0,19.0,5.9261140803164825,2.350864080316483,9.0,0.006612450033217594,0.02794090732907641,0.0007079318633924398
2.0,3.0,19.0,5.9261140803164825,2.488614080316483,9.0,0.005239701263459858,0.02794992463077028,0.0005121964710766857
2.0,4.0,19.0,5.9261140803164825,2.626364080316483,9.0,0.003867656622944967,0.027955726566167485,0.00031671351480438894
2.0,5.0,19.0,5.926228160632966,2.7612108185127324,9.0,0.0025259241301459454,0.02795944846064029,0.00012532168825451126
2.0,6.0,19.0,5.918185199544742,2.8141698042120584,9.0,0.001999610319265054,0.027879699452561402,5.23310656755143e-5
2.0,7.0,19.0,5.895170689293565,2.859335698724533,9.0,0.0015514589975091832,0.02765105730867727,-6.5421639183057615e-6
2.0,8.0,19.0,5.859335698724533,2.8951706892935642,9.0,0.0011967279382897635,0.027295468495856,-5.050236082462685e-5
2.0,9.0,19.0,5.814169804212058,2.918185199544742,9.0,0.0009697111018939727,0.02684804961749199,-7.611343802290731e-5
2.0,10.0,19.0,5.7612108185127315,2.9262281606329656,9.0,0.0008912353024815343,0.026324350446270257,-8.174586927729248e-5
2.0,11.0,19.0,5.1136140803164825,2.926114080316483,9.0,0.0009034814940327213,0.019919878066372885,-3.2328137861683156e-5
2.0,12.0,19.0,4.463114080316483,2.926114080316483,9.0,0.0009114766364854136,0.013384954812044624,1.3782212962595895e-5
2.0,13.0,19.0,3.8126140803164827,2.926114080316483,9.0,0.0009173709985540662,0.006958740002600632,5.864384920040704e-5
2.0,14.0,19.0,3.1650173421202332,2.9262281606329656,9.0,0.000920718931270402,0.0012362639053778613,0.00010605680726227564
2.0,15.0,19.0,3.112058356420907,2.918185199544742,9.0,0.0009834066334329765,0.0008253163916415226,0.00010921205376530403
2.0,16.0,19.0,3.0668924619084326,2.8951706892935642,9.0,0.001157756148267526,0.0004835671629396195,0.00011047741106515339
2.0,17.0,19.0,3.0310574713394014,2.859335698724533,9.0,0.0014218576305467905,0.00021962081841026267,0.00011061245042149911
2.0,18.0,19.0,3.0080429610882238,2.8141698042120584,9.0,0.0017449869550824834,5.50189194741181e-5,0.00011021654168071376
2.0,19.0,19.0,3.0,2.7612108185127324,9.0,0.0021115788989234034,-6.642852022386765e-7,0.00010987542498199998
2.0,20.0,19.0,3.0001140803164827,2.113614080316483,9.0,0.005545245448023189,1.1312562579141527e-7,0.00011074481381289383
2.0,21.0,19.0,3.0001140803164827,1.4631140803164828,9.0,0.006744326034088284,1.0071492282700965e-6,0.00011053084426679196
2.0,22.0,19.0,3.0001140803164827,0.8126140803164827,9.0,0.005533503770182632,1.9026484601813686e-6,0.00011059584845535051
2.0,23.0,19.0,3.0,0.16501734212023322,9.0,0.0021001594480574625,2.6983361828021015e-6,0.00010960343504812403
2.0,24.0,19.0,3.0080429610882238,0.11205835642090678,9.0,0.0017345209342000062,-5.284236777374507e-5,0.00010986895228537241
2.0,25.0,19.0,3.0310574713394014,0.06689246190843257,9.0,0.0014123439388827245,-0.00021696261997726493,0.00011032555735206321
2.0,26.0,19.0,3.0668924619084326,0.0310574713394014,9.0,0.001149107642752362,-0.0004800379746029988,0.00011020615557770576
2.0,27.0,19.0,3.112058356420907,0.008042961088223777,9.0,0.0009753859457986633,-0.0008205445538796441,0.00010891185595484533
2.0,28.0,19.0,3.1650173421202332,0.0,9.0,0.0009129431934710415,-0.0012298649277780313,0.00010576645883770447
2.0,29.0,19.0,3.8126140803164827,0.0001140803164827453,9.0,0.0009095947814070427,-0.0069205405979857505,5.8656183205312834e-5
2.0,30.0,19.0,4.463114080316483,0.0001140803164827453,9.0,0.0009037431879398622,-0.013299645879209399,1.4106879718600856e-5
2.0,31.0,19.0,5.1136140803164825,0.0001140803164827453,9.0,0.0008958312827303497,-0.01978062003676454,-3.1694924835838864e-5
2.0,32.0,19.0,5.761210818512732,0.0,9.0,0.0008837146592207212,-0.026129921496026567,-8.083343731629833e-5
2.0,33.0,19.0,5.814169804212058,0.008042961088223777,9.0,0.0009615181723426397,-0.026649118483015943,-7.52160470397131e-5
2.0,34.0,19.0,5.859335698724533,0.0310574713394014,9.0,0.001186589812520004,-0.027092697947564793,-4.96991514646474e-5
2.0,35.0,19.0,5.895170689293565,0.06689246190843257,9.0,0.0015382864375049717,-0.027445240730372453,-5.91062334914281e-6
2.0,36.0,19.0,5.918185199544742,0.11205835642090678,9.0,0.001982611223670274,-0.02767192683685082,5.27227307609751e-5
2.0,37.0,19.0,5.926228160632966,0.16501734212023322,9.0,0.0025044388727987815,-0.02775099230212106,0.00012540322610462708
2.0,38.0,19.0,5.9261140803164825,0.29986408031648293,9.0,0.00383476156429824,-0.027747292903777553,0.0003159626154795504
2.0,39.0,19.0,5.9261140803164825,0.43761408031648275,9.0,0.0051951634420077065,-0.027741531443835336,0.0005105959968103895
2.0,40.0,19.0,5.9261140803164825,0.5753640803164828,9.0,0.00655627283142706,-0.02773258219797872,0.0007054830494985396
2.0,41.0,19.0,5.9261140803164825,0.7131140803164828,9.0,0.007917284850071912,-0.027720410030917676,0.0009008985577179001
1.0,1.0,20.0,2.926114080316483,2.213114080316483,9.5,0.00047792236900502953,-2.7566854992292528e-5,0.0001420477527258256
1.0,2.0,20.0,2.926114080316483,2.350864080316483,9.5,0.0005053100406721631,-2.7951995114608907e-5,0.0001380056061770167
1.0,3.0,20.0,2.926114080316483,2.488614080316483,9.5,0.0005327126139315117,-2.8379110407304813e-5,0.00013397109087150117
1.0,4.0,20.0,2.926114080316483,2.626364080316483,9.5,0.0005603647301668985,-2.8844468630251867e-5,0.00012994341033050564
1.0,5.0,20.0,2.9262281606329656,2.7612108185127324,9.5,0.0005878303273343335,-2.9362958141682857e-5,0.00012601040905205763
1.0,6.0,20.0,2.918185199544742,2.8141698042120584,9.5,0.0005987950423788381,-2.790585012144773e-5,0.0001247943081913038
1.0,7.0,20.0,2.8951706892935642,2.859335698724533,9.5,0.0006083147525705663,-2.3279570792597424e-5,0.000124307079286358
1.0,8.0,20.0,2.859335698724533,2.8951706892935642,9.5,0.0006160060451769929,-1.588150059905562e-5,0.00012425451963858598
1.0,9.0,20.0,2.814169804212059,2.918185199544742,9.5,0.0006210623348807868,-6.421893256092264e-6,0.0001244505031188673
1.0,10.0,20.0,2.761210818512732,2.9262281606329656,9.5,0.0006229809577411901,4.753407408384739e-6,0.00012468066033293566
1.0,11.0,20.0,2.113614080316483,2.926114080316483,9.5,0.0006247917589599054,0.00013046387176022405,0.0001272428754029847
1.0,12.0,20.0,1.4631140803164828,2.926114080316483,9.5,0.0006251287568949221,0.00018701614045802114,0.0001311071108797698
1.0,13.0,20.0,0.8126140803164827,2.926114080316483,9.5,0.0006240471938899186,0.00014865675241731633,0.000135653305999179
1.0,14.0,20.0,0.16501734212023322,2.9262281606329656,9.5,0.0006215784014378332,3.97775727202359e-5,0.00014062276327586636
1.0,15.0,20.0,0.11205835642090678,2.918185199544742,9.5,0.0006228525518269039,2.9612720212344902e-5,0.00014069398301138372
1.0,16.0,20.0,0.06689246190843257,2.8951706892935642,9.5,0.0006270526638678173,2.0783347907777735e-5,0.00014029060798908174
1.0,17.0,20.0,0.0310574713394014,2.859335698724533,9.5,0.0006337757910801939,1.3663723715601093e-5,0.00013972049810542496
1.0,18.0,20.0,0.008042961088223777,2.8141698042120584,9.5,0.00064232189514142,8.980656358378798e-6,0.00013926869860934332
1.0,19.0,20.0,0.0,2.7612108185127324,9.5,0.0006523295064021945,7.139351793318248e-6,0.00013922942336113474
1.0,20.0,20.0,0.0001140803164827453,2.113614080316483,9.5,0.0007588307953113581,3.313183407886963e-6,0.00014172825095302275
1.0,21.0,20.0,0.0001140803164827453,1.4631140803164828,9.5,0.0007996427128514821,-4.972795880770913e-7,0.0001425392972782654
1.0,22.0,20.0,0.0001140803164827453,0.8126140803164827,9.5,0.0007561833326509975,-4.3072903422559015e-6,0.00014179343698366247
1.0,23.0,20.0,0.0,0.16501734212023322,9.5,0.0006478378779215417,-8.1335915859165e-6,0.00013936338915071904
1.0,24.0,20.0,0.008042961088223777,0.11205835642090678,9.5,0.0006377286262938155,-9.99047387871581e-6,0.00013940497769837325
1.0,25.0,20.0,0.0310574713394014,0.06689246190843257,9.5,0.0006291006345913675,-1.471534949918976e-5,0.000139853167709952
1.0,26.0,20.0,0.06689246190843257,0.0310574713394014,9.5,0.0006223161705553791,-2.1896260372644992e-5,0.0001404158937012935
1.0,27.0,20.0,0.11205835642090678,0.008042961088223777,9.5,0.0006180790442517741,-3.079795041859323e-5,0.00014081038546472508
1.0,28.0,20.0,0.16501734212023322,0.0,9.5,0.0006167927722860091,-4.1041171596324365e-5,0.00014073123216963397
1.0,29.0,20.0,0.8126140803164827,0.0001140803164827453,9.5,0.0006192665499741633,-0.00015020301502731943,0.00013569286651651257
1.0,30.0,20.0,1.4631140803164828,0.0001140803164827453,9.5,0.0006203661132516309,-0.00018732574174143424,0.00013107327512185417
1.0,31.0,20.0,2.113614080316483,0.0001140803164827453,9.5,0.0006200582493425739,-0.00012822925290953375,0.00012712291015641298
1.0,32.0,20.0,2.7612108185127324,0.0,9.5,0.0006182837914444966,7.694799932000349e-7,0.00012445843423499093
1.0,33.0,20.0,2.814169804212059,0.008042961088223777,9.5,0.0006163278147281613,1.2213974651030173e-5,0.00012421918451403522
1.0,34.0,20.0,2.859335698724533,0.0310574713394014,9.5,0.0006111597288768047,2.19026992779979e-5,0.00012400948241980277
1.0,35.0,20.0,2.8951706892935642,0.06689246190843257,9.5,0.0006032936445071407,2.948118602653765e-5,0.00012407730409623194
1.0,36.0,20.0,2.918185199544742,0.11205835642090678,9.5,0.000593552808512904,3.4221250846060445e-5,0.00012458937942098284
1.0,37.0,20.0,2.9262281606329656,0.16501734212023322,9.5,0.0005823299650819664,3.571981642867326e-5,0.00012576077488356973
1.0,38.0,20.0,2.926114080316483,0.29986408031648293,9.5,0.000554218572861267,3.520713690590675e-5,0.00012969491729147747
1.0,39.0,20.0,2.926114080316483,0.43761408031648275,9.5,0.0005259190891418392,3.473979625774222e-5,0.00013370150324817413
1.0,40.0,20.0,2.926114080316483,0.5753640803164828,9.5,0.0004978748007098945,3.4307145419915864e-5,0.00013772084298015693
1.0,41.0,20.0,2.926114080316483,0.7131140803164828,9.5,0.0004698409912775644,3.391143289157932e-5,0.00014175641431434953
2.0,1.0,20.0,5.9261140803164825,2.213114080316483,9.5,0.008403635648518567,0.028569173603082726,0.000733807135352134
2.0,2.0,20.0,5.9261140803164825,2.350864080316483,9.5,0.006959127423625346,0.028581719055318037,0.000577791151983261
2.0,3.0,20.0,5.9261140803164825,2.488614080316483,9.5,0.005514947824679932,0.028590882809737803,0.00042212915612638974
2.0,4.0,20.0,5.9261140803164825,2.626364080316483,9.5,0.004070486620405114,0.028596685668457907,0.0002666063410374308
2.0,5.0,20.0,5.926228160632966,2.7612108185127324,9.5,0.002655696320490345,0.028600316017535685,0.00011429260228086342
2.0,6.0,20.0,5.918185199544742,2.8141698042120584,9.5,0.002099797281113259,0.028515974565811543,5.656523389178126e-5
2.0,7.0,20.0,5.895170689293565,2.859335698724533,9.5,0.0016258452277346342,0.02827408086435108,1.0523609897843747e-5
2.0,8.0,20.0,5.859335698724533,2.8951706892935642,9.5,0.0012502060206473478,0.027897472292777958,-2.3475962181207303e-5
2.0,9.0,20.0,5.814169804212058,2.918185199544742,9.5,0.0010095065983146655,0.02742307264466467,-4.2984544520863824e-5
2.0,10.0,20.0,5.7612108185127315,2.9262281606329656,9.5,0.0009261922492550254,0.02686722913014087,-4.698933569139625e-5
2.0,11.0,20.0,5.1136140803164825,2.926114080316483,9.5,0.0009391537477212628,0.020059967457415624,-5.756899470719666e-6
2.0,12.0,20.0,4.463114080316483,2.926114080316483,9.5,0.0009478952593649641,0.013236609891479189,3.326128648103322e-5
2.0,13.0,20.0,3.8126140803164827,2.926114080316483,9.5,0.0009540869705212601,0.006735661536774992,7.163835652116194e-5
2.0,14.0,20.0,3.1650173421202332,2.9262281606329656,9.5,0.0009566602847176922,0.0011674403940080296,0.00011247158240733778
2.0,15.0,20.0,3.112058356420907,2.918185199544742,9.5,0.0010160961206458418,0.0007771085332961155,0.00011486932469476138
2.0,16.0,20.0,3.0668924619084326,2.8951706892935642,9.5,0.0011807883461943994,0.000454132968459155,0.00011524652244703153
2.0,17.0,20.0,3.0310574713394014,2.859335698724533,9.5,0.0014291061608661885,0.0002059156113697847,0.0001144396679463486
2.0,18.0,20.0,3.0080429610882238,2.8141698042120584,9.5,0.001731503028554647,5.187511756706505e-5,0.0001132667374015978
2.0,19.0,20.0,3.0,2.7612108185127324,9.5,0.0020729879094810106,4.343280278322117e-8,0.00011275708568346384
2.0,20.0,20.0,3.0001140803164827,2.113614080316483,9.5,0.005183242427789233,8.15226946469766e-7,0.00011387826751043815
2.0,21.0,20.0,3.0001140803164827,1.4631140803164828,9.5,0.0062400077367340545,9.579784303539002e-7,0.00011385730423335889
2.0,22.0,20.0,3.0001140803164827,0.8126140803164827,9.5,0.005171643202706782,1.1059496232120532e-6,0.00011374012497972941
2.0,23.0,20.0,3.0,0.16501734212023322,9.5,0.0020615795456548486,1.881344497968374e-6,0.00011248426674937515
2.0,24.0,20.0,3.0080429610882238,0.11205835642090678,9.5,0.001720999170877001,-4.981016428400254e-5,0.00011301955921833457
2.0,25.0,20.0,3.0310574713394014,0.06689246190843257,9.5,0.001419510112377427,-0.00020338427363222626,0.00011414512215918938
2.0,26.0,20.0,3.0668924619084326,0.0310574713394014,9.5,0.0011720205474870724,-0.00045077401105496036,0.00011493888237428298
2.0,27.0,20.0,3.112058356420907,0.008042961088223777,9.5,0.0010079289491746512,-0.0007725716761496318,0.00011458540325835655
2.0,28.0,20.0,3.1650173421202332,0.0,9.5,0.0009487264402726035,-0.0011613590583229568,0.00011220019085790128
2.0,29.0,20.0,3.8126140803164827,0.0001140803164827453,9.5,0.0009461504208492018,-0.006699010782836984,7.157009181594441e-5
2.0,30.0,20.0,4.463114080316483,0.0001140803164827453,9.5,0.0009400003238777235,-0.013153293717338255,3.341745337724923e-5
2.0,31.0,20.0,5.1136140803164825,0.0001140803164827453,9.5,0.0009313365905101439,-0.01992145911235073,-5.383755204020688e-6
2.0,32.0,20.0,5.761210818512732,0.0,9.5,0.0009184993042174236,-0.026671020007904004,-4.6425581238957155e-5
2.0,33.0,20.0,5.814169804212058,0.008042961088223777,9.5,0.001001107421918021,-0.027222141337660516,-4.242749542413066e-5
2.0,34.0,20.0,5.859335698724533,0.0310574713394014,9.5,0.0012397658740534775,-0.02769251443292972,-2.2972381502805973e-5
2.0,35.0,20.0,5.895170689293565,0.06689246190843257,9.5,0.0016122230149920786,-0.028065929611315932,1.092710593932063e-5
2.0,36.0,20.0,5.918185199544742,0.11205835642090678,9.5,0.0020821648526900952,-0.028305773679903053,5.6826528343500705e-5
2.0,37.0,20.0,5.926228160632966,0.16501734212023322,9.5,0.0026333657113798777,-0.028389399227899393,0.0001143671654774079
2.0,38.0,20.0,5.9261140803164825,0.29986408031648293,9.5,0.0040362179599978875,-0.028385791205570145,0.0002661750497751929
2.0,39.0,20.0,5.9261140803164825,0.43761408031648275,9.5,0.00546850979416158,-0.028380028074606222,0.00042118135605763327
2.0,40.0,20.0,5.9261140803164825,0.5753640803164828,9.5,0.006900530710152103,-0.02837093151272892,0.0005763282384712977
2.0,41.0,20.0,5.9261140803164825,0.7131140803164828,9.5,0.008332873845237716,-0.028358480749842988,0.0007318313507828852
1.0,1.0,21.0,2.926114080316483,2.213114080316483,10.0,0.0005600911137835689,-1.3923947517383304e-5,0.0001463888655630797
1.0,2.0,21.0,2.926114080316483,2.350864080316483,10.0,0.0005720508071794361,-1.4304668603027934e-5,0.00014292286244812135
1.0,3.0,21.0,2.926114080316483,2.488614080316483,10.0,0.0005841334527640634,-1.473303437515202e-5,0.00013946094861794895
1.0,4.0,21.0,2.926114080316483,2.626364080316483,10.0,0.000596188996858863,-1.5209681582653653e-5,0.00013599847051724232
1.0,5.0,21.0,2.9262281606329656,2.7612108185127324,10.0,0.000607829283810563,-1.5733135304708284e-5,0.00013260917829723885
1.0,6.0,21.0,2.918185199544742,2.8141698042120584,10.0,0.0006123613890410435,-1.526461164955007e-5,0.00013162212027814893
1.0,7.0,21.0,2.8951706892935642,2.859335698724533,10.0,0.0006162469237217465,-1.3518302624149698e-5,0.00013116012713671924
1.0,8.0,21.0,2.859335698724533,2.8951706892935642,10.0,0.0006193571312639446,-1.0696432989965624e-5,0.00013103516915238936
1.0,9.0,21.0,2.814169804212059,2.918185199544742,10.0,0.0006214068671144533,-7.108299567071228e-6,0.00013107178879494515
1.0,10.0,21.0,2.761210818512732,2.9262281606329656,10.0,0.0006222471374846226,-2.908803489419563e-6,0.00013104934126757352
1.0,11.0,21.0,2.113614080316483,2.926114080316483,10.0,0.0006239528167826354,4.004887204353195e-5,0.00012994804836394047
1.0,12.0,21.0,1.4631140803164828,2.926114080316483,10.0,0.0006243295071826193,5.9590329256847336e-5,0.00013013869451644532
1.0,13.0,21.0,0.8126140803164827,2.926114080316483,10.0,0.0006233185378429036,5.014647094122242e-5,0.00013100932023990696
1.0,14.0,21.0,0.16501734212023322,2.9262281606329656,10.0,0.0006208334244671579,1.8242121990215085e-5,0.00013219451527871675
1.0,15.0,21.0,0.11205835642090678,2.918185199544742,10.0,0.0006210600869122889,1.4925934429353617e-5,0.00013195106180004332
1.0,16.0,21.0,0.06689246190843257,2.8951706892935642,10.0,0.0006222814747124809,1.1942149388257981e-5,0.00013128973191333838
1.0,17.0,21.0,0.0310574713394014,2.859335698724533,10.0,0.0006244023018886129,9.437997875869529e-6,0.00013051864213739083
1.0,18.0,21.0,0.008042961088223777,2.8141698042120584,10.0,0.0006272233728803772,7.69285025690196e-6,0.00012993458765995505
1.0,19.0,21.0,0.0,2.7612108185127324,10.0,0.0006306431975713397,6.878254791203954e-6,0.00012983748366383104
1.0,20.0,21.0,0.0001140803164827453,2.113614080316483,10.0,0.0006679668688533661,3.264382677859724e-6,0.00013223944955906893
1.0,21.0,21.0,0.0001140803164827453,1.4631140803164828,10.0,0.000682301840148206,-4.6550094610961074e-7,0.00013304197725384445
1.0,22.0,21.0,0.0001140803164827453,0.8126140803164827,10.0,0.0006655805464112787,-4.195619620016517e-6,0.00013230598024443224
1.0,23.0,21.0,0.0,0.16501734212023322,10.0,0.0006263214243972594,-7.810801527407525e-6,0.00012997168418237448
1.0,24.0,21.0,0.008042961088223777,0.11205835642090678,10.0,0.0006227700158256942,-8.645604276920781e-6,0.0001300722415449715
1.0,25.0,21.0,0.0310574713394014,0.06689246190843257,10.0,0.0006198384569605281,-1.0447214370943336e-5,0.00013065547355611238
1.0,26.0,21.0,0.06689246190843257,0.0310574713394014,10.0,0.0006176314496483132,-1.3037595941720272e-5,0.0001314222707730038
1.0,27.0,21.0,0.11205835642090678,0.008042961088223777,10.0,0.0006163558975592251,-1.612750293085833e-5,0.00013207667550118143
1.0,28.0,21.0,0.16501734212023322,0.0,10.0,0.000616110784950428,-1.95640976733729e-5,0.00013231132857242873
1.0,29.0,21.0,0.8126140803164827,0.0001140803164827453,10.0,0.0006186008433410414,-5.2354841075145525e-5,0.0001310240597061862
1.0,30.0,21.0,1.4631140803164828,0.0001140803164827453,10.0,0.0006196294840049913,-6.089001186677776e-5,0.00013005094903465134
1.0,31.0,21.0,2.113614080316483,0.0001140803164827453,10.0,0.0006192804409187923,-3.8579205099918167e-5,0.00012974942993858527
1.0,32.0,21.0,2.7612108185127324,0.0,10.0,0.0006176113405124568,8.221560790889159e-6,0.0001307245401448672
1.0,33.0,21.0,2.814169804212059,0.008042961088223777,10.0,0.0006167267046915464,1.2734498709882593e-5,0.0001307404929266009
1.0,34.0,21.0,2.859335698724533,0.0310574713394014,10.0,0.0006145444763179444,1.6588082558740495e-5,0.00013071111549812616
1.0,35.0,21.0,2.8951706892935642,0.06689246190843257,10.0,0.0006112288087671625,1.9619103131232842e-5,0.00013083224469665738
1.0,36.0,21.0,2.918185199544742,0.11205835642090678,10.0,0.0006070884090975209,2.1499875093988662e-5,0.00013128875206211296
1.0,37.0,21.0,2.9262281606329656,0.16501734212023322,10.0,0.0006022625786933667,2.2016108859935213e-5,0.000132312345591919
1.0,38.0,21.0,2.926114080316483,0.29986408031648293,10.0,0.000589891237952586,2.1494711394713257e-5,0.00013572658559524774
1.0,39.0,21.0,2.926114080316483,0.43761408031648275,10.0,0.0005771065283395969,2.1018451614109e-5,0.00013922850148307645
1.0,40.0,21.0,2.926114080316483,0.5753640803164828,10.0,0.0005643024162261691,2.058547355718109e-5,0.00014273067325183632
1.0,41.0,21.0,2.926114080316483,0.7131140803164828,10.0,0.000551617812775812,2.019613846121585e-5,0.0001462385586485722
2.0,1.0,21.0,5.9261140803164825,2.213114080316483,10.0,0.00877952340458117,0.02906100032812557,0.000559949476068653
2.0,2.0,21.0,5.9261140803164825,2.350864080316483,10.0,0.00726986300945761,0.029073739235937028,0.00044542759879478375
2.0,3.0,21.0,5.9261140803164825,2.488614080316483,10.0,0.005760861559567348,0.02908299765596634,0.0003311561338230684
2.0,4.0,21.0,5.9261140803164825,2.626364080316483,10.0,0.004250774131295357,0.029088784459255387,0.00021698064995861847
2.0,5.0,21.0,5.926228160632966,2.7612108185127324,10.0,0.0027700081830589413,0.029092337729149476,0.00010516101454280051
2.0,6.0,21.0,5.918185199544742,2.8141698042120584,10.0,0.002187493297703556,0.029003872646742812,6.292053938662808e-5
2.0,7.0,21.0,5.895170689293565,2.859335698724533,10.0,0.0016903920237637787,0.02875009881589914,2.9447119793605965e-5
2.0,8.0,21.0,5.859335698724533,2.8951706892935642,10.0,0.0012960459677592198,0.02835469505931082,4.914968849708996e-6
2.0,9.0,21.0,5.814169804212058,2.918185199544742,10.0,0.0010431393908566767,0.027856239581102334,-8.969260303790922e-6
2.0,10.0,21.0,5.7612108185127315,2.9262281606329656,10.0,0.0009555176133285735,0.027271822432136182,-1.1543259145667744e-5
2.0,11.0,21.0,5.1136140803164825,2.926114080316483,10.0,0.0009690201219629729,0.020112487095998284,2.17926689605993e-5
2.0,12.0,21.0,4.463114080316483,2.926114080316483,10.0,0.000978316419461511,0.013049265835275384,5.3240416874788946e-5
2.0,13.0,21.0,3.8126140803164827,2.926114080316483,10.0,0.0009846863646102183,0.00650780664687606,8.410175707901455e-5
2.0,14.0,21.0,3.1650173421202332,2.9262281606329656,10.0,0.0009866494994876466,0.0011021032035995984,0.00011654181002554415
2.0,15.0,21.0,3.112058356420907,2.918185199544742,10.0,0.001042978783425643,0.000731608247316633,0.00011843806284146343
2.0,16.0,21.0,3.0668924619084326,2.8951706892935642,10.0,0.0011985179505627581,0.00042644415134658815,0.00011877400367166406
2.0,17.0,21.0,3.0310574713394014,2.859335698724533,10.0,0.0014320507366157227,0.0001929651465126014,0.00011823130157156769
2.0,18.0,21.0,3.0080429610882238,2.8141698042120584,10.0,0.0017152499720492328,4.871829976715083e-5,0.00011739071824963533
2.0,19.0,21.0,3.0,2.7612108185127324,10.0,0.0020337296299808333,4.1859819385857527e-7,0.00011687429480565795
2.0,20.0,21.0,3.0001140803164827,2.113614080316483,10.0,0.004858551312490551,1.2284786737602523e-6,0.00011691019932221316
2.0,21.0,21.0,3.0001140803164827,1.4631140803164828,10.0,0.005791705594682565,9.088472108158175e-7,0.0001167048274504952
2.0,22.0,21.0,3.0001140803164827,0.8126140803164827,10.0,0.00484695253700254,5.904628093241938e-7,0.0001167748492493992
2.0,23.0,21.0,3.0,0.16501734212023322,10.0,0.002022289853742872,1.4081053245111767e-6,0.00011661247570509026
2.0,24.0,21.0,3.0080429610882238,0.11205835642090678,10.0,0.0017046984221947923,-4.675707883245659e-5,0.00011709969408058646
2.0,25.0,21.0,3.0310574713394014,0.06689246190843257,10.0,0.0014223886932294143,-0.0001905509894650093,0.00011795771387624757
2.0,26.0,21.0,3.0668924619084326,0.0310574713394014,10.0,0.001189665823793447,-0.0004232170684169231,0.00011850369260589733
2.0,27.0,21.0,3.112058356420907,0.008042961088223777,10.0,0.0010347149847891957,-0.000727222279265457,0.00011815693231437024
2.0,28.0,21.0,3.1650173421202332,0.0,10.0,0.0009786155866689163,-0.0010961980103171942,0.00011626782175909063
2.0,29.0,21.0,3.8126140803164827,0.0001140803164827453,10.0,0.000976654155512805,-0.006471786053066554,8.395330352094292e-5
2.0,30.0,21.0,4.463114080316483,0.0001140803164827453,10.0,0.0009703224663188326,-0.012966881969543126,5.3230346877535454e-5
2.0,31.0,21.0,5.1136140803164825,0.0001140803164827453,10.0,0.0009611000334019808,-0.01997444370468693,2.191434129679127e-5
2.0,32.0,21.0,5.761210818512732,0.0,10.0,0.0009477162553751081,-0.027074765856339528,-1.1314833835343761e-5
2.0,33.0,21.0,5.814169804212058,0.008042961088223777,10.0,0.0010346117628507244,-0.027654332071369525,-8.739624026830598e-6
2.0,34.0,21.0,5.859335698724533,0.0310574713394014,10.0,0.0012854199201601396,-0.028148649188347044,5.13012077113398e-6
2.0,35.0,21.0,5.895170689293565,0.06689246190843257,10.0,0.0016764935664321965,-0.028540769731545252,2.9631084022023495e-5
2.0,36.0,21.0,5.918185199544742,0.11205835642090678,10.0,0.0021694699788089495,-0.02879243583848463,6.305696769572994e-5
2.0,37.0,21.0,5.926228160632966,0.16501734212023322,10.0,0.0027471518197568967,-0.028880164742970286,0.00010523134323049792
2.0,38.0,21.0,5.9261140803164825,0.29986408031648293,10.0,0.0042156347673082,-0.028876634183405706,0.00021686638528792252
2.0,39.0,21.0,5.9261140803164825,0.43761408031648275,10.0,0.005713200697046995,-0.02887088663803631,0.0003308532715606271
2.0,40.0,21.0,5.9261140803164825,0.5753640803164828,10.0,0.007209692817583997,-0.028861694410656516,0.0004449376243152336
2.0,41.0,21.0,5.9261140803164825,0.7131140803164828,10.0,0.008706838300609874,-0.028849048650599823,0.0005592751257366703
1.0,1.0,22.0,2.926114080316483,2.213114080316483,10.5,0.0006308959850063573,-2.3726615529298093e-6,0.0001507192782502469
1.0,2.0,22.0,2.926114080316483,2.350864080316483,10.5,0.0006288585981850145,-2.7543808599865553e-6,0.00014781637833294475
1.0,3.0,22.0,2.926114080316483,2.488614080316483,10.5,0.0006270070781910441,-3.182705319689496e-6,0.00014491824069517767
1.0,4.0,22.0,2.926114080316483,2.626364080316483,10.5,0.0006249547021434471,-3.660890708235115e-6,0.00014203592388794414
1.0,5.0,22.0,2.9262281606329656,2.7612108185127324,10.5,0.0006224475098126423,-4.1803533084940305e-6,0.00013924714360237443
1.0,6.0,22.0,2.918185199544742,2.8141698042120584,10.5,0.0006212940186533225,-4.576920370481381e-6,0.00013833963206980702
1.0,7.0,22.0,2.8951706892935642,2.859335698724533,10.5,0.0006202419782386069,-5.3433424889588965e-6,0.0001377903429603116
1.0,8.0,22.0,2.859335698724533,2.8951706892935642,10.5,0.0006193712229547135,-6.493877005764752e-6,0.0001374257508972485
1.0,9.0,22.0,2.814169804212059,2.918185199544742,10.5,0.0006188277795390352,-7.970875535201608e-6,0.000137142067158688
1.0,10.0,22.0,2.761210818512732,2.9262281606329656,10.5,0.0006187429564301568,-9.751969542754599e-6,0.00013680005335405795
1.0,11.0,22.0,2.113614080316483,2.926114080316483,10.5,0.0006203259830475986,-3.569243762320116e-5,0.00013238235419855816
1.0,12.0,22.0,1.4631140803164828,2.926114080316483,10.5,0.0006206948625029425,-4.641079363325984e-5,0.0001290778758326195
1.0,13.0,22.0,0.8126140803164827,2.926114080316483,10.5,0.0006197083785611125,-3.187422688703515e-5,0.0001263342752828467
1.0,14.0,22.0,0.16501734212023322,2.9262281606329656,10.5,0.0006172151470119647,-3.36222086689476e-8,0.00012366654316170296
1.0,15.0,22.0,0.11205835642090678,2.918185199544742,10.5,0.0006165630743041162,2.415024130303434e-6,0.0001231808140316141
1.0,16.0,22.0,0.06689246190843257,2.8951706892935642,10.5,0.0006152698395850088,4.370339162343878e-6,0.00012243553712204823
1.0,17.0,22.0,0.0310574713394014,2.859335698724533,10.5,0.000613488411759528,5.780381988806374e-6,0.00012166942597119449
1.0,18.0,22.0,0.008042961088223777,2.8141698042120584,10.5,0.000611436194389814,6.535122385049342e-6,0.00012112238143044358
1.0,19.0,22.0,0.0,2.7612108185127324,10.5,0.0006092282861928922,6.595898628929734e-6,0.00012103063331449394
1.0,20.0,22.0,0.0001140803164827453,2.113614080316483,10.5,0.0005871178173609895,3.1750394798303932e-6,0.00012314509306439632
1.0,21.0,22.0,0.0001140803164827453,1.4631140803164828,10.5,0.0005784857198747727,-4.329648854087601e-7,0.00012387925745829752
1.0,22.0,22.0,0.0001140803164827453,0.8126140803164827,10.5,0.0005848418605431764,-4.041381146721381e-6,0.00012321206612583475
1.0,23.0,22.0,0.0,0.16501734212023322,10.5,0.0006050051849718609,-7.463386688869723e-6,0.00012116477208189063
1.0,24.0,22.0,0.008042961088223777,0.11205835642090678,10.5,0.000607076335891485,-7.423546383949461e-6,0.00012126086136634518
1.0,25.0,22.0,0.0310574713394014,0.06689246190843257,10.5,0.0006090139310355886,-6.727329260672087e-6,0.00012180906460353254
1.0,26.0,22.0,0.06689246190843257,0.0310574713394014,10.5,0.0006107062609083068,-5.406422314323309e-6,0.0001225729800771818
1.0,27.0,22.0,0.11205835642090678,0.008042961088223777,10.5,0.000611943756188264,-3.5603864853070323e-6,0.00012331252474473834
1.0,28.0,22.0,0.16501734212023322,0.0,10.5,0.0006125769733009998,-1.2352279428515463e-6,0.00012378851773226497
1.0,29.0,22.0,0.8126140803164827,0.0001140803164827453,10.5,0.0006150750917255284,2.9693102192774766e-5,0.00012632468100301058
1.0,30.0,22.0,1.4631140803164828,0.0001140803164827453,10.5,0.0006160776602041737,4.509388725026656e-5,0.0001289391113095083
1.0,31.0,22.0,2.113614080316483,0.0001140803164827453,10.5,0.0006157349957775597,3.707990367564607e-5,0.00013210793846635895
1.0,32.0,22.0,2.7612108185127324,0.0,10.5,0.0006141861909867903,1.4854643585525524e-5,0.00013638073857294257
1.0,33.0,22.0,2.814169804212059,0.008042961088223777,10.5,0.0006142283828247564,1.337501531704657e-5,0.00013671352158058152
1.0,34.0,22.0,2.859335698724533,0.0310574713394014,10.5,0.0006146457915905211,1.2152809845377995e-5,0.00013699227832646434
1.0,35.0,22.0,2.8951706892935642,0.06689246190843257,10.5,0.0006153213374851969,1.1202085498800494e-5,0.0001373715377398426
1.0,36.0,22.0,2.918185199544742,0.11205835642090678,10.5,0.0006161296081676835,1.0562202287914526e-5,0.00013794829274909416
1.0,37.0,22.0,2.9262281606329656,0.16501734212023322,10.5,0.0006170011067354139,1.0210760946596267e-5,0.00013887068763795464
1.0,38.0,22.0,2.926114080316483,0.29986408031648293,10.5,0.0006188080181215795,9.695483109567634e-6,0.0001417452717187046
1.0,39.0,22.0,2.926114080316483,0.43761408031648275,10.5,0.0006201625540925894,9.21760100574008e-6,0.00014470869298535073
1.0,40.0,22.0,2.926114080316483,0.5753640803164828,10.5,0.000621324508788626,8.786480184793975e-6,0.00014769095563587476
1.0,41.0,22.0,2.926114080316483,0.7131140803164828,10.5,0.0006226709939794241,8.398448581241837e-6,0.00015068237352599826
2.0,1.0,22.0,5.9261140803164825,2.213114080316483,10.5,0.009047144783521446,0.029400353396005562,0.00038362123625348445
2.0,2.0,22.0,5.9261140803164825,2.350864080316483,10.5,0.007491145952662087,0.029413233187964728,0.00031149290506907076
2.0,3.0,22.0,5.9261140803164825,2.488614080316483,10.5,0.00593596202463899,0.029422564938602742,0.00023956085185317238
2.0,4.0,22.0,5.9261140803164825,2.626364080316483,10.5,0.0043792944206701885,0.029428351562111744,0.0001677261907981842
2.0,5.0,22.0,5.926228160632966,2.7612108185127324,10.5,0.0028521083443540938,0.029431868850137783,9.740450424611591e-5
2.0,6.0,22.0,5.918185199544742,2.8141698042120584,10.5,0.0022510397722087057,0.02934053756187726,7.082638597523905e-5
2.0,7.0,22.0,5.895170689293565,2.859335698724533,10.5,0.001737911741751671,0.029078544926428366,4.977529215107081e-5
2.0,8.0,22.0,5.859335698724533,2.8951706892935642,10.5,0.0013307061352138985,0.028670222594058964,3.4409521112591096e-5
2.0,9.0,22.0,5.814169804212058,2.918185199544742,10.5,0.0010694689578856647,0.028155343412621117,2.584839743975266e-5
2.0,10.0,22.0,5.7612108185127315,2.9262281606329656,10.5,0.0009789323084044696,0.02755154586887473,2.45718359935145e-5
2.0,11.0,22.0,5.1136140803164825,2.926114080316483,10.5,0.0009928146120728586,0.020159653733734698,5.0088069512506806e-5
2.0,12.0,22.0,4.463114080316483,2.926114080316483,10.5,0.0010024010267871031,0.012940273660274833,7.356054519469079e-5
2.0,13.0,22.0,3.8126140803164827,2.926114080316483,10.5,0.0010088039155577515,0.006371440894353516,9.616833525399235e-5
2.0,14.0,22.0,3.1650173421202332,2.9262281606329656,10.5,0.0010104219249383107,0.0010637394451534896,0.00011909588587491228
2.0,15.0,22.0,3.112058356420907,2.918185199544742,10.5,0.0010649208892553408,0.000704998206157938,0.0001206718141221583
2.0,16.0,22.0,3.0668924619084326,2.8951706892935642,10.5,0.0012150973644348558,0.0004102915951854646,0.00012152946363015428
2.0,17.0,22.0,3.0310574713394014,2.859335698724533,10.5,0.0014400399351243156,0.00018538073765646547,0.00012185244840964921
2.0,18.0,22.0,3.0080429610882238,2.8141698042120584,10.5,0.0017121810447395228,4.676421389209178e-5,0.00012178495208927707
2.0,19.0,22.0,3.0,2.7612108185127324,10.5,0.0020175235023311188,4.687922328885948e-7,0.00012155474667376886
2.0,20.0,22.0,3.0001140803164827,2.113614080316483,10.5,0.004684252288843213,1.3070605105313769e-6,0.00011983267499454851
2.0,21.0,22.0,3.0001140803164827,1.4631140803164828,10.5,0.005549436960634316,8.568490609192915e-7,0.00011924253819275629
2.0,22.0,22.0,3.0001140803164827,0.8126140803164827,10.5,0.004672639425699815,4.091597705905179e-7,0.00011970022928194907
2.0,23.0,22.0,3.0,0.16501734212023322,10.5,0.002006045917391501,1.2525818918691402e-6,0.00012129416948458462
2.0,24.0,22.0,3.0080429610882238,0.11205835642090678,10.5,0.0017015887201961397,-4.490691698698094e-5,0.00012152563382207004
2.0,25.0,22.0,3.0310574713394014,0.06689246190843257,10.5,0.001430336815785939,-0.00018306856755595776,0.00012157192991265802
2.0,26.0,22.0,3.0668924619084326,0.0310574713394014,10.5,0.0012062058921372143,-0.0004071673628856965,0.00012124082010726224
2.0,27.0,22.0,3.112058356420907,0.008042961088223777,10.5,0.0010566189172694653,-0.0007007163039835774,0.00012038878469254786
2.0,28.0,22.0,3.1650173421202332,0.0,10.5,0.001002349855935734,-0.001057938900125875,0.00011881328140596056
2.0,29.0,22.0,3.8126140803164827,0.0001140803164827453,10.5,0.001000733591819324,-0.006335573333994332,9.59354954826905e-5
2.0,30.0,22.0,4.463114080316483,0.0001140803164827453,10.5,0.0009943675444557788,-0.012858236133026366,7.338824076225495e-5
2.0,31.0,22.0,5.1136140803164825,0.0001140803164827453,10.5,0.0009848505598111428,-0.020022001650576778,4.9966182352167656e-5
2.0,32.0,22.0,5.761210818512732,0.0,10.5,0.0009710822737947398,-0.027354563384887273,2.4475917409803675e-5
2.0,33.0,22.0,5.814169804212058,0.008042961088223777,10.5,0.001060885417542874,-0.027953465095774274,2.576192863717193e-5
2.0,34.0,22.0,5.859335698724533,0.0310574713394014,10.5,0.0013200028856586448,-0.028464165050280817,3.4347918055246775e-5
2.0,35.0,22.0,5.895170689293565,0.06689246190843257,10.5,0.0017239012393067059,-0.028869169936834145,4.975126517126306e-5
2.0,36.0,22.0,5.918185199544742,0.11205835642090678,10.5,0.0022328584651486643,-0.0291290319065708,7.084835574509846e-5
2.0,37.0,22.0,5.926228160632966,0.16501734212023322,10.5,0.00282903800035652,-0.029219618890257096,9.747841244489767e-5
2.0,38.0,22.0,5.9261140803164825,0.29986408031648293,10.5,0.00434379088101788,-0.029216124854329818,0.00016792854090431748
2.0,39.0,22.0,5.9261140803164825,0.43761408031648275,10.5,0.005887777027120256,-0.029210377124336478,0.00023989445810665498
2.0,40.0,22.0,5.9261140803164825,0.5753640803164828,10.5,0.00743028947456913,-0.02920111045660334,0.0003119594772297665
2.0,41.0,22.0,5.9261140803164825,0.7131140803164828,10.5,0.00897361276445695,-0.02918832198089453,0.00038422393050141995
1.0,1.0,23.0,2.926114080316483,2.213114080316483,11.0,0.0006751173084453896,7.276414540762563e-6,0.00015505578617298291
1.0,2.0,23.0,2.926114080316483,2.350864080316483,11.0,0.0006634556524713712,6.900037415466304e-6,0.00015265150717831019
1.0,3.0,23.0,2.926114080316483,2.488614080316483,11.0,0.0006519954338220826,6.481036881413649e-6,0.00015027525756210154
1.0,4.0,23.0,2.926114080316483,2.626364080316483,11.0,0.0006402774350929633,6.014558905211926e-6,0.00014793754927903722
1.0,5.0,23.0,2.9262281606329656,2.7612108185127324,11.0,0.0006282131798273012,5.518426496870075e-6,0.0001456978472426278
1.0,6.0,23.0,2.918185199544742,2.8141698042120584,11.0,0.0006232719345417574,4.553100364755091e-6,0.00014486344006774064
1.0,7.0,23.0,2.8951706892935642,2.859335698724533,11.0,0.0006189614825798843,2.1345135113650403e-6,0.00014410479674755824
1.0,8.0,23.0,2.859335698724533,2.8951706892935642,11.0,0.0006154872896551415,-1.6044040209540895e-6,0.00014338672953753163
1.0,9.0,23.0,2.814169804212059,2.918185199544742,11.0,0.000613262692005726,-6.352007022463072e-6,0.00014271288588813382
1.0,10.0,23.0,2.761210818512732,2.9262281606329656,11.0,0.0006125814919033258,-1.196186066179631e-5,0.0001420411679486595
1.0,11.0,23.0,2.113614080316483,2.926114080316483,11.0,0.0006140376170684644,-8.030816343084186e-5,0.00013454500196807058
1.0,12.0,23.0,1.4631140803164828,2.926114080316483,11.0,0.0006143473804906751,-0.00010950545902159308,0.00012791163180847858
1.0,13.0,23.0,0.8126140803164827,2.926114080316483,11.0,0.0006133443167912448,-8.10705537883211e-5,0.00012165576247439002
1.0,14.0,23.0,0.16501734212023322,2.9262281606329656,11.0,0.0006108667581225473,-1.1345717917354051e-5,0.00011520378939641719
1.0,15.0,23.0,0.11205835642090678,2.918185199544742,11.0,0.0006096838381331193,-5.382964702703937e-6,0.00011452191842564051
1.0,16.0,23.0,0.06689246190843257,2.8951706892935642,11.0,0.0006068543259333186,-4.017339578729016e-7,0.00011378595194821951
1.0,17.0,23.0,0.0310574713394014,2.859335698724533,11.0,0.0006026742346676389,3.418030930273205e-6,0.0001131322769951424
1.0,18.0,23.0,0.008042961088223777,2.8141698042120584,11.0,0.0005976111124248076,5.7188948363418e-6,0.00011271085483739504
1.0,19.0,23.0,0.0,2.7612108185127324,11.0,0.000591910405638493,6.323749245061952e-6,0.00011266059192477417
1.0,20.0,23.0,0.0001140803164827453,2.113614080316483,11.0,0.000532678121414014,3.0598470951839393e-6,0.00011441806824139794
1.0,21.0,23.0,0.0001140803164827453,1.4631140803164828,11.0,0.0005095198674315131,-3.996579375059094e-7,0.00011505703239669399
1.0,22.0,23.0,0.0001140803164827453,0.8126140803164827,11.0,0.0005304103178123833,-3.859464121411878e-6,0.00011448524744610606
1.0,23.0,23.0,0.0,0.16501734212023322,11.0,0.0005877456865176956,-7.123740603783833e-6,0.00011279525102594659
1.0,24.0,23.0,0.008042961088223777,0.11205835642090678,11.0,0.0005933208636755359,-6.538006290026212e-6,0.00011285030974852191
1.0,25.0,23.0,0.0310574713394014,0.06689246190843257,11.0,0.0005982810165004374,-4.2896354414129486e-6,0.00011327366783411614
1.0,26.0,23.0,0.06689246190843257,0.0310574713394014,11.0,0.0006023829240014926,-5.480416550033173e-7,0.0001139257577088628
1.0,27.0,23.0,0.11205835642090678,0.008042961088223777,11.0,0.0006051647546034605,4.339679916004361e-6,0.00011465596573309307
1.0,28.0,23.0,0.16501734212023322,0.0,11.0,0.0006063320143678558,1.019952916678071e-5,0.00011532685741630835
1.0,29.0,23.0,0.8126140803164827,0.0001140803164827453,11.0,0.000608814286536032,7.932130374514816e-5,0.0001216220940272408
1.0,30.0,23.0,1.4631140803164828,0.0001140803164827453,11.0,0.0006098318864941473,0.0001087251858510018,0.0001277240690130374
1.0,31.0,23.0,2.113614080316483,0.0001140803164827453,11.0,0.0006095459331452051,8.197436715570335e-5,0.00013419907983388564
1.0,32.0,23.0,2.7612108185127324,0.0,11.0,0.0006081227633671911,1.680495367591065e-5,0.00014152826879626487
1.0,33.0,23.0,2.814169804212059,0.008042961088223777,11.0,0.0006087680889522647,1.145155856063837e-5,0.0001421905468584332
1.0,34.0,23.0,2.859335698724533,0.0310574713394014,11.0,0.0006108851666357518,6.920747995717091e-6,0.00014287042523166885
1.0,35.0,23.0,2.8951706892935642,0.06689246190843257,11.0,0.0006141924251157301,3.3523242655586753e-6,0.00014360092572702048
1.0,36.0,23.0,2.918185199544742,0.11205835642090678,11.0,0.000618295017877316,1.0428713034875096e-6,0.00014438214987163214
1.0,37.0,23.0,2.9262281606329656,0.16501734212023322,11.0,0.0006229959029766727,1.1650623670942635e-7,0.00014526547528168724
1.0,38.0,23.0,2.926114080316483,0.29986408031648293,11.0,0.0006344620431072938,-3.7669873565916003e-7,0.00014761839202842266
1.0,39.0,23.0,2.926114080316483,0.43761408031648275,11.0,0.0006455825413929394,-8.419117636105402e-7,0.00015007651333719167
1.0,40.0,23.0,2.926114080316483,0.5753640803164828,11.0,0.0006564515125861409,-1.2627336633537417e-6,0.00015257455502326763
1.0,41.0,23.0,2.926114080316483,0.7131140803164828,11.0,0.0006675218371986467,-1.6437137014971263e-6,0.00015510293477095653
2.0,1.0,23.0,5.9261140803164825,2.213114080316483,11.0,0.009173053150172493,0.029584581207600543,0.00020549046254568503
2.0,2.0,23.0,5.9261140803164825,2.350864080316483,11.0,0.007595824014753723,0.029597568041228865,0.00017636058919259461
2.0,3.0,23.0,5.9261140803164825,2.488614080316483,11.0,0.006019376101477504,0.029606967102100444,0.00014738958488522686
2.0,4.0,23.0,5.9261140803164825,2.626364080316483,11.0,0.004441509333620841,0.02961278225041877,0.000118526101450723
2.0,5.0,23.0,5.926228160632966,2.7612108185127324,11.0,0.0028937633900816286,0.029616309792541547,9.03178075984644e-5
2.0,6.0,23.0,5.918185199544742,2.8141698042120584,11.0,0.002284718019613608,0.02952375486441968,7.958487796147781e-5
2.0,7.0,23.0,5.895170689293565,2.859335698724533,11.0,0.0017648564321488525,0.029258312602775803,7.103549445756433e-5
2.0,8.0,23.0,5.859335698724533,2.8951706892935642,11.0,0.001352378642687505,0.02884468791759901,6.48483996725597e-5
2.0,9.0,23.0,5.814169804212058,2.918185199544742,11.0,0.0010878140056847431,0.028323223365840536,6.158247895941832e-5
2.0,10.0,23.0,5.7612108185127315,2.9262281606329656,11.0,0.0009961526349708128,0.027711832127241477,6.156612916739424e-5
2.0,11.0,23.0,5.1136140803164825,2.926114080316483,11.0,0.001010276777156976,0.020236453631844564,7.897177794426023e-5
2.0,12.0,23.0,4.463114080316483,2.926114080316483,11.0,0.00101989417617194,0.012958168406253433,9.410103228866622e-5
2.0,13.0,23.0,3.8126140803164827,2.926114080316483,11.0,0.0010261920243353183,0.006364721124775513,0.00010804386152415002
2.0,14.0,23.0,3.1650173421202332,2.9262281606329656,11.0,0.0010277522618656466,0.0010609720325147286,0.00012118469092210562
2.0,15.0,23.0,3.112058356420907,2.918185199544742,11.0,0.0010821143872346301,0.0007031529716231578,0.00012244317094489173
2.0,16.0,23.0,3.0668924619084326,2.8951706892935642,11.0,0.0012319061745775805,0.00040920006849393527,0.00012381520186000432
2.0,17.0,23.0,3.0310574713394014,2.859335698724533,11.0,0.0014562922207508671,0.00018483662644355587,0.0001250507885764106
2.0,18.0,23.0,3.0080429610882238,2.8141698042120584,11.0,0.0017278112391945915,4.652505642485003e-5,0.00012584057937859537
2.0,19.0,23.0,3.0,2.7612108185127324,11.0,0.002032533214702479,3.0789327367623823e-7,0.00012587770321268097
2.0,20.0,23.0,3.0001140803164827,2.113614080316483,11.0,0.004696217023936161,1.1007410249105048e-6,0.00012254821394815029
2.0,21.0,23.0,3.0001140803164827,1.4631140803164828,11.0,0.005560062903393312,8.028761897262576e-7,0.00012157202032114695
2.0,22.0,23.0,3.0001140803164827,0.8126140803164827,11.0,0.004684684610369802,5.066724922607137e-7,0.00012241615820730975
2.0,23.0,23.0,3.0,0.16501734212023322,11.0,0.0020210890685277874,1.306167397796759e-6,0.00012562081493956153
2.0,24.0,23.0,3.0080429610882238,0.11205835642090678,11.0,0.001717245876560126,-4.477707813757355e-5,0.00012556653791832942
2.0,25.0,23.0,3.0310574713394014,0.06689246190843257,11.0,0.0014466108296878593,-0.00018263756400098449,0.0001247733879345394
2.0,26.0,23.0,3.0668924619084326,0.0310574713394014,11.0,0.0012230325008863393,-0.0004061914353730381,0.0001235290587243673
2.0,27.0,23.0,3.112058356420907,0.008042961088223777,11.0,0.0010738285668598724,-0.0006989884670825513,0.00012214442761451815
2.0,28.0,23.0,3.1650173421202332,0.0,11.0,0.0010196964378527133,-0.0010552903840575186,0.00012088256102686427
2.0,29.0,23.0,3.8126140803164827,0.0001140803164827453,11.0,0.0010181392480816181,-0.00632899584572006,0.00010772594925292015
2.0,30.0,23.0,4.463114080316483,0.0001140803164827453,11.0,0.0010118760726747181,-0.012876473883797791,9.376993500933392e-5
2.0,31.0,23.0,5.1136140803164825,0.0001140803164827453,11.0,0.0010023245558535676,-0.02009949725279005,7.861442051862886e-5
2.0,32.0,23.0,5.761210818512732,0.0,11.0,0.0009883100303091396,-0.027515878559503014,6.115562287771694e-5
2.0,33.0,23.0,5.814169804212058,0.008042961088223777,11.0,0.0010792400078022293,-0.02812239027032376,6.119038102555822e-5
2.0,34.0,23.0,5.859335698724533,0.0310574713394014,11.0,0.0013416906768748734,-0.028639687708650798,6.452167010788772e-5
2.0,35.0,23.0,5.895170689293565,0.06689246190843257,11.0,0.0017508688117310175,-0.029050003140914472,7.08157674614332e-5
2.0,36.0,23.0,5.918185199544742,0.11205835642090678,11.0,0.00226656734705949,-0.029313319163512146,7.950414153445468e-5
2.0,37.0,23.0,5.926228160632966,0.16501734212023322,11.0,0.002870730622167303,-0.02940513123921935,9.040446170608582e-5
2.0,38.0,23.0,5.9261140803164825,0.29986408031648293,11.0,0.004406053122388864,-0.029401627378106667,0.00011904468316926135
2.0,39.0,23.0,5.9261140803164825,0.43761408031648275,11.0,0.005971240633803108,-0.029395850691832755,0.0001483498043566849
2.0,40.0,23.0,5.9261140803164825,0.5753640803164828,11.0,0.007535015879697537,-0.029386515435460985,0.0001777645862757617
2.0,41.0,23.0,5.9261140803164825,0.7131140803164828,11.0,0.00909956965062141,-0.029373617827504077,0.00020734191116770066
1.0,1.0,24.0,2.926114080316483,2.213114080316483,11.5,0.0006875083017534843,1.5273660980233628e-5,0.00015929445624018453
1.0,2.0,24.0,2.926114080316483,2.350864080316483,11.5,0.0006716731559554265,1.491344088394865e-5,0.00015732612905965124
1.0,3.0,24.0,2.926114080316483,2.488614080316483,11.5,0.0006560155739181532,1.4515640690556287e-5,0.00015540805164015618
1.0,4.0,24.0,2.926114080316483,2.626364080316483,11.5,0.0006401403137783127,1.407603834657543e-5,0.00015355262110249476
1.0,5.0,24.0,2.9262281606329656,2.7612108185127324,11.5,0.0006241090540809232,1.3614927193654046e-5,0.00015180881536203347
1.0,6.0,24.0,2.918185199544742,2.8141698042120584,11.5,0.0006176525869254923,1.2434240378934365e-5,0.00015099808260427412
1.0,7.0,24.0,2.8951706892935642,2.859335698724533,11.5,0.0006120738251154625,9.385212186810349e-6,0.0001500325626294389
1.0,8.0,24.0,2.859335698724533,2.8951706892935642,11.5,0.0006076142280664385,4.678890793472149e-6,0.0001489618614806785
1.0,9.0,24.0,2.814169804212059,2.918185199544742,11.5,0.0006047695080159286,-1.260160816545338e-6,0.00014789400052220625
1.0,10.0,24.0,2.761210818512732,2.9262281606329656,11.5,0.0006038702363189611,-8.228402350943778e-6,0.0001468953202281577
1.0,11.0,24.0,2.113614080316483,2.926114080316483,11.5,0.0006052004710255451,-8.970767629999322e-5,0.00013645914470965646
1.0,12.0,24.0,1.4631140803164828,2.926114080316483,11.5,0.0006054150296535384,-0.00012467883831866023,0.00012664133912178505
1.0,13.0,24.0,0.8126140803164827,2.926114080316483,11.5,0.0006043689301506432,-9.354817995664196e-5,0.00011701769152129754
1.0,14.0,24.0,0.16501734212023322,2.9262281606329656,11.5,0.0006019373208813564,-1.4657066787263815e-5,0.00010697210157496334
1.0,15.0,24.0,0.11205835642090678,2.918185199544742,11.5,0.0006006185188067016,-7.742009499856608e-6,0.00010611179094727698
1.0,16.0,24.0,0.06689246190843257,2.8951706892935642,11.5,0.0005973722253224745,-1.9250116587441857e-6,0.00010539643718360437
1.0,17.0,24.0,0.0310574713394014,2.859335698724533,11.5,0.0005925250939957016,2.572409580827278e-6,0.0001048629744881971
1.0,18.0,24.0,0.008042961088223777,2.8141698042120584,11.5,0.0005866088953881593,5.315709667176641e-6,0.00010457367290371942
1.0,19.0,24.0,0.0,2.7612108185127324,11.5,0.0005799030736452013,6.080423369257579e-6,0.00010457200076309251
1.0,20.0,24.0,0.0001140803164827453,2.113614080316483,11.5,0.0005098668729974681,2.934718890220243e-6,0.0001060135044739953
1.0,21.0,24.0,0.0001140803164827453,1.4631140803164828,11.5,0.0004823139481974978,-3.6575001147580217e-7,0.00010656197186842886
1.0,22.0,24.0,0.0001140803164827453,0.8126140803164827,11.5,0.0005075644348166085,-3.6663146936962405e-6,0.00010608087935426822
1.0,23.0,24.0,0.0,0.16501734212023322,11.5,0.000575790066521426,-6.811600262643371e-6,0.00010470770155049928
1.0,24.0,24.0,0.008042961088223777,0.11205835642090678,11.5,0.0005823886158451193,-6.063135883204943e-6,0.00010471417359515763
1.0,25.0,24.0,0.0310574713394014,0.06689246190843257,11.5,0.0005882198831669688,-3.3630580105937934e-6,0.00010500506230786804
1.0,26.0,24.0,0.06689246190843257,0.0310574713394014,11.5,0.0005930050414135944,1.0724445216507508e-6,0.0001055361987517382
1.0,27.0,24.0,0.11205835642090678,0.008042961088223777,11.5,0.000596215213423235,6.818578644792815e-6,0.00010624468318887007
1.0,28.0,24.0,0.16501734212023322,0.0,11.5,0.0005975227931818855,1.3659536688816573e-5,0.00010709249260013513
1.0,29.0,24.0,0.8126140803164827,0.0001140803164827453,11.5,0.0005999591123508636,9.235626597833896e-5,0.00011695979267027498
1.0,30.0,24.0,1.4631140803164828,0.0001140803164827453,11.5,0.0006010182929085282,0.00012458407636465268,0.00012640727719224475
1.0,31.0,24.0,2.113614080316483,0.0001140803164827453,11.5,0.0006008256335017554,9.170916950780581e-5,0.00013604458757517405
1.0,32.0,24.0,2.7612108185127324,0.0,11.5,0.0005995263085402092,1.2724943428078793e-5,0.00014629255910621054
1.0,33.0,24.0,2.814169804212059,0.008042961088223777,11.5,0.0006003980494468184,5.9572085630545025e-6,0.00014728174257136044
1.0,34.0,24.0,2.859335698724533,0.0310574713394014,11.5,0.000603159366402478,1.8807138510900534e-7,0.00014835358620576136
1.0,35.0,24.0,2.8951706892935642,0.06689246190843257,11.5,0.0006074888384684968,-4.384332868437536e-6,0.00014944788964936395
1.0,36.0,24.0,2.918185199544742,0.11205835642090678,11.5,0.0006129042697939846,-7.347776944375588e-6,0.00015045329417531146
1.0,37.0,24.0,2.9262281606329656,0.16501734212023322,11.5,0.0006191706513343873,-8.49753980063339e-6,0.0001513121495453149
1.0,38.0,24.0,2.926114080316483,0.29986408031648293,11.5,0.0006347265078208235,-8.95499481951229e-6,0.00015320397692688642
1.0,39.0,24.0,2.926114080316483,0.43761408031648275,11.5,0.0006501245002691117,-9.393031437761916e-6,0.00015520920025160006
1.0,40.0,24.0,2.926114080316483,0.5753640803164828,11.5,0.0006653087945835587,-9.79143432313602e-6,0.0001572792043460481
1.0,41.0,24.0,2.926114080316483,0.7131140803164828,11.5,0.0006806714344149042,-1.0154565475017991e-5,0.00015940249421050745
2.0,1.0,24.0,5.9261140803164825,2.213114080316483,11.5,0.00916041300817958,0.02961194411027987,2.6073979446644414e-5
2.0,2.0,24.0,5.9261140803164825,2.350864080316483,11.5,0.007586652896418923,0.029625006346859804,4.0302193884166895e-5
2.0,3.0,24.0,5.9261140803164825,2.488614080316483,11.5,0.0060134986193373235,0.02963446443292168,5.46362528163424e-5
2.0,4.0,24.0,5.9261140803164825,2.626364080316483,11.5,0.0044393471159602975,0.02964032855113357,6.906385707193708e-5
2.0,5.0,24.0,5.926228160632966,2.7612108185127324,11.5,0.002896198876715271,0.029643897459449137,8.325298581705266e-5
2.0,6.0,24.0,5.918185199544742,2.8141698042120584,11.5,0.0022893721050488173,0.02955169547243343,8.856518818664193e-5
2.0,7.0,24.0,5.895170689293565,2.859335698724533,11.5,0.0017716765086069083,0.02928736481818594,9.281155061423252e-5
2.0,8.0,24.0,5.859335698724533,2.8951706892935642,11.5,0.0013611451373679805,0.02887567925923339,9.610860895274062e-5
2.0,9.0,24.0,5.814169804212058,2.918185199544742,11.5,0.0010979826266821484,0.028356927446556764,9.836399261642086e-5
2.0,10.0,24.0,5.7612108185127315,2.9262281606329656,11.5,0.0010068781417990997,0.02774901809456001,9.966053848148347e-5
2.0,11.0,24.0,5.1136140803164825,2.926114080316483,11.5,0.0010211345871713685,0.0203271377646983,0.00010832837076574312
2.0,12.0,24.0,4.463114080316483,2.926114080316483,11.5,0.0010305926673683805,0.013078833784443324,0.00011477183216394823
2.0,13.0,24.0,3.8126140803164827,2.926114080316483,11.5,0.0010366982518472837,0.006465586320260716,0.00011993538718704443
2.0,14.0,24.0,3.1650173421202332,2.9262281606329656,11.5,0.001038412343515273,0.0010874744486011362,0.0001236954531825324
2.0,15.0,24.0,3.112058356420907,2.918185199544742,11.5,0.0010940302392051914,0.0007216361631155922,0.00012450363959682704
2.0,16.0,24.0,3.0668924619084326,2.8951706892935642,11.5,0.0012475244334642674,0.00042046946046314133,0.00012600604972560546
2.0,17.0,24.0,3.0310574713394014,2.859335698724533,11.5,0.0014779182407933503,0.00019010197194910432,0.00012765130579534196
2.0,18.0,24.0,3.0080429610882238,2.8141698042120584,11.5,0.0017572944058581676,4.7763321039250803e-5,0.00012886818416393982
2.0,19.0,24.0,3.0,2.7612108185127324,11.5,0.0020715109595430747,6.540446143091655e-8,0.00012908507875681767
2.0,20.0,24.0,3.0001140803164827,2.113614080316483,11.5,0.004855332050067678,7.366866551584418e-7,0.00012492323871333424
2.0,21.0,24.0,3.0001140803164827,1.4631140803164828,11.5,0.005770550139055599,7.454712394689686e-7,0.00012373562213491068
2.0,22.0,24.0,3.0001140803164827,0.8126140803164827,11.5,0.004844008661488926,7.562747799552031e-7,0.00012479090209145373
2.0,23.0,24.0,3.0,0.16501734212023322,11.5,0.002060188260793196,1.4328033584798403e-6,0.00012882655028713765
2.0,24.0,24.0,3.0080429610882238,0.11205835642090678,11.5,0.001746833668759732,-4.6133246881671756e-5,0.00012860054540410015
2.0,25.0,24.0,3.0310574713394014,0.06689246190843257,11.5,0.0014683270700648649,-0.00018802764540111632,0.00012736408456898412
2.0,26.0,24.0,3.0668924619084326,0.0310574713394014,11.5,0.0012387297478057668,-0.0004175978223330959,0.00012570221242199742
2.0,27.0,24.0,3.112058356420907,0.008042961088223777,11.5,0.0010858160021678578,-0.0007176242249635912,0.00012418866510008052
2.0,28.0,24.0,3.1650173421202332,0.0,11.5,0.0010304253326306064,-0.0010819631949865276,0.00012336984990614483
2.0,29.0,24.0,3.8126140803164827,0.0001140803164827453,11.5,0.0010287141962802054,-0.006430270814079853,0.00011953150146590091
2.0,30.0,24.0,4.463114080316483,0.0001140803164827453,11.5,0.001022641984485796,-0.012997902228965246,0.00011428629075048864
2.0,31.0,24.0,5.1136140803164825,0.0001140803164827453,11.5,0.0010132466334819286,-0.02019149680402691,0.00010774351140994747
2.0,32.0,24.0,5.761210818512732,0.0,11.5,0.0009990957879607008,-0.027555083235616586,9.894581185903678e-5
2.0,33.0,24.0,5.814169804212058,0.008042961088223777,11.5,0.0010894768350442365,-0.028158167820413877,9.767716307728409e-5
2.0,34.0,24.0,5.859335698724533,0.0310574713394014,11.5,0.0013505484359709339,-0.028672798575245823,9.552834929962636e-5
2.0,35.0,24.0,5.895170689293565,0.06689246190843257,11.5,0.0017578155323100789,-0.029081210797725382,9.240789655049033e-5
2.0,36.0,24.0,5.918185199544742,0.11205835642090678,11.5,0.0022713917180247935,-0.029343437860023733,8.83925324820669e-5
2.0,37.0,24.0,5.926228160632966,0.16501734212023322,11.5,0.0028733862520493735,-0.02943490488999002,8.336029272957183e-5
2.0,38.0,24.0,5.9261140803164825,0.29986408031648293,11.5,0.004404232828571638,-0.029431359802912622,6.989652780006004e-5
2.0,39.0,24.0,5.9261140803164825,0.43761408031648275,11.5,0.00596582373658628,-0.029425533497481563,5.6210810206302506e-5
2.0,40.0,24.0,5.9261140803164825,0.5753640803164828,11.5,0.007526421092082627,-0.029416137677630124,4.2621366737167846e-5
2.0,41.0,24.0,5.9261140803164825,0.7131140803164828,11.5,0.009087622407733876,-0.029403162265360112,2.9142106772778807e-5
1.0,1.0,25.0,2.926114080316483,2.213114080316483,12.0,0.0006713343885406761,2.1834241554567118e-5,0.00016329170548096022
1.0,2.0,25.0,2.926114080316483,2.350864080316483,12.0,0.0006562475661304305,2.1502082995960566e-5,0.00016170618839221729
1.0,3.0,25.0,2.926114080316483,2.488614080316483,12.0,0.0006412910955057962,2.113677998539166e-5,0.00016019187933334245
1.0,4.0,25.0,2.926114080316483,2.626364080316483,12.0,0.0006262176410577621,2.0735400305031985e-5,0.00015875784087575375
1.0,5.0,25.0,2.9262281606329656,2.7612108185127324,12.0,0.0006111925087059531,2.0318514003235314e-5,0.0001574365872267457
1.0,6.0,25.0,2.918185199544742,2.8141698042120584,12.0,0.0006052190206327512,1.92305064069139e-5,0.00015666808513765254
1.0,7.0,25.0,2.8951706892935642,2.859335698724533,12.0,0.0006001062228189373,1.6437601915566064e-5,0.0001555317437732667
1.0,8.0,25.0,2.859335698724533,2.8951706892935642,12.0,0.0005960583106112524,1.2163308855546429e-5,0.00015416911110816039
1.0,9.0,25.0,2.814169804212059,2.918185199544742,12.0,0.0005935022314713222,6.815893826675343e-6,0.0001527700514982
1.0,10.0,25.0,2.761210818512732,2.9262281606329656,12.0,0.0005927067518400496,5.936487864541154e-7,0.0001514741718580931
1.0,11.0,25.0,2.113614080316483,2.926114080316483,12.0,0.0005939189286139812,-6.98116064171095e-5,0.00013815554168341283
1.0,12.0,25.0,1.4631140803164828,2.926114080316483,12.0,0.0005940221885163175,-0.00010020662267875134,0.0001252814632985347
1.0,13.0,25.0,0.8126140803164827,2.926114080316483,12.0,0.000592925937621074,-7.556357779388252e-5,0.00011246522604666427
1.0,14.0,25.0,0.16501734212023322,2.9262281606329656,12.0,0.0005905674299401537,-1.1193514904787549e-5,9.909590856535834e-5
1.0,15.0,25.0,0.11205835642090678,2.918185199544742,12.0,0.0005894442547393073,-5.481090544258288e-6,9.805184480005086e-5
1.0,16.0,25.0,0.06689246190843257,2.8951706892935642,12.0,0.0005867262569184297,-6.780136921983229e-7,9.73064864262317e-5
1.0,17.0,25.0,0.0310574713394014,2.859335698724533,12.0,0.0005826804534525094,3.0286135177448824e-6,9.682625768278754e-5
1.0,18.0,25.0,0.008042961088223777,2.8141698042120584,12.0,0.0005777484386631139,5.275481519123183e-6,9.661358553288575e-5
1.0,19.0,25.0,0.0,2.7612108185127324,12.0,0.0005721636175517706,5.87282715613787e-6,9.66445488295308e-5
1.0,20.0,25.0,0.0001140803164827453,2.113614080316483,12.0,0.0005139943215925384,2.8141166005387976e-6,9.788506806033778e-5
1.0,21.0,25.0,0.0001140803164827453,1.4631140803164828,12.0,0.0004908859061559593,-3.315481778234916e-7,9.83704600240169e-5
1.0,22.0,25.0,0.0001140803164827453,0.8126140803164827,12.0,0.0005116648216592634,-3.477146064066226e-6,9.795255182184855e-5
1.0,23.0,25.0,0.0,0.16501734212023322,12.0,0.0005681219406265085,-6.5349624174044375e-6,9.678124055104921e-5
1.0,24.0,25.0,0.008042961088223777,0.11205835642090678,12.0,0.0005736172521842947,-5.951116314458537e-6,9.675473755027365e-5
1.0,25.0,25.0,0.0310574713394014,0.06689246190843257,12.0,0.0005784813862100603,-3.738745460246587e-6,9.696786560815297e-5
1.0,26.0,25.0,0.06689246190843257,0.0310574713394014,12.0,0.000582480161580796,-7.908572863654191e-8,9.744410408391852e-5
1.0,27.0,25.0,0.11205835642090678,0.008042961088223777,12.0,0.0005851724664046305,4.673530146603344e-6,9.818073394721951e-5
1.0,28.0,25.0,0.16501734212023322,0.0,12.0,0.0005862883498509974,1.0337332313573602e-5,9.921056397369556e-5
1.0,29.0,25.0,0.8126140803164827,0.0001140803164827453,12.0,0.0005886516942157333,7.48504125935204e-5,0.00011238289994596512
1.0,30.0,25.0,1.4631140803164828,0.0001140803164827453,12.0,0.0005897600934595253,0.00010065425073830421,0.00012500269373978177
1.0,31.0,25.0,2.113614080316483,0.0001140803164827453,12.0,0.0005896770150003327,7.198863971298888e-5,0.00013767559759664873
1.0,32.0,25.0,2.7612108185127324,0.0,12.0,0.0005884940512993199,3.4409404535813124e-6,0.00015078401312046457
1.0,33.0,25.0,2.814169804212059,0.008042961088223777,12.0,0.0005892696679927733,-2.632015565946451e-6,0.0001520702663278704
1.0,34.0,25.0,2.859335698724533,0.0310574713394014,12.0,0.0005917637494840585,-7.852293967575717e-6,0.00015348037655623268
1.0,35.0,25.0,2.8951706892935642,0.06689246190843257,12.0,0.0005957139848342952,-1.2025633833226809e-5,0.00015487035576590918
1.0,36.0,25.0,2.918185199544742,0.11205835642090678,12.0,0.0006007035138460865,-1.4753147952183429e-5,0.00015605002032396874
1.0,37.0,25.0,2.9262281606329656,0.16501734212023322,12.0,0.0006065326016283351,-1.581712322057202e-5,0.0001568831720640236
1.0,38.0,25.0,2.926114080316483,0.29986408031648293,12.0,0.0006211933893551248,-1.6230561560972628e-5,0.00015837335033337853
1.0,39.0,25.0,2.926114080316483,0.43761408031648275,12.0,0.0006358979873982452,-1.6629658381028447e-5,0.0001599822145509257
1.0,40.0,25.0,2.926114080316483,0.5753640803164828,12.0,0.0006504871174096753,-1.6994533586642132e-5,0.00016167315477550137
1.0,41.0,25.0,2.926114080316483,0.7131140803164828,12.0,0.0006652075344114187,-1.732806189602219e-5,0.00016343786465261803
2.0,1.0,25.0,5.9261140803164825,2.213114080316483,12.0,0.009040793630794755,0.029481476121904094,-0.00015406829415622563
2.0,2.0,25.0,5.9261140803164825,2.350864080316483,12.0,0.007489542005386604,0.029494570284673557,-9.633534821930096e-5
2.0,3.0,25.0,5.9261140803164825,2.488614080316483,12.0,0.005938665816313692,0.029504063094215282,-3.85862308161188e-5
2.0,4.0,25.0,5.9261140803164825,2.626364080316483,12.0,0.004387361552979736,0.029509973311663006,1.919909077470836e-5
2.0,5.0,25.0,5.926228160632966,2.7612108185127324,12.0,0.0028678425715029775,0.02951358689698727,7.580779434268032e-5
2.0,6.0,25.0,5.918185199544742,2.8141698042120584,12.0,0.002270828721610285,0.029422904243460186,9.735113166239447e-5
2.0,7.0,25.0,5.895170689293565,2.859335698724533,12.0,0.0017618530852713335,0.029163038298977064,0.00011479487057636235
2.0,8.0,25.0,5.859335698724533,2.8951706892935642,12.0,0.0013585235324160769,0.02875856110628249,0.00012804039170371932
2.0,9.0,25.0,5.814169804212058,2.918185199544742,12.0,0.001100167491129883,0.0282492177793023,0.00013618555968267438
2.0,10.0,25.0,5.7612108185127315,2.9262281606329656,12.0,0.0010108151626027472,0.02765268828479383,0.00013890144617877235
2.0,11.0,25.0,5.1136140803164825,2.926114080316483,12.0,0.001025119104359904,0.020378918151865173,0.00013804262260302058
2.0,12.0,25.0,4.463114080316483,2.926114080316483,12.0,0.0010343334184300763,0.013225812047092968,0.0001355043730488309
2.0,13.0,25.0,3.8126140803164827,2.926114080316483,12.0,0.0010402260296353823,0.006609254629682471,0.00013197144706922906
2.0,14.0,25.0,3.1650173421202332,2.9262281606329656,12.0,0.0010421863004879007,0.0011265711018519189,0.00012713134811726616
2.0,15.0,25.0,3.112058356420907,2.918185199544742,12.0,0.001099653937378585,0.0007488860360387328,0.0001272793785759636
2.0,16.0,25.0,3.0668924619084326,2.8951706892935642,12.0,0.0012585991234198646,0.0004370896684727113,0.00012827816445332193
2.0,17.0,25.0,3.0310574713394014,2.859335698724533,12.0,0.0014978073703294436,0.00019791374128670934,0.00012957565628249408
2.0,18.0,25.0,3.0080429610882238,2.8141698042120584,12.0,0.001788658210785953,4.970254307893488e-5,0.00013061244305496238
2.0,19.0,25.0,3.0,2.7612108185127324,12.0,0.0021166703789758305,-1.3589794512479337e-7,0.00013079497224692673
2.0,20.0,25.0,3.0001140803164827,2.113614080316483,12.0,0.005072786801810506,3.6155496000612283e-7,0.00012687070320180902
2.0,21.0,25.0,3.0001140803164827,1.4631140803164828,12.0,0.006061971498572311,6.842679466513107e-7,0.00012573244821109805
2.0,22.0,25.0,3.0001140803164827,0.8126140803164827,12.0,0.0050617808348462886,1.0085474270665278e-6,0.00012673640576254055
2.0,23.0,25.0,3.0,0.16501734212023322,12.0,0.0021055617039091694,1.5105575413348976e-6,0.00013053234271992797
2.0,24.0,25.0,3.0080429610882238,0.11205835642090678,12.0,0.0017783836799501642,-4.820074213379559e-5,0.00013033381349817052
2.0,25.0,25.0,3.0310574713394014,0.06689246190843257,12.0,0.0014883762744285272,-0.00019598146904943131,0.00012928048699397814
2.0,26.0,25.0,3.0668924619084326,0.0310574713394014,12.0,0.0012499421295165101,-0.00043438202452226495,0.00012796230182417987
2.0,27.0,25.0,3.112058356420907,0.008042961088223777,12.0,0.001091562353417895,-0.0007450672484672783,0.00012694223216039828
2.0,28.0,25.0,3.1650173421202332,0.0,12.0,0.0010343166043226962,-0.001121288993277497,0.0001267793193190367
2.0,29.0,25.0,3.8126140803164827,0.0001140803164827453,12.0,0.0010323594128563744,-0.0065746998036095355,0.00013148254504404303
2.0,30.0,25.0,4.463114080316483,0.0001140803164827453,12.0,0.0010264989329885467,-0.013146240721385285,0.00013486899846516296
2.0,31.0,25.0,5.1136140803164825,0.0001140803164827453,12.0,0.0010173447693244313,-0.020245378375395327,0.00013723874250838613
2.0,32.0,25.0,5.761210818512732,0.0,12.0,0.001003142371096151,-0.027461774415236825,0.00013789416386078915
2.0,33.0,25.0,5.814169804212058,0.008042961088223777,12.0,0.0010917826999462875,-0.028053556951799688,0.0001352159492588008
2.0,34.0,25.0,5.859335698724533,0.0310574713394014,12.0,0.0013480813840029257,-0.0285588458614619,0.00012721839934623643
2.0,35.0,25.0,5.895170689293565,0.06689246190843257,12.0,0.0017481991270803798,-0.028960102666367244,0.00011421814525663476
2.0,36.0,25.0,5.918185199544742,0.11205835642090678,12.0,0.0022531214036842894,-0.029217899005379473,9.7095448927356e-5
2.0,37.0,25.0,5.926228160632966,0.16501734212023322,12.0,0.0028453800877213747,-0.0293078586311974,7.594124923986335e-5
2.0,38.0,25.0,5.9261140803164825,0.29986408031648293,12.0,0.004352791689262497,-0.02930426867671767,2.034091297053503e-5
2.0,39.0,25.0,5.9261140803164825,0.43761408031648275,12.0,0.005891730977607886,-0.029298395328523578,-3.641290751069599e-5
2.0,40.0,25.0,5.9261140803164825,0.5753640803164828,12.0,0.007430244101303494,-0.029288962916924222,-9.312713133435832e-5
2.0,41.0,25.0,5.9261140803164825,0.7131140803164828,12.0,0.008969131078318657,-0.029275952796917804,-0.0001498200725720691
1.0,1.0,26.0,2.926114080316483,2.213114080316483,12.5,0.0006352778977052284,2.709309863779228e-5,0.00016690957844871793
1.0,2.0,26.0,2.926114080316483,2.350864080316483,12.5,0.0006242935311492802,2.6797821759549535e-5,0.00016567885864349484
1.0,3.0,26.0,2.926114080316483,2.488614080316483,12.5,0.0006133861640292131,2.6472354327319648e-5,0.00016453051638434942
1.0,4.0,26.0,2.926114080316483,2.626364080316483,12.5,0.000602480692266369,2.611573147109679e-5,0.0001634710838019769
1.0,5.0,26.0,2.9262281606329656,2.7612108185127324,12.5,0.0005917875480140811,2.5745075998262003e-5,0.00016252183313576816
1.0,6.0,26.0,2.918185199544742,2.8141698042120584,12.5,0.0005876135851085114,2.4951578229516055e-5,0.00016181025386412652
1.0,7.0,26.0,2.8951706892935642,2.859335698724533,12.5,0.0005840975405821804,2.299255032900326e-5,0.00016059058607601238
1.0,8.0,26.0,2.859335698724533,2.8951706892935642,12.5,0.0005813631795395685,2.0052109008790015e-5,0.00015904191970964615
1.0,9.0,26.0,2.814169804212059,2.918185199544742,12.5,0.0005796762882376177,1.6433545457210368e-5,0.00015739864298192
1.0,10.0,26.0,2.761210818512732,2.9262281606329656,12.5,0.0005791878759237488,1.2286533939039387e-5,0.000155843775780826
1.0,11.0,26.0,2.113614080316483,2.926114080316483,12.5,0.0005802908591907974,-3.2397139115775426e-5,0.0001396641233166791
1.0,12.0,26.0,1.4631140803164828,2.926114080316483,12.5,0.0005802869072319139,-5.2069291262030464e-5,0.00012385217698659563
1.0,13.0,26.0,0.8126140803164827,2.926114080316483,12.5,0.0005791497300764227,-3.931338901158875e-5,0.0001080337414868011
1.0,14.0,26.0,0.16501734212023322,2.9262281606329656,12.5,0.0005768823228073259,-3.562244615336782e-6,9.163720892183841e-5
1.0,15.0,26.0,0.11205835642090678,2.918185199544742,12.5,0.0005761563829261397,-3.67644805433041e-7,9.039124316007416e-5
1.0,16.0,26.0,0.06689246190843257,2.8951706892935642,12.5,0.000574545600395845,2.287659030288224e-6,8.953442176164507e-5
1.0,17.0,26.0,0.0310574713394014,2.859335698724533,12.5,0.0005722050895496347,4.299676416088143e-6,8.900360550731145e-5
1.0,18.0,26.0,0.008042961088223777,2.8141698042120584,12.5,0.0005693932467436064,5.470324640142666e-6,8.878116320520991e-5
1.0,19.0,26.0,0.0,2.7612108185127324,12.5,0.0005662491228032179,5.698178943911924e-6,8.88161150032569e-5
1.0,20.0,26.0,0.0001140803164827453,2.113614080316483,12.5,0.0005341000283885977,2.7083589176579e-6,8.999731420042674e-5
1.0,21.0,26.0,0.0001140803164827453,1.4631140803164828,12.5,0.0005210332111666021,-2.9743344707896665e-7,9.045729024200823e-5
1.0,22.0,26.0,0.0001140803164827453,0.8126140803164827,12.5,0.0005317830346968553,-3.3031057932820183e-6,9.006459613026216e-5
1.0,23.0,26.0,0.0,0.16501734212023322,12.5,0.000562313371841524,-6.2919935827803815e-6,8.895303257239082e-5
1.0,24.0,26.0,0.008042961088223777,0.11205835642090678,12.5,0.0005653807266014257,-6.075706831689091e-6,8.892199196372127e-5
1.0,25.0,26.0,0.0310574713394014,0.06689246190843257,12.5,0.0005681364337762218,-4.9335848393050244e-6,8.914337181301928e-5
1.0,26.0,26.0,0.06689246190843257,0.0310574713394014,12.5,0.0005704398451530679,-2.9586426890379307e-6,8.966810971662374e-5
1.0,27.0,26.0,0.11205835642090678,0.008042961088223777,12.5,0.0005720316387509356,-3.407308098104252e-7,9.051402954088789e-5
1.0,28.0,26.0,0.16501734212023322,0.0,12.5,0.0005727527453010877,2.8210711193795516e-6,9.174397911142532e-5
1.0,29.0,26.0,0.8126140803164827,0.0001140803164827453,12.5,0.0005750252817933295,3.889290930599357e-5,0.00010792678480294065
1.0,30.0,26.0,1.4631140803164828,0.0001140803164827453,12.5,0.0005761740768804219,5.276777473286123e-5,0.00012353038515014401
1.0,31.0,26.0,2.113614080316483,0.0001140803164827453,12.5,0.0005761970206478399,3.4487715162766515e-5,0.00013912168489248547
1.0,32.0,26.0,2.7612108185127324,0.0,12.5,0.0005751213640985391,-8.832215056314441e-6,0.0001550704833362077
1.0,33.0,26.0,2.814169804212059,0.008042961088223777,12.5,0.0005755955782293427,-1.2868489753250917e-5,0.00015661600715974702
1.0,34.0,26.0,2.859335698724533,0.0310574713394014,12.5,0.0005772367520927348,-1.639193970017947e-5,0.00015827151136568014
1.0,35.0,26.0,2.8951706892935642,0.06689246190843257,12.5,0.0005798981852734624,-1.9256163430092484e-5,0.00015985477101818513
1.0,36.0,26.0,2.918185199544742,0.11205835642090678,12.5,0.0005833210091882962,-2.1165414781960756e-5,0.0001611277048434908
1.0,37.0,26.0,2.9262281606329656,0.16501734212023322,12.5,0.0005873845500278569,-2.1940152108455873e-5,0.00016190764872322808
1.0,38.0,26.0,2.926114080316483,0.29986408031648293,12.5,0.0005977955962179598,-2.2306826160713994e-5,0.00016304592379735202
1.0,39.0,26.0,2.926114080316483,0.43761408031648275,12.5,0.000608412446933384,-2.266054106481174e-5,0.00016429890787472354
1.0,40.0,26.0,2.926114080316483,0.5753640803164828,12.5,0.0006190309248519164,-2.2984400772384438e-5,0.00016564298062745237
1.0,41.0,26.0,2.926114080316483,0.7131140803164828,12.5,0.0006297271200133581,-2.3279441943036175e-5,0.0001670723798804267
2.0,1.0,26.0,5.9261140803164825,2.213114080316483,12.5,0.008857865929094563,0.029192934259838432,-0.00033419402377126605
2.0,2.0,26.0,5.9261140803164825,2.350864080316483,12.5,0.007340214060933008,0.029205997879891858,-0.00023301163780554648
2.0,3.0,26.0,5.9261140803164825,2.488614080316483,12.5,0.005822744059672796,0.02921547926679573,-0.00013194364125456085
2.0,4.0,26.0,5.9261140803164825,2.626364080316483,12.5,0.004305333537439201,0.02922140455878317,-3.094117707398939e-5
2.0,5.0,26.0,5.926228160632966,2.7612108185127324,12.5,0.0028200583984233562,0.02922503637268022,6.790908079106068e-5
2.0,6.0,26.0,5.918185199544742,2.8141698042120584,12.5,0.0022369373274291975,0.029136489347349845,0.00010580104547175773
2.0,7.0,26.0,5.895170689293565,2.859335698724533,12.5,0.0017401017841715597,0.028882830766059103,0.0001367973443138061
2.0,8.0,26.0,5.859335698724533,2.8951706892935642,12.5,0.0013466345536474135,0.028488227370326417,0.00016042688275313816
2.0,9.0,26.0,5.814169804212058,2.918185199544742,12.5,0.001094755246375332,0.027991585228207997,0.00017481832983108148
2.0,10.0,26.0,5.7612108185127315,2.9262281606329656,12.5,0.0010077197859253413,0.02741021510555666,0.00017906287594057793
2.0,11.0,26.0,5.1136140803164825,2.926114080316483,12.5,0.0010220026347488355,0.02032612558432095,0.00016796828180956532
2.0,12.0,26.0,4.463114080316483,2.926114080316483,12.5,0.0010309917406940154,0.013305004688021314,0.00015623468513708497
2.0,13.0,26.0,3.8126140803164827,2.926114080316483,12.5,0.00103671447157928,0.006717237458468851,0.0001441700115748341
2.0,14.0,26.0,3.1650173421202332,2.9262281606329656,12.5,0.001038887020078953,0.0011585532523429023,0.00013151133305288568
2.0,15.0,26.0,3.112058356420907,2.918185199544742,12.5,0.0010978516978404765,0.0007712795486092758,0.00013079377014763415
2.0,16.0,26.0,3.0668924619084326,2.8951706892935642,12.5,0.0012612407674316773,0.0004508167489099318,0.00013069594631282753
2.0,17.0,26.0,3.0310574713394014,2.859335698724533,12.5,0.0015076714852741292,0.0002044229762074654,0.00013091057606598553
2.0,18.0,26.0,3.0080429610882238,2.8141698042120584,12.5,0.0018079563502685356,5.13825003537634e-5,0.00013115656892454363
2.0,19.0,26.0,3.0,2.7612108185127324,12.5,0.0021473372370083895,-2.208082859121608e-7,0.00013111429730490193
2.0,20.0,26.0,3.0001140803164827,2.113614080316483,12.5,0.005247536347964145,1.0047697472799376e-7,0.00012838882173694827
2.0,21.0,26.0,3.0001140803164827,1.4631140803164828,12.5,0.006299510443082675,6.184345947391962e-7,0.0001275476151002862
2.0,22.0,26.0,3.0001140803164827,0.8126140803164827,12.5,0.005236902283797604,1.1378168416208558e-6,0.00012825145073765726
2.0,23.0,26.0,3.0,0.16501734212023322,12.5,0.002136511177772621,1.4621242201946134e-6,0.00013084335896572139
2.0,24.0,26.0,3.0080429610882238,0.11205835642090678,12.5,0.001797931469143933,-5.001899889453296e-5,0.00013087080915998186
2.0,25.0,26.0,3.0310574713394014,0.06689246190843257,12.5,0.001498458408801948,-0.0002026450816423533,0.00013060163789675985
2.0,26.0,26.0,3.0668924619084326,0.0310574713394014,12.5,0.0012527741010690701,-0.00044829168302327327,0.00013036154589249598
2.0,27.0,26.0,3.112058356420907,0.008042961088223777,12.5,0.0010899309559814936,-0.0007676819603526622,0.00013043567084179732
2.0,28.0,26.0,3.1650173421202332,0.0,12.5,0.001031180740079167,-0.0011535408148053376,0.00013113271653108688
2.0,29.0,26.0,3.8126140803164827,0.0001140803164827453,12.5,0.001029011110467955,-0.006683731069688803,0.00014359783294284472
2.0,30.0,26.0,4.463114080316483,0.0001140803164827453,12.5,0.0010233194814199809,-0.013227371960935663,0.00015545489692399348
2.0,31.0,26.0,5.1136140803164825,0.0001140803164827453,12.5,0.0010143880344263905,-0.020195496353777966,0.0001669545201560425
2.0,32.0,26.0,5.761210818512732,0.0,12.5,0.0010002024461834974,-0.027223309021038946,0.00017777626736544786
2.0,33.0,26.0,5.814169804212058,0.008042961088223777,12.5,0.0010865397581656937,-0.027800026138301025,0.00017357908828777007
2.0,34.0,26.0,5.859335698724533,0.0310574713394014,12.5,0.0013364024773500518,-0.028292694690781422,0.00015937523460304726
2.0,35.0,26.0,5.895170689293565,0.06689246190843257,12.5,0.0017267220155215057,-0.02868414226757104,0.00013605756203017942
2.0,36.0,26.0,5.918185199544742,0.11205835642090678,12.5,0.0022195854730794715,-0.028935772923589634,0.00010546936098096152
2.0,37.0,26.0,5.926228160632966,0.16501734212023322,12.5,0.002798046933159032,-0.029023611570266894,6.807170297676951e-5
2.0,38.0,26.0,5.9261140803164825,0.29986408031648293,12.5,0.004271458260911604,-0.02902000289507137,-2.9498209119059984e-5
2.0,39.0,26.0,5.9261140803164825,0.43761408031648275,12.5,0.00577675208289117,-0.029014113220859956,-0.00012919086779887895
2.0,40.0,26.0,5.9261140803164825,0.5753640803164828,12.5,0.007282106653066375,-0.02900469000258755,-0.0002289450022825591
2.0,41.0,26.0,5.9261140803164825,0.7131140803164828,12.5,0.008787641473438811,-0.028991707216362027,-0.0003288076044515011
1.0,1.0,27.0,2.926114080316483,2.213114080316483,13.0,0.0005898519866234218,3.109532012681335e-5,0.00017005826971960616
1.0,2.0,27.0,2.926114080316483,2.350864080316483,13.0,0.00058438747531456,3.084117547415386e-5,0.00016917515497563528
1.0,3.0,27.0,2.926114080316483,2.488614080316483,13.0,0.0005789547904991678,3.0558221039342274e-5,0.00016837663812981014
1.0,4.0,27.0,2.926114080316483,2.626364080316483,13.0,0.0005736259261720815,3.0247134584020777e-5,0.00016766625335684957
1.0,5.0,27.0,2.9262281606329656,2.7612108185127324,13.0,0.0005686022838169174,2.992070567749181e-5,0.0001670550199702224
1.0,6.0,27.0,2.918185199544742,2.8141698042120584,13.0,0.0005667352625820815,2.949769952453626e-5,0.00016643682259764967
1.0,7.0,27.0,2.8951706892935642,2.859335698724533,13.0,0.0005652376524656762,2.858610440101776e-5,0.0001652167642656928
1.0,8.0,27.0,2.859335698724533,2.8951706892935642,13.0,0.0005641415470841525,2.730334320937647e-5,0.00016358798001018244
1.0,9.0,27.0,2.814169804212059,2.918185199544742,13.0,0.0005635255050043808,2.5808933429128243e-5,0.0001617948169581969
1.0,10.0,27.0,2.761210818512732,2.9262281606329656,13.0,0.0005634121601380935,2.418415055194597e-5,0.00016002080908136926
1.0,11.0,27.0,2.113614080316483,2.926114080316483,13.0,0.0005644137885573757,9.393269746523403e-6,0.00014100433106143783
1.0,12.0,27.0,1.4631140803164828,2.926114080316483,13.0,0.0005643201825477729,2.0720614240062785e-6,0.00012237300908913068
1.0,13.0,27.0,0.8126140803164827,2.926114080316483,13.0,0.000563161486561293,1.6728020565295626e-6,0.0001037425494599397
1.0,14.0,27.0,0.16501734212023322,2.9262281606329656,13.0,0.0005609918070733035,5.262774219105824e-6,8.459643783668412e-5
1.0,15.0,27.0,0.11205835642090678,2.918185199544742,13.0,0.000560718301164045,5.573683224082231e-6,8.312842462702802e-5
1.0,16.0,27.0,0.06689246190843257,2.8951706892935642,13.0,0.0005603776887756606,5.761047948900443e-6,8.207901488368959e-5
1.0,17.0,27.0,0.0310574713394014,2.859335698724533,13.0,0.0005600013192834623,5.819874377062989e-6,8.139488695964733e-5
1.0,18.0,27.0,0.008042961088223777,2.8141698042120584,13.0,0.0005596395275028636,5.746800924732102e-6,8.107661047355935e-5
1.0,19.0,27.0,0.0,2.7612108185127324,13.0,0.0005593238938573781,5.5469581864808455e-6,8.108517772478804e-5
1.0,20.0,27.0,0.0001140803164827453,2.113614080316483,13.0,0.0005573835580540953,2.621947524620992e-6,8.233220859843038e-5
1.0,21.0,27.0,0.0001140803164827453,1.4631140803164828,13.0,0.0005560895516479486,-2.6380052721637554e-7,8.280249158264929e-5
1.0,22.0,27.0,0.0001140803164827453,0.8126140803164827,13.0,0.0005551312257191009,-3.1494958221306345e-6,8.239873210971297e-5
1.0,23.0,27.0,0.0,0.16501734212023322,13.0,0.0005555327519490493,-6.073935877856144e-6,8.122094023608188e-5
1.0,24.0,27.0,0.008042961088223777,0.11205835642090678,13.0,0.0005557777579035449,-6.284463042593741e-6,8.12156525243474e-5
1.0,25.0,27.0,0.0310574713394014,0.06689246190843257,13.0,0.000556088469828854,-6.3835427217383826e-6,8.153130570860742e-5
1.0,26.0,27.0,0.06689246190843257,0.0310574713394014,13.0,0.0005564315452138835,-6.358057963834028e-6,8.220726828083057e-5
1.0,27.0,27.0,0.11205835642090678,0.008042961088223777,13.0,0.0005567554441116013,-6.203729094632449e-6,8.324363956309747e-5
1.0,28.0,27.0,0.16501734212023322,0.0,13.0,0.0005570248640493347,-5.921036543174808e-6,8.469391960974001e-5
1.0,29.0,27.0,0.8126140803164827,0.0001140803164827453,13.0,0.0005592000534333995,-2.0089720186511478e-6,0.00010361091384783704
1.0,30.0,27.0,1.4631140803164828,0.0001140803164827453,13.0,0.0005603701969480355,-1.4376695332296354e-6,0.00012200972002575124
1.0,31.0,27.0,2.113614080316483,0.0001140803164827453,13.0,0.0005604818888697533,-7.656446885314457e-6,0.000140402566741709
1.0,32.0,27.0,2.7612108185127324,0.0,13.0,0.0005595058636257865,-2.1413545121773035e-5,0.00015916895372368694
1.0,33.0,27.0,2.814169804212059,0.008042961088223777,13.0,0.0005596086036114815,-2.295230142209415e-5,0.0001609332633036475
1.0,34.0,27.0,2.859335698724533,0.0310574713394014,13.0,0.0005601891387639864,-2.4372102698788658e-5,0.00016274232916361724
1.0,35.0,27.0,2.8951706892935642,0.06689246190843257,13.0,0.0005612278102306859,-2.5594401262191398e-5,0.0001644089925656829
1.0,36.0,27.0,2.918185199544742,0.11205835642090678,13.0,0.0005626513093652044,-2.6465882960928627e-5,0.00016568585773796081
1.0,37.0,27.0,2.9262281606329656,0.16501734212023322,13.0,0.0005644297332592692,-2.6873363029720788e-5,0.00016638038275115056
1.0,38.0,27.0,2.926114080316483,0.29986408031648293,13.0,0.0005692241903161889,-2.7195531934346427e-5,0.00016719319557545348
1.0,39.0,27.0,2.926114080316483,0.43761408031648275,13.0,0.000574316157956573,-2.750287885490322e-5,0.00016811113513158727
1.0,40.0,27.0,2.926114080316483,0.5753640803164828,13.0,0.0005795105245362859,-2.778301461383181e-5,0.00016911941983576998
1.0,41.0,27.0,2.926114080316483,0.7131140803164828,13.0,0.0005847369959481242,-2.8035265665039984e-5,0.00017021526821383976
2.0,1.0,27.0,5.9261140803164825,2.213114080316483,13.0,0.008649555795477274,0.0287468253596644,-0.0005133328784954474
2.0,2.0,27.0,5.9261140803164825,2.350864080316483,13.0,0.007169628487957676,0.028759778087435312,-0.00036896544239266657
2.0,3.0,27.0,5.9261140803164825,2.488614080316483,13.0,0.00568979179678431,0.028769183040752676,-0.00022487229879642473
2.0,4.0,27.0,5.9261140803164825,2.626364080316483,13.0,0.004210252287036515,0.028775069966739297,-8.09756343428068e-5
2.0,5.0,27.0,5.926228160632966,2.7612108185127324,13.0,0.002762551532361364,0.02877867210245546,5.977612009684486e-5
2.0,6.0,27.0,5.918185199544742,2.8141698042120584,13.0,0.0021943920491464372,0.028692407841019903,0.00011401053136723022
2.0,7.0,27.0,5.895170689293565,2.859335698724533,13.0,0.001710450218295641,0.028445330906028382,0.00015872595050985626
2.0,8.0,27.0,5.859335698724533,2.8951706892935642,13.0,0.0013273126042087399,0.02806106759063482,0.00019297567199972997
2.0,9.0,27.0,5.814169804212058,2.918185199544742,13.0,0.001082123972103073,0.02757756247938873,0.00021381852066609968
2.0,10.0,27.0,5.7612108185127315,2.9262281606329656,13.0,0.0009974436680038527,0.027011693476588033,0.00021965795267734896
2.0,11.0,27.0,5.1136140803164825,2.926114080316483,13.0,0.0010116414437141624,0.020115588713212777,0.00019791425847398802
2.0,12.0,27.0,4.463114080316483,2.926114080316483,13.0,0.0010204916104738205,0.013240686072936693,0.0001768911085972697
2.0,13.0,27.0,3.8126140803164827,2.926114080316483,13.0,0.0010261262276452367,0.006727020209382106,0.00015644275601464706
2.0,14.0,27.0,3.1650173421202332,2.9262281606329656,13.0,0.0010283897584100871,0.0011679914029319395,0.00013645327717759034
2.0,15.0,27.0,3.112058356420907,2.918185199544742,13.0,0.0010877571025298327,0.0007781726592201893,0.0001347417085465897
2.0,16.0,27.0,3.0668924619084326,2.8951706892935642,13.0,0.0012524279043266543,0.00045521347664750184,0.00013317712743293094
2.0,17.0,27.0,3.0310574713394014,2.859335698724533,13.0,0.0015010645362677681,0.00020661235481899475,0.00013186293770912466
2.0,18.0,27.0,3.0080429610882238,2.8141698042120584,13.0,0.0018043604826391095,5.2025698140385384e-5,0.00013095353536761776
2.0,19.0,27.0,3.0,2.7612108185127324,13.0,0.0021474983697204585,-1.6721919382876276e-7,0.00013055513538701773
2.0,20.0,27.0,3.0001140803164827,2.113614080316483,13.0,0.005302723967684077,2.0739416400159605e-8,0.00012957027071960154
2.0,21.0,27.0,3.0001140803164827,1.4631140803164828,13.0,0.006380927447561683,5.477336256818268e-7,0.0001291747300181846
2.0,22.0,27.0,3.0001140803164827,0.8126140803164827,13.0,0.005292465796586993,1.0757702429547512e-6,0.00012942878725248283
2.0,23.0,27.0,3.0,0.16501734212023322,13.0,0.00213700243968972,1.2659494372246684e-6,0.00013027370735231917
2.0,24.0,27.0,3.0080429610882238,0.11205835642090678,13.0,0.0017946330345101741,-5.0810022520092483e-5,0.00013065493668519237
2.0,25.0,27.0,3.0310574713394014,0.06689246190843257,13.0,0.0014921163739540614,-0.0002049991038553653,0.00013154010715291862
2.0,26.0,27.0,3.0668924619084326,0.0310574713394014,13.0,0.0012441968151648518,-0.0004528822327404584,0.00013282564738213443
2.0,27.0,27.0,3.112058356420907,0.008042961088223777,13.0,0.0010800510184589562,-0.0007748098848630424,0.0001343615727149297
2.0,28.0,27.0,3.1650173421202332,0.0,13.0,0.0010208901741664183,-0.0011632667646024391,0.00013604845265018027
2.0,29.0,27.0,3.8126140803164827,0.0001140803164827453,13.0,0.0010186295065341023,-0.006694739500521504,0.00015579020358032133
2.0,30.0,27.0,4.463114080316483,0.0001140803164827453,13.0,0.0010130247590278561,-0.013165459016228767,0.0001759730894300582
2.0,31.0,27.0,5.1136140803164825,0.0001140803164827453,13.0,0.00100422964454994,-0.019988618264974847,0.000196700654271168
2.0,32.0,27.0,5.761210818512732,0.0,13.0,0.0009901244247303624,-0.026829743858235545,0.00021810651217860893
2.0,33.0,27.0,5.814169804212058,0.008042961088223777,13.0,0.0010741227127096925,-0.02739106908159927,0.00021232381706279776
2.0,34.0,27.0,5.859335698724533,0.0310574713394014,13.0,0.0013173421313568438,-0.027870694438086534,0.0001917067919509161
2.0,35.0,27.0,5.895170689293565,0.06689246190843257,13.0,0.0016974065421694658,-0.02825187686769294,0.00015783258242923012
2.0,36.0,27.0,5.918185199544742,0.11205835642090678,13.0,0.0021774707995114674,-0.028496974265832163,0.00011360847043499691
2.0,37.0,27.0,5.926228160632966,0.16501734212023322,13.0,0.002741082003366477,-0.028582547132187698,5.9968925004242344e-5
2.0,38.0,27.0,5.9261140803164825,0.29986408031648293,13.0,0.004177203639550547,-0.028578967395453788,-7.924239989257088e-5
2.0,39.0,27.0,5.9261140803164825,0.43761408031648275,13.0,0.005644918026952311,-0.028573114550633615,-0.0002215631713113411
2.0,40.0,27.0,5.9261140803164825,0.5753640803164828,13.0,0.0071129310301455825,-0.0285637651800492,-0.00036407574984099973
2.0,41.0,27.0,5.9261140803164825,0.7131140803164828,13.0,0.008581032894515495,-0.028550889639763367,-0.0005068559171835172
1.0,1.0,28.0,2.926114080316483,2.213114080316483,13.5,0.0005443298576741034,3.381960253904133e-5,0.00017270878787675457
1.0,2.0,28.0,2.926114080316483,2.350864080316483,13.5,0.0005440757308268439,3.360593709055907e-5,0.00017218097436458497
1.0,3.0,28.0,2.926114080316483,2.488614080316483,13.5,0.0005438247749420502,3.3363684075074926e-5,0.00017173137719152855
1.0,4.0,28.0,2.926114080316483,2.626364080316483,13.5,0.0005437408947409759,3.3094744678232177e-5,0.0001713624588398613
1.0,5.0,28.0,2.9262281606329656,2.7612108185127324,13.5,0.0005439780286115562,3.280711682664202e-5,0.0001710781682441542
1.0,6.0,28.0,2.918185199544742,2.8141698042120584,13.5,0.0005442232447436472,3.272237534593896e-5,0.00017057910611946981
1.0,7.0,28.0,2.8951706892935642,2.859335698724533,13.5,0.0005445560499234215,3.276031216171507e-5,0.00016943173105324872
1.0,8.0,28.0,2.859335698724533,2.8951706892935642,13.5,0.0005449315122751639,3.2967061898054625e-5,0.00016780835685682364
1.0,9.0,28.0,2.814169804212059,2.918185199544742,13.5,0.0005452682192905655,3.336476375390758e-5,0.00016593546738818618
1.0,10.0,28.0,2.761210818512732,2.9262281606329656,13.5,0.0005454845654333812,3.3968298039024515e-5,0.00016397716378801987
1.0,11.0,28.0,2.113614080316483,2.926114080316483,13.5,0.000546388720708642,4.470760250352071e-5,0.0001421821566607449
1.0,12.0,28.0,1.4631140803164828,2.926114080316483,13.5,0.000546228567618779,4.775036897351666e-5,0.00012085742985652533
1.0,13.0,28.0,0.8126140803164827,2.926114080316483,13.5,0.0005450703301415487,3.628890800212751e-5,9.959456641365893e-5
1.0,14.0,28.0,0.16501734212023322,2.9262281606329656,13.5,0.0005429952303734317,1.279264554556308e-5,7.792906475683206e-5
1.0,15.0,28.0,0.11205835642090678,2.918185199544742,13.5,0.0005431078918075565,1.0643680424632697e-5,7.622552979822756e-5
1.0,16.0,28.0,0.06689246190843257,2.8951706892935642,13.5,0.0005438534122985895,8.722097920261894e-6,7.492591509882372e-5
1.0,17.0,28.0,0.0310574713394014,2.859335698724533,13.5,0.0005451597947415801,7.109436018162775e-6,7.401480258567613e-5
1.0,18.0,28.0,0.008042961088223777,2.8141698042120584,13.5,0.0005469005416626921,5.971303747153572e-6,7.353811883635547e-5
1.0,19.0,28.0,0.0,2.7612108185127324,13.5,0.000549015621450046,5.406468196161926e-6,7.349676101821997e-5
1.0,20.0,28.0,0.0001140803164827453,2.113614080316483,13.5,0.0005730224958033931,2.553508955699161e-6,7.488967118649429e-5
1.0,21.0,28.0,0.0001140803164827453,1.4631140803164828,13.5,0.00058191459327004,-2.3101600618609947e-7,7.539525899183901e-5
1.0,22.0,28.0,0.0001140803164827453,0.8126140803164827,13.5,0.000570884125115516,-3.015651332627961e-6,7.495468956408545e-5
1.0,23.0,28.0,0.0,0.16501734212023322,13.5,0.0005454038018508667,-5.8686778751112355e-6,7.362959484790633e-5
1.0,24.0,28.0,0.008042961088223777,0.11205835642090678,13.5,0.0005432182774486766,-6.44424978918409e-6,7.367360722699132e-5
1.0,25.0,28.0,0.0310574713394014,0.06689246190843257,13.5,0.0005414255870043669,-7.608911618007637e-6,7.414628846345957e-5
1.0,26.0,28.0,0.06689246190843257,0.0310574713394014,13.5,0.0005400843888312458,-9.256531088532104e-6,7.504742334405618e-5
1.0,27.0,28.0,0.11205835642090678,0.008042961088223777,13.5,0.0005393206328178743,-1.1214258452494459e-5,7.633213705437454e-5
1.0,28.0,28.0,0.16501734212023322,0.0,13.5,0.0005392031826482169,-1.3396378457461603e-5,7.80163874888263e-5
1.0,29.0,28.0,0.8126140803164827,0.0001140803164827453,13.5,0.0005412842168601553,-3.671339205922911e-5,9.943835679118826e-5
1.0,30.0,28.0,1.4631140803164828,0.0001140803164827453,13.5,0.0005424539042841827,-4.743454482685293e-5,0.00012045420863189283
1.0,31.0,28.0,2.113614080316483,0.0001140803164827453,13.5,0.0005426314874077333,-4.353266563816129e-5,0.00014152426988340672
1.0,32.0,28.0,2.7612108185127324,0.0,13.5,0.000541751229358104,-3.195572719050431e-5,0.00016305220756606366
1.0,33.0,28.0,2.814169804212059,0.008042961088223777,13.5,0.000541526193042289,-3.128005034516286e-5,0.00016500046118348403
1.0,34.0,28.0,2.859335698724533,0.0310574713394014,13.5,0.0005411597504056424,-3.0819292727995805e-5,0.00016688963291420152
1.0,35.0,28.0,2.8951706892935642,0.06689246190843257,13.5,0.0005407357877443864,-3.056106597003743e-5,0.00016855375570476222
1.0,36.0,28.0,2.918185199544742,0.11205835642090678,13.5,0.0005403399051987071,-3.0488733829038107e-5,0.00016976202864559184
1.0,37.0,28.0,2.9262281606329656,0.16501734212023322,13.5,0.0005400187817394807,-3.055985506980661e-5,0.00017033961845651447
1.0,38.0,28.0,2.926114080316483,0.29986408031648293,13.5,0.0005395837024294646,-3.0842687589802424e-5,0.00017083431003021125
1.0,39.0,28.0,2.926114080316483,0.43761408031648275,13.5,0.0005394617485351514,-3.110704417235975e-5,0.00017141926915918557
1.0,40.0,28.0,2.926114080316483,0.5753640803164828,13.5,0.0005395050388856083,-3.134516405104672e-5,0.00017208727032209996
1.0,41.0,28.0,2.926114080316483,0.7131140803164828,13.5,0.0005395513694396855,-3.155517843427084e-5,0.00017283668745748284
2.0,1.0,28.0,5.9261140803164825,2.213114080316483,13.5,0.008434946901459012,0.02814447884707202,-0.0006903345584470625
2.0,2.0,28.0,5.9261140803164825,2.350864080316483,13.5,0.006993300132052436,0.028157230093775167,-0.0005032736606127357
2.0,3.0,28.0,5.9261140803164825,2.488614080316483,13.5,0.0055517744058369844,0.028166484275048066,-0.00031665544225379397
2.0,4.0,28.0,5.9261140803164825,2.626364080316483,13.5,0.004110479015645134,0.028172270110152563,-0.00013036981188812948
2.0,5.0,28.0,5.926228160632966,2.7612108185127324,13.5,0.002700041723776814,0.02817578808442887,5.178824984439266e-5
2.0,6.0,28.0,5.918185199544742,2.8141698042120584,13.5,0.002146436786677788,0.028091725845379566,0.00012219954474289007
2.0,7.0,28.0,5.895170689293565,2.859335698724533,13.5,0.0016748533357423582,0.027850945265382107,0.00018052995785891525
2.0,8.0,28.0,5.859335698724533,2.8951706892935642,13.5,0.0013014669458415275,0.027476441340611592,0.00022534029698724817
2.0,9.0,28.0,5.814169804212058,2.918185199544742,13.5,0.0010624977772607925,0.027005166100089965,0.00025261024461412687
2.0,10.0,28.0,5.7612108185127315,2.9262281606329656,13.5,0.0009799663558390007,0.026453543312209036,0.0002600416676626946
2.0,11.0,28.0,5.1136140803164825,2.926114080316483,13.5,0.0009940085979142728,0.01972461807637757,0.00022765069516916846
2.0,12.0,28.0,4.463114080316483,2.926114080316483,13.5,0.0010028184428143771,0.01300074118366354,0.0001973863098050984
2.0,13.0,28.0,3.8126140803164827,2.926114080316483,13.5,0.0010084502925681751,0.0066126110539978765,0.00016863792819616356
2.0,14.0,28.0,3.1650173421202332,2.9262281606329656,13.5,0.0010106573975362308,0.0011487021882618325,0.00014137204560337878
2.0,15.0,28.0,3.112058356420907,2.918185199544742,13.5,0.0010690348184845596,0.0007653195091181699,0.00013865137265872858
2.0,16.0,28.0,3.0668924619084326,2.8951706892935642,13.5,0.0012309656150738242,0.0004477174165094951,0.00013558941559735374
2.0,17.0,28.0,3.0310574713394014,2.859335698724533,13.5,0.0014754411333245873,0.00020327105711887518,0.00013270992381290628
2.0,18.0,28.0,3.0080429610882238,2.8141698042120584,13.5,0.0017736163130453177,5.1293801134312425e-5,0.00013061269136779432
2.0,19.0,28.0,3.0,2.7612108185127324,13.5,0.002110899840927666,-6.58025447496726e-9,0.0001298397718810237
2.0,20.0,28.0,3.0001140803164827,2.113614080316483,13.5,0.0052096541465286245,1.1928706212100632e-7,0.00013057191528355073
2.0,21.0,28.0,3.0001140803164827,1.4631140803164828,13.5,0.0062683336496948145,4.7200861488937004e-7,0.00013063076183063058
2.0,22.0,28.0,3.0001140803164827,0.8126140803164827,13.5,0.005199750461274078,8.256583373456032e-7,0.0001304258757483241
2.0,23.0,28.0,3.0,0.16501734212023322,13.5,0.0021007653354750523,9.530993595418701e-7,0.00012954693882444377
2.0,24.0,28.0,3.0080429610882238,0.11205835642090678,13.5,0.0017642213418277968,-5.023464228905847e-5,0.00013030114858592193
2.0,25.0,28.0,3.0310574713394014,0.06689246190843257,13.5,0.001466795919342941,-0.0002018293099945414,0.0001323724467883827
2.0,26.0,28.0,3.0668924619084326,0.0310574713394014,13.5,0.001223010164731729,-0.0004455853187244142,0.00013522046433617985
2.0,27.0,28.0,3.112058356420907,0.008042961088223777,13.5,0.0010615842154410467,-0.0007621957092758344,0.0001382499714670851
2.0,28.0,28.0,3.1650173421202332,0.0,13.5,0.0010034052916234792,-0.0011442690439592918,0.00014094188182138575
2.0,29.0,28.0,3.8126140803164827,0.0001140803164827453,13.5,0.0010012008955260399,-0.006581649149862809,0.0001679087584516748
2.0,30.0,28.0,4.463114080316483,0.0001140803164827453,13.5,0.0009955974764479822,-0.012928276542139816,0.00019633713161652217
2.0,31.0,28.0,5.1136140803164825,0.0001140803164827453,13.5,0.0009868397847526272,-0.01960196675737292,0.0002262481559875061
2.0,32.0,28.0,5.761210818512732,0.0,13.5,0.000972884984132852,-0.026277446604472746,0.000258240827758809
2.0,33.0,28.0,5.814169804212058,0.008042961088223777,13.5,0.001054753110323599,-0.02682465211286376,0.00025087499240483875
2.0,34.0,28.0,5.859335698724533,0.0310574713394014,13.5,0.001291807820036299,-0.027292155959865318,0.00022386690439233075
2.0,35.0,28.0,5.895170689293565,0.06689246190843257,13.5,0.0016622069165782292,-0.02766366535471416,0.00017949217272980603
2.0,36.0,28.0,5.918185199544742,0.11205835642090678,13.5,0.002130021674771673,-0.027902522086246193,0.00012173179852776589
2.0,37.0,28.0,5.926228160632966,0.16501734212023322,13.5,0.0026792065516152205,-0.02798591243640481,5.201077443675742e-5
2.0,38.0,28.0,5.9261140803164825,0.29986408031648293,13.5,0.004078392630914819,-0.02798241591709867,-0.00012835969176938243
2.0,39.0,28.0,5.9261140803164825,0.43761408031648275,13.5,0.005508199219493835,-0.02797666237762288,-0.0003128165926843261
2.0,40.0,28.0,5.9261140803164825,0.5753640803164828,13.5,0.0069382382542418275,-0.027967460866020557,-0.0004976008663775271
2.0,41.0,28.0,5.9261140803164825,0.7131140803164828,13.5,0.008368396453731138,-0.027954782749197916,-0.0006828204140194279
1.0,1.0,29.0,2.926114080316483,2.213114080316483,14.0,0.0005048203372245974,3.521678711624258e-5,0.00017489027252483565
1.0,2.0,29.0,2.926114080316483,2.350864080316483,14.0,0.0005083187170551122,3.5039217542652594e-5,0.00017472852018587416
1.0,3.0,29.0,2.926114080316483,2.488614080316483,14.0,0.0005118099948960548,3.483293122896253e-5,0.00017463380823991447
1.0,4.0,29.0,2.926114080316483,2.626364080316483,14.0,0.0005154871812083297,3.4600236655217525e-5,0.00017460838760087076
1.0,5.0,29.0,2.9262281606329656,2.7612108185127324,14.0,0.0005194389319989201,3.434548892662485e-5,0.0001746519976394448
1.0,6.0,29.0,2.918185199544742,2.8141698042120584,14.0,0.0005211518347433959,3.449799856994922e-5,0.0001742923084658959
1.0,7.0,29.0,2.8951706892935642,2.859335698724533,14.0,0.0005227408290198838,3.519023950951858e-5,0.00017325454778600782
1.0,8.0,29.0,2.859335698724533,2.8951706892935642,14.0,0.000524113254604006,3.641033563388054e-5,0.0001716841727010926
1.0,9.0,29.0,2.814169804212059,2.918185199544742,14.0,0.0005250862385148236,3.8080014395953574e-5,0.00016977758051042532
1.0,10.0,29.0,2.761210818512732,2.9262281606329656,14.0,0.0005255172744011279,4.0164675097477504e-5,0.00016765709288430911
1.0,11.0,29.0,2.113614080316483,2.926114080316483,14.0,0.0005263236178009848,6.709784849080278e-5,0.0001431903913295689
1.0,12.0,29.0,1.4631140803164828,2.926114080316483,14.0,0.000526117615207443,7.648153180857575e-5,0.00011931050554779833
1.0,13.0,29.0,0.8126140803164827,2.926114080316483,14.0,0.0005249781811676374,5.8015150228282043e-5,9.558019514680078e-5
1.0,14.0,29.0,0.16501734212023322,2.9262281606329656,14.0,0.0005229885468684196,1.7530299943311518e-5,7.157001079778471e-5
1.0,15.0,29.0,0.11205835642090678,2.918185199544742,14.0,0.0005233489331647146,1.3816666956457988e-5,6.962882323731032e-5
1.0,16.0,29.0,0.06689246190843257,2.8951706892935642,14.0,0.0005247888456006712,1.0552070561073496e-5,6.805590644815704e-5
1.0,17.0,29.0,0.0310574713394014,2.859335698724533,14.0,0.0005271717514839158,7.874465750668631e-6,6.68862760055687e-5
1.0,18.0,29.0,0.008042961088223777,2.8141698042120584,14.0,0.0005302586664512539,6.0586295436431115e-6,6.622307324273248e-5
1.0,19.0,29.0,0.0,2.7612108185127324,14.0,0.0005339309401524202,5.264368135287389e-6,6.611958553708863e-5
1.0,20.0,29.0,0.0001140803164827453,2.113614080316483,14.0,0.0005744896793185862,2.4972572152647348e-6,6.768347124925611e-5
1.0,21.0,29.0,0.0001140803164827453,1.4631140803164828,14.0,0.0005899381580957123,-1.9939682769592317e-7,6.82347318769071e-5
1.0,22.0,29.0,0.0001140803164827453,0.8126140803164827,14.0,0.0005725023020222297,-2.8963800891280574e-6,6.774613753300015e-5
1.0,23.0,29.0,0.0,0.16501734212023322,14.0,0.0005305247337528282,-5.664325854646216e-6,6.624757011058705e-5
1.0,24.0,29.0,0.008042961088223777,0.11205835642090678,14.0,0.0005267781375698866,-6.470004538996513e-6,6.635314051533833e-5
1.0,25.0,29.0,0.0310574713394014,0.06689246190843257,14.0,0.000523634451198141,-8.314924023707683e-6,6.701124720435304e-5
1.0,26.0,29.0,0.06689246190843257,0.0310574713394014,14.0,0.0005212116963060131,-1.1032621916327467e-5,6.816948650865685e-5
1.0,27.0,29.0,0.11205835642090678,0.008042961088223777,14.0,0.000519749558047393,-1.4341319162364655e-5,6.972601599193497e-5
1.0,28.0,29.0,0.16501734212023322,0.0,14.0,0.0005193827496036595,-1.8099154115004772e-5,7.16465739415544e-5
1.0,29.0,29.0,0.8126140803164827,0.0001140803164827453,14.0,0.0005213787278418133,-5.863674940364979e-5,9.539967816973063e-5
1.0,30.0,29.0,1.4631140803164828,0.0001140803164827453,14.0,0.0005225296734649081,-7.663946201316597e-5,0.00011886895798385575
1.0,31.0,29.0,2.113614080316483,0.0001140803164827453,14.0,0.0005227525288263447,-6.660581823140504e-5,0.00014247974708577515
1.0,32.0,29.0,2.7612108185127324,0.0,14.0,0.000521968503635317,-3.8950047180744336e-5,0.00016666464497061705
1.0,33.0,29.0,2.814169804212059,0.008042961088223777,14.0,0.0005215297941923264,-3.680103618488129e-5,0.00016877412696991397
1.0,34.0,29.0,2.859335698724533,0.0310574713394014,14.0,0.0005205302938926361,-3.507496620863674e-5,0.00017069732064097965
1.0,35.0,29.0,2.8951706892935642,0.06689246190843257,14.0,0.000519114523872994,-3.380871212041993e-5,0.00017230862946326345
1.0,36.0,29.0,2.918185199544742,0.11205835642090678,14.0,0.0005174691633156036,-3.308546834154901e-5,0.00017340758268251637
1.0,37.0,29.0,2.9262281606329656,0.16501734212023322,14.0,0.0005156884459046069,-3.292048755442002e-5,0.00017384762513701258
1.0,38.0,29.0,2.926114080316483,0.29986408031648293,14.0,0.0005115595195618977,-3.317001694179061e-5,0.00017401721098389086
1.0,39.0,29.0,2.926114080316483,0.43761408031648275,14.0,0.0005076979727189082,-3.339721183513134e-5,0.00017426177256396757
1.0,40.0,29.0,2.926114080316483,0.5753640803164828,14.0,0.000504020599560457,-3.359801521419353e-5,0.0001745780342114796
1.0,41.0,29.0,2.926114080316483,0.7131140803164828,14.0,0.0005003356997980064,-3.377011284159272e-5,0.00017496455999355739
2.0,1.0,29.0,5.9261140803164825,2.213114080316483,14.0,0.008210009841535347,0.027388129352818643,-0.0008639763549122566
2.0,2.0,29.0,5.9261140803164825,2.350864080316483,14.0,0.006807833445165402,0.027400588568293575,-0.0006349621253008734
2.0,3.0,29.0,5.9261140803164825,2.488614080316483,14.0,0.005405900537598861,0.027409620089270174,-0.00040654642719451634
2.0,4.0,29.0,5.9261140803164825,2.626364080316483,14.0,0.0040038956094125755,0.02741524795859888,-0.00017858144075633738
2.0,5.0,29.0,5.926228160632966,2.7612108185127324,14.0,0.0026312271345517806,0.02741863672407231,4.4309122294909976e-5
2.0,6.0,29.0,5.918185199544742,2.8141698042120584,14.0,0.0020921570211152123,0.027336759612552126,0.0001305669159827262
2.0,7.0,29.0,5.895170689293565,2.859335698724533,14.0,0.0016327701387223157,0.027102184914738564,0.00020213871792244302
2.0,8.0,29.0,5.859335698724533,2.8951706892935642,14.0,0.0012688882599040416,0.026737194839093172,0.00025715906422177316
2.0,9.0,29.0,5.814169804212058,2.918185199544742,14.0,0.0010359030907219132,0.026277706486500407,0.00029060731045682617
2.0,10.0,29.0,5.7612108185127315,2.9262281606329656,14.0,0.000955404743066907,0.025739666231638123,0.00029956001795594276
2.0,11.0,29.0,5.1136140803164825,2.926114080316483,14.0,0.0009692058657992345,0.0191661901686064,0.000256927969543043
2.0,12.0,29.0,4.463114080316483,2.926114080316483,14.0,0.0009780304507785026,0.012603647191853935,0.00021761551185907972
2.0,13.0,29.0,3.8126140803164827,2.926114080316483,14.0,0.000983712862744444,0.0063899505452937625,0.0001805991301164352
2.0,14.0,29.0,3.1650173421202332,2.9262281606329656,14.0,0.0009857549690625701,0.0011049461785321475,0.00014573119919419834
2.0,15.0,29.0,3.112058356420907,2.918185199544742,14.0,0.0010419544466989655,0.0007356867386866398,0.00014209322541984445
2.0,16.0,29.0,3.0668924619084326,2.8951706892935642,14.0,0.0011977244406960253,0.00043012700634526284,0.0001378169884854745
2.0,17.0,29.0,3.0310574713394014,2.859335698724533,14.0,0.0014326483070345604,0.00019522294297872602,0.00013371685199898122
2.0,18.0,29.0,3.0080429610882238,2.8141698042120584,14.0,0.001718850829244971,4.935739210824957e-5,0.00013070919910587394
2.0,19.0,29.0,3.0,2.7612108185127324,14.0,0.002042218323390682,1.9269677483735382e-7,0.00012964695121996719
2.0,20.0,29.0,3.0001140803164827,2.113614080316483,14.0,0.004992753580924707,3.280601612984057e-7,0.00013156687605239852
2.0,21.0,29.0,3.0001140803164827,1.4631140803164828,14.0,0.0059946364768169854,3.9154637748125947e-7,0.00013196015422684904
2.0,22.0,29.0,3.0001140803164827,0.8126140803164827,14.0,0.004983190501922765,4.557447805661877e-7,0.00013141643547431278
2.0,23.0,29.0,3.0,0.16501734212023322,14.0,0.002032475507764297,5.929033687993409e-7,0.0001293432675924724
2.0,24.0,29.0,3.0080429610882238,0.11205835642090678,14.0,0.0017098217519243423,-4.8463236875479016e-5,0.00013038740699644095
2.0,25.0,29.0,3.0310574713394014,0.06689246190843257,14.0,0.001424341706236587,-0.0001939602753617135,0.00013336475363539199
2.0,26.0,29.0,3.0668924619084326,0.0310574713394014,14.0,0.001190081643631307,-0.0004281996790292504,0.0001374301432317444
2.0,27.0,29.0,3.112058356420907,0.008042961088223777,14.0,0.001034797087079545,-0.0007328056416608512,0.00014167202930759213
2.0,28.0,29.0,3.1650173421202332,0.0,14.0,0.000978788400181816,-0.0011008070991466352,0.00014527698159120717
2.0,29.0,29.0,3.8126140803164827,0.0001140803164827453,14.0,0.000976748825730211,-0.006360372893514871,0.00017979791066778986
2.0,30.0,29.0,4.463114080316483,0.0001140803164827453,14.0,0.0009710931212982092,-0.012534232230512532,0.00021644305051367693
2.0,31.0,29.0,5.1136140803164825,0.0001140803164827453,14.0,0.0009623176098908956,-0.019048433527420663,0.00025534813295661726
2.0,32.0,29.0,5.761210818512732,0.0,14.0,0.0009485985111831297,-0.02557025838544306,0.0002975258713053715
2.0,33.0,29.0,5.814169804212058,0.008042961088223777,14.0,0.0010284553345786412,-0.02610402807757225,0.0002886469495142956
2.0,34.0,29.0,5.859335698724533,0.0310574713394014,14.0,0.001259589520070457,-0.02655987053755159,0.0002554940929738274
2.0,35.0,29.0,5.895170689293565,0.06689246190843257,14.0,0.0016205835689800834,-0.02692196599063744,0.00020096546508480015
2.0,36.0,29.0,5.918185199544742,0.11205835642090678,14.0,0.0020763277275520913,-0.027154681216450573,0.00013003747387005157
2.0,37.0,29.0,5.926228160632966,0.16501734212023322,14.0,0.0026111260807799106,-0.027235908960137556,4.4559739271862156e-5
2.0,38.0,29.0,5.9261140803164825,0.29986408031648293,14.0,0.003972922577895537,-0.027232540522746804,-0.00017630996000404247
2.0,39.0,29.0,5.9261140803164825,0.43761408031648275,14.0,0.005363827890579272,-0.027226942952434233,-0.0004022076205464853
2.0,40.0,29.0,5.9261140803164825,0.5753640803164828,14.0,0.006754664313732905,-0.027217960906650785,-0.0006285503210973891
2.0,41.0,29.0,5.9261140803164825,0.7131140803164828,14.0,0.008145742236655549,-0.02720557040709669,-0.0008554835625822377
1.0,1.0,30.0,2.926114080316483,2.213114080316483,14.5,0.00047368625470248953,3.525192980628917e-5,0.00017667232158112583
1.0,2.0,30.0,2.926114080316483,2.350864080316483,14.5,0.00047902755302089544,3.510398542349081e-5,0.00017688020252076933
1.0,3.0,30.0,2.926114080316483,2.488614080316483,14.5,0.00048436629155058366,3.4927591818999534e-5,0.00017714220476574167
1.0,4.0,30.0,2.926114080316483,2.626364080316483,14.5,0.0004898727869189051,3.4725042543601465e-5,0.00017746268857746388
1.0,5.0,30.0,2.9262281606329656,2.7612108185127324,14.5,0.0004955722194752588,3.4498025703424795e-5,0.00017783661623115265
1.0,6.0,30.0,2.918185199544742,2.8141698042120584,14.5,0.000497950463873038,3.476317963512659e-5,0.00017761905204514592
1.0,7.0,30.0,2.8951706892935642,2.859335698724533,14.5,0.0005000915517844201,3.574912231889854e-5,0.00017670227996599544
1.0,8.0,30.0,2.859335698724533,2.8951706892935642,14.5,0.000501887318468066,3.740844589679721e-5,0.00017519556999903826
1.0,9.0,30.0,2.814169804212059,2.918185199544742,14.5,0.0005031196341514909,3.961142431265844e-5,0.00017326219302443697
1.0,10.0,30.0,2.761210818512732,2.9262281606329656,14.5,0.0005036303718263122,4.2297215815956155e-5,0.00017099646271378957
1.0,11.0,30.0,2.113614080316483,2.926114080316483,14.5,0.0005043341910682713,7.493853879981856e-5,0.00014401223951647488
1.0,12.0,30.0,1.4631140803164828,2.926114080316483,14.5,0.0005040956981675629,8.626817516556876e-5,0.00011772907946672856
1.0,13.0,30.0,0.8126140803164827,2.926114080316483,14.5,0.0005029859490828665,6.531875302905541e-5,9.168349525039482e-5
1.0,14.0,30.0,0.16501734212023322,2.9262281606329656,14.5,0.0005010712292290859,1.90829509734993e-5,6.545751603980414e-5
1.0,15.0,30.0,0.11205835642090678,2.918185199544742,14.5,0.0005015230121276125,1.4819488939647392e-5,6.328836321826685e-5
1.0,16.0,30.0,0.06689246190843257,2.8951706892935642,14.5,0.0005032123244273775,1.1082692344114592e-5,6.145250195547729e-5
1.0,17.0,30.0,0.0310574713394014,2.859335698724533,14.5,0.0005059806456974763,8.031553448960514e-6,6.00333856751895e-5
1.0,18.0,30.0,0.008042961088223777,2.8141698042120584,14.5,0.0005095488854374115,5.9804303817075244e-6,5.9188872726400475e-5
1.0,19.0,30.0,0.0,2.7612108185127324,14.5,0.0005137769802904452,5.111442303259208e-6,5.902263872802251e-5
1.0,20.0,30.0,0.0001140803164827453,2.113614080316483,14.5,0.0005601099285408763,2.445375749903963e-6,6.073464664641342e-5
1.0,21.0,30.0,0.0001140803164827453,1.4631140803164828,14.5,0.0005779068486196561,-1.6920521674778949e-7,6.132811550391999e-5
1.0,22.0,30.0,0.0001140803164827453,0.8126140803164827,14.5,0.0005582948703769352,-2.784350278326471e-6,6.079410284713162e-5
1.0,23.0,30.0,0.0,0.16501734212023322,14.5,0.0005105930767067928,-5.452020556400573e-6,5.914391518396312e-5
1.0,24.0,30.0,0.008042961088223777,0.11205835642090678,14.5,0.0005062849847690087,-6.333377043955423e-6,5.931172299166474e-5
1.0,25.0,30.0,0.0310574713394014,0.06689246190843257,14.5,0.0005026534443723453,-8.41700087381662e-6,6.0150333334706224e-5
1.0,26.0,30.0,0.06689246190843257,0.0310574713394014,14.5,0.000499838778152948,-1.1514827333272195e-5,6.155703938794414e-5
1.0,27.0,30.0,0.11205835642090678,0.008042961088223777,14.5,0.0004981222507462984,-1.530563618412838e-5,6.337540176663339e-5
1.0,28.0,30.0,0.16501734212023322,0.0,14.5,0.0004976620448742392,-1.9626748540781362e-5,6.55227948504078e-5
1.0,29.0,30.0,0.8126140803164827,0.0001140803164827453,14.5,0.0004995834740497433,-6.617923249989243e-5,9.147904777042704e-5
1.0,30.0,30.0,1.4631140803164828,0.0001140803164827453,14.5,0.0005007047452227808,-8.69535024304493e-5,0.00011725089055870139
1.0,31.0,30.0,2.113614080316483,0.0001140803164827453,14.5,0.0005009595295191675,-7.516388155278427e-5,0.00014325221793493132
1.0,32.0,30.0,2.7612108185127324,0.0,14.5,0.0005002765167339849,-4.1885862647649985e-5,0.00016994219681942504
1.0,33.0,30.0,2.814169804212059,0.008042961088223777,14.5,0.0004997588632886404,-3.914182854722927e-5,0.00017219584023752345
1.0,34.0,30.0,2.859335698724533,0.0310574713394014,14.5,0.0004985026688142345,-3.688788457215719e-5,0.000174144253531699
1.0,35.0,30.0,2.8951706892935642,0.06689246190843257,14.5,0.0004966680134203808,-3.518693975853381e-5,0.00017569052567359007
1.0,36.0,30.0,2.918185199544742,0.11205835642090678,14.5,0.0004944765057686035,-3.41730775380508e-5,0.0001766674203809448
1.0,37.0,30.0,2.9262281606329656,0.16501734212023322,14.5,0.0004920377294370176,-3.389651887868594e-5,0.00017696391277191765
1.0,38.0,30.0,2.926114080316483,0.29986408031648293,14.5,0.0004861807565291144,-3.411782526162658e-5,0.00017680067332416372
1.0,39.0,30.0,2.926114080316483,0.43761408031648275,14.5,0.00048051087074664137,-3.431398251144934e-5,0.00017669670795400602
1.0,40.0,30.0,2.926114080316483,0.5753640803164828,14.5,0.00047500743937590556,-3.4483515568583657e-5,0.0001766535654035871
1.0,41.0,30.0,2.926114080316483,0.7131140803164828,14.5,0.00046950093051023676,-3.4624134159530076e-5,0.0001766678282533037
2.0,1.0,30.0,5.9261140803164825,2.213114080316483,14.5,0.00795290805887951,0.026480983293117603,-0.0010330781724690223
2.0,2.0,30.0,5.9261140803164825,2.350864080316483,14.5,0.006595278038259445,0.02649306841729686,-0.0007631186299417354
2.0,3.0,30.0,5.9261140803164825,2.488614080316483,14.5,0.005238041047368686,0.026501817122235396,-0.0004938881568982927
2.0,4.0,30.0,5.9261140803164825,2.626364080316483,14.5,0.003880354049843458,0.026507247479370083,-0.000225195001326275
2.0,5.0,30.0,5.926228160632966,2.7612108185127324,14.5,0.0025502116897524432,0.026510483107118458,3.752980216412672e-5
2.0,6.0,30.0,5.918185199544742,2.8141698042120584,14.5,0.0020274752174825692,0.026431061808662126,0.00013916236746303078
2.0,7.0,30.0,5.895170689293565,2.859335698724533,14.5,0.0015817707676017945,0.026203451836134716,0.00022340953679973464
2.0,8.0,30.0,5.859335698724533,2.8951706892935642,14.5,0.0012285316823590928,0.025849121883341555,0.0002880941372333902
2.0,9.0,30.0,5.814169804212058,2.918185199544742,14.5,0.0010022335485172914,0.025402820454212414,0.0003273269367113151
2.0,10.0,30.0,5.7612108185127315,2.9262281606329656,14.5,0.0009239980951248968,0.02487995636584613,0.00033768837843536225
2.0,11.0,30.0,5.1136140803164825,2.926114080316483,14.5,0.0009374527862895807,0.018480557740719786,0.00028549850314162246
2.0,12.0,30.0,4.463114080316483,2.926114080316483,14.5,0.0009462644038265191,0.012106242720685353,0.0002374583594686167
2.0,13.0,30.0,3.8126140803164827,2.926114080316483,14.5,0.0009519946713858915,0.006106546857689671,0.00019221963717452352
2.0,14.0,30.0,3.1650173421202332,2.9262281606329656,14.5,0.0009538469522480048,0.0010487609455263585,0.00014925906168423235
2.0,15.0,30.0,3.112058356420907,2.918185199544742,14.5,0.0010072590821220253,0.0006976054415935267,0.0001448619368620656
2.0,16.0,30.0,3.0668924619084326,2.8951706892935642,14.5,0.0011551359727530446,0.0004074839643522265,0.0001398248167391806
2.0,17.0,30.0,3.0310574713394014,2.859335698724533,14.5,0.001377823628254495,0.00018480976243683475,0.00013506432963908993
2.0,18.0,30.0,3.0080429610882238,2.8141698042120584,14.5,0.001648695345674402,4.67725133353944e-5,0.00013160920679126186
2.0,19.0,30.0,3.0,2.7612108185127324,14.5,0.0019542549217876548,3.42407644716979e-7,0.00013039329922404636
2.0,20.0,30.0,3.0001140803164827,2.113614080316483,14.5,0.004715405025435971,5.384785722901278e-7,0.00013269677287998637
2.0,21.0,30.0,3.0001140803164827,1.4631140803164828,14.5,0.005644556620688031,3.066640326581821e-7,0.00013323232327807017
2.0,22.0,30.0,3.0001140803164827,0.8126140803164827,14.5,0.004706195994336187,7.57737361547751e-8,0.00013254243068982935
2.0,23.0,30.0,3.0,0.16501734212023322,14.5,0.0019449376385475927,2.735987757473997e-7,0.00013008110139436086
2.0,24.0,30.0,3.0080429610882238,0.11205835642090678,14.5,0.001640066998756826,-4.6051412434889995e-5,0.00013127398803592145
2.0,25.0,30.0,3.0310574713394014,0.06689246190843257,14.5,0.0013698912093141865,-0.0001837333872811337,0.00013470152549472142
2.0,26.0,30.0,3.0668924619084326,0.0310574713394014,14.5,0.0011478418806551332,-0.0004057688414616621,0.00013942518127308987
2.0,27.0,30.0,3.112058356420907,0.008042961088223777,14.5,0.0010004309397792786,-0.0006949752020152009,0.00014442137492596982
2.0,28.0,30.0,3.1650173421202332,0.0,14.5,0.000947201565537012,-0.0010449251344584929,0.00014878258423294788
2.0,29.0,30.0,3.8126140803164827,0.0001140803164827453,14.5,0.0009453512442492973,-0.006078424199377496,0.0001913518453403142
2.0,30.0,30.0,4.463114080316483,0.0001140803164827453,14.5,0.0009396459118770869,-0.01204011764337585,0.00023617108778405238
2.0,31.0,30.0,5.1136140803164825,0.0001140803164827453,14.5,0.0009308802005179604,-0.018368184595405578,0.0002837535074764248
2.0,32.0,30.0,5.761210818512732,0.0,14.5,0.0009175020568209464,-0.024718006403579906,0.00033543746096180226
2.0,33.0,30.0,5.814169804212058,0.008042961088223777,14.5,0.0009951213775414116,-0.02523677051864552,0.00032515726150835633
2.0,34.0,30.0,5.859335698724533,0.0310574713394014,14.5,0.0012196424590257796,-0.025679572070948467,0.0002862506188572153
2.0,35.0,30.0,5.895170689293565,0.06689246190843257,14.5,0.0015701095880030675,-0.026031123702703426,0.00022210949395184772
2.0,36.0,30.0,5.918185199544742,0.11205835642090678,14.5,0.002012318114958751,-0.02625694917125754,0.00013857454793616856
2.0,37.0,30.0,5.926228160632966,0.16501734212023322,14.5,0.002530955706428748,-0.02633574732380375,3.780584389853535e-5
2.0,38.0,30.0,5.9261140803164825,0.29986408031648293,14.5,0.0038506684309124683,-0.026332530729700612,-0.00022267950618738588
2.0,39.0,30.0,5.9261140803164825,0.43761408031648275,14.5,0.005197709942052352,-0.026327128507403666,-0.0004890817865061813
2.0,40.0,30.0,5.9261140803164825,0.5753640803164828,14.5,0.006544305803110407,-0.026318425859681638,-0.0007560153611329755
2.0,41.0,30.0,5.9261140803164825,0.7131140803164828,14.5,0.007891292544073171,-0.026306404754638735,-0.0010236695694353316
1.0,1.0,31.0,2.926114080316483,2.213114080316483,15.0,0.0004501107832135775,3.393792293668047e-5,0.0001781429349711865
1.0,2.0,31.0,2.926114080316483,2.350864080316483,15.0,0.00045553254124877716,3.381282049553471e-5,0.0001787089289033645
1.0,3.0,31.0,2.926114080316483,2.488614080316483,15.0,0.0004609644957345022,3.3660722198407244e-5,0.0001793174520877411
1.0,4.0,31.0,2.926114080316483,2.626364080316483,15.0,0.00046652451652426445,3.348320511309862e-5,0.00017997464608373112
1.0,5.0,31.0,2.9262281606329656,2.7612108185127324,15.0,0.00047219119893927527,3.3281191510216026e-5,0.00018067563364680843
1.0,6.0,31.0,2.918185199544742,2.8141698042120584,15.0,0.0004745194917457214,3.3549077163270145e-5,0.00018059146019595618
1.0,7.0,31.0,2.8951706892935642,2.859335698724533,15.0,0.00047659153897932683,3.451110133147988e-5,0.0001797723134047167
1.0,8.0,31.0,2.859335698724533,2.8951706892935642,15.0,0.00047830990162192963,3.610818513136541e-5,0.00017831074979557068
1.0,9.0,31.0,2.814169804212059,2.918185199544742,15.0,0.0004794751022480478,3.8205751924530484e-5,0.00017634846962449858
1.0,10.0,31.0,2.761210818512732,2.9262281606329656,15.0,0.0004799493173036719,4.073899206241857e-5,0.0001739379076920542
1.0,11.0,31.0,2.113614080316483,2.926114080316483,15.0,0.0004805437084981838,7.045486501084926e-5,0.00014462647636404694
1.0,12.0,31.0,1.4631140803164828,2.926114080316483,15.0,0.000480276680296573,8.024343234084963e-5,0.00011610395892975962
1.0,13.0,31.0,0.8126140803164827,2.926114080316483,15.0,0.0004791995423590554,6.061551937189858e-5,8.78884224688109e-5
1.0,14.0,31.0,0.16501734212023322,2.9262281606329656,15.0,0.00047735148258472705,1.7947014600887654e-5,5.9550264234638893e-5
1.0,15.0,31.0,0.11205835642090678,2.918185199544742,15.0,0.00047776380694376894,1.3986449055576714e-5,5.717190463995222e-5
1.0,16.0,31.0,0.06689246190843257,2.8951706892935642,15.0,0.0004793282149726519,1.0510589456577801e-5,5.510708789856431e-5
1.0,17.0,31.0,0.0310574713394014,2.859335698724533,15.0,0.0004818990972926082,7.669047724795392e-6,5.347584969696951e-5
1.0,18.0,31.0,0.008042961088223777,2.8141698042120584,15.0,0.0004852177238586014,5.756256310996197e-6,5.24786509985117e-5
1.0,19.0,31.0,0.0,2.7612108185127324,15.0,0.0004891537396117248,4.943064956297847e-6,5.225767797249197e-5
1.0,20.0,31.0,0.0001140803164827453,2.113614080316483,15.0,0.0005321424996429586,2.3904893245983767e-6,5.4064706816944366e-5
1.0,21.0,31.0,0.0001140803164827453,1.4631140803164828,15.0,0.0005487012980115738,-1.4065428951570812e-7,5.468715296104986e-5
1.0,22.0,31.0,0.0001140803164827453,0.8126140803164827,15.0,0.000530506622220783,-2.672583424222629e-6,5.41201517411457e-5
1.0,23.0,31.0,0.0,0.16501734212023322,15.0,0.00048620042918745196,-5.227445840852919e-6,5.2370589489521367e-5
1.0,24.0,31.0,0.008042961088223777,0.11205835642090678,15.0,0.0004821789219163477,-6.053917042718589e-6,5.259267460336823e-5
1.0,25.0,31.0,0.0310574713394014,0.06689246190843257,15.0,0.0004787907040673168,-8.002493109558375e-6,5.358338802704784e-5
1.0,26.0,31.0,0.06689246190843257,0.0310574713394014,15.0,0.0004761672476314545,-1.089703870837601e-5,5.520150875768659e-5
1.0,27.0,31.0,0.11205835642090678,0.008042961088223777,15.0,0.00047457085990377937,-1.4436370511690265e-5,5.7248017563539203e-5
1.0,28.0,31.0,0.16501734212023322,0.0,15.0,0.0004741482084395445,-1.8467383735221988e-5,5.9603677380053984e-5
1.0,29.0,31.0,0.8126140803164827,0.0001140803164827453,15.0,0.0004760032775128707,-6.170283786257895e-5,8.766048879772095e-5
1.0,30.0,31.0,1.4631140803164828,0.0001140803164827453,15.0,0.0004770918491524186,-8.142954160400277e-5,0.00011559085773194525
1.0,31.0,31.0,2.113614080316483,0.0001140803164827453,15.0,0.0004773745452298688,-7.136401443583728e-5,0.00014382042490861216
1.0,32.0,31.0,2.7612108185127324,0.0,15.0,0.0004767995420661282,-4.1105896929031115e-5,0.00017282724117531083
1.0,33.0,31.0,2.814169804212059,0.008042961088223777,15.0,0.0004763193852779122,-3.852180872392788e-5,0.00017522421802219662
1.0,34.0,31.0,2.859335698724533,0.0310574713394014,15.0,0.0004751335396075581,-3.637991143153327e-5,0.00017719921480919662
1.0,35.0,31.0,2.8951706892935642,0.06689246190843257,15.0,0.00047338166496536054,-3.474672263698612e-5,0.00017869737091536387
1.0,36.0,31.0,2.918185199544742,0.11205835642090678,15.0,0.0004712664148031438,-3.376045903293447e-5,0.00017957313835077304
1.0,37.0,31.0,2.9262281606329656,0.16501734212023322,15.0,0.00046888659667863,-3.348249398004743e-5,0.00017973265048850013
1.0,38.0,31.0,2.926114080316483,0.29986408031648293,15.0,0.00046308644107956765,-3.367840679292933e-5,0.0001792342263306374
1.0,39.0,31.0,2.926114080316483,0.43761408031648275,15.0,0.0004573887106375934,-3.3848639085545855e-5,0.0001787849723749534
1.0,40.0,31.0,2.926114080316483,0.5753640803164828,15.0,0.0004518182595076641,-3.3992529643748634e-5,0.00017838678485926143
1.0,41.0,31.0,2.926114080316483,0.7131140803164828,15.0,0.0004462575243905924,-3.410846456316307e-5,0.00017803427425235795
2.0,1.0,31.0,5.9261140803164825,2.213114080316483,15.0,0.007636287905854686,0.025427261123731153,-0.0011965757287846026
2.0,2.0,31.0,5.9261140803164825,2.350864080316483,15.0,0.006333185717561206,0.025438901853416396,-0.0008869623269221073
2.0,3.0,31.0,5.9261140803164825,2.488614080316483,15.0,0.005030578196993111,0.02544732262108277,-0.0005781833628994577
2.0,4.0,31.0,5.9261140803164825,2.626364080316483,15.0,0.003727254431607308,0.025452536996588275,-0.0002699976383419229
2.0,5.0,31.0,5.926228160632966,2.7612108185127324,15.0,0.002449721506117594,0.025455620232647972,3.138339124952995e-5
2.0,6.0,31.0,5.918185199544742,2.8141698042120584,15.0,0.0019473823790862829,0.02537928269071431,0.00014781786586815814
2.0,7.0,31.0,5.895170689293565,2.859335698724533,15.0,0.0015188905875279039,0.025160449248842382,0.00024410099814846926
2.0,8.0,31.0,5.859335698724533,2.8951706892935642,15.0,0.0011791449336854124,0.02481964577336804,0.000317855145826851
2.0,9.0,31.0,5.814169804212058,2.918185199544742,15.0,0.0009613934194562005,0.024390202009353986,0.00036245434438357993
2.0,10.0,31.0,5.7612108185127315,2.9262281606329656,15.0,0.0008860753844515809,0.023886880946346896,0.00037410948596534557
2.0,11.0,31.0,5.1136140803164825,2.926114080316483,15.0,0.0008990583793921284,0.017717069990056764,0.00031313132230087666
2.0,12.0,31.0,4.463114080316483,2.926114080316483,15.0,0.0009077367299305091,0.011577712933041847,0.00025678192565728875
2.0,13.0,31.0,3.8126140803164827,2.926114080316483,15.0,0.000913449757592753,0.005819862475207259,0.00020347321402627708
2.0,14.0,31.0,3.1650173421202332,2.9262281606329656,15.0,0.0009151841158400761,0.0009945699637189183,0.00015206111523745453
2.0,15.0,31.0,3.112058356420907,2.918185199544742,15.0,0.0009658940611120094,0.0006610466687802042,0.00014706053277445592
2.0,16.0,31.0,3.0668924619084326,2.8951706892935642,15.0,0.0011061664753471176,0.0003858175677015536,0.00014171324787308956
2.0,17.0,31.0,3.0310574713394014,2.859335698724533,15.0,0.0013171628411539312,0.00017483440871083255,0.0001368255302254512
2.0,18.0,31.0,3.0080429610882238,2.8141698042120584,15.0,0.0015735060244046121,4.4217466946846404e-5,0.0001333442397560938
2.0,19.0,31.0,3.0,2.7612108185127324,15.0,0.0018623204776375406,3.5743004967740153e-7,0.0001321207746778465
2.0,20.0,31.0,3.0001140803164827,2.113614080316483,15.0,0.004452543250933349,6.334976527346854e-7,0.00013404239607311703
2.0,21.0,31.0,3.0001140803164827,1.4631140803164828,15.0,0.005318094653891769,2.180821491612255e-7,0.00013453696404666272
2.0,22.0,31.0,3.0001140803164827,0.8126140803164827,15.0,0.004443728928394721,-1.9659132801757253e-7,0.0001338854436932942
2.0,23.0,31.0,3.0,0.16501734212023322,15.0,0.0018534696745976286,8.230911573238642e-8,0.00013180155313693946
2.0,24.0,31.0,3.0080429610882238,0.11205835642090678,15.0,0.0015653172980646143,-4.367711017457827e-5,0.000133008179863586
2.0,25.0,31.0,3.0310574713394014,0.06689246190843257,15.0,0.0013096413390868613,-0.00017395385231389556,0.00013645092053379216
2.0,26.0,31.0,3.0668924619084326,0.0310574713394014,15.0,0.0010992556395584324,-0.0003843251954279869,0.00014129727404950328
2.0,27.0,31.0,3.112058356420907,0.008042961088223777,15.0,0.0009594283961170156,-0.0006586791597759001,0.00014660602979729893
2.0,28.0,31.0,3.1650173421202332,0.0,15.0,0.0009088929497101233,-0.0009910515690888504,0.0001515662329343514
2.0,29.0,31.0,3.8126140803164827,0.0001140803164827453,15.0,0.0009071599026463636,-0.005793255417996258,0.00020254486947492113
2.0,30.0,31.0,4.463114080316483,0.0001140803164827453,15.0,0.0009014697548641847,-0.011515042174719122,0.0002553888815217182
2.0,31.0,31.0,5.1136140803164825,0.0001140803164827453,15.0,0.0008928342934374456,-0.017610458800518796,0.00031123345612772495
2.0,32.0,31.0,5.761210818512732,0.0,15.0,0.000879922474198606,-0.023733084648747838,0.000371658532098928
2.0,33.0,31.0,5.814169804212058,0.008042961088223777,15.0,0.0009546541608444732,-0.02423250511481921,0.00036009126192733745
2.0,34.0,31.0,5.859335698724533,0.0310574713394014,15.0,0.0011707152616279755,-0.024658619920029157,0.0003158460208860959
2.0,35.0,31.0,5.895170689293565,0.06689246190843257,15.0,0.0015078248262038144,-0.024996781347044243,0.00024268249938933623
2.0,36.0,31.0,5.918185199544742,0.11205835642090678,15.0,0.0019329928898170572,-0.02521391817495996,0.0001471743740456008
2.0,37.0,31.0,5.926228160632966,0.16501734212023322,15.0,0.0024314359344008414,-0.02528966331920597,3.16813280359503e-5
2.0,38.0,31.0,5.9261140803164825,0.29986408031648293,15.0,0.003699058183989336,-0.025286597692773794,-0.00026725689286020835
2.0,39.0,31.0,5.9261140803164825,0.43761408031648275,15.0,0.004992268966615452,-0.02528140917956069,-0.000572943844621902
2.0,40.0,31.0,5.9261140803164825,0.5753640803164828,15.0,0.006284768946161707,-0.025273030894885473,-0.0008792177835848927
2.0,41.0,31.0,5.9261140803164825,0.7131140803164828,15.0,0.0075777612208216705,-0.025261449283186185,-0.001186317419878547
1.0,1.0,32.0,2.926114080316483,2.213114080316483,15.5,0.00043136226320160056,3.1356505680773164e-5,0.00017938929432122233
1.0,2.0,32.0,2.926114080316483,2.350864080316483,15.5,0.00043561725656895647,3.1248304724235865e-5,0.00018028170537183846
1.0,3.0,32.0,2.926114080316483,2.488614080316483,15.5,0.00043989629549512084,3.111596865699688e-5,0.0001812081685066149
1.0,4.0,32.0,2.926114080316483,2.626364080316483,15.5,0.0004442590819461539,3.096075807329815e-5,0.00018217898742893096
1.0,5.0,32.0,2.9262281606329656,2.7612108185127324,15.5,0.00044866213410346115,3.078286441052583e-5,0.00018318209194449848
1.0,6.0,32.0,2.918185199544742,2.8141698042120584,15.5,0.000450455209700234,3.097917249833877e-5,0.00018321019439996664
1.0,7.0,32.0,2.8951706892935642,2.859335698724533,15.5,0.0004520427680929635,3.170602103224955e-5,0.00018246402716484098
1.0,8.0,32.0,2.859335698724533,2.8951706892935642,15.5,0.0004533533037261009,3.291220078280789e-5,0.00018101384776452524
1.0,9.0,32.0,2.814169804212059,2.918185199544742,15.5,0.0004542399447567423,3.449042039744536e-5,0.0001789860187705562
1.0,10.0,32.0,2.761210818512732,2.9262281606329656,15.5,0.00045460396599704265,3.638810036408507e-5,0.0001764426598025462
1.0,11.0,32.0,2.113614080316483,2.926114080316483,15.5,0.00045508034038004605,5.796618385932238e-5,0.00014501160813084262
1.0,12.0,32.0,1.4631140803164828,2.926114080316483,15.5,0.0004547817681255657,6.427189180708121e-5,0.00011442354750673556
1.0,13.0,32.0,0.8126140803164827,2.926114080316483,15.5,0.0004537343487918777,4.8422670728932415e-5,8.41835107053311e-5
1.0,14.0,32.0,0.16501734212023322,2.9262281606329656,15.5,0.00045194936897186775,1.510527388877691e-5,5.383466389604509e-5
1.0,15.0,32.0,0.11205835642090678,2.918185199544742,15.5,0.00045224023781120716,1.1985401920045146e-5,5.127048893161627e-5
1.0,16.0,32.0,0.06689246190843257,2.8951706892935642,15.5,0.0004534435246982483,9.233878463107622e-6,4.902067695137073e-5
1.0,17.0,32.0,0.0310574713394014,2.859335698724533,15.5,0.00045544787615908186,6.9712738939385495e-6,4.722635698915318e-5
1.0,18.0,32.0,0.008042961088223777,2.8141698042120584,15.5,0.0004580527575897688,5.433798401969213e-6,4.611476473837311e-5
1.0,19.0,32.0,0.0,2.7612108185127324,15.5,0.0004611570200124278,4.759059838637501e-6,4.5851049070895044e-5
1.0,20.0,32.0,0.0001140803164827453,2.113614080316483,15.5,0.0004950184218572879,2.3274305769313973e-6,4.769038843895454e-5
1.0,21.0,32.0,0.0001140803164827453,1.4631140803164828,15.5,0.0005080451300643955,-1.1391811604700491e-7,4.8324133187310864e-5
1.0,22.0,32.0,0.0001140803164827453,0.8126140803164827,15.5,0.000493558201665898,-2.556245449915817e-6,4.7741114126256936e-5
1.0,23.0,32.0,0.0,0.16501734212023322,15.5,0.00045843670718910334,-4.990720547324091e-6,4.595420626114496e-5
1.0,24.0,32.0,0.008042961088223777,0.11205835642090678,15.5,0.00045524296233858427,-5.679405745842926e-6,4.621859232817573e-5
1.0,25.0,32.0,0.0310574713394014,0.06689246190843257,15.5,0.0004525637114992449,-7.255163482474697e-6,4.732324801323272e-5
1.0,26.0,32.0,0.06689246190843257,0.0310574713394014,15.5,0.00045050194012208783,-9.575690253980767e-6,4.9103935886715856e-5
1.0,27.0,32.0,0.11205835642090678,0.008042961088223777,15.5,0.00044926291210775886,-1.2398164254196033e-5,5.1334831975267223e-5
1.0,28.0,32.0,0.16501734212023322,0.0,15.5,0.00044896019994220617,-1.5598712901212827e-5,5.38755215295498e-5
1.0,29.0,32.0,0.8126140803164827,0.0001140803164827453,15.5,0.00045075241803118097,-4.9691952971691335e-5,8.393256041565463e-5
1.0,30.0,32.0,1.4631140803164828,0.0001140803164827453,15.5,0.00045181105754368953,-6.588344461156861e-5,0.00011387727334976544
1.0,31.0,32.0,2.113614080316483,0.0001140803164827453,15.5,0.00045212459848108515,-5.948296952255463e-5,0.0001441627627228815
1.0,32.0,32.0,2.7612108185127324,0.0,15.5,0.0004516662426877248,-3.7483147458034336e-5,0.00017528059344241163
1.0,33.0,32.0,2.814169804212059,0.008042961088223777,15.5,0.0004512976339957072,-3.5544457233746345e-5,0.00017780883637359124
1.0,34.0,32.0,2.859335698724533,0.0310574713394014,15.5,0.00045039465552182374,-3.3930593308942465e-5,0.00017984620538369917
1.0,35.0,32.0,2.8951706892935642,0.06689246190843257,15.5,0.00044905771712876766,-3.269551138731352e-5,0.00018132814994729657
1.0,36.0,32.0,2.918185199544742,0.11205835642090678,15.5,0.0004474362719923315,-3.194924421566132e-5,0.00018212561097613646
1.0,37.0,32.0,2.9262281606329656,0.16501734212023322,15.5,0.00044560277976245574,-3.1744517925568745e-5,0.00018216759478822473
1.0,38.0,32.0,2.926114080316483,0.29986408031648293,15.5,0.00044109589911200167,-3.191587457907399e-5,0.00018135271220832134
1.0,39.0,32.0,2.926114080316483,0.43761408031648275,15.5,0.00043662659925830917,-3.2062985157103084e-5,0.00018057566902866172
1.0,40.0,32.0,2.926114080316483,0.5753640803164828,15.5,0.0004322407003932722,-3.2185793382651756e-5,0.00017984502856306433
1.0,41.0,32.0,2.926114080316483,0.7131140803164828,15.5,0.0004278785408709651,-3.228304491557866e-5,0.00017915156331261452
2.0,1.0,32.0,5.9261140803164825,2.213114080316483,15.5,0.007241622883796339,0.024232222570176785,-0.0013535238937653373
2.0,2.0,32.0,5.9261140803164825,2.350864080316483,15.5,0.006006344277840573,0.02424335738672005,-0.0010058438846433238
2.0,3.0,32.0,5.9261140803164825,2.488614080316483,15.5,0.004771557203289163,0.024251416403862608,-0.0006590909232591693
2.0,4.0,32.0,5.9261140803164825,2.626364080316483,15.5,0.0035360419498280463,0.024256412249043617,-0.00031297088960964765
2.0,5.0,32.0,5.926228160632966,2.7612108185127324,15.5,0.002324846062866584,0.024259362868208772,2.5558451234226404e-5
2.0,6.0,32.0,5.918185199544742,2.8141698042120584,15.5,0.0018485317537608149,0.02418698461096202,0.0001561598051070766
2.0,7.0,32.0,5.895170689293565,2.859335698724533,15.5,0.0014422027424152036,0.023979471613445134,0.0002638795755243859
2.0,8.0,32.0,5.859335698724533,2.8951706892935642,15.5,0.001119997047153712,0.02365626282939396,0.000346198336670353
2.0,9.0,32.0,5.814169804212058,2.918185199544742,15.5,0.0009134635119558605,0.023248941471574542,0.0003958356975757405
2.0,10.0,32.0,5.7612108185127315,2.9262281606329656,15.5,0.0008420169105297181,0.022771485270208884,0.00040870460724739394
2.0,11.0,32.0,5.1136140803164825,2.926114080316483,15.5,0.0008543875147006727,0.016913134339200834,0.00033961333440529
2.0,12.0,32.0,4.463114080316483,2.926114080316483,15.5,0.0008627416792713479,0.01106958664919396,0.00027544410311510994
2.0,13.0,32.0,3.8126140803164827,2.926114080316483,15.5,0.0008683253801797674,0.005572515044178339,0.00021440973061562812
2.0,14.0,32.0,3.1650173421202332,2.9262281606329656,15.5,0.0008700852339798745,0.0009530504859882899,0.00015459999705207727
2.0,15.0,32.0,3.112058356420907,2.918185199544742,15.5,0.0009186920399153839,0.0006333918062385546,0.00014909716680181338
2.0,16.0,32.0,3.0668924619084326,2.8951706892935642,15.5,0.0010531462143277175,0.00036959289956686845,0.00014366802748169176
2.0,17.0,32.0,3.0310574713394014,2.859335698724533,15.5,0.0012553905925051828,0.00016737417990973346,0.00013894677311089354
2.0,18.0,32.0,3.0080429610882238,2.8141698042120584,15.5,0.0015010904304412359,4.219205696022974e-5,0.00013569527541645044
2.0,19.0,32.0,3.0,2.7612108185127324,15.5,0.0017778931924737242,1.6896448932773214e-7,0.00013451248744319598
2.0,20.0,32.0,3.0001140803164827,2.113614080316483,15.5,0.004259846563787516,5.238540170696126e-7,0.0001356264277103772
2.0,21.0,32.0,3.0001140803164827,1.4631140803164828,15.5,0.005089510258253163,1.2610382416349954e-7,0.00013597960837548404
2.0,22.0,32.0,3.0001140803164827,0.8126140803164827,15.5,0.004251472270862295,-2.699213558792727e-7,0.0001354678757920106
2.0,23.0,32.0,3.0,0.16501734212023322,15.5,0.001769539333253277,8.73998904448401e-8,0.00013419068909354377
2.0,24.0,32.0,3.0080429610882238,0.11205835642090678,15.5,0.0014933715081130957,-4.183837229681522e-5,0.00013534301875759547
2.0,25.0,32.0,3.0310574713394014,0.06689246190843257,15.5,0.0012483104362478697,-0.00016669384551121162,0.0001385702970446451
2.0,26.0,32.0,3.0668924619084326,0.0310574713394014,15.5,0.0010466500684304287,-0.0003683284288612203,0.00014325148190523954
2.0,27.0,32.0,3.112058356420907,0.008042961088223777,15.5,0.0009126207877413069,-0.0006312931490265021,0.0001486301788027432
2.0,28.0,32.0,3.1650173421202332,0.0,15.5,0.00086417995686938,-0.0009498555853643004,0.00015409088421774385
2.0,29.0,32.0,3.8126140803164827,0.0001140803164827453,15.5,0.0008624195895912128,-0.00554741046667842,0.0002134281392623684
2.0,30.0,32.0,4.463114080316483,0.0001140803164827453,15.5,0.0008568569034048049,-0.011010394949695527,0.0002739545101441169
2.0,31.0,32.0,5.1136140803164825,0.0001140803164827453,15.5,0.0008485424695151612,-0.016812520242413174,0.0003375748836154957
2.0,32.0,32.0,5.761210818512732,0.0,15.5,0.0008362380308815013,-0.022626462295083194,0.0004060699417917995
2.0,33.0,32.0,5.814169804212058,0.008042961088223777,15.5,0.0009071333376997244,-0.0231002517239658,0.0003932947812353596
2.0,34.0,32.0,5.859335698724533,0.0310574713394014,15.5,0.0011120782119375078,-0.023504444646098854,0.0003440362871719524
2.0,35.0,32.0,5.895170689293565,0.06689246190843257,15.5,0.0014318072665539545,-0.023825171223520885,0.0002623507285224967
2.0,36.0,32.0,5.918185199544742,0.11205835642090678,15.5,0.0018350144168516756,-0.02403109062475268,0.0001554631147701006
2.0,37.0,32.0,5.926228160632966,0.16501734212023322,15.5,0.0023076700493139955,-0.024102912506981065,2.5874424539424706e-5
2.0,38.0,32.0,5.9261140803164825,0.29986408031648293,15.5,0.0035095615893534255,-0.024099978027619953,-0.0003100244604695258
2.0,39.0,32.0,5.9261140803164825,0.43761408031648275,15.5,0.004735584360117038,-0.024095005744486274,-0.000653454000917637
2.0,40.0,32.0,5.9261140803164825,0.5753640803164828,15.5,0.005960884591716001,-0.024086985547265728,-0.0009975101129618563
2.0,41.0,32.0,5.9261140803164825,0.7131140803164828,15.5,0.007186673842895714,-0.024075904805138344,-0.0013424843312896918
1.0,1.0,33.0,2.926114080316483,2.213114080316483,16.0,0.00041421949475367505,2.7663550912504414e-5,0.00018048224882325867
1.0,2.0,33.0,2.926114080316483,2.350864080316483,16.0,0.0004166794150357577,2.756806139008116e-5,0.00018165082133568287
1.0,3.0,33.0,2.926114080316483,2.488614080316483,16.0,0.0004191730708681089,2.745307868591455e-5,0.00018284736039826687
1.0,4.0,33.0,2.926114080316483,2.626364080316483,16.0,0.00042171482848361966,2.7318762649399418e-5,0.00018408352442873075
1.0,5.0,33.0,2.9262281606329656,2.7612108185127324,16.0,0.0004242650412311308,2.7167118767854058e-5,0.00018535432978010452
1.0,6.0,33.0,2.918185199544742,2.8141698042120584,16.0,0.0004253008045403172,2.7259687253676183e-5,0.00018546692464034868
1.0,7.0,33.0,2.8951706892935642,2.859335698724533,16.0,0.00042621984076569744,2.7658033326697547e-5,0.00018474325575591595
1.0,8.0,33.0,2.859335698724533,2.8951706892935642,16.0,0.00042698141652273796,2.8331426431118566e-5,0.00018326959947468957
1.0,9.0,33.0,2.814169804212059,2.918185199544742,16.0,0.0004275006558765713,2.9218650206478188e-5,0.00018117861532225427
1.0,10.0,33.0,2.761210818512732,2.9262281606329656,16.0,0.00042772337498433967,3.028819017850914e-5,0.00017848751951567114
1.0,11.0,33.0,2.113614080316483,2.926114080316483,16.0,0.00042807569942853623,4.2018814371615184e-5,0.00014515072514320447
1.0,12.0,33.0,1.4631140803164828,2.926114080316483,16.0,0.00042773953964222116,4.4427081351022395e-5,0.00011267764819904279
1.0,13.0,33.0,0.8126140803164827,2.926114080316483,16.0,0.00042671812623120634,3.341561450620093e-5,8.056456679875581e-5
1.0,14.0,33.0,0.16501734212023322,2.9262281606329656,16.0,0.0004249979588080127,1.1596879582936113e-5,4.83221542743043e-5
1.0,15.0,33.0,0.11205835642090678,2.918185199544742,16.0,0.0004251364646833442,9.524625250220365e-6,4.559592947704983e-5
1.0,16.0,33.0,0.06689246190843257,2.8951706892935642,16.0,0.0004258877858090569,7.676524286523955e-6,4.3202502175106075e-5
1.0,17.0,33.0,0.0310574713394014,2.859335698724533,16.0,0.0004271824695145288,6.13620117464508e-6,4.129038253607766e-5
1.0,18.0,33.0,0.008042961088223777,2.8141698042120584,16.0,0.0004288924515358977,5.066272346973234e-6,4.0099756600666684e-5
1.0,19.0,33.0,0.0,2.7612108185127324,16.0,0.0004309531599871816,4.561959995498343e-6,3.980487593310679e-5
1.0,20.0,33.0,0.0001140803164827453,2.113614080316483,16.0,0.00045345937306505224,2.2536099082238995e-6,4.162085793870264e-5
1.0,21.0,33.0,0.0001140803164827453,1.4631140803164828,16.0,0.0004620561080532986,-8.914265180363152e-8,4.2248614532605656e-5
1.0,22.0,33.0,0.0001140803164827453,0.8126140803164827,16.0,0.0004521659314369426,-2.433038144176867e-6,4.1666253571655505e-5
1.0,23.0,33.0,0.0,0.16501734212023322,16.0,0.00042846519531436017,-4.7446760445321616e-6,3.989715216009289e-5
1.0,24.0,33.0,0.008042961088223777,0.11205835642090678,16.0,0.0004263130948556057,-5.26327063411089e-6,4.01922549408072e-5
1.0,25.0,33.0,0.0310574713394014,0.06689246190843257,16.0,0.00042452600992219197,-6.37292299416776e-6,4.1375536721638904e-5
1.0,26.0,33.0,0.06689246190843257,0.0310574713394014,16.0,0.00042317089160597216,-7.974241718876116e-6,4.327358995662225e-5
1.0,27.0,33.0,0.11205835642090678,0.008042961088223777,16.0,0.0004223813719040131,-9.898199574343116e-6,4.564759624942255e-5
1.0,28.0,33.0,0.16501734212023322,0.0,16.0,0.0004222300031148371,-1.2058072714461272e-5,4.834966499848204e-5
1.0,29.0,33.0,0.8126140803164827,0.0001140803164827453,16.0,0.0004239575663265492,-3.4810496797853724e-5,8.029107150048311e-5
1.0,30.0,33.0,1.4631140803164828,0.0001140803164827453,16.0,0.0004249898609864779,-4.637109369684046e-5,0.00011209991959025494
1.0,31.0,33.0,2.113614080316483,0.0001140803164827453,16.0,0.00042534020345206614,-4.404866992953322e-5,0.00014426213045550543
1.0,32.0,33.0,2.7612108185127324,0.0,16.0,0.0004250045855297361,-3.204168365603026e-5,0.00017727863990955653
1.0,33.0,33.0,2.814169804212059,0.008042961088223777,16.0,0.0004247789559774664,-3.094302619858193e-5,0.00017995273967842958
1.0,34.0,33.0,2.859335698724533,0.0310574713394014,16.0,0.0004242485402347333,-3.0030537872126774e-5,0.00018204909843273984
1.0,35.0,33.0,2.8951706892935642,0.06689246190843257,16.0,0.00042346874591047215,-2.933656004319256e-5,0.0001835493286972335
1.0,36.0,33.0,2.918185199544742,0.11205835642090678,16.0,0.000422526397910972,-2.8924179166641504e-5,0.0001843175508977149
1.0,37.0,33.0,2.9262281606329656,0.16501734212023322,16.0,0.000421463170302568,-2.8825160430046685e-5,0.0001842662265863977
1.0,38.0,33.0,2.926114080316483,0.29986408031648293,16.0,0.00041884231392318275,-2.896997654434108e-5,0.0001831648747393539
1.0,39.0,33.0,2.926114080316483,0.43761408031648275,16.0,0.00041622845146770934,-2.909536454528189e-5,0.00018210213700342256
1.0,40.0,33.0,2.926114080316483,0.5753640803164828,16.0,0.0004136626137554527,-2.9199603539849665e-5,0.00018108143074700275
1.0,41.0,33.0,2.926114080316483,0.7131140803164828,16.0,0.0004111303509901496,-2.9282438200372813e-5,0.00018009145937965916
2.0,1.0,33.0,5.9261140803164825,2.213114080316483,16.0,0.006770031804941986,0.022902188325084637,-0.0015030334070547018
2.0,2.0,33.0,5.9261140803164825,2.350864080316483,16.0,0.005615633666728584,0.022912756885372625,-0.001119179829569379
2.0,3.0,33.0,5.9261140803164825,2.488614080316483,16.0,0.004461602432934565,0.02292042260506874,-0.0007363521560236836
2.0,4.0,33.0,5.9261140803164825,2.626364080316483,16.0,0.003307125733799781,0.022925201303067005,-0.00035420291914084326
2.0,5.0,33.0,5.926228160632966,2.7612108185127324,16.0,0.0021758770584795716,0.02292804530682647,1.9605865952609034e-5
2.0,6.0,33.0,5.918185199544742,2.8141698042120584,16.0,0.0017312090903085157,0.022860503915200947,0.00016369729431764467
2.0,7.0,33.0,5.895170689293565,2.859335698724533,16.0,0.0013520138706328605,0.022666868536418493,0.00028235680499326935
2.0,8.0,33.0,5.859335698724533,2.8951706892935642,16.0,0.0010514327396361756,0.02236536275554241,0.0003729022709740179
2.0,9.0,33.0,5.814169804212058,2.918185199544742,16.0,0.0008588270730927886,0.021985505126464043,0.00042740326779868115
2.0,10.0,33.0,5.7612108185127315,2.9262281606329656,16.0,0.0007922244294165551,0.021540355122145843,0.0004414616025251534
2.0,11.0,33.0,5.1136140803164825,2.926114080316483,16.0,0.0008038346288513343,0.016078097808830304,0.00036473889035517465
2.0,12.0,33.0,4.463114080316483,2.926114080316483,16.0,0.000811652125653272,0.010592702638912925,0.0002932959674638081
2.0,13.0,33.0,3.8126140803164827,2.926114080316483,16.0,0.0008169771088129398,0.005373210051725802,0.0002251227086637189
2.0,14.0,33.0,3.1650173421202332,2.9262281606329656,16.0,0.0008189288591845488,0.0009264257255633075,0.00015753909889246588
2.0,15.0,33.0,3.112058356420907,2.918185199544742,16.0,0.0008661396849832651,0.0006161822565672286,0.0001515369313570606
2.0,16.0,33.0,3.0668924619084326,2.8951706892935642,16.0,0.0009968741798218766,0.00035973888589785563,0.00014599063041160132
2.0,17.0,33.0,3.0310574713394014,2.859335698724533,16.0,0.0011938091254444067,0.00016285124501984482,0.00014133798226356487
2.0,18.0,33.0,3.0080429610882238,2.8141698042120584,16.0,0.0014334089034545492,4.078562063288298e-5,0.00013819319049038805
2.0,19.0,33.0,3.0,2.7612108185127324,16.0,0.0017037274508709395,-2.538128366072165e-7,0.00013705421773812747
2.0,20.0,33.0,3.0001140803164827,2.113614080316483,16.0,0.004150143207491206,1.7158553993407517e-7,0.00013743913723264495
2.0,21.0,33.0,3.0001140803164827,1.4631140803164828,16.0,0.004975932097400921,3.1876566415065635e-8,0.00013768037768311007
2.0,22.0,33.0,3.0001140803164827,0.8126140803164827,16.0,0.004142234304510571,-1.0658110152454243e-7,0.000137281945698495
2.0,23.0,33.0,3.0,0.16501734212023322,16.0,0.001695893297895035,3.246811264138158e-7,0.0001367296510584246
2.0,24.0,33.0,3.0080429610882238,0.11205835642090678,16.0,0.0014261837966446176,-4.062259808797474e-5,0.00013786106654199598
2.0,25.0,33.0,3.0310574713394014,0.06689246190843257,16.0,0.001187195762527775,-0.00016237689102033834,0.00014095347773804983
2.0,26.0,33.0,3.0668924619084326,0.0310574713394014,16.0,0.0009908188812994777,-0.00035870434951617674,0.00014555837303307712
2.0,27.0,33.0,3.112058356420907,0.008042961088223777,16.0,0.0008604902696651031,-0.0006143480071281734,0.00015106780222561911
2.0,28.0,33.0,3.1650173421202332,0.0,16.0,0.0008134381894274917,-0.0009235422571173184,0.0001570242935713456
2.0,29.0,33.0,3.8126140803164827,0.0001140803164827453,16.0,0.0008114849072959965,-0.005349470192572559,0.0002240948929999613
2.0,30.0,33.0,4.463114080316483,0.0001140803164827453,16.0,0.0008061780897647071,-0.010536834057150639,0.0002917197835191259
2.0,31.0,33.0,5.1136140803164825,0.0001140803164827453,16.0,0.0007983973413163145,-0.015983576239698302,0.0003625717730128242
2.0,32.0,33.0,5.761210818512732,0.0,16.0,0.0007868484819368758,-0.021404656659957354,0.000438658457071582
2.0,33.0,33.0,5.814169804212058,0.008042961088223777,16.0,0.0008529406741581702,-0.02184641142683598,0.0004246991383500072
2.0,34.0,33.0,5.859335698724533,0.0310574713394014,16.0,0.0010440756918695573,-0.022223373000214087,0.0003705995120672038
2.0,35.0,33.0,5.895170689293565,0.06689246190843257,16.0,0.001342364489737482,-0.022522581301665373,0.0002807258864663138
2.0,36.0,33.0,5.918185199544742,0.11205835642090678,16.0,0.0017186703587056158,-0.022714741782264725,0.00016295054197993953
2.0,37.0,33.0,5.926228160632966,0.16501734212023322,16.0,0.00215995206604675,-0.02278176822583916,1.993676453905466e-5
2.0,38.0,33.0,5.9261140803164825,0.29986408031648293,16.0,0.003282588554089995,-0.022778938991170034,-0.0003510703012519431
2.0,39.0,33.0,5.9261140803164825,0.43761408031648275,16.0,0.00442827723298748,-0.02277418161679638,-0.0007303542265479903
2.0,40.0,33.0,5.9261140803164825,0.5753640803164828,16.0,0.005573524286563618,-0.02276655101087672,-0.0011103102095322394
2.0,41.0,33.0,5.9261140803164825,0.7131140803164828,16.0,0.006719136022849014,-0.022756031354511836,-0.0014912829578661024
1.0,1.0,34.0,2.926114080316483,2.213114080316483,16.5,0.0003960954508225447,2.3086148912653444e-5,0.0001814760550808708
1.0,2.0,34.0,2.926114080316483,2.350864080316483,16.5,0.0003966447221310355,2.3000326462197143e-5,0.00018284858046797354
1.0,3.0,34.0,2.926114080316483,2.488614080316483,16.5,0.0003972307212588198,2.290122778419562e-5,0.00018424798731901982
1.0,4.0,34.0,2.926114080316483,2.626364080316483,16.5,0.0003978434203421735,2.2789314672378034e-5,0.00018569048866608375
1.0,5.0,34.0,2.9262281606329656,2.7612108185127324,16.5,0.00039846683852531997,2.2664822111752808e-5,0.0001871539604992771
1.0,6.0,34.0,2.918185199544742,2.8141698042120584,16.5,0.0003987293751084947,2.265133018167938e-5,0.0001873231388895863
1.0,7.0,34.0,2.8951706892935642,2.859335698724533,16.5,0.00039897510079184333,2.272113895589905e-5,0.00018661117066278002
1.0,8.0,34.0,2.859335698724533,2.8951706892935642,16.5,0.00039919040728655177,2.286912647685499e-5,0.00018508425574281995
1.0,9.0,34.0,2.814169804212059,2.918185199544742,16.5,0.000399350505389654,2.3080805678556588e-5,0.00018287131708089467
1.0,10.0,34.0,2.761210818512732,2.9262281606329656,16.5,0.0003994375831424666,2.3347692045086586e-5,0.00018006721353013233
1.0,11.0,34.0,2.113614080316483,2.926114080316483,16.5,0.00039966075668656815,2.5994352912792728e-5,0.0001450320653248416
1.0,12.0,34.0,1.4631140803164828,2.926114080316483,16.5,0.0003992862309451979,2.511831731777304e-5,0.0001108626007190246
1.0,13.0,34.0,0.8126140803164827,2.926114080316483,16.5,0.000398291827983264,1.898479147861554e-5,7.70352346679368e-5
1.0,14.0,34.0,0.16501734212023322,2.9262281606329656,16.5,0.0003966430186459002,8.194249030140676e-6,4.303909406135197e-5
1.0,15.0,34.0,0.11205835642090678,2.918185199544742,16.5,0.00039663582837805777,7.1319510026398245e-6,4.0171806124479816e-5
1.0,16.0,34.0,0.06689246190843257,2.8951706892935642,16.5,0.0003969521648354603,6.155249876789986e-6,3.766563757115842e-5
1.0,17.0,34.0,0.0310574713394014,2.859335698724533,16.5,0.0003975625125484199,5.312021231340701e-6,3.566790790202404e-5
1.0,18.0,34.0,0.008042961088223777,2.8141698042120584,16.5,0.00039840839958341356,4.6935069802699565e-6,3.442264072529243e-5
1.0,19.0,34.0,0.0,2.7612108185127324,16.5,0.00039946043007667824,4.353590807032486e-6,3.41044633171137e-5
1.0,20.0,34.0,0.0001140803164827453,2.113614080316483,16.5,0.0004110804276121946,2.167599195568018e-6,3.5857551131749734e-5
1.0,21.0,34.0,0.0001140803164827453,1.4631140803164828,16.5,0.00041542676060561196,-6.645583001160552e-8,3.646591525916437e-5
1.0,22.0,34.0,0.0001140803164827453,0.8126140803164827,16.5,0.00040994390990465457,-2.3017995229498097e-6,3.589707888522437e-5
1.0,23.0,34.0,0.0,0.16501734212023322,16.5,0.00039720345363370926,-4.491444131872317e-6,3.418493220021896e-5
1.0,24.0,34.0,0.008042961088223777,0.11205835642090678,16.5,0.0003960601658172104,-4.84565753456126e-6,3.450285950436676e-5
1.0,25.0,34.0,0.0310574713394014,0.06689246190843257,16.5,0.0003951364172788041,-5.504320296569234e-6,3.574035798819632e-5
1.0,26.0,34.0,0.06689246190843257,0.0310574713394014,16.5,0.0003944643640665449,-6.409864161764326e-6,3.77235890180585e-5
1.0,27.0,34.0,0.11205835642090678,0.008042961088223777,16.5,0.0003941085989620437,-7.464909530030175e-6,4.020986711506269e-5
1.0,28.0,34.0,0.16501734212023322,0.0,16.5,0.00039410236967558476,-8.618703336757021e-6,4.305241681132669e-5
1.0,29.0,34.0,0.8126140803164827,0.0001140803164827453,16.5,0.000395758653338991,-2.0453702267229367e-5,7.673966595233821e-5
1.0,30.0,34.0,1.4631140803164828,0.0001140803164827453,16.5,0.00039676348817431397,-2.730701069799173e-5,0.00011025508761662327
1.0,31.0,34.0,2.113614080316483,0.0001140803164827453,16.5,0.0003971513137835288,-2.8441108210711687e-5,0.00014410657507092647
1.0,32.0,34.0,2.7612108185127324,0.0,16.5,0.0003969436036066562,-2.5673815385633358e-5,0.00017881551350754787
1.0,33.0,34.0,2.814169804212059,0.008042961088223777,16.5,0.00039685540926860647,-2.5390367061483363e-5,0.00018160089249895261
1.0,34.0,34.0,2.859335698724533,0.0310574713394014,16.5,0.00039668952426099766,-2.51642121347732e-5,0.0001838149618947221
1.0,35.0,34.0,2.8951706892935642,0.06689246190843257,16.5,0.00039646471179792325,-2.500444077208219e-5,0.00018536061373435059
1.0,36.0,34.0,2.918185199544742,0.11205835642090678,16.5,0.00039620676596040786,-2.492636562553677e-5,0.00018610827938382184
1.0,37.0,34.0,2.9262281606329656,0.16501734212023322,16.5,0.00039592928632029657,-2.4935254517055002e-5,0.0001859924257138496
1.0,38.0,34.0,2.926114080316483,0.29986408031648293,16.5,0.0003952681958515657,-2.505245499860288e-5,0.00018467219608740037
1.0,39.0,34.0,2.926114080316483,0.43761408031648275,16.5,0.00039461719859724243,-2.5154774615515923e-5,0.00018337845858742137
1.0,40.0,34.0,2.926114080316483,0.5753640803164828,16.5,0.00039399288814613044,-2.5241910942833868e-5,0.00018212916308759283
1.0,41.0,34.0,2.926114080316483,0.7131140803164828,16.5,0.00039340537317677186,-2.5313499263917406e-5,0.00018090963466724715
2.0,1.0,34.0,5.9261140803164825,2.213114080316483,16.5,0.006245203383071768,0.021444565950306426,-0.001644174004988276
2.0,2.0,34.0,5.9261140803164825,2.350864080316483,16.5,0.0051804384330760705,0.021454500505487,-0.0012263520865374326
2.0,3.0,34.0,5.9261140803164825,2.488614080316483,16.5,0.004115826274008713,0.02146173315921262,-0.0008096780526088803
2.0,4.0,34.0,5.9261140803164825,2.626364080316483,16.5,0.0030512612189900552,0.021466285780552565,-0.00039375437056517377
2.0,5.0,34.0,5.926228160632966,2.7612108185127324,16.5,0.0020091245554960026,0.021469039766720238,1.3101903943100189e-5
2.0,6.0,34.0,5.918185199544742,2.8141698042120584,16.5,0.0015999050165052143,0.021406930793181334,0.00016995720168549666
2.0,7.0,34.0,5.895170689293565,2.859335698724533,16.5,0.001251214887458279,0.02122891050230486,0.00029914660539493744
2.0,8.0,34.0,5.859335698724533,2.8951706892935642,16.5,0.0009750363989046648,0.02095190679831356,0.00039772995049930463
2.0,9.0,34.0,5.814169804212058,2.918185199544742,16.5,0.0007982066774501392,0.020603163644046758,0.00045705955815507956
2.0,10.0,34.0,5.7612108185127315,2.9262281606329656,16.5,0.0007371110901759049,0.020194738286653705,0.0004723342703506736
2.0,11.0,34.0,5.1136140803164825,2.926114080316483,16.5,0.0007478171145313475,0.015188184852968158,0.0003882932816565025
2.0,12.0,34.0,4.463114080316483,2.926114080316483,16.5,0.0007549224596388069,0.010109756567285591,0.00031018878434375344
2.0,13.0,34.0,3.8126140803164827,2.926114080316483,16.5,0.000759883722381341,0.005190476936109327,0.00023569233232842256
2.0,14.0,34.0,3.1650173421202332,2.9262281606329656,16.5,0.0007621490085232602,0.0009068973830578103,0.00016152584620246951
2.0,15.0,34.0,3.112058356420907,2.918185199544742,16.5,0.0008082958053516953,0.0006040428130123295,0.00015494222436170216
2.0,16.0,34.0,3.0668924619084326,2.8951706892935642,16.5,0.0009363232420104405,0.0003530119845350379,0.00014888587012498443
2.0,17.0,34.0,3.0310574713394014,2.859335698724533,16.5,0.0011296676295849935,0.00015975147282270896,0.00014386975746480074
2.0,18.0,34.0,3.0080429610882238,2.8141698042120584,16.5,0.001365501717183737,3.960482605987841e-5,0.00014052823147809023
2.0,19.0,34.0,3.0,2.7612108185127324,16.5,0.0016322496922756265,-9.076838184465858e-7,0.00013923860112716798
2.0,20.0,34.0,3.0001140803164827,2.113614080316483,16.5,0.0040852976445237416,-3.9006389241756276e-7,0.00013948993866422232
2.0,21.0,34.0,3.0001140803164827,1.4631140803164828,16.5,0.004926532669994136,-6.511399361890569e-8,0.00013976873341468518
2.0,22.0,34.0,3.0001140803164827,0.8126140803164827,16.5,0.004077837405730393,2.6462112860287174e-7,0.0001393355397467548
2.0,23.0,34.0,3.0,0.16501734212023322,16.5,0.001624920588586859,7.868607247950608e-7,0.00013892193328609545
2.0,24.0,34.0,3.0080429610882238,0.11205835642090678,16.5,0.0013587655282658456,-3.96333362504525e-5,0.00014016222726164434
2.0,25.0,34.0,3.0310574713394014,0.06689246190843257,16.5,0.0011235273398822125,-0.00015947328220324434,0.00014349926631877902
2.0,26.0,34.0,3.0668924619084326,0.0310574713394014,16.5,0.000930727550961559,-0.00035218960594073984,0.00014848011358800601
2.0,27.0,34.0,3.112058356420907,0.008042961088223777,16.5,0.0008030955246055857,-0.0006024453504773548,0.000154474126527607
2.0,28.0,34.0,3.1650173421202332,0.0,16.5,0.0007571023657863575,-0.0009042829999538621,0.00016100904782337088
2.0,29.0,34.0,3.8126140803164827,0.0001140803164827453,16.5,0.0007548315748608281,-0.005167832800513001,0.0002346278262273989
2.0,30.0,34.0,4.463114080316483,0.0001140803164827453,16.5,0.0007498869551465926,-0.010056947647297832,0.0003085356050433084
2.0,31.0,34.0,5.1136140803164825,0.0001140803164827453,16.5,0.0007428147846476796,-0.015099804543232754,0.000386009469529802
2.0,32.0,34.0,5.761210818512732,0.0,16.5,0.0007321657277410658,-0.020068873806990184,0.0004693757632656936
2.0,33.0,34.0,5.814169804212058,0.008042961088223777,16.5,0.0007927966486958406,-0.020474207703586836,0.00045420520375288425
2.0,34.0,34.0,5.859335698724533,0.0310574713394014,16.5,0.0009682870721591995,-0.02082031336588305,0.00039529829563596843
2.0,35.0,34.0,5.895170689293565,0.06689246190843257,16.5,0.001242377105516602,-0.021095223979715652,0.00029742287232875696
2.0,36.0,34.0,5.918185199544742,0.11205835642090678,16.5,0.0015884335098650798,-0.021271899981312126,0.00016916557668335676
2.0,37.0,34.0,5.926228160632966,0.16501734212023322,16.5,0.0019945644841340244,-0.021333539424077397,1.344687227900598e-5
2.0,38.0,34.0,5.9261140803164825,0.29986408031648293,16.5,0.003028839058599907,-0.021330799073292377,-0.00039045408638335336
2.0,39.0,34.0,5.9261140803164825,0.43761408031648275,16.5,0.004085373312628005,-0.021326265645198093,-0.0008033557862593039
2.0,40.0,34.0,5.9261140803164825,0.5753640803164828,16.5,0.005141953674724753,-0.02131906434383682,-0.0012170013973028292
2.0,41.0,34.0,5.9261140803164825,0.7131140803164828,16.5,0.0061986857663499685,-0.021309173333520733,-0.0016317854117690017
1.0,1.0,35.0,2.926114080316483,2.213114080316483,17.0,0.0003755874080522175,1.7910345241586272e-5,0.00018240126918311317
1.0,2.0,35.0,2.926114080316483,2.350864080316483,17.0,0.00037441075691774624,1.783308038962722e-5,0.0001838966342661933
1.0,3.0,35.0,2.926114080316483,2.488614080316483,17.0,0.00037326822892742737,1.774952151560939e-5,0.0001854138339651455
1.0,4.0,35.0,2.926114080316483,2.626364080316483,17.0,0.0003721448269114425,1.765956231381735e-5,0.0001869702657015606
1.0,5.0,35.0,2.9262281606329656,2.7612108185127324,17.0,0.0003710600833792809,1.7568870890317634e-5,0.0001885708260436688
1.0,6.0,35.0,2.918185199544742,2.8141698042120584,17.0,0.00037064712665862596,1.746832173051036e-5,0.0001887560550283034
1.0,7.0,35.0,2.8951706892935642,2.859335698724533,17.0,0.00037030957436587835,1.7255387905454133e-5,0.0001879919947852926
1.0,8.0,35.0,2.859335698724533,2.8951706892935642,17.0,0.0003700557718174131,1.695127274594823e-5,0.0001863966350313917
1.0,9.0,35.0,2.814169804212059,2.918185199544742,17.0,0.00036990503264742645,1.6588339104114388e-5,0.00018412999564345752
1.0,10.0,35.0,2.761210818512732,2.9262281606329656,17.0,0.0003698712444107015,1.6178738078819847e-5,0.00018116941110851993
1.0,11.0,35.0,2.113614080316483,2.926114080316483,17.0,0.00036996802104043185,1.1502847227296624e-5,0.00014465498638618736
1.0,12.0,35.0,1.4631140803164828,2.926114080316483,17.0,0.0003695646105917839,8.309735336277837e-6,0.00010898549231473965
1.0,13.0,35.0,0.8126140803164827,2.926114080316483,17.0,0.0003686083315410063,6.634828246002548e-6,7.360683553649084e-5
1.0,14.0,35.0,0.16501734212023322,2.9262281606329656,17.0,0.00036704100082147063,5.261885070411796e-6,3.801244069113526e-5
1.0,15.0,35.0,0.11205835642090678,2.918185199544742,17.0,0.00036691206745524907,5.057120064394428e-6,3.5021281450867836e-5
1.0,16.0,35.0,0.06689246190843257,2.8951706892935642,17.0,0.0003668613212151557,4.819423670486937e-6,3.2420624551147044e-5
1.0,17.0,35.0,0.0310574713394014,2.859335698724533,17.0,0.0003668936498231356,4.566868449209793e-6,3.0353622225768545e-5
1.0,18.0,35.0,0.008042961088223777,2.8141698042120584,17.0,0.00036700986614680403,4.330697133735001e-6,2.9065196130572087e-5
1.0,19.0,35.0,0.0,2.7612108185127324,17.0,0.0003672106924251649,4.130410130796452e-6,2.8727149902154503e-5
1.0,20.0,35.0,0.0001140803164827453,2.113614080316483,17.0,0.00036980188679644027,2.0659535525852255e-6,3.03963280337456e-5
1.0,21.0,35.0,0.0001140803164827453,1.4631140803164828,17.0,0.0003706575501872558,-4.597891202811692e-8,3.097841248781663e-5
1.0,22.0,35.0,0.0001140803164827453,0.8126140803164827,17.0,0.0003688140707033968,-2.1593399080695674e-6,3.0429480090399052e-5
1.0,23.0,35.0,0.0,0.16501734212023322,17.0,0.0003651839600303333,-4.227793992306662e-6,2.8794979585126617e-5
1.0,24.0,35.0,0.008042961088223777,0.11205835642090678,17.0,0.0003648936781751361,-4.442137117875419e-6,2.9132276826863317e-5
1.0,25.0,35.0,0.0310574713394014,0.06689246190843257,17.0,0.0003647004201765364,-4.718074260319969e-6,3.0412474107491797e-5
1.0,26.0,35.0,0.06689246190843257,0.0310574713394014,17.0,0.00036460648583493696,-5.03288926228236e-6,3.246452119176083e-5
1.0,27.0,35.0,0.11205835642090678,0.008042961088223777,17.0,0.000364617525534592,-5.349541983872745e-6,3.504482789950873e-5
1.0,28.0,35.0,0.16501734212023322,0.0,17.0,0.00036473283795580977,-5.647321967513454e-6,3.8010741306428084e-5
1.0,29.0,35.0,0.8126140803164827,0.0001140803164827453,17.0,0.00036630765903559315,-8.138980549392742e-6,7.328968892895235e-5
1.0,30.0,35.0,1.4631140803164828,0.0001140803164827453,17.0,0.0003672737724880718,-1.0671195438815723e-5,0.00010834982586154385
1.0,31.0,35.0,2.113614080316483,0.0001140803164827453,17.0,0.0003676895698196166,-1.427636812159613e-5,0.00014369520747088845
1.0,32.0,35.0,2.7612108185127324,0.0,17.0,0.00036760697765161887,-1.8978287666144293e-5,0.00017987847622500438
1.0,33.0,35.0,2.814169804212059,0.008042961088223777,17.0,0.00036764130682129514,-1.938295481817122e-5,0.00018281809390247446
1.0,34.0,35.0,2.859335698724533,0.0310574713394014,17.0,0.00036779124084187256,-1.97413466912137e-5,0.0001850802060352487
1.0,35.0,35.0,2.8951706892935642,0.06689246190843257,17.0,0.0003680430554179688,-2.0041282037341225e-5,0.00018668798939528588
1.0,36.0,35.0,2.918185199544742,0.11205835642090678,17.0,0.00036837790765904176,-2.0250708845527032e-5,0.00018747844406560773
1.0,37.0,35.0,2.9262281606329656,0.16501734212023322,17.0,0.00036878809970263476,-2.0348563032163714e-5,0.00018733165257009914
1.0,38.0,35.0,2.926114080316483,0.29986408031648293,17.0,0.0003698643122967367,-2.0431848607843058e-5,0.0001858475321171762
1.0,39.0,35.0,2.926114080316483,0.43761408031648275,17.0,0.0003709790563065203,-2.0511369107280873e-5,0.00018440828807354356
1.0,40.0,35.0,2.926114080316483,0.5753640803164828,17.0,0.0003721129235338513,-2.0581997893541187e-5,0.0001830112843117972
1.0,41.0,35.0,2.926114080316483,0.7131140803164828,17.0,0.00037328092395270935,-2.064354758540217e-5,0.00018163825193046008
2.0,1.0,35.0,5.9261140803164825,2.213114080316483,17.0,0.005706778753179141,0.01986787330080446,-0.00177589423135599
2.0,2.0,35.0,5.9261140803164825,2.350864080316483,17.0,0.004733265361326804,0.01987709351432987,-0.001326620160690079
2.0,3.0,35.0,5.9261140803164825,2.488614080316483,17.0,0.003759673553451583,0.019883837925442224,-0.0008786452469131661
2.0,4.0,35.0,5.9261140803164825,2.626364080316483,17.0,0.002786643026920023,0.01988813453328968,-0.00043152873892464297
2.0,5.0,35.0,5.926228160632966,2.7612108185127324,17.0,0.0018352765928373812,0.019890792901334782,5.81107352809744e-6
2.0,6.0,35.0,5.918185199544742,2.8141698042120584,17.0,0.0014621896706259294,0.019834225536752726,0.00017461961145792373
2.0,7.0,35.0,5.895170689293565,2.859335698724533,17.0,0.0011446061631023234,0.01967213572299548,0.00031392301387753
2.0,8.0,35.0,5.859335698724533,2.8951706892935642,17.0,0.0008933231765122023,0.01942014096379277,0.00042039330521008363
2.0,9.0,35.0,5.814169804212058,2.918185199544742,17.0,0.0007325956005919978,0.019103176823585095,0.0004845651277099279
2.0,10.0,35.0,5.7612108185127315,2.9262281606329656,17.0,0.0006771186561491863,0.018732290612465216,0.000501104041842125
2.0,11.0,35.0,5.1136140803164825,2.926114080316483,17.0,0.0006867927397800571,0.014194965653940213,0.00041004299199715066
2.0,12.0,35.0,4.463114080316483,2.926114080316483,17.0,0.0006930988949398098,0.009546958810965813,0.0003259807859273456
2.0,13.0,35.0,3.8126140803164827,2.926114080316483,17.0,0.0006976441228666309,0.004961974299424999,0.00024614380595061554
2.0,14.0,35.0,3.1650173421202332,2.9262281606329656,17.0,0.0007002562296748083,0.000878872244420333,0.00016693106380858143
2.0,15.0,35.0,3.112058356420907,2.918185199544742,17.0,0.000744920512471789,0.0005862002245913635,0.00015964430929968565
2.0,16.0,35.0,3.0668924619084326,2.8951706892935642,17.0,0.0008690659312860354,0.00034288831431093797,0.0001526277743511332
2.0,17.0,35.0,3.0310574713394014,2.859335698724533,17.0,0.0010570516939858129,0.00015502203634929285,0.00014655691319956853
2.0,18.0,35.0,3.0080429610882238,2.8141698042120584,17.0,0.0012869857057397772,3.789346370168397e-5,0.00014234133127977635
2.0,19.0,35.0,3.0,2.7612108185127324,17.0,0.00154777789882821,-1.7232983701871669e-6,0.0001408379836788648
2.0,20.0,35.0,3.0001140803164827,2.113614080316483,17.0,0.003986966826407937,-1.071571587564034e-6,0.00014183574614735998
2.0,21.0,35.0,3.0001140803164827,1.4631140803164828,17.0,0.004836862214010314,-1.62204733710747e-7,0.0001423793031600441
2.0,22.0,35.0,3.0001140803164827,0.8126140803164827,17.0,0.003979919965122153,7.493513566191794e-7,0.0001416919796794463
2.0,23.0,35.0,3.0,0.16501734212023322,17.0,0.0015409577138256994,1.4184483028040883e-6,0.00014052464004683557
2.0,24.0,35.0,3.0080429610882238,0.11205835642090678,17.0,0.0012807479840315334,-3.811122772713993e-5,0.00014205404424668517
2.0,25.0,35.0,3.0310574713394014,0.06689246190843257,17.0,0.0010513993299826464,-0.00015494412793447477,0.00014618229482426937
2.0,26.0,35.0,3.0668924619084326,0.0310574713394014,17.0,0.0008639467260876021,-0.0003422728385023729,0.00015219335870123406
2.0,27.0,35.0,3.112058356420907,0.008042961088223777,17.0,0.0007401885382809031,-0.0005848167845808164,0.0001591855372496748
2.0,28.0,35.0,3.1650173421202332,0.0,17.0,0.0006956753141623559,-0.0008764842791106356,0.00016642687524198285
2.0,29.0,35.0,3.8126140803164827,0.0001140803164827453,17.0,0.0006930589046686281,-0.004940186824238083,0.0002450486113283807
2.0,30.0,35.0,4.463114080316483,0.0001140803164827453,17.0,0.0006885277683749835,-0.00949708976621815,0.00032426130118189844
2.0,31.0,35.0,5.1136140803164825,0.0001140803164827453,17.0,0.0006822530261570687,-0.014112963445121866,0.00040765399523319757
2.0,32.0,35.0,5.761210818512732,0.0,17.0,0.0006726313809481653,-0.0186167749680676,0.000498001488380755
2.0,33.0,35.0,5.814169804212058,0.008042961088223777,17.0,0.0007276909593691985,-0.01898488353795355,0.00048157222215774987
2.0,34.0,35.0,5.859335698724533,0.0310574713394014,17.0,0.0008872137980216018,-0.019299475173624247,0.0004178447843554033
2.0,35.0,35.0,5.895170689293565,0.06689246190843257,17.0,0.001136615424169695,-0.01954958461228411,0.00031211780712646516
2.0,36.0,35.0,5.918185199544742,0.11205835642090678,17.0,0.001451822723539535,-0.019710461898365575,0.00017379174989303275
2.0,37.0,35.0,5.926228160632966,0.16501734212023322,17.0,0.0018221186037039984,-0.019766605324467727,6.172814363628e-6
2.0,38.0,35.0,5.9261140803164825,0.29986408031648293,17.0,0.0027663643320103132,-0.019763959820830523,-0.0004280778248066701
2.0,39.0,35.0,5.9261140803164825,0.43761408031648275,17.0,0.003732104956802537,-0.01975968037207861,-0.0008720358176456678
2.0,40.0,35.0,5.9261140803164825,0.5753640803164828,17.0,0.004698398039017609,-0.019752963409623184,-0.001316845517554405
2.0,41.0,35.0,5.9261140803164825,0.7131140803164828,17.0,0.005664613937078293,-0.01974378103917659,-0.0017629442280788536
1.0,1.0,36.0,2.926114080316483,2.213114080316483,17.5,0.00035244751414147536,1.247441981109353e-5,0.00018328642847567194
1.0,2.0,36.0,2.926114080316483,2.350864080316483,17.5,0.00034982006303763846,1.24039395450162e-5,0.00018479798851616186
1.0,3.0,36.0,2.926114080316483,2.488614080316483,17.5,0.0003472194228385479,1.2338149410065174e-5,0.00018633805277773404
1.0,4.0,36.0,2.926114080316483,2.626364080316483,17.5,0.0003446352737949079,1.227561276939899e-5,0.00018792354002476064
1.0,5.0,36.0,2.9262281606329656,2.7612108185127324,17.5,0.0003421222674383371,1.221328988673703e-5,0.00018951817719091492
1.0,6.0,36.0,2.918185199544742,2.8141698042120584,17.5,0.0003411475856561823,1.2039873118258526e-5,0.00018970654907964172
1.0,7.0,36.0,2.8951706892935642,2.859335698724533,17.5,0.0003403275790069296,1.1600221630143319e-5,0.00018893043825900753
1.0,8.0,36.0,2.859335698724533,2.8951706892935642,17.5,0.0003396858623312592,1.0935966046376486e-5,0.00018725006645150172
1.0,9.0,36.0,2.814169804212059,2.918185199544742,17.5,0.00033928474289089255,1.0109533041751146e-5,0.00018480170064943285
1.0,10.0,36.0,2.761210818512732,2.9262281606329656,17.5,0.0003391557458296901,9.149524236282958e-6,0.00018178932213197782
1.0,11.0,36.0,2.113614080316483,2.926114080316483,17.5,0.00033913254810202364,-1.3592002869288824e-6,0.0001440265082076946
1.0,12.0,36.0,1.4631140803164828,2.926114080316483,17.5,0.0003387234397944514,-6.100210798061919e-6,0.00010707121696907533
1.0,13.0,36.0,0.8126140803164827,2.926114080316483,17.5,0.00033782922055576966,-3.7275011459096208e-6,7.02971650543406e-5
1.0,14.0,36.0,0.16501734212023322,2.9262281606329656,17.5,0.00033635013747019226,2.8052836419651342e-6,3.325416506992208e-5
1.0,15.0,36.0,0.11205835642090678,2.918185199544742,17.5,0.0003361230454298558,3.303226676344356e-6,3.015186349688089e-5
1.0,16.0,36.0,0.06689246190843257,2.8951706892935642,17.5,0.0003357747579886141,3.667993176385333e-6,2.746541432866675e-5
1.0,17.0,36.0,0.0310574713394014,2.859335698724533,17.5,0.00033534033343304354,3.894422856698751e-6,2.5334627338953112e-5
1.0,18.0,36.0,0.008042961088223777,2.8141698042120584,17.5,0.0003348704953993261,3.966719540879717e-6,2.400525245204246e-5
1.0,19.0,36.0,0.0,2.7612108185127324,17.5,0.0003343919604873739,3.879065196966893e-6,2.364709041763588e-5
1.0,20.0,36.0,0.0001140803164827453,2.113614080316483,17.5,0.0003300610119342953,1.9388247356303916e-6,2.523153278184676e-5
1.0,21.0,36.0,0.0001140803164827453,1.4631140803164828,17.5,0.00032832700238503163,-2.7843603573553183e-8,2.579089305014007e-5
1.0,22.0,36.0,0.0001140803164827453,0.8126140803164827,17.5,0.0003292156837182434,-1.9960758797424605e-6,2.5257787672271814e-5
1.0,23.0,36.0,0.0,0.16501734212023322,17.5,0.0003325954281736784,-3.9406799687144075e-6,2.3701409624249975e-5
1.0,24.0,36.0,0.008042961088223777,0.11205835642090678,17.5,0.00033298759308575865,-4.041958352502304e-6,2.4058307076356173e-5
1.0,25.0,36.0,0.0310574713394014,0.06689246190843257,17.5,0.00033338239988000954,-4.008441480320272e-6,2.5378980227305602e-5
1.0,26.0,36.0,0.06689246190843257,0.0310574713394014,17.5,0.00033375633275039115,-3.84320407544179e-6,2.7494359288394468e-5
1.0,27.0,36.0,0.11205835642090678,0.008042961088223777,17.5,0.0003340653289299889,-3.5566454975197074e-6,3.016003341816221e-5
1.0,28.0,36.0,0.16501734212023322,0.0,17.5,0.00033427885397312916,-3.151544929596589e-6,3.3236665430210965e-5
1.0,29.0,36.0,0.8126140803164827,0.0001140803164827453,17.5,0.0003357653663276905,2.2151924810467127e-6,6.995897682289607e-5
1.0,30.0,36.0,1.4631140803164828,0.0001140803164827453,17.5,0.00033666875320263517,3.6245307848228345e-6,0.00010640906481390681
1.0,31.0,36.0,2.113614080316483,0.0001140803164827453,17.5,0.0003370890978810517,-1.6537267123743901e-6,0.0001430348038095409
1.0,32.0,36.0,2.7612108185127324,0.0,17.5,0.00033712557042445384,-1.2309243005399071e-5,0.00018046215908970362
1.0,33.0,36.0,2.814169804212059,0.008042961088223777,17.5,0.0003372564555470994,-1.327377934019076e-5,0.00018345159658906824
1.0,34.0,36.0,2.859335698724533,0.0310574713394014,17.5,0.0003376607086593861,-1.4103694226093973e-5,0.00018589026752806806
1.0,35.0,36.0,2.8951706892935642,0.06689246190843257,17.5,0.00033830708921562917,-1.477053673917552e-5,0.00018757163561816388
1.0,36.0,36.0,2.918185199544742,0.11205835642090678,17.5,0.0003391327388333357,-1.5211126712900534e-5,0.00018836211827589792
1.0,37.0,36.0,2.9262281606329656,0.16501734212023322,17.5,0.0003401126011542804,-1.538288147526043e-5,0.00018820483821369892
1.0,38.0,36.0,2.926114080316483,0.29986408031648293,17.5,0.0003426405039718879,-1.543703268246742e-5,0.0001866875061957488
1.0,39.0,36.0,2.926114080316483,0.43761408031648275,17.5,0.0003452396908822006,-1.5488754678039423e-5,0.00018518720477039198
1.0,40.0,36.0,2.926114080316483,0.5753640803164828,17.5,0.00034785515789178005,-1.554038271938722e-5,0.00018373174374547007
1.0,41.0,36.0,2.926114080316483,0.7131140803164828,17.5,0.00035049773831583237,-1.5593824327508828e-5,0.00018230755463420926
2.0,1.0,36.0,5.9261140803164825,2.213114080316483,17.5,0.005195998649260971,0.018181737448884728,-0.0018970057567632998
2.0,2.0,36.0,5.9261140803164825,2.350864080316483,17.5,0.004308029039179963,0.018190151980994287,-0.0014190920719129906
2.0,3.0,36.0,5.9261140803164825,2.488614080316483,17.5,0.0034198214567411,0.018196337436605606,-0.0009426485896394756
2.0,4.0,36.0,5.9261140803164825,2.626364080316483,17.5,0.0025324831058797705,0.018200324693836055,-0.0004672007032909036
2.0,5.0,36.0,5.926228160632966,2.7612108185127324,17.5,0.0016657338919795319,0.01820285477660737,-2.211894813622651e-6
2.0,6.0,36.0,5.918185199544742,2.8141698042120584,17.5,0.001326184721206227,0.018151424686189733,0.00017760721003864827
2.0,7.0,36.0,5.895170689293565,2.859335698724533,17.5,0.0010373754647317853,0.0180040726224511,0.00032646373927252594
2.0,8.0,36.0,5.859335698724533,2.8951706892935642,17.5,0.0008090430595604645,0.017775146817985244,0.00044053674969221445
2.0,9.0,36.0,5.814169804212058,2.918185199544742,17.5,0.0006631088728464007,0.017487416063858126,0.0005094726253730229
2.0,10.0,36.0,5.7612108185127315,2.9262281606329656,17.5,0.0006127659369339282,0.017150984715253687,0.0005273008913568982
2.0,11.0,36.0,5.1136140803164825,2.926114080316483,17.5,0.0006213013936004443,0.013045318986202457,0.00042973745702012186
2.0,12.0,36.0,4.463114080316483,2.926114080316483,17.5,0.0006268270123323069,0.008821934712397993,0.0003405546904670944
2.0,13.0,36.0,3.8126140803164827,2.926114080316483,17.5,0.0006309704367157156,0.004617239056306486,0.000256404847501113
2.0,14.0,36.0,3.1650173421202332,2.9262281606329656,17.5,0.0006338345747560615,0.0008245386951456884,0.00017373320605980312
2.0,15.0,36.0,3.112058356420907,2.918185199544742,17.5,0.0006757439592509067,0.0005503541743756987,0.0001656225859670889
2.0,16.0,36.0,3.0668924619084326,2.8951706892935642,17.5,0.0007923450608186985,0.00032195043459528786,0.00015708139665459052
2.0,17.0,36.0,3.0310574713394014,2.859335698724533,17.5,0.0009692283148260396,0.00014522918211139747,0.00014942780359228456
2.0,18.0,36.0,3.0080429610882238,2.8141698042120584,17.5,0.0011859986563341612,3.4809482633185544e-5,0.00014406486437493606
2.0,19.0,36.0,3.0,2.7612108185127324,17.5,0.001432343580755435,-2.617121172359251e-6,0.00014197582464617981
2.0,20.0,36.0,3.0001140803164827,2.113614080316483,17.5,0.0037640037611466957,-1.7222231023877293e-6,0.00014462369921639027
2.0,21.0,36.0,3.0001140803164827,1.4631140803164828,17.5,0.004585313566472916,-2.6368430145112215e-7,0.0001456261706102623
2.0,22.0,36.0,3.0001140803164827,0.8126140803164827,17.5,0.0037573114770314865,1.2110536754666818e-6,0.00014449179999558032
2.0,23.0,36.0,3.0,0.16501734212023322,17.5,0.0014259902650093758,2.1154908603199673e-6,0.0001416994774294213
2.0,24.0,36.0,3.0080429610882238,0.11205835642090678,17.5,0.0011802332726259003,-3.521529243787304e-5,0.00014367724476328577
2.0,25.0,36.0,3.0310574713394014,0.06689246190843257,17.5,0.0009640543482654829,-0.0001453233929200234,0.00014909607112949364
2.0,26.0,36.0,3.0668924619084326,0.0310574713394014,17.5,0.0007877123212028376,-0.0003215037468411923,0.0001567354941839756
2.0,27.0,36.0,3.112058356420907,0.008042961088223777,17.5,0.0006715031102816675,-0.0005491433634945026,0.00016519037644831464
2.0,28.0,36.0,3.1650173421202332,0.0,17.5,0.0006297448158620088,-0.0008223300002331533,0.0001732361177078851
2.0,29.0,36.0,3.8126140803164827,0.0001140803164827453,17.5,0.0006268708135974771,-0.004596309835960178,0.0002552907257971221
2.0,30.0,36.0,4.463114080316483,0.0001140803164827453,17.5,0.0006227471737152118,-0.008775484110495389,0.0003387754510310437
2.0,31.0,36.0,5.1136140803164825,0.0001140803164827453,17.5,0.0006172539941216056,-0.01297046277941403,0.000427255566250119
2.0,32.0,36.0,5.761210818512732,0.0,17.5,0.0006087664925446872,-0.017046393222040438,0.0005240654780788612
2.0,33.0,36.0,5.814169804212058,0.008042961088223777,17.5,0.0006587341901754044,-0.017380327583445643,0.0005063531285312419
2.0,34.0,36.0,5.859335698724533,0.0310574713394014,17.5,0.0008035824388200973,-0.017665920225476694,0.0004378850724746528
2.0,35.0,36.0,5.895170689293565,0.06689246190843257,17.5,0.0010302144601675412,-0.017893142614882836,0.0003245915632588689
2.0,36.0,36.0,5.918185199544742,0.11205835642090678,17.5,0.001316870426503178,-0.01803939648522152,0.0001767558960104163
2.0,37.0,36.0,5.926228160632966,0.16501734212023322,17.5,0.0016538839901127326,-0.018090441995977112,-1.8267598979405593e-6
2.0,38.0,36.0,5.9261140803164825,0.29986408031648293,17.5,0.002514141904404809,-0.018087924279544226,-0.0004636151004250439
2.0,39.0,36.0,5.9261140803164825,0.43761408031648275,17.5,0.0033948138137725823,-0.01808395204238182,-0.0009357908149049462
2.0,40.0,36.0,5.9261140803164825,0.5753640803164828,17.5,0.004276337934774317,-0.018077789784753683,-0.0014089548064434344
2.0,41.0,36.0,5.9261140803164825,0.7131140803164828,17.5,0.005157628334090217,-0.01806940682017963,-0.0018835777540121522
1.0,1.0,37.0,2.926114080316483,2.213114080316483,18.0,0.00032720946101020914,7.181154523803056e-6,0.00018415866415074337
1.0,2.0,37.0,2.926114080316483,2.350864080316483,18.0,0.00032334895206159535,7.1158644353970515e-6,0.00018557092617722633
1.0,3.0,37.0,2.926114080316483,2.488614080316483,18.0,0.00031950812476414485,7.063112026151586e-6,0.00018699677755768134
1.0,4.0,37.0,2.926114080316483,2.626364080316483,18.0,0.00031568735476521226,7.02706841096704e-6,0.0001884769141032356
1.0,5.0,37.0,2.9262281606329656,2.7612108185127324,18.0,0.00031197086229451624,7.017665020516994e-6,0.0001900423004793674
1.0,6.0,37.0,2.918185199544742,2.8141698042120584,18.0,0.00031052116122316244,6.795080982065067e-6,0.00019014733802891974
1.0,7.0,37.0,2.8951706892935642,2.859335698724533,18.0,0.0003092883076844406,6.160564960513613e-6,0.00018923332401508752
1.0,8.0,37.0,2.859335698724533,2.8951706892935642,18.0,0.0003083106524563043,5.175796508910514e-6,0.0001874729516080972
1.0,9.0,37.0,2.814169804212059,2.918185199544742,18.0,0.0003076744134446645,3.9407026353339205e-6,0.00018507513535150711
1.0,10.0,37.0,2.761210818512732,2.9262281606329656,18.0,0.00030744576458003323,2.494744992933685e-6,0.00018187194756042176
1.0,11.0,37.0,2.113614080316483,2.926114080316483,18.0,0.00030729990061953655,-1.3177958867718852e-5,0.00014317625542414322
1.0,12.0,37.0,1.4631140803164828,2.926114080316483,18.0,0.00030692676124064594,-1.9049195980377018e-5,0.00010516603546881749
1.0,13.0,37.0,0.8126140803164827,2.926114080316483,18.0,0.00030610589876291694,-1.2852405164218394e-5,6.712531048939187e-5
1.0,14.0,37.0,0.16501734212023322,2.9262281606329656,18.0,0.000304713684460802,6.452929354979013e-7,2.8748247808513828e-5
1.0,15.0,37.0,0.11205835642090678,2.918185199544742,18.0,0.0003044034614951729,1.7413389526212373e-6,2.5545568147930815e-5
1.0,16.0,37.0,0.06689246190843257,2.8951706892935642,18.0,0.00030380407120950104,2.6150514976044015e-6,2.2777594671177168e-5
1.0,17.0,37.0,0.0310574713394014,2.859335698724533,18.0,0.0003029799598828097,3.241800338195027e-6,2.0582719444111172e-5
1.0,18.0,37.0,0.008042961088223777,2.8141698042120584,18.0,0.00030202814863196316,3.568405209029486e-6,1.921049220962041e-5
1.0,19.0,37.0,0.0,2.7612108185127324,18.0,0.00030100146031036335,3.572621549450147e-6,1.8831274124054422e-5
1.0,20.0,37.0,0.0001140803164827453,2.113614080316483,18.0,0.00029152294689000044,1.768909424826818e-6,2.0363281761290496e-5
1.0,21.0,37.0,0.0001140803164827453,1.4631140803164828,18.0,0.0002880049682668421,-1.2217270855133101e-8,2.091895144125637e-5
1.0,22.0,37.0,0.0001140803164827453,0.8126140803164827,18.0,0.000290814377107004,-1.7950173309807502e-6,2.0382088778342627e-5
1.0,23.0,37.0,0.0,0.16501734212023322,18.0,0.00029943477053690577,-3.6034763517529904e-6,1.8871035659256702e-5
1.0,24.0,37.0,0.008042961088223777,0.11205835642090678,18.0,0.0003003793316346369,-3.6122837120688916e-6,1.9248465701547254e-5
1.0,25.0,37.0,0.0310574713394014,0.06689246190843257,18.0,0.00030125919555200727,-3.3229337083870016e-6,2.0611549850696742e-5
1.0,26.0,37.0,0.06689246190843257,0.0310574713394014,18.0,0.00030202483958630154,-2.7554081496844104e-6,2.2790627866098814e-5
1.0,27.0,37.0,0.11205835642090678,0.008042961088223777,18.0,0.00030258597157911124,-1.9579537652853574e-6,2.5537489524457614e-5
1.0,28.0,37.0,0.16501734212023322,0.0,18.0,0.00030288290988713957,-9.531018061252922e-7,2.871418781333562e-5
1.0,29.0,37.0,0.8126140803164827,0.0001140803164827453,18.0,0.0003042825074794997,1.1355327063961257e-5,6.676672602579485e-5
1.0,30.0,37.0,1.4631140803164828,0.0001140803164827453,18.0,0.0003051117553705624,1.651626572492765e-5,0.0001044790849963343
1.0,31.0,37.0,2.113614080316483,0.0001140803164827453,18.0,0.0003054951754623796,1.0018799054015166e-5,0.00014215498851545124
1.0,32.0,37.0,2.7612108185127324,0.0,18.0,0.00030565280393624256,-5.888075304238244e-6,0.00018051063458841943
1.0,33.0,37.0,2.814169804212059,0.008042961088223777,18.0,0.0003058843852470818,-7.345601079535086e-6,0.00018368851529047876
1.0,34.0,37.0,2.859335698724533,0.0310574713394014,18.0,0.0003065269664544539,-8.59013974561463e-6,0.00018606961199737262
1.0,35.0,37.0,2.8951706892935642,0.06689246190843257,18.0,0.0003075135098535104,-9.581556714761529e-6,0.00018782496260132098
1.0,36.0,37.0,2.918185199544742,0.11205835642090678,18.0,0.00030875738067900427,-1.021945357103234e-5,0.00018874174847760653
1.0,37.0,37.0,2.9262281606329656,0.16501734212023322,18.0,0.00031022168277616185,-1.0441847078861696e-5,0.0001886425522168297
1.0,38.0,37.0,2.926114080316483,0.29986408031648293,18.0,0.00031397004794138893,-1.0443496837551945e-5,0.0001871271174485168
1.0,39.0,37.0,2.926114080316483,0.43761408031648275,18.0,0.00031782317676631736,-1.0467474184061162e-5,0.0001856887798474302
1.0,40.0,37.0,2.926114080316483,0.5753640803164828,18.0,0.00032169657722145803,-1.0505582139516678e-5,0.00018431066585594617
1.0,41.0,37.0,2.926114080316483,0.7131140803164828,18.0,0.00032558934837093734,-1.05526721855487e-5,0.000182947345569895
2.0,1.0,37.0,5.9261140803164825,2.213114080316483,18.0,0.0047386409039619475,0.016396839899847773,-0.0020062590656048816
2.0,2.0,37.0,5.9261140803164825,2.350864080316483,18.0,0.00392608905589883,0.016404355863741196,-0.0015027814196910895
2.0,3.0,37.0,5.9261140803164825,2.488614080316483,18.0,0.0031132824650677484,0.01640990432966487,-0.0010009397884204858
2.0,4.0,37.0,5.9261140803164825,2.626364080316483,18.0,0.002301272476071412,0.016413513075575918,-0.0005002364916872783
2.0,5.0,37.0,5.926228160632966,2.7612108185127324,18.0,0.0015081611765034627,0.01641585996133603,-1.0625322087230826e-5
2.0,6.0,37.0,5.918185199544742,2.8141698042120584,18.0,0.0011974864456065898,0.016368835803572557,0.00017908858436155745
2.0,7.0,37.0,5.895170689293565,2.859335698724533,18.0,0.000933241562923151,0.016234060580181037,0.0003366603242842974
2.0,8.0,37.0,5.859335698724533,2.8951706892935642,18.0,0.0007243331261729989,0.01602467340663441,0.00045775695079135523
2.0,9.0,37.0,5.814169804212058,2.918185199544742,18.0,0.0005908097691269606,0.015761520262747204,0.0005311532591153624
2.0,10.0,37.0,5.7612108185127315,2.9262281606329656,18.0,0.0005447206937324667,0.015453867590804873,0.0005502283149435229
2.0,11.0,37.0,5.1136140803164825,2.926114080316483,18.0,0.0005520362272694934,0.011706643989051543,0.0004471254802568215
2.0,12.0,37.0,4.463114080316483,2.926114080316483,18.0,0.0005568469210465978,0.007879286962302981,0.00035381814071313265
2.0,13.0,37.0,3.8126140803164827,2.926114080316483,18.0,0.0005606461150130688,0.0041064602311176686,0.00026634136349696676
2.0,14.0,37.0,3.1650173421202332,2.9262281606329656,18.0,0.0005635486388027291,0.0007309468303705835,0.00018140447361747738
2.0,15.0,37.0,3.112058356420907,2.918185199544742,18.0,0.0006007937845733873,0.0004875138065910398,0.00017251395773395647
2.0,16.0,37.0,3.0668924619084326,2.8951706892935642,18.0,0.0007043481930517949,0.0002847339585174929,0.0001624055225429804
2.0,17.0,37.0,3.0310574713394014,2.859335698724533,18.0,0.000861432473557973,0.00012784188423147877,0.00015277069064843665
2.0,18.0,37.0,3.0080429610882238,2.8141698042120584,18.0,0.0010539664822486433,2.9824916876967224e-5,0.00014565023041186246
2.0,19.0,37.0,3.0,2.7612108185127324,18.0,0.001272816144679392,-3.389348607612048e-6,0.00014330966767191758
2.0,20.0,37.0,3.0001140803164827,2.113614080316483,18.0,0.003348692896927574,-2.220212347375455e-6,0.00014801555979639943
2.0,21.0,37.0,3.0001140803164827,1.4631140803164828,18.0,0.0040816780913992615,-3.5921695961808263e-7,0.00014960248934740126
2.0,22.0,37.0,3.0001140803164827,0.8126140803164827,18.0,0.003342299018824645,1.5013782123642658e-6,0.00014792056426476618
2.0,23.0,37.0,3.0,0.16501734212023322,18.0,0.0012670268009716459,2.7303352270522034e-6,0.00014304195422989663
2.0,24.0,37.0,3.0080429610882238,0.11205835642090678,18.0,0.0010487479651892944,-3.040157176839743e-5,0.00014552343733968538
2.0,25.0,37.0,3.0310574713394014,0.06689246190843257,18.0,0.0008567907558343666,-0.0001281372209543611,0.00015244959882900253
2.0,26.0,37.0,3.0668924619084326,0.0310574713394014,18.0,0.0007002299271194943,-0.00028449985660292847,0.00016197767954496866
2.0,27.0,37.0,3.112058356420907,0.008042961088223777,18.0,0.0005970533723003474,-0.00048651930127096156,0.00017208579933118261
2.0,28.0,37.0,3.1650173421202332,0.0,18.0,0.0005599532129782719,-0.0007289666371738705,0.00018094844195848508
2.0,29.0,37.0,3.8126140803164827,0.0001140803164827453,18.0,0.0005570509714363997,-0.004087082244902357,0.0002652050024647598
2.0,30.0,37.0,4.463114080316483,0.0001140803164827453,18.0,0.0005532842555270685,-0.007837834578717983,0.00035198322606122204
2.0,31.0,37.0,5.1136140803164825,0.0001140803164827453,18.0,0.0005485147680097767,-0.011640567843355055,0.0004445618488905786
2.0,32.0,37.0,5.761210818512732,0.0,18.0,0.0005412442462837412,-0.015360866563786364,0.0005468768958748056
2.0,33.0,37.0,5.814169804212058,0.008042961088223777,18.0,0.000586985706941878,-0.01566621000313551,0.0005279248552306371
2.0,34.0,37.0,5.859335698724533,0.0310574713394014,18.0,0.0007195011720848621,-0.015927380090401382,0.00045502119369473425
2.0,35.0,37.0,5.895170689293565,0.06689246190843257,18.0,0.0009268275490723134,-0.016135183306191063,0.00033474032428663827
2.0,36.0,37.0,5.918185199544742,0.11205835642090678,18.0,0.001189064646843554,-0.016268935218279195,0.0001782300328282611
2.0,37.0,37.0,5.926228160632966,0.16501734212023322,18.0,0.001497370762314611,-0.01631560059734162,-1.020818142897345e-5
2.0,38.0,37.0,5.9261140803164825,0.29986408031648293,18.0,0.0022844029372069484,-0.01631326530246363,-0.0004965331121286493
2.0,39.0,37.0,5.9261140803164825,0.43761408031648275,18.0,0.0030901568448213797,-0.016309668901339506,-0.0009938761293876398
2.0,40.0,37.0,5.9261140803164825,0.5753640803164828,18.0,0.00389668700345765,-0.01630413878215249,-0.001492349175700341
2.0,41.0,37.0,5.9261140803164825,0.7131140803164828,18.0,0.0047029686897596375,-0.016296647377275684,-0.0019924457150950993
1.0,1.0,38.0,2.926114080316483,2.213114080316483,18.5,0.00030094746283739306,2.496221282441902e-6,0.0001850256847723588
1.0,2.0,38.0,2.926114080316483,2.350864080316483,18.5,0.0002959000720513812,2.437522933671273e-6,0.0001862055400873669
1.0,3.0,38.0,2.926114080316483,2.488614080316483,18.5,0.00029085174365063343,2.403464087038422e-6,0.00018742147420790637
1.0,4.0,38.0,2.926114080316483,2.626364080316483,18.5,0.00028581491559382424,2.3846022334607126e-6,0.00018865775830797607
1.0,5.0,38.0,2.9262281606329656,2.7612108185127324,18.5,0.00028090760648558257,2.380992075843431e-6,0.00018989306839757675
1.0,6.0,38.0,2.918185199544742,2.8141698042120584,18.5,0.0002789891849227481,2.098370840345462e-6,0.000189983316527399
1.0,7.0,38.0,2.8951706892935642,2.859335698724533,18.5,0.00027735108622453647,1.2870544436162742e-6,0.00018908548952806115
1.0,8.0,38.0,2.859335698724533,2.8951706892935642,18.5,0.0002760452722892533,1.6185393598913848e-8,0.0001872143973320124
1.0,9.0,38.0,2.814169804212059,2.918185199544742,18.5,0.0002752094164292972,-1.6048021522442943e-6,0.00018448054158765718
1.0,10.0,38.0,2.761210818512732,2.9262281606329656,18.5,0.0002749020560648406,-3.5264292717215457e-6,0.0001813838492301045
1.0,11.0,38.0,2.113614080316483,2.926114080316483,18.5,0.0002747026625207446,-2.412711030521667e-5,0.00014216053948376352
1.0,12.0,38.0,1.4631140803164828,2.926114080316483,18.5,0.0002743341602195161,-3.0780326701937415e-5,0.00010332291907349553
1.0,13.0,38.0,0.8126140803164827,2.926114080316483,18.5,0.00027355841402720854,-2.098232039459744e-5,6.41028443342444e-5
1.0,14.0,38.0,0.16501734212023322,2.9262281606329656,18.5,0.00027220193794918107,-1.3502693316436697e-6,2.4439593775799218e-5
1.0,15.0,38.0,0.11205835642090678,2.918185199544742,18.5,0.0002718158857963929,2.6700917253098735e-7,2.113845422049787e-5
1.0,16.0,38.0,0.06689246190843257,2.8951706892935642,18.5,0.00027099495772072146,1.5849646041386244e-6,1.82921270746713e-5
1.0,17.0,38.0,0.0310574713394014,2.859335698724533,18.5,0.00026983261752224906,2.5577637362581376e-6,1.603820766575139e-5
1.0,18.0,38.0,0.008042961088223777,2.8141698042120584,18.5,0.00026847283915657345,3.099755800534983e-6,1.4628898961049267e-5
1.0,19.0,38.0,0.0,2.7612108185127324,18.5,0.0002669986305570139,3.1801814774297236e-6,1.4235649340871849e-5
1.0,20.0,38.0,0.0001140803164827453,2.113614080316483,18.5,0.0002538394873458817,1.5380809278390703e-6,1.580655511100666e-5
1.0,21.0,38.0,0.0001140803164827453,1.4631140803164828,18.5,0.00024921698976640135,6.713837293475192e-10,1.639712271390456e-5
1.0,22.0,38.0,0.0001140803164827453,0.8126140803164827,18.5,0.0002532600323892313,-1.5384534258481516e-6,1.5817374363653268e-5
1.0,23.0,38.0,0.0,0.16501734212023322,18.5,0.00026565945165947426,-3.1856352019447655e-6,1.4259558728787229e-5
1.0,24.0,38.0,0.008042961088223777,0.11205835642090678,18.5,0.00026705715194515423,-3.1174280359545894e-6,1.465047365601673e-5
1.0,25.0,38.0,0.0310574713394014,0.06689246190843257,18.5,0.00026834938088296306,-2.6105031009746783e-6,1.6050257994973577e-5
1.0,26.0,38.0,0.06689246190843257,0.0310574713394014,18.5,0.00026945641549094704,-1.6938318330873062e-6,1.8288109361252877e-5
1.0,27.0,38.0,0.11205835642090678,0.008042961088223777,18.5,0.00027024090019787765,-4.486701024897263e-7,2.1113133922947875e-5
1.0,28.0,38.0,0.16501734212023322,0.0,18.5,0.0002706142443373711,1.0809270022847047e-6,2.438812051245984e-5
1.0,29.0,38.0,0.8126140803164827,0.0001140803164827453,18.5,0.00027197841044185176,1.9530839680579046e-5,6.372449234209605e-5
1.0,30.0,38.0,1.4631140803164828,0.0001140803164827453,18.5,0.0002727620588735819,2.826079859109622e-5,0.00010261318252752969
1.0,31.0,38.0,2.113614080316483,0.0001140803164827453,18.5,0.00027313968455856206,2.093340178262267e-5,0.0001411115713041234
1.0,32.0,38.0,2.7612108185127324,0.0,18.5,0.0002733507903270779,4.18958702506354e-8,0.0001799907502731954
1.0,33.0,38.0,2.814169804212059,0.008042961088223777,18.5,0.0002736616454941646,-1.8964182706715783e-6,0.00018305851429902976
1.0,34.0,38.0,2.859335698724533,0.0310574713394014,18.5,0.00027450546646795934,-3.531209828673558e-6,0.00018576888163602314
1.0,35.0,38.0,2.8951706892935642,0.06689246190843257,18.5,0.00027582406110263427,-4.813081494294016e-6,0.00018761829376097623
1.0,36.0,38.0,2.918185199544742,0.11205835642090678,18.5,0.0002774782775780849,-5.6306923630869e-6,0.000188504684154548
1.0,37.0,38.0,2.9262281606329656,0.16501734212023322,18.5,0.0002794122728517492,-5.913643051032207e-6,0.00018842336457505548
1.0,38.0,38.0,2.926114080316483,0.29986408031648293,18.5,0.00028436830091192267,-5.907756026305739e-6,0.00018717784642103587
1.0,39.0,38.0,2.926114080316483,0.43761408031648275,18.5,0.000289455456908007,-5.915465437113607e-6,0.00018595177144406806
1.0,40.0,38.0,2.926114080316483,0.5753640803164828,18.5,0.0002945527189551638,-5.933491001227091e-6,0.00018473922395630989
1.0,41.0,38.0,2.926114080316483,0.7131140803164828,18.5,0.0002996489188572014,-5.972841998210465e-6,0.00018356559906528963
2.0,1.0,38.0,5.9261140803164825,2.213114080316483,18.5,0.00433223213130298,0.014524779731681302,-0.002102505030402504
2.0,2.0,38.0,5.9261140803164825,2.350864080316483,18.5,0.0035857290138558294,0.014531318075528462,-0.0015767465609212476
2.0,3.0,38.0,5.9261140803164825,2.488614080316483,18.5,0.0028391144195019534,0.014536159491352259,-0.0010527514568369363
2.0,4.0,38.0,5.9261140803164825,2.626364080316483,18.5,0.0020928125149933443,0.014539322167467457,-0.0005300097673202999
2.0,5.0,38.0,5.926228160632966,2.7612108185127324,18.5,0.0013629986430981462,0.014541424920766667,-1.891348402721373e-5
2.0,6.0,38.0,5.918185199544742,2.8141698042120584,18.5,0.0010767420365356485,0.014498102638390152,0.00017939725906539243
2.0,7.0,38.0,5.895170689293565,2.859335698724533,18.5,0.0008329987894694638,0.01437381357164761,0.00034450318386823966
2.0,8.0,38.0,5.859335698724533,2.8951706892935642,18.5,0.0006400776645815242,0.014180518925397699,0.00047165853868476185
2.0,9.0,38.0,5.814169804212058,2.918185199544742,18.5,0.0005166209673917387,0.01393735507798647,0.0005489118005256501
2.0,10.0,38.0,5.7612108185127315,2.9262281606329656,18.5,0.0004739129195463481,0.013652840432761331,0.0005691097950580885
2.0,11.0,38.0,5.1136140803164825,2.926114080316483,18.5,0.00047990507941359677,0.010188421456039402,0.00046197708874101467
2.0,12.0,38.0,4.463114080316483,2.926114080316483,18.5,0.0004840178103196121,0.006721406870043767,0.0003656751560361562
2.0,13.0,38.0,3.8126140803164827,2.926114080316483,18.5,0.00048739668289936793,0.00342584603265626,0.00027577710733455894
2.0,14.0,38.0,3.1650173421202332,2.9262281606329656,18.5,0.0004901486373016942,0.0005964180882675748,0.0001892091399050021
2.0,15.0,38.0,3.112058356420907,2.918185199544742,18.5,0.0005207747371169623,0.00039655732341658227,0.0001795758719718259
2.0,16.0,38.0,3.0668924619084326,2.8951706892935642,18.5,0.000605548423944979,0.00023064097518408832,0.00016792948241779181
2.0,17.0,38.0,3.0310574713394014,2.859335698724533,18.5,0.000733727859342131,0.00010265259989796043,0.000156821877874794
2.0,18.0,38.0,3.0080429610882238,2.8141698042120584,18.5,0.0008903867419587368,2.2896518767956363e-5,0.00014879753170980508
2.0,19.0,38.0,3.0,2.7612108185127324,18.5,0.0010680192163004926,-4.018423883595227e-6,0.0001455317189045505
2.0,20.0,38.0,3.0001140803164827,2.113614080316483,18.5,0.0027305598768479055,-2.3511866554019942e-6,0.00015226309922987047
2.0,21.0,38.0,3.0001140803164827,1.4631140803164828,18.5,0.0033124580081554168,-4.7548438466554935e-7,0.00015428243748577075
2.0,22.0,38.0,3.0001140803164827,0.8126140803164827,18.5,0.002724183635018877,1.4715302387093916e-6,0.00015220143861634957
2.0,23.0,38.0,3.0,0.16501734212023322,18.5,0.0010626678779679956,3.1424689085610046e-6,0.00014539029759740079
2.0,24.0,38.0,3.0080429610882238,0.11205835642090678,18.5,0.0008856418857266876,-2.3662830681302327e-5,0.00014832108461866898
2.0,25.0,38.0,3.0310574713394014,0.06689246190843257,18.5,0.0007295787748475725,-0.00010307776557575526,0.00015657309134888686
2.0,26.0,38.0,3.0668924619084326,0.0310574713394014,18.5,0.0006019352990820582,-0.0002305192769890925,0.00016774171768653735
2.0,27.0,38.0,3.112058356420907,0.008042961088223777,18.5,0.0005175393062720557,-0.00039570357226551017,0.00017926014500898457
2.0,28.0,38.0,3.1650173421202332,0.0,18.5,0.00048705589552533164,-0.000594647202387976,0.00018877660798983834
2.0,29.0,38.0,3.8126140803164827,0.0001140803164827453,18.5,0.00048431740666968513,-0.003409416645084826,0.0002746221128493766
2.0,30.0,38.0,4.463114080316483,0.0001140803164827453,18.5,0.0004809969238800827,-0.006687830406843329,0.00036377322444133765
2.0,31.0,38.0,5.1136140803164825,0.0001140803164827453,18.5,0.00047694999149076867,-0.01013357284357449,0.0004593418090755764
2.0,32.0,38.0,5.761210818512732,0.0,18.5,0.00047099431734164057,-0.013572115200958246,0.00056567509500811
2.0,33.0,38.0,5.814169804212058,0.008042961088223777,18.5,0.0005133609853559035,-0.013854371025457196,0.0005456070665023114
2.0,34.0,38.0,5.859335698724533,0.0310574713394014,18.5,0.0006358305377572038,-0.014095594986439275,0.0004688683513527559
2.0,35.0,38.0,5.895170689293565,0.06689246190843257,18.5,0.0008272037680154206,-0.014287340959699526,0.0003425592176508478
2.0,36.0,38.0,5.918185199544742,0.11205835642090678,18.5,0.0010689849817253358,-0.01441063047867439,0.00017854722055274166
2.0,37.0,38.0,5.926228160632966,0.16501734212023322,18.5,0.001352930284664349,-0.014453602690772649,-1.8458842802949038e-5
2.0,38.0,38.0,5.9261140803164825,0.29986408031648293,18.5,0.002076821749604805,-0.014451509954903349,-0.0005262096184448589
2.0,39.0,38.0,5.9261140803164825,0.43761408031648275,18.5,0.002817039101181248,-0.01444835619317001,-0.0010455295523290906
2.0,40.0,38.0,5.9261140803164825,0.5753640803164828,18.5,0.0035575551707380886,-0.014443527684177858,-0.0015660936829607426
2.0,41.0,38.0,5.9261140803164825,0.7131140803164828,18.5,0.004297964533633442,-0.014437006323369663,-0.002088407889607965
1.0,1.0,39.0,2.926114080316483,2.213114080316483,19.0,0.0002752035279351095,-1.0161028422276645e-6,0.0001859791311494788
1.0,2.0,39.0,2.926114080316483,2.350864080316483,19.0,0.00026881119463860085,-1.0782252943208334e-6,0.00018671839361307459
1.0,3.0,39.0,2.926114080316483,2.488614080316483,19.0,0.0002624007435453678,-1.071622617050345e-6,0.0001874543749957779
1.0,4.0,39.0,2.926114080316483,2.626364080316483,19.0,0.00025601458884579086,-9.851644878528137e-7,0.00018831733677654764
1.0,5.0,39.0,2.9262281606329656,2.7612108185127324,19.0,0.0002498184077485205,-8.480825780638497e-7,0.00018930261530334048
1.0,6.0,39.0,2.918185199544742,2.8141698042120584,19.0,0.00024739670117707543,-1.1720134098696727e-6,0.00018905594571697355
1.0,7.0,39.0,2.8951706892935642,2.859335698724533,19.0,0.00024531365342596203,-2.1992601188251907e-6,0.00018783974819236248
1.0,8.0,39.0,2.859335698724533,2.8951706892935642,19.0,0.00024363195031671542,-3.830280540448554e-6,0.00018592009379192904
1.0,9.0,39.0,2.814169804212059,2.918185199544742,19.0,0.00024249642434192117,-5.89619177877314e-6,0.00018360066947057253
1.0,10.0,39.0,2.761210818512732,2.9262281606329656,19.0,0.00024207941807587432,-8.337369209237605e-6,0.00018023471283450476
1.0,11.0,39.0,2.113614080316483,2.926114080316483,19.0,0.00024157713415717558,-3.324155386913534e-5,0.00014104606380172994
1.0,12.0,39.0,1.4631140803164828,2.926114080316483,19.0,0.0002411692062537987,-3.9774396900731115e-5,0.0001015994918855421
1.0,13.0,39.0,0.8126140803164827,2.926114080316483,19.0,0.00024020472544753046,-2.708588213980265e-5,6.117044216321156e-5
1.0,14.0,39.0,0.16501734212023322,2.9262281606329656,19.0,0.00023869118712191927,-3.058505720914795e-6,2.022929241700906e-5
1.0,15.0,39.0,0.11205835642090678,2.918185199544742,19.0,0.00023824586496626828,-1.0490181860475083e-6,1.6839584513468083e-5
1.0,16.0,39.0,0.06689246190843257,2.8951706892935642,19.0,0.0002372535916260701,6.094476485906949e-7,1.3928929129273165e-5
1.0,17.0,39.0,0.0310574713394014,2.859335698724533,19.0,0.00023583117577818456,1.8475734905328933e-6,1.163165653611795e-5
1.0,18.0,39.0,0.008042961088223777,2.8141698042120584,19.0,0.00023416503795353844,2.551942260173272e-6,1.0202763049173883e-5
1.0,19.0,39.0,0.0,2.7612108185127324,19.0,0.00023236987802428775,2.6890339291111474e-6,9.814390710914468e-6
1.0,20.0,39.0,0.0001140803164827453,2.113614080316483,19.0,0.00021703153309196992,1.2395308983465485e-6,1.1597952375371089e-5
1.0,21.0,39.0,0.0001140803164827453,1.4631140803164828,19.0,0.0002119225833951008,1.0525248286373016e-8,1.2282945926791384e-5
1.0,22.0,39.0,0.0001140803164827453,0.8126140803164827,19.0,0.00021656985178781065,-1.2201269820757237e-6,1.1600361757691332e-5
1.0,23.0,39.0,0.0,0.16501734212023322,19.0,0.00023125237229070883,-2.6748823788742242e-6,9.821007952539204e-6
1.0,24.0,39.0,0.008042961088223777,0.11205835642090678,19.0,0.0002329784469318506,-2.548922743567077e-6,1.020643517883635e-5
1.0,25.0,39.0,0.0310574713394014,0.06689246190843257,19.0,0.00023458320715460937,-1.8765259905150464e-6,1.1625469870556868e-5
1.0,26.0,39.0,0.06689246190843257,0.0310574713394014,19.0,0.00023595505228407392,-6.898607298766705e-7,1.3906526030220739e-5
1.0,27.0,39.0,0.11205835642090678,0.008042961088223777,19.0,0.00023691379994236715,9.014287115987978e-7,1.6795846270541343e-5
1.0,28.0,39.0,0.16501734212023322,0.0,19.0,0.00023734740935785664,2.8294365277447347e-6,2.0159382315279235e-5
1.0,29.0,39.0,0.8126140803164827,0.0001140803164827453,19.0,0.00023886960842231335,2.5725340670229553e-5,6.077260695737725e-5
1.0,30.0,39.0,1.4631140803164828,0.0001140803164827453,19.0,0.0002398433747362992,3.736239457925407e-5,0.00010086879158168828
1.0,31.0,39.0,2.113614080316483,0.0001140803164827453,19.0,0.00024025979535662056,3.0147965526062552e-5,0.00013997247736378607
1.0,32.0,39.0,2.7612108185127324,0.0,19.0,0.00024077325605130161,4.917965349811018e-6,0.00017880792743951251
1.0,33.0,39.0,2.814169804212059,0.008042961088223777,19.0,0.00024119524633457758,2.4546503787657696e-6,0.00018214502566950492
1.0,34.0,39.0,2.859335698724533,0.0310574713394014,19.0,0.00024234323984881562,3.690923711876396e-7,0.0001844333156700169
1.0,35.0,39.0,2.8951706892935642,0.06689246190843257,19.0,0.00024404328377160506,-1.2772161092029583e-6,0.0001863271177549192
1.0,36.0,39.0,2.918185199544742,0.11205835642090678,19.0,0.0002461492490416637,-2.3136011944048403e-6,0.0001875163118774734
1.0,37.0,39.0,2.9262281606329656,0.16501734212023322,19.0,0.0002486036933765878,-2.636804854164036e-6,0.00018772075009129265
1.0,38.0,39.0,2.926114080316483,0.29986408031648293,19.0,0.0002548598401710696,-2.4917781311657546e-6,0.00018672182492772142
1.0,39.0,39.0,2.926114080316483,0.43761408031648275,19.0,0.000261302087436255,-2.389723323572108e-6,0.00018580719788576752
1.0,40.0,39.0,2.926114080316483,0.5753640803164828,19.0,0.0002677702170306884,-2.366595221934256e-6,0.00018503534852526264
1.0,41.0,39.0,2.926114080316483,0.7131140803164828,19.0,0.0002742203745068012,-2.408759559288512e-6,0.00018426010452762053
2.0,1.0,39.0,5.9261140803164825,2.213114080316483,19.0,0.003944049810940317,0.012577832152141833,-0.00218489610402366
2.0,2.0,39.0,5.9261140803164825,2.350864080316483,19.0,0.003260441245650739,0.012583343398222088,-0.0016402688404806504
2.0,3.0,39.0,5.9261140803164825,2.488614080316483,19.0,0.002576966092350342,0.012587431854089412,-0.001097466119681993
2.0,4.0,39.0,5.9261140803164825,2.626364080316483,19.0,0.00189305566739815,0.01259010208330457,-0.0005559755561596407
2.0,5.0,39.0,5.926228160632966,2.7612108185127324,19.0,0.0012226940568253197,0.012591914527088662,-2.6576589994916645e-5
2.0,6.0,39.0,5.918185199544742,2.8141698042120584,19.0,0.0009590878792200816,0.012552005709068571,0.00017889484122217452
2.0,7.0,39.0,5.895170689293565,2.859335698724533,19.0,0.0007341689254370843,0.012437331831753494,0.0003500714101127426
2.0,8.0,39.0,5.859335698724533,2.8951706892935642,19.0,0.0005557657445214382,0.012258650063925389,0.00048199750290626114
2.0,9.0,39.0,5.814169804212058,2.918185199544742,19.0,0.0004413434577343801,0.01203345106101406,0.0005622437192091492
2.0,10.0,39.0,5.7612108185127315,2.9262281606329656,19.0,0.0004016226005370717,0.011769519906480598,0.0005833511308250005
2.0,11.0,39.0,5.1136140803164825,2.926114080316483,19.0,0.0004061287984134674,0.008549930827997761,0.0004740566814443548
2.0,12.0,39.0,4.463114080316483,2.926114080316483,19.0,0.00040922928075931705,0.005421468911381383,0.00037597608595181547
2.0,13.0,39.0,3.8126140803164827,2.926114080316483,19.0,0.0004119804511195679,0.002627637615673091,0.00028450728124301415
2.0,14.0,39.0,3.1650173421202332,2.9262281606329656,19.0,0.0004139966803884302,0.0004329895980673735,0.00019643921022840843
2.0,15.0,39.0,3.112058356420907,2.918185199544742,19.0,0.0004365093276932674,0.0002857792452548581,0.0001864093512772993
2.0,16.0,39.0,3.0668924619084326,2.8951706892935642,19.0,0.0004983638938220942,0.00016476240295827316,0.00017403040318716252
2.0,17.0,39.0,3.0310574713394014,2.859335698724533,19.0,0.000591120005621523,7.228812723415767e-5,0.00016170540073744512
2.0,18.0,39.0,3.0080429610882238,2.8141698042120584,19.0,0.0007036207901362097,1.5215135665231894e-5,0.00015234847173055575
2.0,19.0,39.0,3.0,2.7612108185127324,19.0,0.000830258113382052,-3.851470554418639e-6,0.00014988642845483577
2.0,20.0,39.0,3.0001140803164827,2.113614080316483,19.0,0.0019734447057056037,-2.278508946472132e-6,0.00015727149954438256
2.0,21.0,39.0,3.0001140803164827,1.4631140803164828,19.0,0.0023644485031778127,-5.661477398176315e-7,0.00015970157519998066
2.0,22.0,39.0,3.0001140803164827,0.8126140803164827,19.0,0.001966268087565529,1.1373423962745921e-6,0.00015736514992181465
2.0,23.0,39.0,3.0,0.16501734212023322,19.0,0.0008256146360468984,2.9682776870200693e-6,0.00014969184610493294
2.0,24.0,39.0,3.0080429610882238,0.11205835642090678,19.0,0.000699562081641341,-1.6022261020824624e-5,0.00015273711298861235
2.0,25.0,39.0,3.0310574713394014,0.06689246190843257,19.0,0.0005876303719778838,-7.286342928852359e-5,0.00016161294994030252
2.0,26.0,39.0,3.0668924619084326,0.0310574713394014,19.0,0.0004953517619325044,-0.000164880155439638,0.00017367023181789337
2.0,27.0,39.0,3.112058356420907,0.008042961088223777,19.0,0.00043381802281954073,-0.0002852467772412627,0.00018605416051623564
2.0,28.0,39.0,3.1650173421202332,0.0,19.0,0.0004114127749729916,-0.00043164524792888237,0.00019610524359951978
2.0,29.0,39.0,3.8126140803164827,0.0001140803164827453,19.0,0.0004094073348805633,-0.0026164335017939727,0.0002832958732552791
2.0,30.0,39.0,4.463114080316483,0.0001140803164827453,19.0,0.00040680431532929976,-0.005399305567472915,0.00037397568596562027
2.0,31.0,39.0,5.1136140803164825,0.0001140803164827453,19.0,0.0004037689554746223,-0.008508551100521898,0.0004713690747775457
2.0,32.0,39.0,5.761210818512732,0.0,19.0,0.0003992820617281228,-0.011701560545268368,0.0005798859490527945
2.0,33.0,39.0,5.814169804212058,0.008042961088223777,19.0,0.00043865078692510853,-0.011963172430582151,0.0005589129207831478
2.0,34.0,39.0,5.859335698724533,0.0310574713394014,19.0,0.0005520623826824808,-0.012186387839126116,0.00047919297464725144
2.0,35.0,39.0,5.895170689293565,0.06689246190843257,19.0,0.0007288893775628215,-0.012363493428166991,0.0003481292373429713
2.0,36.0,39.0,5.918185199544742,0.11205835642090678,19.0,0.0009518213848430657,-0.012477154992553474,0.00017806381704300604
2.0,37.0,39.0,5.926228160632966,0.16501734212023322,19.0,0.00121309959818928,-0.012516710624121007,-2.608686251968808e-5
2.0,38.0,39.0,5.9261140803164825,0.29986408031648293,19.0,0.00187753544295062,-0.012514905637856044,-0.0005521051381789815
2.0,39.0,39.0,5.9261140803164825,0.43761408031648275,19.0,0.0025553937588639734,-0.01251224032578493,-0.0010901375726088567
2.0,40.0,39.0,5.9261140803164825,0.5753640803164828,19.0,0.0032328186957099703,-0.012508159144214487,-0.0016294730446753593
2.0,41.0,39.0,5.9261140803164825,0.7131140803164828,19.0,0.003910375836273827,-0.012502657310677573,-0.0021706203241203025
1.0,1.0,40.0,2.926114080316483,2.213114080316483,19.5,0.00025113124017529223,-2.401205184456833e-6,0.00018725853129960995
1.0,2.0,40.0,2.926114080316483,2.350864080316483,19.5,0.00024326551248899934,-2.4851681649941656e-6,0.0001872198981309397
1.0,3.0,40.0,2.926114080316483,2.488614080316483,19.5,0.00023527657956382898,-2.5278758720951922e-6,0.0001871825925339545
1.0,4.0,40.0,2.926114080316483,2.626364080316483,19.5,0.00022709642066925289,-2.536361021377557e-6,0.00018716600676849194
1.0,5.0,40.0,2.9262281606329656,2.7612108185127324,19.5,0.00021901181779826568,-2.432459752360469e-6,0.00018745373657061233
1.0,6.0,40.0,2.918185199544742,2.8141698042120584,19.5,0.00021584363113759343,-2.816568754127341e-6,0.00018746115795330914
1.0,7.0,40.0,2.8951706892935642,2.859335698724533,19.5,0.00021312515522402183,-4.090662389283715e-6,0.00018647835403522912
1.0,8.0,40.0,2.859335698724533,2.8951706892935642,19.5,0.0002109978859341151,-6.115391542475613e-6,0.00018439951374975717
1.0,9.0,40.0,2.814169804212059,2.918185199544742,19.5,0.00020970847316413007,-8.671758053163488e-6,0.00018122799027971872
1.0,10.0,40.0,2.761210818512732,2.9262281606329656,19.5,0.00020911608593329007,-1.1725136418226986e-5,0.00017832346228059456
1.0,11.0,40.0,2.113614080316483,2.926114080316483,19.5,0.00020870477087040314,-3.7901311775921346e-5,0.00014010004770005933
1.0,12.0,40.0,1.4631140803164828,2.926114080316483,19.5,0.0002076450645823611,-4.281256817778877e-5,9.980006821290287e-5
1.0,13.0,40.0,0.8126140803164827,2.926114080316483,19.5,0.00020566312248252418,-2.9203418631451707e-5,5.8131327252721276e-5
1.0,14.0,40.0,0.16501734212023322,2.9262281606329656,19.5,0.000203884116553575,-4.17729367102996e-6,1.609027413653648e-5
1.0,15.0,40.0,0.11205835642090678,2.918185199544742,19.5,0.00020341327963914121,-2.011480447131934e-6,1.2612139878092147e-5
1.0,16.0,40.0,0.06689246190843257,2.8951706892935642,19.5,0.0002023428123825324,-1.984572238125441e-7,9.645201937809292e-6
1.0,17.0,40.0,0.0310574713394014,2.859335698724533,19.5,0.00020079735280740363,1.166995150929557e-6,7.3230377893456045e-6
1.0,18.0,40.0,0.008042961088223777,2.8141698042120584,19.5,0.00019899023457015677,1.94961154672475e-6,5.9004917171252965e-6
1.0,19.0,40.0,0.0,2.7612108185127324,19.5,0.00019706276266557242,2.115644878796832e-6,5.548585939758118e-6
1.0,20.0,40.0,0.0001140803164827453,2.113614080316483,19.5,0.00018129926484964794,8.907550810621485e-7,7.799336997019804e-6
1.0,21.0,40.0,0.0001140803164827453,1.4631140803164828,19.5,0.00017630003531186918,1.7016373720847883e-8,8.652424966950621e-6
1.0,22.0,40.0,0.0001140803164827453,0.8126140803164827,19.5,0.00018094055300243628,-8.581710840323799e-7,7.793192862518429e-6
1.0,23.0,40.0,0.0,0.16501734212023322,19.5,0.00019615714327416827,-2.088189778055045e-6,5.536689710698138e-6
1.0,24.0,40.0,0.008042961088223777,0.11205835642090678,19.5,0.00019802506194099127,-1.931854954407592e-6,5.884921098379609e-6
1.0,25.0,40.0,0.0310574713394014,0.06689246190843257,19.5,0.00019977909332652676,-1.177011857293535e-6,7.297260185774042e-6
1.0,26.0,40.0,0.06689246190843257,0.0310574713394014,19.5,0.00020128063658234163,1.4358862264471424e-7,9.603132017712406e-6
1.0,27.0,40.0,0.11205835642090678,0.008042961088223777,19.5,0.000202321867501932,1.8977647710838345e-6,1.254882564128692e-5
1.0,28.0,40.0,0.16501734212023322,0.0,19.5,0.00020278250858557026,3.991759997756888e-6,1.6000897287705897e-5
1.0,29.0,40.0,0.8126140803164827,0.0001140803164827453,19.5,0.0002045716430708501,2.7993973918290817e-5,5.771375980648486e-5
1.0,30.0,40.0,1.4631140803164828,0.0001140803164827453,19.5,0.0002065669714366361,4.0625576271283966e-5,9.90487291959893e-5
1.0,31.0,40.0,2.113614080316483,0.0001140803164827453,19.5,0.00020764185081640317,3.5063452448511836e-5,0.00013900415453890175
1.0,32.0,40.0,2.7612108185127324,0.0,19.5,0.00020806083135094643,8.534950786714588e-6,0.00017686722414098576
1.0,33.0,40.0,2.814169804212059,0.008042961088223777,19.5,0.00020865680995077246,5.457177577503514e-6,0.00017973112946043904
1.0,34.0,40.0,2.859335698724533,0.0310574713394014,19.5,0.00020995495102423787,2.881848650380887e-6,0.00018286203087769466
1.0,35.0,40.0,2.8951706892935642,0.06689246190843257,19.5,0.0002120978470662818,8.421065469483602e-7,0.00018489336964841693
1.0,36.0,40.0,2.918185199544742,0.11205835642090678,19.5,0.00021483876220890972,-4.4141904354549426e-7,0.00018583752554648597
1.0,37.0,40.0,2.9262281606329656,0.16501734212023322,19.5,0.00021802671049105433,-8.387800121291499e-7,0.00018583110255970153
1.0,38.0,40.0,2.926114080316483,0.29986408031648293,19.5,0.00022618670275018985,-7.227427470480959e-7,0.00018540629053123486
1.0,39.0,40.0,2.926114080316483,0.43761408031648275,19.5,0.00023445204840752678,-7.228432935352647e-7,0.00018536105084644778
1.0,40.0,40.0,2.926114080316483,0.5753640803164828,19.5,0.00024250885893298605,-7.495013240822023e-7,0.0001853148408046862
1.0,41.0,40.0,2.926114080316483,0.7131140803164828,19.5,0.0002504347267779156,-8.129849978241513e-7,0.0001852722603135542
2.0,1.0,40.0,5.9261140803164825,2.213114080316483,19.5,0.003522469085878293,0.010568604439054238,-0.002253054224816286
2.0,2.0,40.0,5.9261140803164825,2.350864080316483,19.5,0.002908184210391384,0.010573078663085907,-0.0016930010028237631
2.0,3.0,40.0,5.9261140803164825,2.488614080316483,19.5,0.002294266397700825,0.01057640211900691,-0.0011347565063545707
2.0,4.0,40.0,5.9261140803164825,2.626364080316483,19.5,0.0016791728897033796,0.010578566079472293,-0.0005778178152012299
2.0,5.0,40.0,5.926228160632966,2.7612108185127324,19.5,0.0010745741853869074,0.01058006845244303,-3.330403498282394e-5
2.0,6.0,40.0,5.918185199544742,2.8141698042120584,19.5,0.0008361075648816158,0.010543945213545064,0.00017784368637535267
2.0,7.0,40.0,5.895170689293565,2.859335698724533,19.5,0.0006321461079257879,0.010439967209818731,0.00035352341080308633
2.0,8.0,40.0,5.859335698724533,2.8951706892935642,19.5,0.00046996201881734903,0.01027759121004841,0.0004888098033084868
2.0,9.0,40.0,5.814169804212058,2.918185199544742,19.5,0.0003656728027188984,0.010072499755836468,0.0005710919341872047
2.0,10.0,40.0,5.7612108185127315,2.9262281606329656,19.5,0.00032932851462288287,0.009831683825761613,0.0005928810772063949
2.0,11.0,40.0,5.1136140803164825,2.926114080316483,19.5,0.00033233599045920734,0.006885605713433359,0.0004831756984711358
2.0,12.0,40.0,4.463114080316483,2.926114080316483,19.5,0.00033368001052230703,0.004108116309842325,0.000384211217779781
2.0,13.0,40.0,3.8126140803164827,2.926114080316483,19.5,0.0003345527079144439,0.001810617159494757,0.00029236723202356857
2.0,14.0,40.0,3.1650173421202332,2.9262281606329656,19.5,0.0003361303118716792,0.00026284907451372137,0.00020297981291076328
2.0,15.0,40.0,3.112058356420907,2.918185199544742,19.5,0.0003504147832537003,0.00017064948733598676,0.00019287628900723213
2.0,16.0,40.0,3.0668924619084326,2.8951706892935642,19.5,0.00038838345738913455,9.64903228288524e-5,0.00018056984142587215
2.0,17.0,40.0,3.0310574713394014,2.859335698724533,19.5,0.0004440791110891356,4.088405564194576e-5,0.00016886098239618679
2.0,18.0,40.0,3.0080429610882238,2.8141698042120584,19.5,0.0005104248475511237,7.0903083687456715e-6,0.00016043048336421062
2.0,19.0,40.0,3.0,2.7612108185127324,19.5,0.0005841978637148176,-3.949719185907205e-6,0.00015574791263062076
2.0,20.0,40.0,3.0001140803164827,2.113614080316483,19.5,0.0012035757762082018,-9.701504350165569e-7,0.00016358506610370492
2.0,21.0,40.0,3.0001140803164827,1.4631140803164828,19.5,0.001408787099774001,-7.859098212441539e-7,0.00016505711745085322
2.0,22.0,40.0,3.0001140803164827,0.8126140803164827,19.5,0.0011943407187108672,-1.9595826982370448e-7,0.0001638530123286343
2.0,23.0,40.0,3.0,0.16501734212023322,19.5,0.0005790900380991355,2.7405852591020963e-6,0.00015600508348382242
2.0,24.0,40.0,3.0080429610882238,0.11205835642090678,19.5,0.0005062144794682928,-8.13040271195288e-6,0.0001594298614736511
2.0,25.0,40.0,3.0310574713394014,0.06689246190843257,19.5,0.00044066938524782277,-4.138880606485952e-5,0.0001685398620984211
2.0,26.0,40.0,3.0668924619084326,0.0310574713394014,19.5,0.00038564731774029407,-9.62327611864702e-5,0.00018062860919268022
2.0,27.0,40.0,3.112058356420907,0.008042961088223777,19.5,0.0003480867596939574,-0.00016955584844697338,0.00019289869194481638
2.0,28.0,40.0,3.1650173421202332,0.0,19.5,0.0003339341084071151,-0.0002609943145511801,0.0002028242530796733
2.0,29.0,40.0,3.8126140803164827,0.0001140803164827453,19.5,0.00033263278921788296,-0.0018069741668116188,0.00029094833350466845
2.0,30.0,40.0,4.463114080316483,0.0001140803164827453,19.5,0.00033188872502345476,-0.004098800327765474,0.00038211928263412676
2.0,31.0,40.0,5.1136140803164825,0.0001140803164827453,19.5,0.00033056082315410193,-0.006857947841240154,0.00048046352838284224
2.0,32.0,40.0,5.761210818512732,0.0,19.5,0.0003275563306491197,-0.009776530363587206,0.0005894484030990587
2.0,33.0,40.0,5.814169804212058,0.008042961088223777,19.5,0.00036353881569144695,-0.010014973997693575,0.0005677961735927217
2.0,34.0,40.0,5.859335698724533,0.0310574713394014,19.5,0.00046679873146021015,-0.010218047553013485,0.00048603746183065947
2.0,35.0,40.0,5.895170689293565,0.06689246190843257,19.5,0.0006273889598768062,-0.010378830190738791,0.000351608634272994
2.0,36.0,40.0,5.918185199544742,0.11205835642090678,19.5,0.0008293552520818078,-0.010481791346755951,0.00017703691932454308
2.0,37.0,40.0,5.926228160632966,0.16501734212023322,19.5,0.0010655001832791803,-0.010517561519713062,-3.278796912615386e-5
2.0,38.0,40.0,5.9261140803164825,0.29986408031648293,19.5,0.0016642383873422817,-0.01051606371024369,-0.0005739056000448855
2.0,39.0,40.0,5.9261140803164825,0.43761408031648275,19.5,0.002273389975725899,-0.010513900867909098,-0.001127371383577808
2.0,40.0,40.0,5.9261140803164825,0.5753640803164828,19.5,0.002881385796829224,-0.010510579643729956,-0.0016821357124060213
2.0,41.0,40.0,5.9261140803164825,0.7131140803164828,19.5,0.0034897398710383473,-0.010506108179472711,-0.002238698511062648
1.0,1.0,41.0,2.926114080316483,2.213114080316483,20.0,0.0002229710046889887,-5.301025113730742e-7,0.00018814235853450254
1.0,2.0,41.0,2.926114080316483,2.350864080316483,20.0,0.00021578747780395517,-5.316675166616187e-7,0.0001873536553404751
1.0,3.0,41.0,2.926114080316483,2.488614080316483,20.0,0.00020872730751821523,-5.586387594389215e-7,0.00018682309006390316
1.0,4.0,41.0,2.926114080316483,2.626364080316483,20.0,0.00020129420780232963,-6.399605956069116e-7,0.00018629895129377333
1.0,5.0,41.0,2.9262281606329656,2.7612108185127324,20.0,0.00019293156008063535,-7.892044333448083e-7,0.0001852214183683576
1.0,6.0,41.0,2.918185199544742,2.8141698042120584,20.0,0.0001890303727326317,-1.4603770421538362e-6,0.0001839532105990787
1.0,7.0,41.0,2.8951706892935642,2.859335698724533,20.0,0.00018518347432656626,-3.4028060904727885e-6,0.0001823851851797605
1.0,8.0,41.0,2.859335698724533,2.8951706892935642,20.0,0.00018188080993510988,-6.533154702088305e-6,0.00018082260646808815
1.0,9.0,41.0,2.814169804212059,2.918185199544742,20.0,0.0001796564871994201,-1.0271797249198676e-5,0.00017962982679525633
1.0,10.0,41.0,2.761210818512732,2.9262281606329656,20.0,0.0001793390275473146,-1.4485676388911463e-5,0.0001766301200606782
1.0,11.0,41.0,2.113614080316483,2.926114080316483,20.0,0.00017748595626083835,-3.45462028067973e-5,0.00013881418459695585
1.0,12.0,41.0,1.4631140803164828,2.926114080316483,20.0,0.0001725399807900737,-3.736419338789892e-5,9.715799970098269e-5
1.0,13.0,41.0,0.8126140803164827,2.926114080316483,20.0,0.0001693927480791546,-2.6064991164760885e-5,5.4983235877285666e-5
1.0,14.0,41.0,0.16501734212023322,2.9262281606329656,20.0,0.00016731433514708205,-4.424679653950699e-6,1.205721684830876e-5
1.0,15.0,41.0,0.11205835642090678,2.918185199544742,20.0,0.00016686887760832168,-2.417096031571681e-6,8.496078070195455e-6
1.0,16.0,41.0,0.06689246190843257,2.8951706892935642,20.0,0.00016585277023837799,-7.024218422579714e-7,5.485661508447396e-6
1.0,17.0,41.0,0.0310574713394014,2.859335698724533,20.0,0.00016437603433442543,6.030257407714197e-7,3.1583875752046085e-6
1.0,18.0,41.0,0.008042961088223777,2.8141698042120584,20.0,0.00016265121263221136,1.3532708002485135e-6,1.7700145446792815e-6
1.0,19.0,41.0,0.0,2.7612108185127324,20.0,0.00016083099650088646,1.5147001047418294e-6,1.4915965699903598e-6
1.0,20.0,41.0,0.0001140803164827453,2.113614080316483,20.0,0.00014649765912931357,5.371989352089058e-7,4.495864914054939e-6
1.0,21.0,41.0,0.0001140803164827453,1.4631140803164828,20.0,0.0001421339508168285,1.9884086390099266e-8,5.586838236711417e-6
1.0,22.0,41.0,0.0001140803164827453,0.8126140803164827,20.0,0.00014622631400442205,-4.985760474251831e-7,4.481476419015551e-6
1.0,23.0,41.0,0.0,0.16501734212023322,20.0,0.0001601248808228148,-1.4806996983584866e-6,1.4607890829950594e-6
1.0,24.0,41.0,0.008042961088223777,0.11205835642090678,20.0,0.00016189698368070096,-1.3271979621908706e-6,1.7346604094378823e-6
1.0,25.0,41.0,0.0310574713394014,0.06689246190843257,20.0,0.00016357895166757084,-5.994874133121431e-7,3.1123753810943336e-6
1.0,26.0,41.0,0.06689246190843257,0.0310574713394014,20.0,0.00016502021629127947,6.695674441177055e-7,5.42323235746342e-6
1.0,27.0,41.0,0.11205835642090678,0.008042961088223777,20.0,0.00016601267820152467,2.3363610760339885e-6,8.412516624569017e-6
1.0,28.0,41.0,0.16501734212023322,0.0,20.0,0.00016644994533726823,4.285228177416815e-6,1.1947803182397508e-5
1.0,29.0,41.0,0.8126140803164827,0.0001140803164827453,20.0,0.0001685397709829439,2.5068716346017492e-5,5.454568735106221e-5
1.0,30.0,41.0,1.4631140803164828,0.0001140803164827453,20.0,0.00017170546150352008,3.5523646343986936e-5,9.638430652102935e-5
1.0,31.0,41.0,2.113614080316483,0.0001140803164827453,20.0,0.00017668098075999023,3.2136453250677217e-5,0.0001376934462357316
1.0,32.0,41.0,2.7612108185127324,0.0,20.0,0.00017857350678215654,1.1733346519258543e-5,0.00017514162624391485
1.0,33.0,41.0,2.814169804212059,0.008042961088223777,20.0,0.00017890237465613155,7.467398574333486e-6,0.00017810858959796497
1.0,34.0,41.0,2.859335698724533,0.0310574713394014,20.0,0.000181162493627745,3.672116499759424e-6,0.00017924578996460759
1.0,35.0,41.0,2.8951706892935642,0.06689246190843257,20.0,0.00018452146538953766,4.92331376063924e-7,0.00018074952028286257
1.0,36.0,41.0,2.918185199544742,0.11205835642090678,20.0,0.00018843043432050532,-1.477671442181054e-6,0.0001822521160232053
1.0,37.0,41.0,2.9262281606329656,0.16501734212023322,20.0,0.00019244157341271692,-2.1115782059039225e-6,0.00018339521542770683
1.0,38.0,41.0,2.926114080316483,0.29986408031648293,20.0,0.00020082504288592852,-2.260430015397024e-6,0.0001844544369795558
1.0,39.0,41.0,2.926114080316483,0.43761408031648275,20.0,0.00020812547829951602,-2.3256703105172133e-6,0.0001848124320458827
1.0,40.0,41.0,2.926114080316483,0.5753640803164828,20.0,0.00021500995257874543,-2.3349107249477077e-6,0.0001852110913781732
1.0,41.0,41.0,2.926114080316483,0.7131140803164828,20.0,0.00022203014140257028,-2.3139638291696287e-6,0.0001858715112963745
2.0,1.0,41.0,5.9261140803164825,2.213114080316483,20.0,0.003017396843712296,0.008509609867520338,-0.002307140010110169
2.0,2.0,41.0,5.9261140803164825,2.350864080316483,20.0,0.0024881359469874167,0.0085130765427894,-0.0017350207460220585
2.0,3.0,41.0,5.9261140803164825,2.488614080316483,20.0,0.0019593596596877362,0.00851565696141805,-0.0011646312073938972
2.0,4.0,41.0,5.9261140803164825,2.626364080316483,20.0,0.001428950020907854,0.00851733431898093,-0.0005954918513436765
2.0,5.0,41.0,5.926228160632966,2.7612108185127324,20.0,0.0009062922482083857,0.008518534859602064,-3.90162051171895e-5
2.0,6.0,41.0,5.918185199544742,2.8141698042120584,20.0,0.0006996029237152852,0.008487213795445982,0.0001763892767027491
2.0,7.0,41.0,5.895170689293565,2.859335698724533,20.0,0.0005224542905797183,0.008396918666364862,0.00035513304737184174
2.0,8.0,41.0,5.859335698724533,2.8951706892935642,20.0,0.00038129305552983794,0.008255645463214882,0.0004925126902618223
2.0,9.0,41.0,5.814169804212058,2.918185199544742,20.0,0.0002903237894614099,0.008076888262542275,0.0005759728197186762
2.0,10.0,41.0,5.7612108185127315,2.9262281606329656,20.0,0.0002585118773985429,0.007866660407364558,0.0005982044131351577
2.0,11.0,41.0,5.1136140803164825,2.926114080316483,20.0,0.00026007041184291957,0.005288315237031912,0.0004894855358014889
2.0,12.0,41.0,4.463114080316483,2.926114080316483,20.0,0.00025973934915308935,0.0029193390236071292,0.0003896737689684812
2.0,13.0,41.0,3.8126140803164827,2.926114080316483,20.0,0.0002559559645118766,0.0010893303687348715,0.00029777727485836496
2.0,14.0,41.0,3.1650173421202332,2.9262281606329656,20.0,0.0002536665385762924,0.00010502194126404293,0.00021030155022241676
2.0,15.0,41.0,3.112058356420907,2.918185199544742,20.0,0.0002597126811534004,6.3487135497165e-5,0.00019972073971289453
2.0,16.0,41.0,3.0668924619084326,2.8951706892935642,20.0,0.00027507079374154084,3.364512298663692e-5,0.00018719732227922423
2.0,17.0,41.0,3.0310574713394014,2.859335698724533,20.0,0.0002963465008884645,1.3152860755917506e-5,0.00017525223970693224
2.0,18.0,41.0,3.0080429610882238,2.8141698042120584,20.0,0.00032116348331219806,1.5101817370630613e-6,0.00016677069839533132
2.0,19.0,41.0,3.0,2.7612108185127324,20.0,0.00034878173395606963,-1.738513674991621e-6,0.00016770033728058495
2.0,20.0,41.0,3.0001140803164827,2.113614080316483,20.0,0.0005664578838039466,1.9745860748656827e-6,0.00017022900141098213
2.0,21.0,41.0,3.0001140803164827,1.4631140803164828,20.0,0.0006368950190644245,-6.876361143467625e-7,0.00016863798898115713
2.0,22.0,41.0,3.0001140803164827,0.8126140803164827,20.0,0.0005552827636551144,-3.8134201395873505e-6,0.000171180339866826
2.0,23.0,41.0,3.0,0.16501734212023322,20.0,0.0003438445338078561,1.0318858067008615e-6,0.00016765668585925602
2.0,24.0,41.0,3.0080429610882238,0.11205835642090678,20.0,0.00031748246385701606,-1.933915049286815e-6,0.000169151749111181
2.0,25.0,41.0,3.0310574713394014,0.06689246190843257,20.0,0.00029385211060891416,-1.3085907972323762e-5,0.00017646526639108982
2.0,26.0,41.0,3.0668924619084326,0.0310574713394014,20.0,0.0002732955556317238,-3.299817850924431e-5,0.00018746739312099856
2.0,27.0,41.0,3.112058356420907,0.008042961088223777,20.0,0.0002582545338742543,-6.239135603775203e-5,0.00019944687471717734
2.0,28.0,41.0,3.1650173421202332,0.0,20.0,0.00025230290504978635,-0.00010368766643505768,0.00020971560558570728
2.0,29.0,41.0,3.8126140803164827,0.0001140803164827453,20.0,0.00025481974359580823,-0.001092762078470993,0.00029614835208826234
2.0,30.0,41.0,4.463114080316483,0.0001140803164827453,20.0,0.0002585173406619658,-0.0029197795110012456,0.00038754092946627556
2.0,31.0,41.0,5.1136140803164825,0.0001140803164827453,20.0,0.0002588309684107513,-0.005271892183033573,0.00048677074333955595
2.0,32.0,41.0,5.761210818512732,0.0,20.0,0.0002572526199138286,-0.00782380848582719,0.0005948623600603945
2.0,33.0,41.0,5.814169804212058,0.008042961088223777,20.0,0.0002887184784590774,-0.008031776116349726,0.0005727667313659677
2.0,34.0,41.0,5.859335698724533,0.0310574713394014,20.0,0.0003787095103974912,-0.008208617751854068,0.0004898133961291632
2.0,35.0,41.0,5.895170689293565,0.06689246190843257,20.0,0.0005183627486980281,-0.008348384230074028,0.00035326866613453296
2.0,36.0,41.0,5.918185199544742,0.11205835642090678,20.0,0.0006936320800140808,-0.00843772168669605,0.0001756125192939754
2.0,37.0,41.0,5.926228160632966,0.16501734212023322,20.0,0.0008981440921968033,-0.008468711390314973,-3.847985407381184e-5
2.0,38.0,41.0,5.9261140803164825,0.29986408031648293,20.0,0.0014153358103022374,-0.008467513735750685,-0.0005915601318416518
2.0,39.0,41.0,5.9261140803164825,0.43761408031648275,20.0,0.001940230677136686,-0.008465835133488905,-0.001157229453934155
2.0,40.0,41.0,5.9261140803164825,0.5753640803164828,20.0,0.002463522377814278,-0.008463253469687116,-0.0017241449650362978
2.0,41.0,41.0,5.9261140803164825,0.7131140803164828,20.0,0.002987285952346467,-0.00845978479502283,-0.0022927839933984747
1.0,1.0,42.0,2.926114080316483,2.213114080316483,20.5,0.00017724675826931134,2.531540630991347e-6,0.00018702164460835665
1.0,2.0,42.0,2.926114080316483,2.350864080316483,20.5,0.00017289255327946156,2.6941509379515244e-6,0.00018652675486946198
1.0,3.0,42.0,2.926114080316483,2.488614080316483,20.5,0.0001690667930402547,2.910248407311495e-6,0.00018610860611904386
1.0,4.0,42.0,2.926114080316483,2.626364080316483,20.5,0.00016608540779662154,3.24435531528422e-6,0.00018565520281992149
1.0,5.0,42.0,2.9262281606329656,2.7612108185127324,20.5,0.00016445742286822233,3.6809034828034666e-6,0.00018531541440913783
1.0,6.0,42.0,2.918185199544742,2.8141698042120584,20.5,0.00016452672486013415,3.874315859290493e-6,0.0001847026726066745
1.0,7.0,42.0,2.8951706892935642,2.859335698724533,20.5,0.00016452672472729295,3.874315791600583e-6,0.00018229499593180268
1.0,8.0,42.0,2.859335698724533,2.8951706892935642,20.5,0.00016452672462189563,3.874315686203282e-6,0.0001784570109165431
1.0,9.0,42.0,2.814169804212059,2.918185199544742,20.5,0.00016452672455420574,3.874315553362075e-6,0.00017356245679235423
1.0,10.0,42.0,2.761210818512732,2.9262281606329656,20.5,0.0001612107071178084,-3.645128393849384e-7,0.00017136823842112546
1.0,11.0,42.0,2.113614080316483,2.926114080316483,20.5,0.00014185310904895446,-1.7769196414753462e-5,0.00013504147344311156
1.0,12.0,42.0,1.4631140803164828,2.926114080316483,20.5,0.00013476341724690476,-2.4194599764401808e-5,9.383420933115829e-5
1.0,13.0,42.0,0.8126140803164827,2.926114080316483,20.5,0.00013073051137685394,-1.8579047772347936e-5,5.181554981377597e-5
1.0,14.0,42.0,0.16501734212023322,2.9262281606329656,20.5,0.00012854746122676857,-3.78703249334176e-6,8.332895206936724e-6
1.0,15.0,42.0,0.11205835642090678,2.918185199544742,20.5,0.0001281810833931907,-2.222284645067963e-6,4.700605609141865e-6
1.0,16.0,42.0,0.06689246190843257,2.8951706892935642,20.5,0.0001273506125126237,-8.454129115983891e-7,1.65063222414345e-6
1.0,17.0,42.0,0.0310574713394014,2.859335698724533,20.5,0.00012613212072605702,2.2038505278656324e-7,-6.755264386575721e-7
1.0,18.0,42.0,0.008042961088223777,2.8141698042120584,20.5,0.0001247061494825826,8.34671100572843e-7,-2.0137669478693393e-6
1.0,19.0,42.0,0.0,2.7612108185127324,20.5,0.0001232147746224269,9.633076548008097e-7,-2.1890260503845678e-6
1.0,20.0,42.0,0.0001140803164827453,2.113614080316483,20.5,0.00011181440179915526,2.412902930856238e-7,1.7865207770065512e-6
1.0,21.0,42.0,0.0001140803164827453,1.4631140803164828,20.5,0.00010845003974044716,1.908138319853444e-8,3.15559773738587e-6
1.0,22.0,42.0,0.0001140803164827453,0.8126140803164827,20.5,0.00011161778165094303,-2.0392369671763453e-7,1.7647833886330423e-6
1.0,23.0,42.0,0.0,0.16501734212023322,20.5,0.00012269599821639637,-9.296934975704536e-7,-2.237666931046986e-6
1.0,24.0,42.0,0.008042961088223777,0.11205835642090678,20.5,0.00012415177523966622,-8.069940683099773e-7,-2.067923975125683e-6
1.0,25.0,42.0,0.0310574713394014,0.06689246190843257,20.5,0.0001255461980168663,-2.0939331977138795e-7,-7.409270521797964e-7
1.0,26.0,42.0,0.06689246190843257,0.0310574713394014,20.5,0.00012673865299277071,8.295449438842759e-7,1.5685658432014928e-6
1.0,27.0,42.0,0.11205835642090678,0.008042961088223777,20.5,0.00012755179604152545,2.1710640330585005e-6,4.59743718391929e-6
1.0,28.0,42.0,0.16501734212023322,0.0,20.5,0.00012791224234037597,3.6923131684635563e-6,8.204089756315693e-6
1.0,29.0,42.0,0.8126140803164827,0.0001140803164827453,20.5,0.00013010685324969955,1.783555201695461e-5,5.135874735901776e-5
1.0,30.0,42.0,1.4631140803164828,0.0001140803164827453,20.5,0.00013416124981240372,2.2784913832728636e-5,9.303669288827742e-5
1.0,31.0,42.0,2.113614080316483,0.0001140803164827453,20.5,0.00014128949098931426,1.587077122245265e-5,0.000133890589403769
1.0,32.0,42.0,2.7612108185127324,0.0,20.5,0.00016073700749326072,-1.7938199289007801e-6,0.00016982535374998581
1.0,33.0,42.0,2.814169804212059,0.008042961088223777,20.5,0.0001640681987321781,-6.054617166367608e-6,0.00017196570700950625
1.0,34.0,42.0,2.859335698724533,0.0310574713394014,20.5,0.000164068198809141,-6.0546173174070295e-6,0.0001768130022875764
1.0,35.0,42.0,2.8951706892935642,0.06689246190843257,20.5,0.00016406819892897693,-6.054617437242943e-6,0.0001805879457620992
1.0,36.0,42.0,2.918185199544742,0.11205835642090678,20.5,0.00016406819908001635,-6.054617514205845e-6,0.0001829229371252678
1.0,37.0,42.0,2.9262281606329656,0.16501734212023322,20.5,0.00016406819925711668,-6.054617541102338e-6,0.00018358890229463616
1.0,38.0,42.0,2.926114080316483,0.29986408031648293,20.5,0.00016507882991235613,-5.567940144999472e-6,0.00018357775672649422
1.0,39.0,42.0,2.926114080316483,0.43761408031648275,20.5,0.0001676404680313536,-5.198855326748743e-6,0.0001839205355064436
1.0,40.0,42.0,2.926114080316483,0.5753640803164828,20.5,0.00017107512319702468,-4.958915095803267e-6,0.00018416167944602406
1.0,41.0,42.0,2.926114080316483,0.7131140803164828,20.5,0.0001750397931479484,-4.776597980078096e-6,0.00018446180184009125
2.0,1.0,42.0,5.9261140803164825,2.213114080316483,20.5,0.002399866388241195,0.006412805620058204,-0.002347777209540003
2.0,2.0,42.0,5.9261140803164825,2.350864080316483,20.5,0.0019767656437836177,0.006415321266820651,-0.0017667561757808657
2.0,3.0,42.0,5.9261140803164825,2.488614080316483,20.5,0.0015541138062556176,0.006417200721725367,-0.0011873557780044605
2.0,4.0,42.0,5.9261140803164825,2.626364080316483,20.5,0.0011298027351429921,0.006418426226581762,-0.0006091334614018107
2.0,5.0,42.0,5.926228160632966,2.7612108185127324,20.5,0.0007110096327689366,0.006419339363465962,-4.374692865045384e-5
2.0,6.0,42.0,5.918185199544742,2.8141698042120584,20.5,0.000545123429669835,0.006394202429059832,0.0001746628326599032
2.0,7.0,42.0,5.895170689293565,2.859335698724533,20.5,0.0004027655635193241,0.006321658226154634,0.0003553378740335196
2.0,8.0,42.0,5.859335698724533,2.8951706892935642,20.5,0.00028918409685679353,0.0062080306626924806,0.0004938815724254276
2.0,9.0,42.0,5.814169804212058,2.918185199544742,20.5,0.00021589247188534428,0.006064107784876793,0.0005779238990912179
2.0,10.0,42.0,5.7612108185127315,2.9262281606329656,20.5,0.0001902040032027884,0.005894722322453795,0.0006004476865506954
2.0,11.0,42.0,5.1136140803164825,2.926114080316483,20.5,0.00019066025461367373,0.003814811388637134,0.0004932403246485468
2.0,12.0,42.0,4.463114080316483,2.926114080316483,20.5,0.0001889525446676299,0.001940866875703752,0.00039286185902475296
2.0,13.0,42.0,3.8126140803164827,2.926114080316483,20.5,0.00018321247492368285,0.0005657208951754778,0.00029868487805586463
2.0,14.0,42.0,3.1650173421202332,2.9262281606329656,20.5,0.0001645267245305499,3.8743165852692445e-6,0.0002120657616014758
2.0,15.0,42.0,3.112058356420907,2.918185199544742,20.5,0.00016452672455420574,3.8743164295071225e-6,0.0002062362086470032
2.0,16.0,42.0,3.0668924619084326,2.8951706892935642,20.5,0.00016452672462189563,3.8743162966659154e-6,0.00020122276718927923
2.0,17.0,42.0,3.0310574713394014,2.859335698724533,20.5,0.00016452672472729295,3.874316191268614e-6,0.0001971996673734217
2.0,18.0,42.0,3.0080429610882238,2.8141698042120584,20.5,0.00016452672486013415,3.874316123578704e-6,0.00019455867472933258
2.0,19.0,42.0,3.0,2.7612108185127324,20.5,0.00016603896236545656,3.834805312289943e-6,0.0001872435321159497
2.0,20.0,42.0,3.0001140803164827,2.113614080316483,20.5,0.0001708958268517384,2.65011503120932e-6,0.00017365784042147955
2.0,21.0,42.0,3.0001140803164827,1.4631140803164828,20.5,0.00016736672155921687,-6.244191855727851e-7,0.000172110533614276
2.0,22.0,42.0,3.0001140803164827,0.8126140803164827,20.5,0.0001632546343241916,-3.816403996883165e-6,0.00017380887762015443
2.0,23.0,42.0,3.0,0.16501734212023322,20.5,0.00016406819925711668,-6.054617787802997e-6,0.00019165797750697258
2.0,24.0,42.0,3.0080429610882238,0.11205835642090678,20.5,0.00016406819908001635,-6.05461781469949e-6,0.00019275147119094475
2.0,25.0,42.0,3.0310574713394014,0.06689246190843257,20.5,0.00016406819892897693,-6.054617891662392e-6,0.00019545107882341472
2.0,26.0,42.0,3.0668924619084326,0.0310574713394014,20.5,0.000164068198809141,-6.054618011498306e-6,0.00019951531183183834
2.0,27.0,42.0,3.112058356420907,0.008042961088223777,20.5,0.0001640681987321781,-6.054618162537727e-6,0.00020454839917620455
2.0,28.0,42.0,3.1650173421202332,0.0,20.5,0.00016406819870528163,-6.054618339638051e-6,0.0002103734541446861
2.0,29.0,42.0,3.8126140803164827,0.0001140803164827453,20.5,0.00018258569254249612,-0.000572291999240432,0.00029706816681035047
2.0,30.0,42.0,4.463114080316483,0.0001140803164827453,20.5,0.00018820659684940725,-0.0019455630612183002,0.00039069350221920785
2.0,31.0,42.0,5.1136140803164825,0.0001140803164827453,20.5,0.0001898615078410507,-0.003805629929989941,0.0004905505420266652
2.0,32.0,42.0,5.761210818512732,0.0,20.5,0.00018937225959639515,-0.005863361403997451,0.0005972209843513197
2.0,33.0,42.0,5.814169804212058,0.008042961088223777,20.5,0.00021476906999615093,-0.006030848683798712,0.0005748321685749333
2.0,34.0,42.0,5.859335698724533,0.0310574713394014,20.5,0.0002872374278086803,-0.006173161316787563,0.0004912772133027985
2.0,35.0,42.0,5.895170689293565,0.06689246190843257,20.5,0.0003995500071700865,-0.006285522127390308,0.00035354007757630834
2.0,36.0,42.0,5.918185199544742,0.11205835642090678,20.5,0.0005403267339176817,-0.006357261271332541,0.0001739257728335487
2.0,37.0,42.0,5.926228160632966,0.16501734212023322,20.5,0.0007043815586207946,-0.006382119930239627,-4.3186887243132475e-5
2.0,38.0,42.0,5.9261140803164825,0.29986408031648293,20.5,0.0011185787979050765,-0.006381209493012503,-0.0006051922417117045
2.0,39.0,42.0,5.9261140803164825,0.43761408031648275,20.5,0.0015382561663438896,-0.006379982165719913,-0.0011799607139343052
2.0,40.0,42.0,5.9261140803164825,0.5753640803164828,20.5,0.001956302195207433,-0.006378099945996935,-0.001755906485417794
2.0,41.0,42.0,5.9261140803164825,0.7131140803164828,20.5,0.0023747866684848996,-0.006375579961906548,-0.0023334710252579695
1.0,1.0,43.0,2.926114080316483,2.213114080316483,21.0,0.00011714114407868885,2.7100800875452385e-6,0.00018514355057092888
1.0,2.0,43.0,2.926114080316483,2.350864080316483,21.0,0.00011500764779632337,2.798964078450589e-6,0.00018536280681222242
1.0,3.0,43.0,2.926114080316483,2.488614080316483,21.0,0.00011291590157787895,2.8278994042044543e-6,0.00018538362491041374
1.0,4.0,43.0,2.926114080316483,2.626364080316483,21.0,0.00011106594741873734,2.7812288947240964e-6,0.0001854195508421765
1.0,5.0,43.0,2.9262281606329656,2.7612108185127324,21.0,0.00010982920133011996,2.6589613332186316e-6,0.00018562546966340376
1.0,6.0,43.0,2.918185199544742,2.8141698042120584,21.0,0.00010968448333663043,2.582876977498562e-6,0.0001847026726066745
1.0,7.0,43.0,2.8951706892935642,2.859335698724533,21.0,0.00010968448320378923,2.5828769098086525e-6,0.00018229499593180268
1.0,8.0,43.0,2.859335698724533,2.8951706892935642,21.0,0.00010968448309839193,2.582876804411351e-6,0.0001784570109165431
1.0,9.0,43.0,2.814169804212059,2.918185199544742,21.0,0.00010968448303070201,2.5828766715701443e-6,0.00017356245679235423
1.0,10.0,43.0,2.761210818512732,2.9262281606329656,21.0,0.0001089913034086391,1.9034918633145886e-7,0.00016918722307764786
1.0,11.0,43.0,2.113614080316483,2.926114080316483,21.0,0.00010082809688937458,-6.921597719258073e-6,0.00012969442216037233
1.0,12.0,43.0,1.4631140803164828,2.926114080316483,21.0,9.307363606071417e-5,-1.2191140952388942e-5,9.051670493629422e-5
1.0,13.0,43.0,0.8126140803164827,2.926114080316483,21.0,8.93309924555611e-5,-1.0739608408336007e-5,4.8949884283858325e-5
1.0,14.0,43.0,0.16501734212023322,2.9262281606329656,21.0,8.74381783861033e-5,-2.664234686767561e-6,5.256146156167393e-6
1.0,15.0,43.0,0.11205835642090678,2.918185199544742,21.0,8.718184956360931e-5,-1.6413445261972467e-6,1.5619130449989747e-6
1.0,16.0,43.0,0.06689246190843257,2.8951706892935642,21.0,8.66084764213803e-5,-7.11536136520746e-7,-1.5274244478891189e-6
1.0,17.0,43.0,0.0310574713394014,2.859335698724533,21.0,8.5760699290499e-5,1.981490260767409e-8,-3.85119580563257e-6
1.0,18.0,43.0,0.008042961088223777,2.8141698042120584,21.0,8.476764435941969e-5,4.413783727636344e-7,-5.1371714024323755e-6
1.0,19.0,43.0,0.0,2.7612108185127324,21.0,8.373913706506026e-5,5.253359730384803e-7,-5.202487551498736e-6
1.0,20.0,43.0,0.0001140803164827453,2.113614080316483,21.0,7.608640787373072e-5,5.5024892692155544e-8,-2.316152857019169e-7
1.0,21.0,43.0,0.0001140803164827453,1.4631140803164828,21.0,7.388169914950215e-5,1.492370634144821e-8,1.4037175541723508e-6
1.0,22.0,43.0,0.0001140803164827453,0.8126140803164827,21.0,7.595713354504724e-5,-2.564948445599664e-8,-2.591794501153104e-7
1.0,23.0,43.0,0.0,0.16501734212023322,21.0,8.339813778022855e-5,-4.985778386321498e-7,-5.26595946678892e-6
1.0,24.0,43.0,0.008042961088223777,0.11205835642090678,21.0,8.440357260070559e-5,-4.1851167944966667e-7,-5.2070834735163066e-6
1.0,25.0,43.0,0.0310574713394014,0.06689246190843257,21.0,8.537633704788525e-5,-7.740036200413976e-9,-3.932991401258629e-6
1.0,26.0,43.0,0.06689246190843257,0.0310574713394014,21.0,8.620746000040627e-5,7.063338302673022e-7,-1.6262392633731716e-6
1.0,27.0,43.0,0.11205835642090678,0.008042961088223777,21.0,8.676979264804137e-5,1.6134360127065448e-6,1.441944957826837e-6
1.0,28.0,43.0,0.16501734212023322,0.0,21.0,8.702240025896255e-5,2.6083326668411878e-6,5.110746321597915e-6
1.0,29.0,43.0,0.8126140803164827,0.0001140803164827453,21.0,8.89249768086647e-5,1.0258376221872572e-5,4.847632658766209e-5
1.0,30.0,43.0,1.4631140803164828,0.0001140803164827453,21.0,9.268677828053084e-5,1.1254482131222445e-5,8.969774397808856e-5
1.0,31.0,43.0,2.113614080316483,0.0001140803164827453,21.0,0.00010047944683542807,5.63633701135986e-6,0.00012851086096706262
1.0,32.0,43.0,2.7612108185127324,0.0,21.0,0.0001086823807363693,-1.6321049903987773e-6,0.00016762643686002017
1.0,33.0,43.0,2.814169804212059,0.008042961088223777,21.0,0.00010937879908070248,-4.036411431503738e-6,0.00017196570700950625
1.0,34.0,43.0,2.859335698724533,0.0310574713394014,21.0,0.00010937879915766539,-4.036411582543159e-6,0.0001768130022875764
1.0,35.0,43.0,2.8951706892935642,0.06689246190843257,21.0,0.0001093787992775013,-4.036411702379072e-6,0.0001805879457620992
1.0,36.0,43.0,2.918185199544742,0.11205835642090678,21.0,0.00010937879942854072,-4.036411779341975e-6,0.0001829229371252678
1.0,37.0,43.0,2.9262281606329656,0.16501734212023322,21.0,0.00010937879960564104,-4.036411806238468e-6,0.00018358890229463616
1.0,38.0,43.0,2.926114080316483,0.29986408031648293,21.0,0.00011003315198181539,-4.190301306759975e-6,0.00018330735348273084
1.0,39.0,43.0,2.926114080316483,0.43761408031648275,21.0,0.0001114006764271606,-4.2581239712346796e-6,0.00018308076140187993
1.0,40.0,43.0,2.926114080316483,0.5753640803164828,21.0,0.00011306055760947016,-4.234969771879868e-6,0.0001828744306812236
1.0,41.0,43.0,2.926114080316483,0.7131140803164828,21.0,0.00011475744498738497,-4.14421373937978e-6,0.00018244619032780179
2.0,1.0,43.0,5.9261140803164825,2.213114080316483,21.0,0.0016710547980945953,0.004289206243265503,-0.002375852307729739
2.0,2.0,43.0,5.9261140803164825,2.350864080316483,21.0,0.0013752124777294556,0.004290836103912009,-0.001788812479959324
2.0,3.0,43.0,5.9261140803164825,2.488614080316483,21.0,0.00107967464519472,0.004292059972418796,-0.0012032901818068286
2.0,4.0,43.0,5.9261140803164825,2.626364080316483,21.0,0.000782842751779743,0.004292864773076817,-0.0006188895364514026
2.0,5.0,43.0,5.926228160632966,2.7612108185127324,21.0,0.0004896765551665744,0.004293492540119383,-4.7460537112340217e-5
2.0,6.0,43.0,5.918185199544742,2.8141698042120584,21.0,0.00037349432172643275,0.004275895477028996,0.00017290221847000799
2.0,7.0,43.0,5.895170689293565,2.859335698724533,21.0,0.0002737579939064814,0.004225088214289635,0.00035472263952770263
2.0,8.0,43.0,5.859335698724533,2.8951706892935642,21.0,0.00019416296860739568,0.004145493118242723,0.0004938778549780142
2.0,9.0,43.0,5.814169804212058,2.918185199544742,21.0,0.00014278973064269288,0.004044675248344123,0.0005781864232658756
2.0,10.0,43.0,5.7612108185127315,2.9262281606329656,21.0,0.00012476124967301475,0.00392602769973175,0.0006008727737244196
2.0,11.0,43.0,5.1136140803164825,2.926114080316483,21.0,0.00012458933588728054,0.002470665118451182,0.0004951734862212077
2.0,12.0,43.0,4.463114080316483,2.926114080316483,21.0,0.00012258116698869072,0.0011800994778580155,0.0003941027634649309
2.0,13.0,43.0,3.8126140803164827,2.926114080316483,21.0,0.00011665786027758027,0.00029114798078626043,0.0002978044269376862
2.0,14.0,43.0,3.1650173421202332,2.9262281606329656,21.0,0.00010968448300704619,2.5828777034773132e-6,0.0002120657616014758
2.0,15.0,43.0,3.112058356420907,2.918185199544742,21.0,0.00010968448303070201,2.5828775477151913e-6,0.0002062362086470032
2.0,16.0,43.0,3.0668924619084326,2.8951706892935642,21.0,0.00010968448309839193,2.5828774148739846e-6,0.00020122276718927923
2.0,17.0,43.0,3.0310574713394014,2.859335698724533,21.0,0.00010968448320378923,2.582877309476683e-6,0.0001971996673734217
2.0,18.0,43.0,3.0080429610882238,2.8141698042120584,21.0,0.00010968448333663043,2.5828772417867735e-6,0.00019455867472933258
2.0,19.0,43.0,3.0,2.7612108185127324,21.0,0.00010841484409615347,2.424695399848642e-6,0.00019333044579937278
2.0,20.0,43.0,3.0001140803164827,2.113614080316483,21.0,2.8740713986504145e-5,1.1975348522917842e-6,0.00017773495873878945
2.0,21.0,43.0,3.0001140803164827,1.4631140803164828,21.0,-1.1513867450858787e-5,-4.131836226407896e-7,0.00017406362867083822
2.0,22.0,43.0,3.0001140803164827,0.8126140803164827,21.0,3.065109163938077e-5,-1.8105947784992859e-6,0.0001788540208737862
2.0,23.0,43.0,3.0,0.16501734212023322,21.0,0.00010937879960564104,-4.036412052939127e-6,0.00019165797750697258
2.0,24.0,43.0,3.0080429610882238,0.11205835642090678,21.0,0.00010937879942854072,-4.0364120798356195e-6,0.00019275147119094475
2.0,25.0,43.0,3.0310574713394014,0.06689246190843257,21.0,0.0001093787992775013,-4.036412156798521e-6,0.00019545107882341472
2.0,26.0,43.0,3.0668924619084326,0.0310574713394014,21.0,0.00010937879915766539,-4.036412276634435e-6,0.00019951531183183834
2.0,27.0,43.0,3.112058356420907,0.008042961088223777,21.0,0.00010937879908070248,-4.0364124276738565e-6,0.00020454839917620455
2.0,28.0,43.0,3.1650173421202332,0.0,21.0,0.00010937879905380599,-4.03641260477418e-6,0.0002103734541446861
2.0,29.0,43.0,3.8126140803164827,0.0001140803164827453,21.0,0.00011628690100510744,-0.000296089230765903,0.00029603094531696644
2.0,30.0,43.0,4.463114080316483,0.0001140803164827453,21.0,0.00012217497297906937,-0.0011841905972473257,0.0003919445455555938
2.0,31.0,43.0,5.1136140803164825,0.0001140803164827453,21.0,0.00012412798073398255,-0.0024653938593175513,0.0004925130165455418
2.0,32.0,43.0,5.761210818512732,0.0,21.0,0.00012426543263464773,-0.0039054253013414996,0.0005977528822959005
2.0,33.0,43.0,5.814169804212058,0.008042961088223777,21.0,0.00014208898363632036,-0.004022744336358916,0.0005752004846424608
2.0,34.0,43.0,5.859335698724533,0.0310574713394014,21.0,0.00019288261859874966,-0.0041224303533474015,0.0004913646574201225
2.0,35.0,43.0,5.895170689293565,0.06689246190843257,21.0,0.000271580551179353,-0.0042011310343564034,0.00035299475194131816
2.0,36.0,43.0,5.918185199544742,0.11205835642090678,21.0,0.0003701944795009738,-0.004251367707225566,0.00017221323493679113
2.0,37.0,43.0,5.926228160632966,0.16501734212023322,21.0,0.00048507203014037627,-0.004268767257778863,-4.686849274458103e-5
2.0,38.0,43.0,5.9261140803164825,0.29986408031648293,21.0,0.0007749501863800821,-0.004268142461516854,-0.000614938993526762
2.0,39.0,43.0,5.9261140803164825,0.43761408031648275,21.0,0.0010684568536762635,-0.004267336439890556,-0.0011959087592371364
2.0,40.0,43.0,5.9261140803164825,0.5753640803164828,21.0,0.001360686969962843,-0.004266109957988777,-0.0017780011985744511
2.0,41.0,43.0,5.9261140803164825,0.7131140803164828,21.0,0.0016532168541898247,-0.004264475753562111,-0.0023616127087380243
1.0,1.0,44.0,2.926114080316483,2.213114080316483,21.5,5.654996022773926e-5,1.3369505284390184e-6,0.00018442432365241765
1.0,2.0,44.0,2.926114080316483,2.350864080316483,21.5,5.6007610764507614e-5,1.353624282010803e-6,0.0001847831803274556
1.0,3.0,44.0,2.926114080316483,2.488614080316483,21.5,5.5465910066818615e-5,1.3534612705839974e-6,0.0001851058939251427
1.0,4.0,44.0,2.926114080316483,2.626364080316483,21.5,5.506597721864184e-5,1.3336500552014732e-6,0.00018536072311425207
1.0,5.0,44.0,2.9262281606329656,2.7612108185127324,21.5,5.4886333630471695e-5,1.3111395043759244e-6,0.00018548289033707078
1.0,6.0,44.0,2.918185199544742,2.8141698042120584,21.5,5.484224181312672e-5,1.2914380957066316e-6,0.0001847026726066745
1.0,7.0,44.0,2.8951706892935642,2.859335698724533,21.5,5.484224168028551e-5,1.291438028016722e-6,0.00018229499593180268
1.0,8.0,44.0,2.859335698724533,2.8951706892935642,21.5,5.4842241574888214e-5,1.2914379226194207e-6,0.0001784570109165431
1.0,9.0,44.0,2.814169804212059,2.918185199544742,21.5,5.48422415071983e-5,1.2914377897782139e-6,0.00017356245679235423
1.0,10.0,44.0,2.761210818512732,2.9262281606329656,21.5,5.4391606475187665e-5,3.6953506707955186e-7,0.00016978984035984765
1.0,11.0,44.0,2.113614080316483,2.926114080316483,21.5,5.126104323837671e-5,-1.986478828806002e-6,0.00012732007534409912
1.0,12.0,44.0,1.4631140803164828,2.926114080316483,21.5,4.789415855897815e-5,-4.516470043445277e-6,8.774363360576947e-5
1.0,13.0,44.0,0.8126140803164827,2.926114080316483,21.5,4.540781463796884e-5,-4.606287480847441e-6,4.695021500168022e-5
1.0,14.0,44.0,0.16501734212023322,2.9262281606329656,21.5,4.43062930733127e-5,-1.3490928856135723e-6,3.186196399259614e-6
1.0,15.0,44.0,0.11205835642090678,2.918185199544742,21.5,4.41762573295968e-5,-8.560360086338299e-7,-5.391460263135469e-7
1.0,16.0,44.0,0.06689246190843257,2.8951706892935642,21.5,4.3887662118286226e-5,-3.9653839372196e-7,-3.6494863567560112e-6
1.0,17.0,44.0,0.0310574713394014,2.859335698724533,21.5,4.345854566056945e-5,-3.088524271257144e-8,-5.971981163126054e-6
1.0,18.0,44.0,0.008042961088223777,2.8141698042120584,21.5,4.2955696076643914e-5,1.796491451512243e-7,-7.219465695893671e-6
1.0,19.0,44.0,0.0,2.7612108185127324,21.5,4.243889254744104e-5,2.1947232860520636e-7,-7.201008566369097e-6
1.0,20.0,44.0,0.0001140803164827453,2.113614080316483,21.5,3.867432250271414e-5,-1.1370588351281013e-8,-1.4782913433060848e-6
1.0,21.0,44.0,0.0001140803164827453,1.4631140803164828,21.5,3.760832366023656e-5,8.172237461948259e-9,3.5074559344540125e-7
1.0,22.0,44.0,0.0001140803164827453,0.8126140803164827,21.5,3.8609808651678574e-5,2.7504363825054867e-8,-1.509606474616844e-6
1.0,23.0,44.0,0.0,0.16501734212023322,21.5,4.2269742506030664e-5,-2.0467789069103404e-7,-7.274360495055412e-6
1.0,24.0,44.0,0.008042961088223777,0.11205835642090678,21.5,4.277532017409926e-5,-1.6676431332873044e-7,-7.2999316620382885e-6
1.0,25.0,44.0,0.0310574713394014,0.06689246190843257,21.5,4.326836622047895e-5,3.85324324814231e-8,-6.064836070522139e-6
1.0,26.0,44.0,0.06689246190843257,0.0310574713394014,21.5,4.368947763306672e-5,3.95842895143736e-7,-3.7596735473784616e-6
1.0,27.0,44.0,0.11205835642090678,0.008042961088223777,21.5,4.3972786482858845e-5,8.443966766678113e-7,-6.705963918783849e-7
1.0,28.0,44.0,0.16501734212023322,0.0,21.5,4.410106332132051e-5,1.3239483401285819e-6,3.0294118831367503e-6
1.0,29.0,44.0,0.8126140803164827,0.0001140803164827453,21.5,4.520817486305188e-5,4.373215766084354e-6,4.646518058479114e-5
1.0,30.0,44.0,1.4631140803164828,0.0001140803164827453,21.5,4.7706764283148075e-5,4.053608382681858e-6,8.690849002914191e-5
1.0,31.0,44.0,2.113614080316483,0.0001140803164827453,21.5,5.1091062490835256e-5,1.3438728598412904e-6,0.00012612022437258
1.0,32.0,44.0,2.7612108185127324,0.0,21.5,5.423667713526696e-5,-1.0916967462324474e-6,0.00016823276058052923
1.0,33.0,44.0,2.814169804212059,0.008042961088223777,21.5,5.4689399429226854e-5,-2.0182056966398672e-6,0.00017196570700950625
1.0,34.0,44.0,2.859335698724533,0.0310574713394014,21.5,5.468939950618976e-5,-2.0182058476792884e-6,0.0001768130022875764
1.0,35.0,44.0,2.8951706892935642,0.06689246190843257,21.5,5.468939962602567e-5,-2.018205967515202e-6,0.0001805879457620992
1.0,36.0,44.0,2.918185199544742,0.11205835642090678,21.5,5.468939977706509e-5,-2.018206044478104e-6,0.0001829229371252678
1.0,37.0,44.0,2.9262281606329656,0.16501734212023322,21.5,5.468939995416541e-5,-2.0182060713745975e-6,0.00018358890229463616
1.0,38.0,44.0,2.926114080316483,0.29986408031648293,21.5,5.4734286017033064e-5,-2.0410218780933693e-6,0.00018321234642658634
1.0,39.0,44.0,2.926114080316483,0.43761408031648275,21.5,5.491702043225199e-5,-2.0566229049540158e-6,0.00018279347316038397
1.0,40.0,44.0,2.926114080316483,0.5753640803164828,21.5,5.520330117517975e-5,-2.0543860870113454e-6,0.00018227184709395405
1.0,41.0,44.0,2.926114080316483,0.7131140803164828,21.5,5.549654789088972e-5,-2.0372187694811295e-6,0.00018172069600011143
2.0,1.0,44.0,5.9261140803164825,2.213114080316483,21.5,0.0008576748870182375,0.002148673954039636,-0.0023922583233229574
2.0,2.0,44.0,5.9261140803164825,2.350864080316483,21.5,0.0007054058275488629,0.0021494732844882596,-0.0018017736279388932
2.0,3.0,44.0,5.9261140803164825,2.488614080316483,21.5,0.0005532787531063067,0.002150076399614416,-0.001212736550337802
2.0,4.0,44.0,5.9261140803164825,2.626364080316483,21.5,0.0004004618052302056,0.0021504769023225944,-0.0006247924499342581
2.0,5.0,44.0,5.926228160632966,2.7612108185127324,21.5,0.0002495241215047097,0.002150800963718707,-4.9919019730290516e-5
2.0,6.0,44.0,5.918185199544742,2.8141698042120584,21.5,0.00018971542287982536,0.0021417470331782885,0.00017153315693598962
2.0,7.0,44.0,5.895170689293565,2.859335698724533,21.5,0.00013838072248468136,0.002115603695149879,0.0003539699337639575
2.0,8.0,44.0,5.859335698724533,2.8951706892935642,21.5,9.742253090624626e-5,0.002074656693057016,0.0004934384049590942
2.0,9.0,44.0,5.814169804212058,2.918185199544742,21.5,7.09938116508455e-5,0.002022810044863205,0.0005778711271518388
2.0,10.0,44.0,5.7612108185127315,2.9262281606329656,21.5,6.171815564097714e-5,0.0019618267605380243,0.0006006515592993937
2.0,11.0,44.0,5.1136140803164825,2.926114080316483,21.5,6.1439183621493e-5,0.0012148801410812465,0.0004959345333616625
2.0,12.0,44.0,4.463114080316483,2.926114080316483,21.5,6.001159853828735e-5,0.0005586711912061968,0.00039430051951378533
2.0,13.0,44.0,3.8126140803164827,2.926114080316483,21.5,5.7823241787619554e-5,0.00012655253300895226,0.0002982708824222336
2.0,14.0,44.0,3.1650173421202332,2.9262281606329656,21.5,5.4842241483542473e-5,1.291438821685383e-6,0.0002120657616014758
2.0,15.0,44.0,3.112058356420907,2.918185199544742,21.5,5.48422415071983e-5,1.2914386659232608e-6,0.0002062362086470032
2.0,16.0,44.0,3.0668924619084326,2.8951706892935642,21.5,5.4842241574888214e-5,1.2914385330820541e-6,0.00020122276718927923
2.0,17.0,44.0,3.0310574713394014,2.859335698724533,21.5,5.484224168028551e-5,1.2914384276847529e-6,0.0001971996673734217
2.0,18.0,44.0,3.0080429610882238,2.8141698042120584,21.5,5.484224181312672e-5,1.2914383599948431e-6,0.00019455867472933258
2.0,19.0,44.0,3.0,2.7612108185127324,21.5,5.435105640560084e-5,1.255591713745097e-6,0.0001923548875286947
2.0,20.0,44.0,3.0001140803164827,2.113614080316483,21.5,-9.80319114784774e-7,1.1812923663845755e-7,0.0001806194529176005
2.0,21.0,44.0,3.0001140803164827,1.4631140803164828,21.5,-3.200997151745482e-5,-1.0716392036455828e-7,0.00017612844589125613
2.0,22.0,44.0,3.0001140803164827,0.8126140803164827,21.5,2.2974103577755086e-6,-7.557312260522458e-7,0.0001808651200213602
2.0,23.0,44.0,3.0,0.16501734212023322,21.5,5.468939995416541e-5,-2.0182063180752558e-6,0.00019165797750697258
2.0,24.0,44.0,3.0080429610882238,0.11205835642090678,21.5,5.468939977706509e-5,-2.0182063449717494e-6,0.00019275147119094475
2.0,25.0,44.0,3.0310574713394014,0.06689246190843257,21.5,5.468939962602567e-5,-2.018206421934651e-6,0.00019545107882341472
2.0,26.0,44.0,3.0668924619084326,0.0310574713394014,21.5,5.468939950618976e-5,-2.018206541770565e-6,0.00019951531183183834
2.0,27.0,44.0,3.112058356420907,0.008042961088223777,21.5,5.4689399429226854e-5,-2.018206692809986e-6,0.00020454839917620455
2.0,28.0,44.0,3.1650173421202332,0.0,21.5,5.468939940233036e-5,-2.0182068699103095e-6,0.0002103734541446861
2.0,29.0,44.0,3.8126140803164827,0.0001140803164827453,21.5,5.764513124095972e-5,-0.00012889146640775355,0.0002964275846968347
2.0,30.0,44.0,4.463114080316483,0.0001140803164827453,21.5,5.9824321993065723e-5,-0.0005606411720911333,0.0003921218915416931
2.0,31.0,44.0,5.1136140803164825,0.0001140803164827453,21.5,6.123347326541231e-5,-0.0012122402443356208,0.0004933046153248352
2.0,32.0,44.0,5.761210818512732,0.0,21.5,6.148806837396943e-5,-0.0019515862166849195,0.000597600689809806
2.0,33.0,44.0,5.814169804212058,0.008042961088223777,21.5,7.066018373089702e-5,-0.002011900129014495,0.0005749550992659433
2.0,34.0,44.0,5.859335698724533,0.0310574713394014,21.5,9.67948243285443e-5,-0.002063173115394086,0.0004909897299898091
2.0,35.0,44.0,5.895170689293565,0.06689246190843257,21.5,0.00013729549412191516,-0.0021036644472656224,0.00035229648543827924
2.0,36.0,44.0,5.918185199544742,0.11205835642090678,21.5,0.00018805492938052303,-0.00212951576244033,0.00017088667221873643
2.0,37.0,44.0,5.926228160632966,0.16501734212023322,21.5,0.0002471919810163502,-0.002138468391259569,-4.9295749364412334e-5
2.0,38.0,44.0,5.9261140803164825,0.29986408031648293,21.5,0.0003964279441078012,-0.0021381464726583726,-0.0006208320217280217
2.0,39.0,44.0,5.9261140803164825,0.43761408031648275,21.5,0.0005475169514671711,-0.002137745513861237,-0.0012053654957415022
2.0,40.0,44.0,5.9261140803164825,0.5753640803164828,21.5,0.0006979230877663695,-0.0021371409131566432,-0.0017909933205155098
2.0,41.0,44.0,5.9261140803164825,0.7131140803164828,21.5,0.0008484704153292973,-0.002136338963651556,-0.0023780722308769093
1.0,1.0,45.0,2.926114080316483,2.213114080316483,22.0,2.1869804610483557e-12,-7.642665216725803e-13,0.00018433646329442965
1.0,2.0,45.0,2.926114080316483,2.350864080316483,22.0,1.740723896047822e-12,-7.628419340077062e-13,0.00018468057695848625
1.0,3.0,45.0,2.926114080316483,2.488614080316483,22.0,1.2922664239279671e-12,-7.625818965873431e-13,0.00018497999243927504
1.0,4.0,45.0,2.926114080316483,2.626364080316483,22.0,8.572322728958959e-13,-7.606057909403158e-13,0.00018523555768084485
1.0,5.0,45.0,2.9262281606329656,2.7612108185127324,22.0,4.4749172943718147e-13,-7.60735242880386e-13,0.00018552783488092134
1.0,6.0,45.0,2.918185199544742,2.8141698042120584,22.0,2.8962300765121574e-13,-7.860852990689986e-13,0.0001847026726066745
1.0,7.0,45.0,2.8951706892935642,2.859335698724533,22.0,1.567818008234272e-13,-8.537752086637823e-13,0.00018229499593180268
1.0,8.0,45.0,2.859335698724533,2.8951706892935642,22.0,5.138449949160644e-14,-9.59172509995603e-13,0.0001784570109165431
1.0,9.0,45.0,2.814169804212059,2.918185199544742,22.0,-1.6305410103177243e-14,-1.0920137168233902e-12,0.00017356245679235423
1.0,10.0,45.0,2.761210818512732,2.9262281606329656,22.0,-4.1201804169056105e-14,-1.2525004689147738e-12,0.00016959469279557773
1.0,11.0,45.0,2.113614080316483,2.926114080316483,22.0,-3.507081847288104e-14,-3.908367347751175e-12,0.00012688991887443353
1.0,12.0,45.0,1.4631140803164828,2.926114080316483,22.0,-3.1335638814623094e-14,-5.872810184376971e-12,8.679393008194337e-5
1.0,13.0,45.0,0.8126140803164827,2.926114080316483,22.0,-2.6592656724456943e-14,-5.117768762672486e-12,4.616699580350372e-5
1.0,14.0,45.0,0.16501734212023322,2.9262281606329656,22.0,-3.5632519232416336e-14,-1.3564873320569368e-12,2.480762557146607e-6
1.0,15.0,45.0,0.11205835642090678,2.918185199544742,22.0,-9.447281357864585e-14,-9.81507733311781e-13,-1.269317608319175e-6
1.0,16.0,45.0,0.06689246190843257,2.8951706892935642,22.0,-2.6483458324470123e-13,-6.544137961227251e-13,-4.3962297983061205e-6
1.0,17.0,45.0,0.0310574713394014,2.859335698724533,22.0,-5.376720583580805e-13,-3.8560233599907283e-13,-6.719476055054991e-6
1.0,18.0,45.0,0.008042961088223777,2.8141698042120584,22.0,-8.9294405466779e-13,-2.042113296831252e-13,-7.952929550356173e-6
1.0,19.0,45.0,0.0,2.7612108185127324,22.0,-1.3291151461597358e-12,-1.392240366537767e-13,-7.903139126228598e-6
1.0,20.0,45.0,0.0001140803164827453,2.113614080316483,22.0,-7.098979114361861e-12,-1.4024315521419612e-13,-1.900137999960463e-6
1.0,21.0,45.0,0.0001140803164827453,1.4631140803164828,22.0,-9.57339568312267e-12,-1.4230848770993364e-13,0.0
1.0,22.0,45.0,0.0001140803164827453,0.8126140803164827,22.0,-7.328899717999483e-12,-1.560022302075324e-13,-1.9327484769297083e-6
1.0,23.0,45.0,0.0,0.16501734212023322,22.0,-1.6201290165070302e-12,-1.5557845356156968e-13,-7.979964826497046e-6
1.0,24.0,45.0,0.008042961088223777,0.11205835642090678,22.0,-1.1524191888774146e-12,-8.387462281923107e-14,-8.037117312165483e-6
1.0,25.0,45.0,0.0310574713394014,0.06689246190843257,22.0,-7.723340372653816e-13,1.0825812868800238e-13,-6.816245456160117e-6
1.0,26.0,45.0,0.06689246190843257,0.0310574713394014,22.0,-4.895971862981656e-13,3.872677637584886e-13,-4.510454238107849e-6
1.0,27.0,45.0,0.11205835642090678,0.008042961088223777,22.0,-3.193381248825526e-13,7.11324124784035e-13,-1.4048270370145355e-6
1.0,28.0,45.0,0.16501734212023322,0.0,22.0,-2.60882594119732e-13,1.0619942948341043e-12,2.3200012374558074e-6
1.0,29.0,45.0,0.8126140803164827,0.0001140803164827453,22.0,-2.3088761826980744e-13,4.376015807175689e-12,4.567766863816845e-5
1.0,30.0,45.0,1.4631140803164828,0.0001140803164827453,22.0,-2.3717874235961747e-13,5.312687475545343e-12,8.595306180961657e-5
1.0,31.0,45.0,2.113614080316483,0.0001140803164827453,22.0,-2.441662931623905e-13,2.9397512947750553e-12,0.0001256867789428383
1.0,32.0,45.0,2.7612108185127324,0.0,22.0,-2.4633195954923405e-13,1.9172724207612219e-13,0.0001680362536490344
1.0,33.0,45.0,2.814169804212059,0.008042961088223777,22.0,-2.2224877374663748e-13,3.822400329470208e-14,0.00017196570700950625
1.0,34.0,45.0,2.859335698724533,0.0310574713394014,22.0,-1.4528587189291368e-13,-1.1281541786010299e-13,0.0001768130022875764
1.0,35.0,45.0,2.8951706892935642,0.06689246190843257,22.0,-2.544995828913224e-14,-2.3265133146388443e-13,0.0001805879457620992
1.0,36.0,45.0,2.918185199544742,0.11205835642090678,22.0,1.2558946286567282e-13,-3.096142333176082e-13,0.0001829229371252678
1.0,37.0,45.0,2.9262281606329656,0.16501734212023322,22.0,3.026897867120804e-13,-3.3651072679457077e-13,0.00018358890229463616
1.0,38.0,45.0,2.926114080316483,0.29986408031648293,22.0,7.615622490718115e-13,-3.350436207765205e-13,0.00018312681554973843
1.0,39.0,45.0,2.926114080316483,0.43761408031648275,22.0,1.227909906806326e-12,-3.361300606100887e-13,0.00018265613584027182
1.0,40.0,45.0,2.926114080316483,0.5753640803164828,22.0,1.6872628089293035e-12,-3.3581134971723053e-13,0.00018216836476787107
1.0,41.0,45.0,2.926114080316483,0.7131140803164828,22.0,2.144940183560404e-12,-3.372319198159978e-13,0.0001816315177254336
2.0,1.0,45.0,5.9261140803164825,2.213114080316483,22.0,-7.525286913630554e-12,-1.0579844043293243e-11,-0.00239764768632737
2.0,2.0,45.0,5.9261140803164825,2.350864080316483,22.0,-6.095517776881206e-12,-1.0581642426199402e-11,-0.0018060461042427572
2.0,3.0,45.0,5.9261140803164825,2.488614080316483,22.0,-4.668438635385916e-12,-1.0584036203387149e-11,-0.001215868014884233
2.0,4.0,45.0,5.9261140803164825,2.626364080316483,22.0,-3.231253792229745e-12,-1.0585292053758632e-11,-0.0006267752793522198
2.0,5.0,45.0,5.926228160632966,2.7612108185127324,22.0,-1.798505502665336e-12,-1.0588269860091203e-11,-5.078924217857089e-5
2.0,6.0,45.0,5.918185199544742,2.8141698042120584,22.0,-1.2319281564872269e-12,-1.0500865237789453e-11,0.00017101311494836078
2.0,7.0,45.0,5.895170689293565,2.859335698724533,22.0,-7.469392640014553e-13,-1.02545637691166e-11,0.0003536476675720828
2.0,8.0,45.0,5.859335698724533,2.8951706892935642,22.0,-3.6166326664076044e-13,-9.86674834080192e-12,0.0004932193463348635
2.0,9.0,45.0,5.814169804212058,2.918185199544742,22.0,-1.1457225858178832e-13,-9.377419680102596e-12,0.0005777022247482421
2.0,10.0,45.0,5.7612108185127315,2.9262281606329656,22.0,-2.875812128558613e-14,-8.806154973114199e-12,0.0006005193538153703
2.0,11.0,45.0,5.1136140803164825,2.926114080316483,22.0,-3.467121910171864e-14,-2.5144826030547177e-12,0.0004960510056000739
2.0,12.0,45.0,4.463114080316483,2.926114080316483,22.0,-3.3428335034763844e-14,1.3379439795900841e-12,0.0003944503212973237
2.0,13.0,45.0,3.8126140803164827,2.926114080316483,22.0,-4.0490303366299334e-14,1.654397679532706e-12,0.0002985302610373021
2.0,14.0,45.0,3.1650173421202332,2.9262281606329656,22.0,-3.996123866500262e-14,-6.010654767815211e-14,0.0002120657616014758
2.0,15.0,45.0,3.112058356420907,2.918185199544742,22.0,-1.6305410103177243e-14,-2.158686697087706e-13,0.0002062362086470032
2.0,16.0,45.0,3.0668924619084326,2.8951706892935642,22.0,5.138449949160644e-14,-3.4870987653655783e-13,0.00020122276718927923
2.0,17.0,45.0,3.0310574713394014,2.859335698724533,22.0,1.567818008234272e-13,-4.541071778683786e-13,0.0001971996673734217
2.0,18.0,45.0,3.0080429610882238,2.8141698042120584,22.0,2.8962300765121574e-13,-5.217970874631623e-13,0.00019455867472933258
2.0,19.0,45.0,3.0,2.7612108185127324,22.0,4.31888081409777e-13,-5.412667480171481e-13,0.00019270342091784516
2.0,20.0,45.0,3.0001140803164827,2.113614080316483,22.0,4.246593035562669e-12,-5.50134871669164e-13,0.00018121806938248036
2.0,21.0,45.0,3.0001140803164827,1.4631140803164828,22.0,1.564572722764296e-11,-5.635056192587573e-13,0.00017704093208927485
2.0,22.0,45.0,3.0001140803164827,0.8126140803164827,22.0,5.087637933353973e-12,-5.731409304535661e-13,0.00018139448426881266
2.0,23.0,45.0,3.0,0.16501734212023322,22.0,3.026897867120804e-13,-5.832113852403972e-13,0.00019165797750697258
2.0,24.0,45.0,3.0080429610882238,0.11205835642090678,22.0,1.2558946286567282e-13,-6.101078787173598e-13,0.00019275147119094475
2.0,25.0,45.0,3.0310574713394014,0.06689246190843257,22.0,-2.544995828913224e-14,-6.870707805710836e-13,0.00019545107882341472
2.0,26.0,45.0,3.0668924619084326,0.0310574713394014,22.0,-1.4528587189291368e-13,-8.06906694174865e-13,0.00019951531183183834
2.0,27.0,45.0,3.112058356420907,0.008042961088223777,22.0,-2.2224877374663748e-13,-9.579461153296701e-13,0.00020454839917620455
2.0,28.0,45.0,3.1650173421202332,0.0,22.0,-2.491452672236e-13,-1.1350464391760776e-12,0.0002103734541446861
2.0,29.0,45.0,3.8126140803164827,0.0001140803164827453,22.0,-2.4705597283813914e-13,-2.27541398616636e-12,0.0002966670715410582
2.0,30.0,45.0,4.463114080316483,0.0001140803164827453,22.0,-2.4541240072670804e-13,-9.38880356472091e-13,0.00039226191038878116
2.0,31.0,45.0,5.1136140803164825,0.0001140803164827453,22.0,-2.5360068884614895e-13,1.7316875308099773e-12,0.0004934308377121161
2.0,32.0,45.0,5.761210818512732,0.0,22.0,-2.570980688801164e-13,4.8893262289340055e-12,0.0005974935164362706
2.0,33.0,45.0,5.814169804212058,0.008042961088223777,22.0,-3.0212688760603065e-13,5.172073232944982e-12,0.0005748107233030923
2.0,34.0,45.0,5.859335698724533,0.0310574713394014,22.0,-4.29905735461895e-13,5.418386850626539e-12,0.0004907936214572507
2.0,35.0,45.0,5.895170689293565,0.06689246190843257,22.0,-6.289886945306685e-13,5.6155371708160515e-12,0.0003519947749893454
2.0,36.0,45.0,5.918185199544742,0.11205835642090678,22.0,-8.82530102502364e-13,5.744255313415401e-12,0.00017038381313937885
2.0,37.0,45.0,5.926228160632966,0.16501734212023322,22.0,-1.1799466139349082e-12,5.788406205580164e-12,-5.0152741689997095e-5
2.0,38.0,45.0,5.9261140803164825,0.29986408031648293,22.0,-1.9238261044177294e-12,5.7866617756731745e-12,-0.0006228103487014789
2.0,39.0,45.0,5.9261140803164825,0.43761408031648275,22.0,-2.6596306834442463e-12,5.786990210107819e-12,-0.0012085005535329967
2.0,40.0,45.0,5.9261140803164825,0.5753640803164828,22.0,-3.3665874129785064e-12,5.788728191173681e-12,-0.0017952774048720546
2.0,41.0,45.0,5.9261140803164825,0.7131140803164828,22.0,-4.060076963196389e-12,5.7918086070704625e-12,-0.0023834817978166637
1.0,1.0,46.0,2.926114080316483,2.213114080316483,22.5,-5.654995585413181e-5,-1.3369520533627648e-6,0.00018442432363881153
1.0,2.0,46.0,2.926114080316483,2.350864080316483,22.5,-5.6007607269477516e-5,-1.3536258037257698e-6,0.00018478318031017477
1.0,3.0,46.0,2.926114080316483,2.488614080316483,22.5,-5.546590745549646e-5,-1.353462792547195e-6,0.00018510589390744248
1.0,4.0,46.0,2.926114080316483,2.626364080316483,22.5,-5.506597548549694e-5,-1.3336515772713517e-6,0.00018536072310203048
1.0,5.0,46.0,2.9262281606329656,2.7612108185127324,22.5,-5.4886332725385305e-5,-1.3111410255445514e-6,0.00018548289033299965
1.0,6.0,46.0,2.918185199544742,2.8141698042120584,22.5,-5.4842241233880705e-5,-1.2914396678772297e-6,0.0001847026726066745
1.0,7.0,46.0,2.8951706892935642,2.859335698724533,22.5,-5.484224136672191e-5,-1.2914397355671392e-6,0.00018229499593180268
1.0,8.0,46.0,2.859335698724533,2.8951706892935642,22.5,-5.484224147211921e-5,-1.2914398409644405e-6,0.0001784570109165431
1.0,9.0,46.0,2.814169804212059,2.918185199544742,22.5,-5.4842241539809124e-5,-1.2914399738056474e-6,0.00017356245679235423
1.0,10.0,46.0,2.761210818512732,2.9262281606329656,22.5,-5.439160656432483e-5,-3.6953763958534336e-7,0.00016978984035996236
1.0,11.0,46.0,2.113614080316483,2.926114080316483,22.5,-5.126104331483844e-5,1.9864712312118034e-6,0.0001273200753465583
1.0,12.0,46.0,1.4631140803164828,2.926114080316483,22.5,-4.78941586201596e-5,4.5164607938136694e-6,8.77436336051473e-5
1.0,13.0,46.0,0.8126140803164827,2.926114080316483,22.5,-4.5407814695165667e-5,4.606278902563415e-6,4.695021498562387e-5
1.0,14.0,46.0,0.16501734212023322,2.9262281606329656,22.5,-4.430629313316195e-5,1.3490901968130317e-6,3.186196348138646e-6
1.0,15.0,46.0,0.11205835642090678,2.918185199544742,22.5,-4.417625749844792e-5,8.560340585230093e-7,-5.391460639268269e-7
1.0,16.0,46.0,0.06689246190843257,2.8951706892935642,22.5,-4.3887662620792344e-5,3.965371006760644e-7,-3.6494863725740525e-6
1.0,17.0,46.0,0.0310574713394014,2.859335698724533,22.5,-4.345854669232577e-5,3.088448568894912e-8,-5.9719811534522405e-6
1.0,18.0,46.0,0.008042961088223777,2.8141698042120584,22.5,-4.2955697788174245e-5,-1.7964955278006384e-7,-7.2194656638381956e-6
1.0,19.0,46.0,0.0,2.7612108185127324,22.5,-4.243889505764805e-5,-2.1947261233580499e-7,-7.201008523726484e-6
1.0,20.0,46.0,0.0001140803164827453,2.113614080316483,22.5,-3.867433449606968e-5,1.1370322356059127e-8,-1.4782913349544217e-6
1.0,21.0,46.0,0.0001140803164827453,1.4631140803164828,22.5,-3.760833999926569e-5,-8.172526065479254e-9,3.507455897686243e-7
1.0,22.0,46.0,0.0001140803164827453,0.8126140803164827,22.5,-3.860982111422353e-5,-2.750465825401175e-8,-1.5096064580744686e-6
1.0,23.0,46.0,0.0,0.16501734212023322,22.5,-4.2269745415573435e-5,2.0467760253169752e-7,-7.274360424129363e-6
1.0,24.0,46.0,0.008042961088223777,0.11205835642090678,22.5,-4.277532227861877e-5,1.6676414989991706e-7,-7.299931601445668e-6
1.0,25.0,46.0,0.0310574713394014,0.06689246190843257,22.5,-4.326836764758849e-5,-3.853224586891883e-8,-6.064836038882897e-6
1.0,26.0,46.0,0.06689246190843257,0.0310574713394014,22.5,-4.368947853340229e-5,-3.9584217787860863e-7,-3.759673549069627e-6
1.0,27.0,46.0,0.11205835642090678,0.008042961088223777,22.5,-4.397278705177163e-5,-8.443953061980067e-7,-6.705964210224613e-7
1.0,28.0,46.0,0.16501734212023322,0.0,22.5,-4.4101063781552404e-5,-1.3239462406806909e-6,3.0294118372268767e-6
1.0,29.0,46.0,0.8126140803164827,0.0001140803164827453,22.5,-4.52081753358914e-5,-4.373207492983644e-6,4.6465180571604235e-5
1.0,30.0,46.0,1.4631140803164828,0.0001140803164827453,22.5,-4.770676475801623e-5,-4.053599048975087e-6,8.690849003597248e-5
1.0,31.0,46.0,2.113614080316483,0.0001140803164827453,22.5,-5.1091062973597815e-5,-1.3438660257444747e-6,0.00012612022437277328
1.0,32.0,46.0,2.7612108185127324,0.0,22.5,-5.4236677637721354e-5,1.0916972211383677e-6,0.0001682327605796104
1.0,33.0,46.0,2.814169804212059,0.008042961088223777,22.5,-5.46893998737244e-5,2.018205773087874e-6,0.00017196570700950625
1.0,34.0,46.0,2.859335698724533,0.0310574713394014,22.5,-5.46893997967615e-5,2.0182056220484527e-6,0.0001768130022875764
1.0,35.0,46.0,2.8951706892935642,0.06689246190843257,22.5,-5.4689399676925586e-5,2.018205502212539e-6,0.0001805879457620992
1.0,36.0,46.0,2.918185199544742,0.11205835642090678,22.5,-5.468939952588617e-5,2.0182054252496372e-6,0.0001829229371252678
1.0,37.0,46.0,2.9262281606329656,0.16501734212023322,22.5,-5.468939934878584e-5,2.0182053983531436e-6,0.00018358890229463616
1.0,38.0,46.0,2.926114080316483,0.29986408031648293,22.5,-5.4734284513812915e-5,2.0410212061073285e-6,0.0001832123464267637
1.0,39.0,46.0,2.926114080316483,0.43761408031648275,22.5,-5.491701804115681e-5,2.0566222330170847e-6,0.00018279347315931983
1.0,40.0,46.0,2.926114080316483,0.5753640803164828,22.5,-5.5203297922892465e-5,2.054385415670862e-6,0.00018227184708931706
1.0,41.0,46.0,2.926114080316483,0.7131140803164828,22.5,-5.549654377320104e-5,2.037218097483076e-6,0.00018172069599118793
2.0,1.0,46.0,5.9261140803164825,2.213114080316483,22.5,-0.0008576749021996364,-0.0021486739751804063,-0.0023922583232522184
2.0,2.0,46.0,5.9261140803164825,2.350864080316483,22.5,-0.0007054058397805009,-0.0021494733056348224,-0.0018017736278826404
2.0,3.0,46.0,5.9261140803164825,2.488614080316483,22.5,-0.0005532787623876871,-0.0021500764207652416,-0.0012127365502964998
2.0,4.0,46.0,5.9261140803164825,2.626364080316483,22.5,-0.0004004618115689269,-0.002150476923474803,-0.0006247924499102547
2.0,5.0,46.0,5.926228160632966,2.7612108185127324,22.5,-0.00024952412499859995,-0.002150800984872852,-4.991901972343411e-5
2.0,6.0,46.0,5.918185199544742,2.8141698042120584,22.5,-0.00018971542526735564,-0.0021417470541641144,0.00017153315693699535
2.0,7.0,46.0,5.895170689293565,2.859335698724533,22.5,-0.0001383807239325698,-0.0021156037156588327,0.0003539699337622797
2.0,8.0,46.0,5.859335698724533,2.8951706892935642,22.5,-9.742253161566942e-5,-0.0020746567128315696,0.0004934384049548336
2.0,9.0,46.0,5.814169804212058,2.918185199544742,22.5,-7.099381188962679e-5,-0.002022810063719147,0.0005778711271480965
2.0,10.0,46.0,5.7612108185127315,2.9262281606329656,22.5,-6.171815571365876e-5,-0.0019618267783229836,0.0006006515592949999
2.0,11.0,46.0,5.1136140803164825,2.926114080316483,22.5,-6.143918368511339e-5,-0.0012148801465970945,0.000495934533364834
2.0,12.0,46.0,4.463114080316483,2.926114080316483,22.5,-6.00115986117417e-5,-0.0005586711894065689,0.00039430051951225075
2.0,13.0,46.0,3.8126140803164827,2.926114080316483,22.5,-5.782324185874346e-5,-0.00012655253014369556,0.00029827088242003093
2.0,14.0,46.0,3.1650173421202332,2.9262281606329656,22.5,-5.484224156346495e-5,-1.2914389418984783e-6,0.0002120657616014758
2.0,15.0,46.0,3.112058356420907,2.918185199544742,22.5,-5.4842241539809124e-5,-1.2914390976606004e-6,0.0002062362086470032
2.0,16.0,46.0,3.0668924619084326,2.8951706892935642,22.5,-5.484224147211921e-5,-1.2914392305018071e-6,0.00020122276718927923
2.0,17.0,46.0,3.0310574713394014,2.859335698724533,22.5,-5.484224136672191e-5,-1.2914393358991084e-6,0.0001971996673734217
2.0,18.0,46.0,3.0080429610882238,2.8141698042120584,22.5,-5.4842241233880705e-5,-1.2914394035890182e-6,0.00019455867472933258
2.0,19.0,46.0,3.0,2.7612108185127324,22.5,-5.435105555852809e-5,-1.2555927983782674e-6,0.00019235488752773994
2.0,20.0,46.0,3.0001140803164827,2.113614080316483,22.5,9.80326979222151e-7,-1.1813033839757361e-7,0.00018061945290534685
2.0,21.0,46.0,3.0001140803164827,1.4631140803164828,22.5,3.201000055065112e-5,1.0716279257680277e-7,0.00017612844587646802
2.0,22.0,46.0,3.0001140803164827,0.8126140803164827,22.5,-2.2974001610997274e-6,7.55730075303321e-7,0.00018086512000870482
2.0,23.0,46.0,3.0,0.16501734212023322,22.5,-5.468939934878584e-5,2.0182051516524853e-6,0.00019165797750697258
2.0,24.0,46.0,3.0080429610882238,0.11205835642090678,22.5,-5.468939952588617e-5,2.0182051247559917e-6,0.00019275147119094475
2.0,25.0,46.0,3.0310574713394014,0.06689246190843257,22.5,-5.4689399676925586e-5,2.01820504779309e-6,0.00019545107882341472
2.0,26.0,46.0,3.0668924619084326,0.0310574713394014,22.5,-5.46893997967615e-5,2.0182049279571762e-6,0.00019951531183183834
2.0,27.0,46.0,3.112058356420907,0.008042961088223777,22.5,-5.46893998737244e-5,2.018204776917755e-6,0.00020454839917620455
2.0,28.0,46.0,3.1650173421202332,0.0,22.5,-5.4689399900620896e-5,2.0182045998174315e-6,0.0002103734541446861
2.0,29.0,46.0,3.8126140803164827,0.0001140803164827453,22.5,-5.764513174140972e-5,0.00012889146143383424,0.0002964275847012251
2.0,30.0,46.0,4.463114080316483,0.0001140803164827453,22.5,-5.9824322500263536e-5,0.0005606411689509961,0.00039212189154607427
2.0,31.0,46.0,5.1136140803164825,0.0001140803164827453,22.5,-6.123347376150593e-5,0.001212240246267024,0.0004933046153269453
2.0,32.0,46.0,5.761210818512732,0.0,22.5,-6.148806886217413e-5,0.0019515862261885776,0.0005976006898117074
2.0,33.0,46.0,5.814169804212058,0.008042961088223777,22.5,-7.066018432154711e-5,0.0020119001392011394,0.0005749550992695634
2.0,34.0,46.0,5.859335698724533,0.0310574713394014,22.5,-9.679482521042165e-5,0.0020631731261595613,0.0004909897300015069
2.0,35.0,46.0,5.895170689293565,0.06689246190843257,22.5,-0.0001372954954526612,0.002103664458484835,0.0003522964854572457
2.0,36.0,46.0,5.918185199544742,0.11205835642090678,22.5,-0.00018805493127249155,0.0021295157739465104,0.00017088667223908095
2.0,37.0,46.0,5.926228160632966,0.16501734212023322,22.5,-0.00024719198355861526,0.0021384684028685074,-4.929574934717491e-5
2.0,38.0,46.0,5.9261140803164825,0.29986408031648293,22.5,-0.0003964279483040591,0.0021381464842686487,-0.0006208320217333186
2.0,39.0,46.0,5.9261140803164825,0.43761408031648275,22.5,-0.0005475169573980196,0.002137745525474964,-0.0012053654957685776
2.0,40.0,46.0,5.9261140803164825,0.5753640803164828,22.5,-0.0006979230954694374,0.0021371409247737958,-0.0017909933205605046
2.0,41.0,46.0,5.9261140803164825,0.7131140803164828,22.5,-0.00084847042481115,0.0021363389752744326,-0.002378072230945519
1.0,1.0,47.0,2.926114080316483,2.213114080316483,23.0,-0.00011714114018490278,-2.7100816007298784e-6,0.00018514355051397932
1.0,2.0,47.0,2.926114080316483,2.350864080316483,23.0,-0.00011500764462919107,-2.7989655855685177e-6,0.0001853628067605948
1.0,3.0,47.0,2.926114080316483,2.488614080316483,23.0,-0.00011291589914563616,-2.827900913041065e-6,0.00018538362487322606
1.0,4.0,47.0,2.926114080316483,2.626364080316483,23.0,-0.00011106594574695267,-2.7812304068183314e-6,0.00018541955081930294
1.0,5.0,47.0,2.9262281606329656,2.7612108185127324,23.0,-0.00010982920043151379,-2.6589628543959206e-6,0.00018562546965327387
1.0,6.0,47.0,2.918185199544742,2.8141698042120584,23.0,-0.00010968448275738442,-2.5828785496691606e-6,0.0001847026726066745
1.0,7.0,47.0,2.8951706892935642,2.859335698724533,23.0,-0.00010968448289022562,-2.58287861735907e-6,0.00018229499593180268
1.0,8.0,47.0,2.859335698724533,2.8951706892935642,23.0,-0.00010968448299562292,-2.5828787227563716e-6,0.0001784570109165431
1.0,9.0,47.0,2.814169804212059,2.918185199544742,23.0,-0.00010968448306331284,-2.5828788555975783e-6,0.00017356245679235423
1.0,10.0,47.0,2.761210818512732,2.9262281606329656,23.0,-0.00010899130348992876,-1.9035167567926854e-7,0.00016918722307776904
1.0,11.0,47.0,2.113614080316483,2.926114080316483,23.0,-0.00010082809695870051,6.921593787276791e-6,0.00012969442216913856
1.0,12.0,47.0,1.4631140803164828,2.926114080316483,23.0,-9.307363612405132e-5,1.2191136563940588e-5,9.051670494017517e-5
1.0,13.0,47.0,0.8126140803164827,2.926114080316483,23.0,-8.933099251964141e-5,1.0739605192321184e-5,4.8949884267322216e-5
1.0,14.0,47.0,0.16501734212023322,2.9262281606329656,23.0,-8.74381784717259e-5,2.6642334758311467e-6,5.256146052811198e-6
1.0,15.0,47.0,0.11205835642090678,2.918185199544742,23.0,-8.71818496932708e-5,1.6413435739294216e-6,1.5619129520238122e-6
1.0,16.0,47.0,0.06689246190843257,2.8951706892935642,23.0,-8.660847668648748e-5,7.115354322871515e-7,-1.5274244895622753e-6
1.0,17.0,47.0,0.0310574713394014,2.859335698724533,23.0,-8.576069978146527e-5,-1.981538464582972e-8,-3.851195777758832e-6
1.0,18.0,47.0,0.008042961088223777,2.8141698042120584,23.0,-8.476764515665211e-5,-4.4137870219044684e-7,-5.137171317292556e-6
1.0,19.0,47.0,0.0,2.7612108185127324,23.0,-8.373913823186418e-5,-5.25336249426341e-7,-5.202487453472293e-6
1.0,20.0,47.0,0.0001140803164827453,2.113614080316483,23.0,-7.608641301356863e-5,-5.502517973412065e-8,-2.3161526821389108e-7
1.0,21.0,47.0,0.0001140803164827453,1.4631140803164828,23.0,-7.38817057410708e-5,-1.492398747593534e-8,1.4037175584434255e-6
1.0,22.0,47.0,0.0001140803164827453,0.8126140803164827,23.0,-7.595713830227606e-5,2.5649202444561055e-8,-2.591794235082839e-7
1.0,23.0,47.0,0.0,0.16501734212023322,23.0,-8.339813914821277e-5,4.985775596617906e-7,-5.2659593413209195e-6
1.0,24.0,47.0,0.008042961088223777,0.11205835642090678,23.0,-8.440357368014427e-5,4.185114428805346e-7,-5.207083360046067e-6
1.0,25.0,47.0,0.0310574713394014,0.06689246190843257,23.0,-8.537633787902999e-5,7.739927278356632e-9,-3.932991342481781e-6
1.0,26.0,47.0,0.06689246190843257,0.0310574713394014,23.0,-8.62074606318531e-5,-7.063337387775892e-7,-1.626239272937553e-6
1.0,27.0,47.0,0.11205835642090678,0.008042961088223777,23.0,-8.676979314648991e-5,-1.6134356679740675e-6,1.441944898013817e-6
1.0,28.0,47.0,0.16501734212023322,0.0,23.0,-8.702240071084982e-5,-2.6083320173277396e-6,5.11074625362034e-6
1.0,29.0,47.0,0.8126140803164827,0.0001140803164827453,23.0,-8.892497725851969e-5,-1.0258371953256053e-5,4.84763265884917e-5
1.0,30.0,47.0,1.4631140803164828,0.0001140803164827453,23.0,-9.26867787441201e-5,-1.1254476423025032e-5,8.969774398150511e-5
1.0,31.0,47.0,2.113614080316483,0.0001140803164827453,23.0,-0.00010047944731177182,-5.636333100971025e-6,0.00012851086097066702
1.0,32.0,47.0,2.7612108185127324,0.0,23.0,-0.00010868238123261977,1.6321053979855552e-6,0.00016762643686195843
1.0,33.0,47.0,2.814169804212059,0.008042961088223777,23.0,-0.00010937879952520003,4.036411507951744e-6,0.00017196570700950625
1.0,34.0,47.0,2.859335698724533,0.0310574713394014,23.0,-0.00010937879944823712,4.036411356912323e-6,0.0001768130022875764
1.0,35.0,47.0,2.8951706892935642,0.06689246190843257,23.0,-0.00010937879932840121,4.03641123707641e-6,0.0001805879457620992
1.0,36.0,47.0,2.918185199544742,0.11205835642090678,23.0,-0.00010937879917736179,4.036411160113507e-6,0.0001829229371252678
1.0,37.0,47.0,2.9262281606329656,0.16501734212023322,23.0,-0.00010937879900026147,4.0364111332170146e-6,0.00018358890229463616
1.0,38.0,47.0,2.926114080316483,0.29986408031648293,23.0,-0.00011003315052943769,4.190300633982862e-6,0.00018330735347925583
1.0,39.0,47.0,2.926114080316483,0.43761408031648275,23.0,-0.00011140067421161347,4.25812329946525e-6,0.00018308076139080773
1.0,40.0,47.0,2.926114080316483,0.5753640803164828,23.0,-0.00011306055467678839,4.234969104038517e-6,0.00018287443066664522
1.0,41.0,47.0,2.926114080316483,0.7131140803164828,23.0,-0.00011475744134443375,4.144213071423977e-6,0.0001824461903121768
2.0,1.0,47.0,5.9261140803164825,2.213114080316483,23.0,-0.0016710548118370786,-0.004289206264306848,-0.002375852307564421
2.0,2.0,47.0,5.9261140803164825,2.350864080316483,23.0,-0.0013752124888728055,-0.004290836124962825,-0.0017888124798341426
2.0,3.0,47.0,5.9261140803164825,2.488614080316483,23.0,-0.0010796746537505113,-0.004292059993473017,-0.0012032901817251526
2.0,4.0,47.0,5.9261140803164825,2.626364080316483,23.0,-0.0007828427577217243,-0.004292864794132361,-0.0006188895364143775
2.0,5.0,47.0,5.926228160632966,2.7612108185127324,23.0,-0.0004896765585004265,-0.004293492561174821,-4.746053711583177e-5
2.0,6.0,47.0,5.918185199544742,2.8141698042120584,23.0,-0.00037349432401988486,-0.004275895497923187,0.00017290221845823263
2.0,7.0,47.0,5.895170689293565,2.859335698724533,23.0,-0.0002737579953014446,-0.004225088234722297,0.0003547226395166254
2.0,8.0,47.0,5.859335698724533,2.8951706892935642,23.0,-0.00019416296928097994,-0.004145493137950928,0.0004938778549707945
2.0,9.0,47.0,5.814169804212058,2.918185199544742,23.0,-0.00014278973085460054,-0.0040446752671332445,0.00057818642326847
2.0,10.0,47.0,5.7612108185127315,2.9262281606329656,23.0,-0.0001247612497242304,-0.003926027717454497,0.0006008727737295866
2.0,11.0,47.0,5.1136140803164825,2.926114080316483,23.0,-0.0001245893359590209,-0.0024706651246825108,0.0004951734862107574
2.0,12.0,47.0,4.463114080316483,2.926114080316483,23.0,-0.00012258116707153466,-0.0011800994769817115,0.0003941027634581811
2.0,13.0,47.0,3.8126140803164827,2.926114080316483,23.0,-0.00011665786036400879,-0.00029114797734085376,0.00029780442693831563
2.0,14.0,47.0,3.1650173421202332,2.9262281606329656,23.0,-0.00010968448308696866,-2.5828778236904094e-6,0.0002120657616014758
2.0,15.0,47.0,3.112058356420907,2.918185199544742,23.0,-0.00010968448306331284,-2.5828779794525313e-6,0.0002062362086470032
2.0,16.0,47.0,3.0668924619084326,2.8951706892935642,23.0,-0.00010968448299562292,-2.582878112293738e-6,0.00020122276718927923
2.0,17.0,47.0,3.0310574713394014,2.859335698724533,23.0,-0.00010968448289022562,-2.5828782176910395e-6,0.0001971996673734217
2.0,18.0,47.0,3.0080429610882238,2.8141698042120584,23.0,-0.00010968448275738442,-2.582878285380949e-6,0.00019455867472933258
2.0,19.0,47.0,3.0,2.7612108185127324,23.0,-0.00010841484320627995,-2.42469648935128e-6,0.0001933304458003978
2.0,20.0,47.0,3.0001140803164827,2.113614080316483,23.0,-2.874070530180363e-5,-1.197535964964819e-6,0.00017773495870873905
2.0,21.0,47.0,3.0001140803164827,1.4631140803164828,23.0,1.1513891844025733e-5,4.131824757569589e-7,0.00017406362863439938
2.0,22.0,47.0,3.0001140803164827,0.8126140803164827,23.0,-3.065108159963007e-5,1.81059361807359e-6,0.00017885402085143724
2.0,23.0,47.0,3.0,0.16501734212023322,23.0,-0.00010937879900026147,4.036410886516355e-6,0.00019165797750697258
2.0,24.0,47.0,3.0080429610882238,0.11205835642090678,23.0,-0.00010937879917736179,4.036410859619863e-6,0.00019275147119094475
2.0,25.0,47.0,3.0310574713394014,0.06689246190843257,23.0,-0.00010937879932840121,4.036410782656961e-6,0.00019545107882341472
2.0,26.0,47.0,3.0668924619084326,0.0310574713394014,23.0,-0.00010937879944823712,4.036410662821047e-6,0.00019951531183183834
2.0,27.0,47.0,3.112058356420907,0.008042961088223777,23.0,-0.00010937879952520003,4.036410511781626e-6,0.00020454839917620455
2.0,28.0,47.0,3.1650173421202332,0.0,23.0,-0.00010937879955209652,4.036410334681302e-6,0.0002103734541446861
2.0,29.0,47.0,3.8126140803164827,0.0001140803164827453,23.0,-0.00011628690150404338,0.0002960892256266161,0.00029603094532973915
2.0,30.0,47.0,4.463114080316483,0.0001140803164827453,23.0,-0.00012217497347503562,0.0011841905922625757,0.00039194454557535467
2.0,31.0,47.0,5.1136140803164825,0.0001140803164827453,23.0,-0.00012412798123434044,0.0024653938602848,0.0004925130165642335
2.0,32.0,47.0,5.761210818512732,0.0,23.0,-0.0001242654331437641,0.0039054253108391345,0.0005977528823155746
2.0,33.0,47.0,5.814169804212058,0.008042961088223777,23.0,-0.0001420889842566873,0.004022744346568949,0.0005752004846636172
2.0,34.0,47.0,5.859335698724533,0.0310574713394014,23.0,-0.00019288261953398037,0.004122430364166773,0.0004913646574413627
2.0,35.0,47.0,5.895170689293565,0.06689246190843257,23.0,-0.0002715805526069013,0.004201131045664984,0.0003529947519585606
2.0,36.0,47.0,5.918185199544742,0.11205835642090678,23.0,-0.00037019448155927874,0.004251367718854464,0.00017221323494814918
2.0,37.0,47.0,5.926228160632966,0.16501734212023322,23.0,-0.0004850720329502299,0.004268767269520937,-4.686849274293974e-5
2.0,38.0,47.0,5.9261140803164825,0.29986408031648293,23.0,-0.0007749501911143539,0.004268142473252929,-0.000614938993549439
2.0,39.0,47.0,5.9261140803164825,0.43761408031648275,23.0,-0.001068456860344636,0.004267336451625713,-0.0011959087592813067
2.0,40.0,47.0,5.9261140803164825,0.5753640803164828,23.0,-0.001360686978533302,0.0042661099697224565,-0.00177800119864567
2.0,41.0,47.0,5.9261140803164825,0.7131140803164828,23.0,-0.0016532168646665262,0.004264475765296161,-0.0023616127088418024
1.0,1.0,48.0,2.926114080316483,2.213114080316483,23.5,-0.00017724675557541464,-2.5315422157709713e-6,0.0001870216444266014
1.0,2.0,48.0,2.926114080316483,2.350864080316483,23.5,-0.0001728925510576547,-2.694152511721724e-6,0.00018652675473404578
1.0,3.0,48.0,2.926114080316483,2.488614080316483,23.5,-0.00016906679125642453,-2.9102499698694382e-6,0.0001861086060304749
1.0,4.0,48.0,2.926114080316483,2.626364080316483,23.5,-0.00016608540643154053,-3.2443568574711137e-6,0.00018565520278274663
1.0,5.0,48.0,2.9262281606329656,2.7612108185127324,23.5,-0.00016445742200619652,-3.680905007818246e-6,0.00018531541441342667
1.0,6.0,48.0,2.918185199544742,2.8141698042120584,23.5,-0.00016452672428088813,-3.874317431461091e-6,0.0001847026726066745
1.0,7.0,48.0,2.8951706892935642,2.859335698724533,23.5,-0.00016452672441372932,-3.874317499151001e-6,0.00018229499593180268
1.0,8.0,48.0,2.859335698724533,2.8951706892935642,23.5,-0.00016452672451912665,-3.8743176045483024e-6,0.0001784570109165431
1.0,9.0,48.0,2.814169804212059,2.918185199544742,23.5,-0.00016452672458681654,-3.8743177373895096e-6,0.00017356245679235423
1.0,10.0,48.0,2.761210818512732,2.9262281606329656,23.5,-0.00016121070719980643,3.645103837357842e-7,0.0001713682384258989
1.0,11.0,48.0,2.113614080316483,2.926114080316483,23.5,-0.00014185310912376046,1.7769194727149023e-5,0.00013504147345750733
1.0,12.0,48.0,1.4631140803164828,2.926114080316483,23.5,-0.00013476341732075235,2.419460032063552e-5,9.383420933634672e-5
1.0,13.0,48.0,0.8126140803164827,2.926114080316483,23.5,-0.00013073051145627847,1.8579049497272532e-5,5.1815549792904506e-5
1.0,14.0,48.0,0.16501734212023322,2.9262281606329656,23.5,-0.00012854746130567545,3.7870328946114536e-6,8.332895115623595e-6
1.0,15.0,48.0,0.11205835642090678,2.918185199544742,23.5,-0.0001281810834389969,2.2222848422902263e-6,4.700605532644509e-6
1.0,16.0,48.0,0.06689246190843257,2.8951706892935642,23.5,-0.00012735061245706757,8.45412918757348e-7,1.6506321902238547e-6
1.0,17.0,48.0,0.0310574713394014,2.859335698724533,23.5,-0.00012613212050834909,-2.2038520274540923e-7,-6.755264193267495e-7
1.0,18.0,48.0,0.008042961088223777,2.8141698042120584,23.5,-0.00012470614905914785,-8.346713547759687e-7,-2.013766884752106e-6
1.0,19.0,48.0,0.0,2.7612108185127324,23.5,-0.00012321477395905897,-9.63307947835667e-7,-2.18902597369642e-6
1.0,20.0,48.0,0.0001140803164827453,2.113614080316483,23.5,-0.00011181439835615282,-2.412905838968285e-7,1.786520790355471e-6
1.0,21.0,48.0,0.0001140803164827453,1.4631140803164828,23.5,-0.00010845003441118155,-1.9081667056702217e-8,3.155597752308015e-6
1.0,22.0,48.0,0.0001140803164827453,0.8126140803164827,23.5,-0.000111617777508442,2.0392343348715253e-7,1.7647834206862765e-6
1.0,23.0,48.0,0.0,0.16501734212023322,23.5,-0.0001226959978626402,9.296932517986713e-7,-2.237666827060175e-6
1.0,24.0,48.0,0.008042961088223777,0.11205835642090678,23.5,-0.0001241517751755423,8.069937782650673e-7,-2.06792388303253e-6
1.0,25.0,48.0,0.0310574713394014,0.06689246190843257,23.5,-0.0001255461981803755,2.093929177356456e-7,-7.409269962028418e-7
1.0,26.0,48.0,0.06689246190843257,0.0310574713394014,23.5,-0.00012673865331446732,-8.295454996758503e-7,1.5685658563225975e-6
1.0,27.0,48.0,0.11205835642090678,0.008042961088223777,23.5,-0.00012755179645179964,-2.17106475026167e-6,4.597437155694296e-6
1.0,28.0,48.0,0.16501734212023322,0.0,23.5,-0.0001279122427764028,-3.6923140362438704e-6,8.204089709674886e-6
1.0,29.0,48.0,0.8126140803164827,0.0001140803164827453,23.5,-0.00013010685370980137,-1.7835553389593625e-5,5.1358747358197815e-5
1.0,30.0,48.0,1.4631140803164828,0.0001140803164827453,23.5,-0.0001341612502677711,-2.2784914661198416e-5,9.303669290523957e-5
1.0,31.0,48.0,2.113614080316483,0.0001140803164827453,23.5,-0.00014128949144405655,-1.5870771027173916e-5,0.0001338905894096814
1.0,32.0,48.0,2.7612108185127324,0.0,23.5,-0.00016073700798389847,1.7938202443020086e-6,0.00016982535373750386
1.0,33.0,48.0,2.814169804212059,0.008042961088223777,23.5,-0.00016406819917667566,6.054617242815615e-6,0.00017196570700950625
1.0,34.0,48.0,2.859335698724533,0.0310574713394014,23.5,-0.00016406819909971275,6.054617091776194e-6,0.0001768130022875764
1.0,35.0,48.0,2.8951706892935642,0.06689246190843257,23.5,-0.00016406819897987683,6.0546169719402805e-6,0.0001805879457620992
1.0,36.0,48.0,2.918185199544742,0.11205835642090678,23.5,-0.00016406819882883742,6.054616894977378e-6,0.0001829229371252678
1.0,37.0,48.0,2.9262281606329656,0.16501734212023322,23.5,-0.00016406819865173708,6.054616868080885e-6,0.00018358890229463616
1.0,38.0,48.0,2.926114080316483,0.29986408031648293,23.5,-0.00016507882863569156,5.5679394823756764e-6,0.00018357775671224284
1.0,39.0,48.0,2.926114080316483,0.43761408031648275,23.5,-0.00016764046622142379,5.198854662072948e-6,0.00018392053548365895
1.0,40.0,48.0,2.926114080316483,0.5753640803164828,23.5,-0.00017107512085749578,4.958914435069858e-6,0.00018416167941124725
1.0,41.0,48.0,2.926114080316483,0.7131140803164828,23.5,-0.00017503979024875393,4.776597321020243e-6,0.00018446180179637348
2.0,1.0,48.0,5.9261140803164825,2.213114080316483,23.5,-0.0023998663987028694,-0.006412805640921768,-0.0023477772092579618
2.0,2.0,48.0,5.9261140803164825,2.350864080316483,23.5,-0.0019767656523017466,-0.006415321287693811,-0.001766756175567438
2.0,3.0,48.0,5.9261140803164825,2.488614080316483,23.5,-0.001554113812831328,-0.006417200742605371,-0.0011873557778664069
2.0,4.0,48.0,5.9261140803164825,2.626364080316483,23.5,-0.0011298027397400048,-0.006418426247464912,-0.0006091334613436504
2.0,5.0,48.0,5.926228160632966,2.7612108185127324,23.5,-0.0007110096353751895,-0.00641933938435145,-4.374692867492835e-5
2.0,6.0,48.0,5.918185199544742,2.8141698042120584,23.5,-0.0005451234314743964,-0.006394202449822617,0.00017466283261917634
2.0,7.0,48.0,5.895170689293565,2.859335698724533,23.5,-0.0004027655646306303,-0.0063216582465665345,0.0003553378739988626
2.0,8.0,48.0,5.859335698724533,2.8951706892935642,23.5,-0.0002891840974142951,-0.006208030682552857,0.0004938815724083254
2.0,9.0,48.0,5.814169804212058,2.918185199544742,23.5,-0.00021589247208323448,-0.0060641078040378415,0.0005779238990896311
2.0,10.0,48.0,5.7612108185127315,2.9262281606329656,23.5,-0.00019020400326956658,-0.0058947223407795546,0.000600447686552673
2.0,11.0,48.0,5.1136140803164825,2.926114080316483,23.5,-0.00019066025467729997,-0.0038148113958570234,0.0004932403246253231
2.0,12.0,48.0,4.463114080316483,2.926114080316483,23.5,-0.00018895254474464863,-0.0019408668742641674,0.00039286185901101194
2.0,13.0,48.0,3.8126140803164827,2.926114080316483,23.5,-0.0001832124750129867,-0.0005657208920065402,0.0002986848780632747
2.0,14.0,48.0,3.1650173421202332,2.9262281606329656,23.5,-0.00016452672461047236,-3.87431670548234e-6,0.0002120657616014758
2.0,15.0,48.0,3.112058356420907,2.918185199544742,23.5,-0.00016452672458681654,-3.874316861244462e-6,0.0002062362086470032
2.0,16.0,48.0,3.0668924619084326,2.8951706892935642,23.5,-0.00016452672451912665,-3.874316994085669e-6,0.00020122276718927923
2.0,17.0,48.0,3.0310574713394014,2.859335698724533,23.5,-0.00016452672441372932,-3.87431709948297e-6,0.0001971996673734217
2.0,18.0,48.0,3.0080429610882238,2.8141698042120584,23.5,-0.00016452672428088813,-3.87431716717288e-6,0.00019455867472933258
2.0,19.0,48.0,3.0,2.7612108185127324,23.5,-0.00016603896141224254,-3.83480641652738e-6,0.00018724353210934654
2.0,20.0,48.0,3.0001140803164827,2.113614080316483,23.5,-0.0001708958168072273,-2.650116174376071e-6,0.00017365784036803186
2.0,21.0,48.0,3.0001140803164827,1.4631140803164828,23.5,-0.00016736670134593238,6.244180460275104e-7,0.00017211053356610984
2.0,22.0,48.0,3.0001140803164827,0.8126140803164827,23.5,-0.0001632546233654832,3.816402847804135e-6,0.00017380887758110673
2.0,23.0,48.0,3.0,0.16501734212023322,23.5,-0.00016406819865173708,6.054616621380226e-6,0.00019165797750697258
2.0,24.0,48.0,3.0080429610882238,0.11205835642090678,23.5,-0.00016406819882883742,6.054616594483733e-6,0.00019275147119094475
2.0,25.0,48.0,3.0310574713394014,0.06689246190843257,23.5,-0.00016406819897987683,6.054616517520831e-6,0.00019545107882341472
2.0,26.0,48.0,3.0668924619084326,0.0310574713394014,23.5,-0.00016406819909971275,6.054616397684917e-6,0.00019951531183183834
2.0,27.0,48.0,3.112058356420907,0.008042961088223777,23.5,-0.00016406819917667566,6.054616246645496e-6,0.00020454839917620455
2.0,28.0,48.0,3.1650173421202332,0.0,23.5,-0.00016406819920357214,6.054616069545173e-6,0.0002103734541446861
2.0,29.0,48.0,3.8126140803164827,0.0001140803164827453,23.5,-0.0001825856930442359,0.0005722919926866523,0.0002970681668355743
2.0,30.0,48.0,4.463114080316483,0.0001140803164827453,23.5,-0.00018820659735810786,0.0019455630554397515,0.00039069350224320753
2.0,31.0,48.0,5.1136140803164825,0.0001140803164827453,23.5,-0.00018986150834012828,0.0038056299306515155,0.0004905505420528275
2.0,32.0,48.0,5.761210818512732,0.0,23.5,-0.00018937226008995938,0.0058633614135915595,0.000597220984380391
2.0,33.0,48.0,5.814169804212058,0.008042961088223777,23.5,-0.00021476907059725001,0.006030848694113557,0.0005748321686020788
2.0,34.0,48.0,5.859335698724533,0.0310574713394014,23.5,-0.0002872374287198493,0.006173161327713692,0.0004912772133188699
2.0,35.0,48.0,5.895170689293565,0.06689246190843257,23.5,-0.0003995500085610464,0.006285522138798437,0.0003535400775782961
2.0,36.0,48.0,5.918185199544742,0.11205835642090678,23.5,-0.0005403267359091325,0.006357261283050541,0.0001739257728219579
2.0,37.0,48.0,5.926228160632966,0.16501734212023322,23.5,-0.0007043815613090446,0.006382119942065197,-4.318688726494698e-5
2.0,38.0,48.0,5.9261140803164825,0.29986408031648293,23.5,-0.00111857880234031,0.006381209504840659,-0.0006051922417469934
2.0,39.0,48.0,5.9261140803164825,0.43761408031648275,23.5,-0.0015382561725589695,0.006379982177551305,-0.0011799607139910268
2.0,40.0,48.0,5.9261140803164825,0.5753640803164828,23.5,-0.0019563022032092255,0.006378099957829616,-0.0017559064854930767
2.0,41.0,48.0,5.9261140803164825,0.7131140803164828,23.5,-0.0023747866782903443,0.006375579973737659,-0.0023334710253535545
1.0,1.0,49.0,2.926114080316483,2.213114080316483,24.0,-0.00022297100508790542,5.301006494147704e-7,0.0001881423582326124
1.0,2.0,49.0,2.926114080316483,2.350864080316483,24.0,-0.0002157874779107086,5.316656582935964e-7,0.00018735365513345057
1.0,3.0,49.0,2.926114080316483,2.488614080316483,24.0,-0.00020872730736962384,5.586368991282854e-7,0.00018682308993953108
1.0,4.0,49.0,2.926114080316483,2.626364080316483,24.0,-0.00020129420753437253,6.399587295745866e-7,0.00018629895125271546
1.0,5.0,49.0,2.9262281606329656,2.7612108185127324,24.0,-0.0001929315598956653,7.892025548777212e-7,0.00018522141841723836
1.0,6.0,49.0,2.918185199544742,2.8141698042120584,24.0,-0.0001890303726281489,1.4603751458071303e-6,0.0001839532106748031
1.0,7.0,49.0,2.8951706892935642,2.859335698724533,24.0,-0.00018518347429201298,3.4028041530067445e-6,0.00018238518525466016
1.0,8.0,49.0,2.859335698724533,2.8951706892935642,24.0,-0.00018188080995817848,6.533152704832406e-6,0.00018082260652597102
1.0,9.0,49.0,2.814169804212059,2.918185199544742,24.0,-0.00017965648724091286,1.0271795204418381e-5,0.00017962982682497898
1.0,10.0,49.0,2.761210818512732,2.9262281606329656,24.0,-0.00017933902759136497,1.4485674337533991e-5,0.0001766301200819609
1.0,11.0,49.0,2.113614080316483,2.926114080316483,24.0,-0.00017748595631722044,3.4546203708214506e-5,0.00013881418461737552
1.0,12.0,49.0,1.4631140803164828,2.926114080316483,24.0,-0.00017253998086684614,3.736419710453446e-5,9.715799970303257e-5
1.0,13.0,49.0,0.8126140803164827,2.926114080316483,24.0,-0.00016939274817045864,2.6064995480414172e-5,5.4983235855861377e-5
1.0,14.0,49.0,0.16501734212023322,2.9262281606329656,24.0,-0.00016731433521444372,4.424680854901845e-6,1.2057216817116742e-5
1.0,15.0,49.0,0.11205835642090678,2.918185199544742,24.0,-0.0001668688776072464,2.4170968009477256e-6,8.496078046098262e-6
1.0,16.0,49.0,0.06689246190843257,2.8951706892935642,24.0,-0.00016585277003241595,7.024222086329092e-7,5.485661493491858e-6
1.0,17.0,49.0,0.0310574713394014,2.859335698724533,24.0,-0.00016437603378639337,-6.030257133800476e-7,3.1583875743639312e-6
1.0,18.0,49.0,0.008042961088223777,2.8141698042120584,24.0,-0.00016265121163436028,-1.3532710017768728e-6,1.7700145546202313e-6
1.0,19.0,49.0,0.0,2.7612108185127324,24.0,-0.00016083099496412673,-1.514700392364358e-6,1.4915965880564164e-6
1.0,20.0,49.0,0.0001140803164827453,2.113614080316483,24.0,-0.00014649765122306315,-5.371992203430426e-7,4.4958649297973805e-6
1.0,21.0,49.0,0.0001140803164827453,1.4631140803164828,24.0,-0.0001421339406111387,-1.988435127985576e-8,5.5868382532185194e-6
1.0,22.0,49.0,0.0001140803164827453,0.8126140803164827,24.0,-0.00014622630660162953,4.985758086065896e-7,4.481476457010141e-6
1.0,23.0,49.0,0.0,0.16501734212023322,24.0,-0.00016012487979273664,1.4806994543622743e-6,1.4607891450967891e-6
1.0,24.0,49.0,0.008042961088223777,0.11205835642090678,24.0,-0.00016189698313660988,1.3271976430621826e-6,1.734660467707869e-6
1.0,25.0,49.0,0.0310574713394014,0.06689246190843257,24.0,-0.0001635789515240943,5.994868871074206e-7,3.1123754258569866e-6
1.0,26.0,49.0,0.06689246190843257,0.0310574713394014,24.0,-0.0001650202164570359,-6.695682784798631e-7,5.423232388833905e-6
1.0,27.0,49.0,0.11205835642090678,0.008042961088223777,24.0,-0.00016601267855881758,-2.3363622834770725e-6,8.412516643225793e-6
1.0,28.0,49.0,0.16501734212023322,0.0,24.0,-0.00016644994576114452,-4.285229806773334e-6,1.1947803199492831e-5
1.0,29.0,49.0,0.8126140803164827,0.0001140803164827453,24.0,-0.00016853977142522076,-2.506872170858748e-5,5.4545687369018055e-5
1.0,30.0,49.0,1.4631140803164828,0.0001140803164827453,24.0,-0.00017170546194337892,-3.552365186311235e-5,9.638430652747974e-5
1.0,31.0,49.0,2.113614080316483,0.0001140803164827453,24.0,-0.00017668098118999595,-3.2136455975481045e-5,0.00013769344624445598
1.0,32.0,49.0,2.7612108185127324,0.0,24.0,-0.00017857350715241684,-1.1733347163903198e-5,0.0001751416262172617
1.0,33.0,49.0,2.814169804212059,0.008042961088223777,24.0,-0.0001789023750259892,-7.467399160404155e-6,0.0001781085895607807
1.0,34.0,49.0,2.859335698724533,0.0310574713394014,24.0,-0.00018116249400266493,-3.672117059911307e-6,0.00017924578993689123
1.0,35.0,49.0,2.8951706892935642,0.06689246190843257,24.0,-0.00018452146572938067,-4.923319615893426e-7,0.00018074952027375896
1.0,36.0,49.0,2.918185199544742,0.11205835642090678,24.0,-0.0001884304346058353,1.477670833113471e-6,0.00018225211602545204
1.0,37.0,49.0,2.9262281606329656,0.16501734212023322,24.0,-0.0001924415736069561,2.111577580791419e-6,0.00018339521542312876
1.0,38.0,49.0,2.926114080316483,0.29986408031648293,24.0,-0.00020082504280547145,2.2604293923611146e-6,0.00018445443694858692
1.0,39.0,49.0,2.926114080316483,0.43761408031648275,24.0,-0.00020812547787380273,2.32566968936866e-6,0.0001848124319977718
1.0,40.0,49.0,2.926114080316483,0.5753640803164828,24.0,-0.0002150099518011348,2.3349101051708076e-6,0.0001852110913139505
1.0,41.0,49.0,2.926114080316483,0.7131140803164828,24.0,-0.00022203014028519298,2.3139632147896524e-6,0.00018587151121413002
2.0,1.0,49.0,5.9261140803164825,2.213114080316483,24.0,-0.003017396849302383,-0.008509609888048037,-0.002307140009656166
2.0,2.0,49.0,5.9261140803164825,2.350864080316483,24.0,-0.002488135951599149,-0.008513076563330496,-0.0017350207456890505
2.0,3.0,49.0,5.9261140803164825,2.488614080316483,24.0,-0.00195935966333528,-0.008515656981966652,-0.0011646312071882528
2.0,4.0,49.0,5.9261140803164825,2.626364080316483,24.0,-0.0014289500235641999,-0.008517334339533394,-0.0005954918512679295
2.0,5.0,49.0,5.926228160632966,2.7612108185127324,24.0,-0.0009062922498101825,-0.00851853488015122,-3.901620516224887e-5
2.0,6.0,49.0,5.918185199544742,2.8141698042120584,24.0,-0.000699602924861486,-0.00848721381592222,0.00017638927663127786
2.0,7.0,49.0,5.895170689293565,2.859335698724533,24.0,-0.000522454291305582,-0.008396918686622276,0.0003551330473031019
2.0,8.0,49.0,5.859335698724533,2.8951706892935642,24.0,-0.0003812930558939221,-0.00825564548310568,0.0004925126902115163
2.0,9.0,49.0,5.814169804212058,2.918185199544742,24.0,-0.00029032378957709933,-0.008076888281931014,0.0005759728196914501
2.0,10.0,49.0,5.7612108185127315,2.9262281606329656,24.0,-0.0002585118774224661,-0.007866660426130271,0.0005982044131226441
2.0,11.0,49.0,5.1136140803164825,2.926114080316483,24.0,-0.00026007041189575144,-0.005288315246923534,0.0004894855357624382
2.0,12.0,49.0,4.463114080316483,2.926114080316483,24.0,-0.00025973934923802217,-0.0029193390258635374,0.0003896737689277098
2.0,13.0,49.0,3.8126140803164827,2.926114080316483,24.0,-0.0002559559646081067,-0.0010893303681539866,0.000297777274865024
2.0,14.0,49.0,3.1650173421202332,2.9262281606329656,24.0,-0.00025366653866743953,-0.00010502194138486909,0.00021030155027708156
2.0,15.0,49.0,3.112058356420907,2.918185199544742,24.0,-0.0002597126812025218,-6.348713589791491e-5,0.0001997207397526529
2.0,16.0,49.0,3.0668924619084326,2.8951706892935642,24.0,-0.00027507079364439053,-3.36451236742424e-5,0.00018719732229530064
2.0,17.0,49.0,3.0310574713394014,2.859335698724533,24.0,-0.0002963465005251305,-1.315286170784141e-5,0.00017525223969072404
2.0,18.0,49.0,3.0080429610882238,2.8141698042120584,24.0,-0.0003211634825786363,-1.5101828792044596e-6,0.0001667706983581323
2.0,19.0,49.0,3.0,2.7612108185127324,24.0,-0.00034878173275206144,1.7385124646285582e-6,0.0001677003372256545
2.0,20.0,49.0,3.0001140803164827,2.113614080316483,24.0,-0.0005664578739186571,-1.974587266013731e-6,0.00017022900135532057
2.0,21.0,49.0,3.0001140803164827,1.4631140803164828,24.0,-0.0006368950017294497,6.876349499645738e-7,0.00016863798893311394
2.0,22.0,49.0,3.0001140803164827,0.8126140803164827,24.0,-0.000555282752880309,3.8134190072559477e-6,0.00017118033981236878
2.0,23.0,49.0,3.0,0.16501734212023322,24.0,-0.0003438445324738004,-1.0318869415245556e-6,0.00016765668584167877
2.0,24.0,49.0,3.0080429610882238,0.11205835642090678,24.0,-0.000317482463146327,1.9339138168811823e-6,0.00016915174911275724
2.0,25.0,49.0,3.0310574713394014,0.06689246190843257,24.0,-0.00029385211040644136,1.3085906478225784e-5,0.00017646526639238843
2.0,26.0,49.0,3.0668924619084326,0.0310574713394014,24.0,-0.0002732955558196864,3.2998176629172644e-5,0.0001874673931216246
2.0,27.0,49.0,3.112058356420907,0.008042961088223777,24.0,-0.00025825453429049913,6.239135371104829e-5,0.00019944687472247288
2.0,28.0,49.0,3.1650173421202332,0.0,24.0,-0.0002523029055423288,0.0001036876636297892,0.00020971560560578242
2.0,29.0,49.0,3.8126140803164827,0.0001140803164827453,24.0,-0.00025481974411910004,0.0010927620725643445,0.0002961483521295273
2.0,30.0,49.0,4.463114080316483,0.0001140803164827453,24.0,-0.00025851734117096327,0.0029197795060128843,0.00038754092948833506
2.0,31.0,49.0,5.1136140803164825,0.0001140803164827453,24.0,-0.00025883096890546843,0.005271892184066162,0.0004867707433587998
2.0,32.0,49.0,5.761210818512732,0.0,24.0,-0.0002572526204043214,0.007823808495849282,0.0005948623600960862
2.0,33.0,49.0,5.814169804212058,0.008042961088223777,24.0,-0.0002887184790471359,0.008031776127007654,0.0005727667313930046
2.0,34.0,49.0,5.859335698724533,0.0310574713394014,24.0,-0.0003787095112503524,0.00820861776302587,0.0004898133961375146
2.0,35.0,49.0,5.895170689293565,0.06689246190843257,24.0,-0.0005183627499468209,0.008348384241639669,0.00035326866611876427
2.0,36.0,49.0,5.918185199544742,0.11205835642090678,24.0,-0.0006936320817397371,0.008437721698507029,0.00017561251925631672
2.0,37.0,49.0,5.926228160632966,0.16501734212023322,24.0,-0.0008981440944625636,0.008468711402206319,-3.847985412578422e-5
2.0,38.0,49.0,5.9261140803164825,0.29986408031648293,24.0,-0.0014153358138710988,0.008467513747646664,-0.0005915601318989244
2.0,39.0,49.0,5.9261140803164825,0.43761408031648275,24.0,-0.0019402306819906795,0.008465835145383037,-0.0011572294539906826
2.0,40.0,49.0,5.9261140803164825,0.5753640803164828,24.0,-0.0024635223839356147,0.008463253481582673,-0.0017241449650979717
2.0,41.0,49.0,5.9261140803164825,0.7131140803164828,24.0,-0.0029872859597487485,0.008459784806913569,-0.0022927839934696083
1.0,1.0,50.0,2.926114080316483,2.213114080316483,24.5,-0.0002511312419636049,2.401202938473604e-6,0.00018725853095197836
1.0,2.0,50.0,2.926114080316483,2.350864080316483,24.5,-0.00024326551406625443,2.485165921091548e-6,0.0001872198978839582
1.0,3.0,50.0,2.926114080316483,2.488614080316483,24.5,-0.000235276580936953,2.527873631014968e-6,0.00018718259238321983
1.0,4.0,50.0,2.926114080316483,2.626364080316483,24.5,-0.00022709642178537272,2.5363587840335073e-6,0.0001871660067102589
1.0,5.0,50.0,2.9262281606329656,2.7612108185127324,24.5,-0.0002190118185438711,2.432457521993729e-6,0.0001874537366057813
1.0,6.0,50.0,2.918185199544742,2.8141698042120584,24.5,-0.00021584363169564714,2.8165665560469223e-6,0.00018746115801159525
1.0,7.0,50.0,2.8951706892935642,2.859335698724533,24.5,-0.00021312515559472297,4.090660289851253e-6,0.00018647835409995586
1.0,8.0,50.0,2.859335698724533,2.8951706892935642,24.5,-0.0002109978861419804,6.115389611214847e-6,0.00018439951380987797
1.0,9.0,50.0,2.814169804212059,2.918185199544742,24.5,-0.00020970847325869178,8.671756351867883e-6,0.00018122799032969632
1.0,10.0,50.0,2.761210818512732,2.9262281606329656,24.5,-0.00020911608598622272,1.1725134995074334e-5,0.00017832346232255733
1.0,11.0,50.0,2.113614080316483,2.926114080316483,24.5,-0.00020870477093882795,3.790131424332612e-5,0.00014010004771357099
1.0,12.0,50.0,1.4631140803164828,2.926114080316483,24.5,-0.0002076450646611814,4.281257319890316e-5,9.98000682063669e-5
1.0,13.0,50.0,0.8126140803164827,2.926114080316483,24.5,-0.0002056631225604348,2.9203422875775478e-5,5.813132724649753e-5
1.0,14.0,50.0,0.16501734212023322,2.9262281606329656,24.5,-0.0002038841166105484,4.177294700367139e-6,1.609027414766084e-5
1.0,15.0,50.0,0.11205835642090678,2.918185199544742,24.5,-0.00020341327963527067,2.011481100645479e-6,1.2612139886010643e-5
1.0,16.0,50.0,0.06689246190843257,2.8951706892935642,24.5,-0.00020234281219793678,1.9845752963533226e-7,9.645201934132256e-6
1.0,17.0,50.0,0.0310574713394014,2.859335698724533,24.5,-0.0002007973523220314,-1.1669951451241203e-6,7.323037772699162e-6
1.0,18.0,50.0,0.008042961088223777,2.8141698042120584,24.5,-0.00019899023367735564,-1.9496117466099116e-6,5.90049169242431e-6
1.0,19.0,50.0,0.0,2.7612108185127324,24.5,-0.00019706276127160415,-2.115645158723531e-6,5.548585912364196e-6
1.0,20.0,50.0,0.0001140803164827453,2.113614080316483,24.5,-0.00018129925715870262,-8.907553643755985e-7,7.799337009609617e-6
1.0,21.0,50.0,0.0001140803164827453,1.4631140803164828,24.5,-0.0001763000257976508,-1.701663246148669e-8,8.652424997850995e-6
1.0,22.0,50.0,0.0001140803164827453,0.8126140803164827,24.5,-0.00018094054644781607,8.58170828818227e-7,7.793192903403332e-6
1.0,23.0,50.0,0.0,0.16501734212023322,24.5,-0.00019615714231068214,2.088189520857852e-6,5.536689734482931e-6
1.0,24.0,50.0,0.008042961088223777,0.11205835642090678,24.5,-0.0001980250614253669,1.9318546290066976e-6,5.884921125516347e-6
1.0,25.0,50.0,0.0310574713394014,0.06689246190843257,24.5,-0.00019977909319165453,1.1770113355503927e-6,7.297260224874703e-6
1.0,26.0,50.0,0.06689246190843257,0.0310574713394014,24.5,-0.0002012806367500205,-1.435894485531315e-7,9.603132074554548e-6
1.0,27.0,50.0,0.11205835642090678,0.008042961088223777,24.5,-0.00020232186786015932,-1.8977659713211436e-6,1.2548825712174332e-5
1.0,28.0,50.0,0.16501734212023322,0.0,24.5,-0.00020278250900799681,-3.9917616243054724e-6,1.600089735677464e-5
1.0,29.0,50.0,0.8126140803164827,0.0001140803164827453,24.5,-0.00020457164347924007,-2.7993979320878008e-5,5.771375983216771e-5
1.0,30.0,50.0,1.4631140803164828,0.0001140803164827453,24.5,-0.0002065669718479667,-4.062558164630751e-5,9.904872920701966e-5
1.0,31.0,50.0,2.113614080316483,0.0001140803164827453,24.5,-0.00020764185120985624,-3.5063455144524886e-5,0.0001390041545297663
1.0,32.0,50.0,2.7612108185127324,0.0,24.5,-0.0002080608317420859,-8.534951195156123e-6,0.00017686722411447414
1.0,33.0,50.0,2.814169804212059,0.008042961088223777,24.5,-0.00020865681034598995,-5.457177991799695e-6,0.00017973112944381768
1.0,34.0,50.0,2.859335698724533,0.0310574713394014,24.5,-0.00020995495140382835,-2.88184910522998e-6,0.00018286203085865805
1.0,35.0,50.0,2.8951706892935642,0.06689246190843257,24.5,-0.00021209784739785825,-8.421070514371051e-7,0.00018489336962439036
1.0,36.0,50.0,2.918185199544742,0.11205835642090678,24.5,-0.00021483876248154225,4.4141850849412205e-7,0.00018583752552011224
1.0,37.0,50.0,2.9262281606329656,0.16501734212023322,24.5,-0.00021802671069770185,8.387794664907588e-7,0.00018583110253235437
1.0,38.0,50.0,2.926114080316483,0.29986408031648293,24.5,-0.0002261867028924652,7.227422048289534e-7,0.00018540629048320568
1.0,39.0,50.0,2.926114080316483,0.43761408031648275,24.5,-0.0002344520486450668,7.228427551958403e-7,0.00018536105076970288
1.0,40.0,50.0,2.926114080316483,0.5753640803164828,24.5,-0.00024250885936552663,7.495007879085637e-7,0.0001853148407002079
1.0,41.0,50.0,2.926114080316483,0.7131140803164828,24.5,-0.0002504347274231818,8.129844674475826e-7,0.0001852722601818019
2.0,1.0,50.0,5.9261140803164825,2.213114080316483,24.5,-0.003522469084947896,-0.010568604459062025,-0.0022530542241502322
2.0,2.0,50.0,5.9261140803164825,2.350864080316483,24.5,-0.0029081842096895724,-0.01057307868311148,-0.0016930010023351405
2.0,3.0,50.0,5.9261140803164825,2.488614080316483,24.5,-0.0022942663972469646,-0.01057640213904183,-0.0011347565060518187
2.0,4.0,50.0,5.9261140803164825,2.626364080316483,24.5,-0.0016791728894857806,-0.01057856609951338,-0.0005778178150891979
2.0,5.0,50.0,5.926228160632966,2.7612108185127324,24.5,-0.0010745741853573892,-0.01058006847248358,-3.330403506447151e-5
2.0,6.0,50.0,5.918185199544742,2.8141698042120584,24.5,-0.0008361075648979863,-0.010543945233591949,0.00017784368624736849
2.0,7.0,50.0,5.895170689293565,2.859335698724533,24.5,-0.0006321461079650138,-0.010439967229872237,0.0003535234106837277
2.0,8.0,50.0,5.859335698724533,2.8951706892935642,24.5,-0.0004699620188572398,-0.010277591230105628,0.0004888098032272927
2.0,9.0,50.0,5.814169804212058,2.918185199544742,24.5,-0.0003656728027507147,-0.010072499775872781,0.0005710919341463855
2.0,10.0,50.0,5.7612108185127315,2.9262281606329656,24.5,-0.0003293285146465022,-0.009831683845744328,0.0005928810771770157
2.0,11.0,50.0,5.1136140803164825,2.926114080316483,24.5,-0.0003323359905053469,-0.006885605730727337,0.00048317569839161594
2.0,12.0,50.0,4.463114080316483,2.926114080316483,24.5,-0.00033368001058018537,-0.004108116322267901,0.00038421121771871445
2.0,13.0,50.0,3.8126140803164827,2.926114080316483,24.5,-0.0003345527079981122,-0.0018106171662422177,0.0002923672320232552
2.0,14.0,50.0,3.1650173421202332,2.9262281606329656,24.5,-0.0003361303119425975,-0.00026284907632921097,0.00020297981301747208
2.0,15.0,50.0,3.112058356420907,2.918185199544742,24.5,-0.0003504147833615933,-0.00017064948888115177,0.00019287628909655944
2.0,16.0,50.0,3.0668924619084326,2.8951706892935642,24.5,-0.00038838345758816556,-9.649032418379548e-5,0.00018056984145494722
2.0,17.0,50.0,3.0310574713394014,2.859335698724533,24.5,-0.00044407911138570524,-4.08840568963225e-5,0.0001688609823499238
2.0,18.0,50.0,3.0080429610882238,2.8141698042120584,24.5,-0.0005104248478973906,-7.090309596785738e-6,0.00016043048326039
2.0,19.0,50.0,3.0,2.7612108185127324,24.5,-0.0005841978640021647,3.94971794903879e-6,0.00015574791250891438
2.0,20.0,50.0,3.0001140803164827,2.113614080316483,24.5,-0.0012035757706483903,9.70149222407593e-7,0.0001635850660336464
2.0,21.0,50.0,3.0001140803164827,1.4631140803164828,24.5,-0.0014087870906755553,7.859086444227559e-7,0.00016505711742067602
2.0,22.0,50.0,3.0001140803164827,0.8126140803164827,24.5,-0.0011943407123771385,1.9595713073213505e-7,0.00016385301228643857
2.0,23.0,50.0,3.0,0.16501734212023322,24.5,-0.0005790900376858069,-2.740586376077813e-6,0.00015600508337191706
2.0,24.0,50.0,3.0080429610882238,0.11205835642090678,24.5,-0.0005062144793990482,8.130401542460556e-6,0.0001594298613796309
2.0,25.0,50.0,3.0310574713394014,0.06689246190843257,24.5,-0.0004406693854423196,4.138880476023774e-5,0.00016853986207237916
2.0,26.0,50.0,3.0668924619084326,0.0310574713394014,24.5,-0.0003856473181248927,9.62327596960231e-5,0.00018062860925172473
2.0,27.0,50.0,3.112058356420907,0.008042961088223777,24.5,-0.000348086760186104,0.00016955584675328438,0.00019289869207062495
2.0,28.0,50.0,3.1650173421202332,0.0,24.5,-0.0003339341089332295,0.0002609943126536852,0.00020282425322219063
2.0,29.0,50.0,3.8126140803164827,0.0001140803164827453,24.5,-0.00033263278974952155,0.0018069741643411288,0.00029094833355746525
2.0,30.0,50.0,4.463114080316483,0.0001140803164827453,24.5,-0.0003318887255337932,0.004098800327983558,0.00038211928264097176
2.0,31.0,50.0,5.1136140803164825,0.0001140803164827453,24.5,-0.0003305608236295432,0.006857947845745667,0.00048046352839604733
2.0,32.0,50.0,5.761210818512732,0.0,24.5,-0.000327556331102314,0.009776530374278109,0.0005894484031499222
2.0,33.0,50.0,5.814169804212058,0.008042961088223777,24.5,-0.0003635388162096097,0.010014974008823447,0.000567796173625835
2.0,34.0,50.0,5.859335698724533,0.0310574713394014,24.5,-0.0004667987321482996,0.010218047564483726,0.0004860374618242236
2.0,35.0,50.0,5.895170689293565,0.06689246190843257,24.5,-0.0006273889607974807,0.010378830202448551,0.00035160863421762666
2.0,36.0,50.0,5.918185199544742,0.11205835642090678,24.5,-0.0008293552532555377,0.010481791358599578,0.00017703691923026611
2.0,37.0,50.0,5.926228160632966,0.16501734212023322,24.5,-0.0010655001847042398,0.010517561531599063,-3.27879692318218e-5
2.0,38.0,50.0,5.9261140803164825,0.29986408031648293,24.5,-0.0016642383892518837,0.010516063722137517,-0.0005739056001239863
2.0,39.0,50.0,5.9261140803164825,0.43761408031648275,24.5,-0.00227338997797353,0.01051390087980308,-0.0011273713836332448
2.0,40.0,50.0,5.9261140803164825,0.5753640803164828,24.5,-0.0028813857993343402,0.010510579655621376,-0.0016821357124379252
2.0,41.0,50.0,5.9261140803164825,0.7131140803164828,24.5,-0.0034897398738137726,0.010506108191359638,-0.002238698511076805
1.0,1.0,51.0,2.926114080316483,2.213114080316483,25.0,-0.00027520353077450124,1.0161002589162251e-6,0.00018597913082233063
1.0,2.0,51.0,2.926114080316483,2.350864080316483,25.0,-0.00026881119711650794,1.0782227104204065e-6,0.00018671839336792048
1.0,3.0,51.0,2.926114080316483,2.488614080316483,25.0,-0.0002624007456312946,1.0716200320558293e-6,0.00018745437482462672
1.0,4.0,51.0,2.926114080316483,2.626364080316483,25.0,-0.00025601459043163245,9.85161902722212e-7,0.0001883173366856184
1.0,5.0,51.0,2.9262281606329656,2.7612108185127324,25.0,-0.00024981840871538967,8.480799949058086e-7,0.00018930261527924522
1.0,6.0,51.0,2.918185199544742,2.8141698042120584,25.0,-0.0002473967018762619,1.172010869504344e-6,0.00018905594572041028
1.0,7.0,51.0,2.8951706892935642,2.859335698724533,25.0,-0.00024531365389101413,2.1992576949569803e-6,0.00018783974822071024
1.0,8.0,51.0,2.859335698724533,2.8951706892935642,25.0,-0.00024363195059229383,3.830278305135731e-6,0.0001859200938423402
1.0,9.0,51.0,2.814169804212059,2.918185199544742,25.0,-0.00024249642449210087,5.896189783871383e-6,0.00018360066953528343
1.0,10.0,51.0,2.761210818512732,2.9262281606329656,25.0,-0.00024207941817959802,8.337367502807367e-6,0.00018023471289650895
1.0,11.0,51.0,2.113614080316483,2.926114080316483,25.0,-0.00024157713424942254,3.324155606807719e-5,0.0001410460638165094
1.0,12.0,51.0,1.4631140803164828,2.926114080316483,25.0,-0.00024116920633878155,3.977440122748488e-5,0.00010159949189352578
1.0,13.0,51.0,0.8126140803164827,2.926114080316483,25.0,-0.0002402047255279126,2.708588489092693e-5,6.117044216237415e-5
1.0,14.0,51.0,0.16501734212023322,2.9262281606329656,25.0,-0.00023869118719616219,3.058506248536076e-6,2.0229292451536386e-5
1.0,15.0,51.0,0.11205835642090678,2.918185199544742,25.0,-0.00023824586500403148,1.0490184792436328e-6,1.6839584540661405e-5
1.0,16.0,51.0,0.06689246190843257,2.8951706892935642,25.0,-0.00023725359155378007,-6.094475718120812e-7,1.3928929131497231e-5
1.0,17.0,51.0,0.0310574713394014,2.859335698724533,25.0,-0.00023583117552604407,-1.847573593345037e-6,1.1631656505224091e-5
1.0,18.0,51.0,0.008042961088223777,2.8141698042120584,25.0,-0.00023416503746374838,-2.5519424813027418e-6,1.0202762991388042e-5
1.0,19.0,51.0,0.0,2.7612108185127324,25.0,-0.00023236987725136298,-2.6890341929231684e-6,9.814390646609417e-6
1.0,20.0,51.0,0.0001140803164827453,2.113614080316483,25.0,-0.00021703152905965268,-1.2395311494432237e-6,1.1597952387348895e-5
1.0,21.0,51.0,0.0001140803164827453,1.4631140803164828,25.0,-0.0002119225783780991,-1.0525514557112638e-8,1.2282945958749519e-5
1.0,22.0,51.0,0.0001140803164827453,0.8126140803164827,25.0,-0.00021656984830432783,1.220126730640561e-6,1.1600361797267281e-5
1.0,23.0,51.0,0.0,0.16501734212023322,25.0,-0.00023125237202335612,2.6748821296245884e-6,9.821007966772505e-6
1.0,24.0,51.0,0.008042961088223777,0.11205835642090678,25.0,-0.00023297844689430577,2.5489224601992954e-6,1.0206435201792017e-5
1.0,25.0,51.0,0.0310574713394014,0.06689246190843257,25.0,-0.0002345832072922687,1.87652562029031e-6,1.162546991821057e-5
1.0,26.0,51.0,0.06689246190843257,0.0310574713394014,25.0,-0.00023595505255021633,6.898602357657359e-7,1.390652610333003e-5
1.0,27.0,51.0,0.11205835642090678,0.008042961088223777,25.0,-0.00023691380028765342,-9.01429351156356e-7,1.6795846363953105e-5
1.0,28.0,51.0,0.16501734212023322,0.0,25.0,-0.00023734740973082943,-2.829437332573287e-6,2.0159382414180856e-5
1.0,29.0,51.0,0.8126140803164827,0.0001140803164827453,25.0,-0.00023886960882656225,-2.5725343303454673e-5,6.077260698843312e-5
1.0,30.0,51.0,1.4631140803164828,0.0001140803164827453,25.0,-0.00023984337512090296,-3.73623972274045e-5,0.00010086879158557417
1.0,31.0,51.0,2.113614080316483,0.0001140803164827453,25.0,-0.0002402597957324026,-3.0147966724298026e-5,0.00013997247735432516
1.0,32.0,51.0,2.7612108185127324,0.0,25.0,-0.0002407732564269001,-4.917965922419508e-6,0.0001788079274289897
1.0,33.0,51.0,2.814169804212059,0.008042961088223777,25.0,-0.00024119524671686917,-2.4546509112845975e-6,0.00018214502565234024
1.0,34.0,51.0,2.859335698724533,0.0310574713394014,25.0,-0.0002423432402500993,-3.690928569287182e-7,0.00018443331564554048
1.0,35.0,51.0,2.8951706892935642,0.06689246190843257,25.0,-0.00024404328420423983,1.2772156573337701e-6,0.00018632711772682516
1.0,36.0,51.0,2.918185199544742,0.11205835642090678,25.0,-0.00024614924950698477,2.3136007614339878e-6,0.00018751631183638182
1.0,37.0,51.0,2.9262281606329656,0.16501734212023322,25.0,-0.000248603693863206,2.6368044239575262e-6,0.0001877207500317303
1.0,38.0,51.0,2.926114080316483,0.29986408031648293,25.0,-0.00025485984060693364,2.491777705097371e-6,0.00018672182484042807
1.0,39.0,51.0,2.926114080316483,0.43761408031648275,25.0,-0.0002613020876607579,2.389722898125851e-6,0.00018580719777678227
1.0,40.0,51.0,2.926114080316483,0.5753640803164828,25.0,-0.00026777021693617136,2.366594797632169e-6,0.00018503534839060896
1.0,41.0,51.0,2.926114080316483,0.7131140803164828,25.0,-0.00027422037409025713,2.4087591352398084e-6,0.00018426010436364273
2.0,1.0,51.0,5.9261140803164825,2.213114080316483,25.0,-0.003944049801210862,-0.012577832171390461,-0.002184896103096896
2.0,2.0,51.0,5.9261140803164825,2.350864080316483,25.0,-0.003260441237838378,-0.012583343417494185,-0.0016402688398005137
2.0,3.0,51.0,5.9261140803164825,2.488614080316483,25.0,-0.002576966086452077,-0.012587431873377356,-0.0010974661192528993
2.0,4.0,51.0,5.9261140803164825,2.626364080316483,25.0,-0.0018930556633880388,-0.012590102102604504,-0.0005559755559908852
2.0,5.0,51.0,5.926228160632966,2.7612108185127324,25.0,-0.0012226940546323723,-0.012591914546393489,-2.6576590080228828e-5
2.0,6.0,51.0,5.918185199544742,2.8141698042120584,25.0,-0.0009590878777333826,-0.012552005728483038,0.00017889484107270397
2.0,7.0,51.0,5.895170689293565,2.859335698724533,25.0,-0.0007341689245558994,-0.012437331851476446,0.0003500714099599656
2.0,8.0,51.0,5.859335698724533,2.8951706892935642,25.0,-0.0005557657441222911,-0.012258650084130098,0.0004819975027816036
2.0,9.0,51.0,5.814169804212058,2.918185199544742,25.0,-0.0004413434576439124,-0.012033451081824457,0.0005622437191214938
2.0,10.0,51.0,5.7612108185127315,2.9262281606329656,25.0,-0.0004016226005540242,-0.011769519927997118,0.0005833511307532296
2.0,11.0,51.0,5.1136140803164825,2.926114080316483,25.0,-0.0004061287984418232,-0.008549930856028934,0.00047405668132581693
2.0,12.0,51.0,4.463114080316483,2.926114080316483,25.0,-0.0004092292808093823,-0.0054214689379657715,0.000375976085862103
2.0,13.0,51.0,3.8126140803164827,2.926114080316483,25.0,-0.00041198045117426504,-0.0026276376325380163,0.0002845072812237034
2.0,14.0,51.0,3.1650173421202332,2.9262281606329656,25.0,-0.0004139966804371434,-0.0004329896018064133,0.00019643921038053173
2.0,15.0,51.0,3.112058356420907,2.918185199544742,25.0,-0.000436509327875093,-0.00028577924810559515,0.00018640935139791775
2.0,16.0,51.0,3.0668924619084326,2.8951706892935642,25.0,-0.000498363894360933,-0.0001647624051097408,0.00017403040322973046
2.0,17.0,51.0,3.0310574713394014,2.859335698724533,25.0,-0.0005911200066635112,-7.228812887951563e-5,0.00016170540068339087
2.0,18.0,51.0,3.0080429610882238,2.8141698042120584,25.0,-0.0007036207917503192,-1.5215137017301484e-5,0.00015234847158950287
2.0,19.0,51.0,3.0,2.7612108185127324,25.0,-0.0008302581156023655,3.85146929695953e-6,0.00014988642827731992
2.0,20.0,51.0,3.0001140803164827,2.113614080316483,25.0,-0.001973444711733591,2.278507718787713e-6,0.00015727149950404742
2.0,21.0,51.0,3.0001140803164827,1.4631140803164828,25.0,-0.0023644485102987892,5.661465655656387e-7,0.00015970157519474006
2.0,22.0,51.0,3.0001140803164827,0.8126140803164827,25.0,-0.0019662680934376996,-1.1373435328445798e-6,0.000157365149901069
2.0,23.0,51.0,3.0,0.16501734212023322,25.0,-0.0008256146384233978,-2.9682788146155143e-6,0.00014969184595354322
2.0,24.0,51.0,3.0080429610882238,0.11205835642090678,25.0,-0.0006995620834745711,1.60222599755415e-5,0.00015273711287159164
2.0,25.0,51.0,3.0310574713394014,0.06689246190843257,25.0,-0.0005876303732977677,7.286342850475336e-5,0.0001616129499133887
2.0,26.0,51.0,3.0668924619084326,0.0310574713394014,25.0,-0.0004953517628215862,0.00016488015508717634,0.0001736702318993201
2.0,27.0,51.0,3.112058356420907,0.008042961088223777,25.0,-0.00043381802342834963,0.00028524677744093814,0.0001860541606861108
2.0,28.0,51.0,3.1650173421202332,0.0,25.0,-0.000411412775485709,0.0004316452487620388,0.00019610524380104507
2.0,29.0,51.0,3.8126140803164827,0.0001140803164827453,25.0,-0.00040940733539790853,0.0026164335094181466,0.000283295873304094
2.0,30.0,51.0,4.463114080316483,0.0001140803164827453,25.0,-0.0004068043158208065,0.00539930558097074,0.00037397568595190956
2.0,31.0,51.0,5.1136140803164825,0.0001140803164827453,25.0,-0.0004037689559447933,0.008508551114744394,0.0004713690747580792
2.0,32.0,51.0,5.761210818512732,0.0,25.0,-0.00039928206218460755,0.011701560557836756,0.0005798859491197028
2.0,33.0,51.0,5.814169804212058,0.008042961088223777,25.0,-0.0004386507873487694,0.011963172442924833,0.0005589129208282264
2.0,34.0,51.0,5.859335698724533,0.0310574713394014,25.0,-0.000552062382999441,0.012186387851262066,0.00047919297462246577
2.0,35.0,51.0,5.895170689293565,0.06689246190843257,25.0,-0.0007288893777017841,0.012363493440126144,0.00034812923724029287
2.0,36.0,51.0,5.918185199544742,0.11205835642090678,25.0,-0.0009518213847397468,0.012477155004390027,0.00017806381688460803
2.0,37.0,51.0,5.926228160632966,0.16501734212023322,25.0,-0.0012130995977803307,0.012516710635913404,-2.6086862683440025e-5
2.0,38.0,51.0,5.9261140803164825,0.29986408031648293,25.0,-0.001877535441685659,0.012514905649654249,-0.0005521051382664822
2.0,39.0,51.0,5.9261140803164825,0.43761408031648275,25.0,-0.0025553937566479266,0.012512240337580971,-0.00109013757262925
2.0,40.0,51.0,5.9261140803164825,0.5753640803164828,25.0,-0.003232818692490616,0.012508159156004582,-0.001629473044637387
2.0,41.0,51.0,5.9261140803164825,0.7131140803164828,25.0,-0.003910375832046541,0.012502657322460581,-0.0021706203240332016
1.0,1.0,52.0,2.926114080316483,2.213114080316483,25.5,-0.0003009474667929977,-2.49622413093245e-6,0.00018502568447831594
1.0,2.0,52.0,2.926114080316483,2.350864080316483,25.5,-0.00029590007508519255,-2.4375257824376578e-6,0.00018620553986027353
1.0,3.0,52.0,2.926114080316483,2.488614080316483,25.5,-0.00029085174579995024,-2.4034669366478183e-6,0.0001874214740493013
1.0,4.0,52.0,2.926114080316483,2.626364080316483,25.5,-0.00028581491698006025,-2.384605080698094e-6,0.00018865775821059897
1.0,5.0,52.0,2.9262281606329656,2.7612108185127324,25.5,-0.0002809076072439833,-2.3809949236643907e-6,0.00018989306835858903
1.0,6.0,52.0,2.918185199544742,2.8141698042120584,25.5,-0.00027898918545973854,-2.0983736510409624e-6,0.00018998331651495223
1.0,7.0,52.0,2.8951706892935642,2.859335698724533,25.5,-0.00027735108658146537,-1.2870571608881578e-6,0.00018908548954287577
1.0,8.0,52.0,2.859335698724533,2.8951706892935642,25.5,-0.00027604527250220205,-1.618796446490477e-8,0.00018721439737019827
1.0,9.0,52.0,2.814169804212059,2.918185199544742,25.5,-0.0002752094165524473,1.6047997644797153e-6,0.00018448054164283214
1.0,10.0,52.0,2.761210818512732,2.9262281606329656,25.5,-0.0002749020561581298,3.5264270938271e-6,0.00018138384928852912
1.0,11.0,52.0,2.113614080316483,2.926114080316483,25.5,-0.0002747026626168532,2.4127110387680626e-5,0.0001421605395036018
1.0,12.0,52.0,1.4631140803164828,2.926114080316483,25.5,-0.00027433416030863035,3.07803276515689e-5,0.00010332291907630544
1.0,13.0,52.0,0.8126140803164827,2.926114080316483,25.5,-0.00027355841410435424,2.098232074052536e-5,6.410284434049413e-5
1.0,14.0,52.0,0.16501734212023322,2.9262281606329656,25.5,-0.00027220193803772656,1.3502689506799039e-6,2.4439593801988284e-5
1.0,15.0,52.0,0.11205835642090678,2.918185199544742,25.5,-0.00027181588589025917,-2.670095328160792e-7,2.1138454240799695e-5
1.0,16.0,52.0,0.06689246190843257,2.8951706892935642,25.5,-0.00027099495783879394,-1.5849649212491577e-6,1.8292127075155622e-5
1.0,17.0,52.0,0.0310574713394014,2.859335698724533,25.5,-0.00026983261769099044,-2.557764007942725e-6,1.6038207642494935e-5
1.0,18.0,52.0,0.008042961088223777,2.8141698042120584,25.5,-0.00026847283939753234,-3.0997560368216124e-6,1.4628898920252165e-5
1.0,19.0,52.0,0.0,2.7612108185127324,25.5,-0.00026699863087851074,-3.1801817026390995e-6,1.4235649299309855e-5
1.0,20.0,52.0,0.0001140803164827453,2.113614080316483,25.5,-0.00025383948819177396,-1.538081170927667e-6,1.5806555108193205e-5
1.0,21.0,52.0,0.0001140803164827453,1.4631140803164828,25.5,-0.00024921699120147097,-6.716299809789528e-10,1.639712274706257e-5
1.0,22.0,52.0,0.0001140803164827453,0.8126140803164827,25.5,-0.0002532600341354723,1.5384531713906258e-6,1.5817374407388788e-5
1.0,23.0,52.0,0.0,0.16501734212023322,25.5,-0.0002656594521749006,3.1856349491034283e-6,1.4259558742885544e-5
1.0,24.0,52.0,0.008042961088223777,0.11205835642090678,25.5,-0.00026705715239234626,3.1174277941483894e-6,1.4650473677687725e-5
1.0,25.0,52.0,0.0310574713394014,0.06689246190843257,25.5,-0.00026834938128907386,2.610502879372497e-6,1.605025804183026e-5
1.0,26.0,52.0,0.06689246190843257,0.0310574713394014,25.5,-0.00026945641587465806,1.6938316336661068e-6,1.8288109441481527e-5
1.0,27.0,52.0,0.11205835642090678,0.008042961088223777,25.5,-0.0002702409005667071,4.4866992565225904e-7,2.1113134028983556e-5
1.0,28.0,52.0,0.16501734212023322,0.0,25.5,-0.00027061424470040905,-1.0809271436256981e-6,2.4388120625740896e-5
1.0,29.0,52.0,0.8126140803164827,0.0001140803164827453,25.5,-0.0002719784107936263,-1.9530838877371414e-5,6.372449239030839e-5
1.0,30.0,52.0,1.4631140803164828,0.0001140803164827453,25.5,-0.00027276205923957604,-2.8260797604182967e-5,0.00010261318253822563
1.0,31.0,52.0,2.113614080316483,0.0001140803164827453,25.5,-0.00027313968491974173,-2.0933401042475756e-5,0.0001411115712981714
1.0,32.0,52.0,2.7612108185127324,0.0,25.5,-0.0002733507906941582,-4.1895832923026446e-8,0.00017999075027911113
1.0,33.0,52.0,2.814169804212059,0.008042961088223777,25.5,-0.00027366164584716353,1.896418203388954e-6,0.00018305851430179066
1.0,34.0,52.0,2.859335698724533,0.0310574713394014,25.5,-0.00027450546677439477,3.531209662286522e-6,0.00018576888161140449
1.0,35.0,52.0,2.8951706892935642,0.06689246190843257,25.5,-0.0002758240613241936,4.813081242224625e-6,0.00018761829370027343
1.0,36.0,52.0,2.918185199544742,0.11205835642090678,25.5,-0.00027747827767914693,5.630692051114225e-6,0.000188504684065505
1.0,37.0,52.0,2.9262281606329656,0.16501734212023322,25.5,-0.0002794122728018636,5.913642717309082e-6,0.00018842336447631096
1.0,38.0,52.0,2.926114080316483,0.29986408031648293,25.5,-0.00028436830041722903,5.907755693783048e-6,0.00018717784631501347
1.0,39.0,52.0,2.926114080316483,0.43761408031648275,25.5,-0.0002894554558920284,5.915465105188804e-6,0.0001859517713209584
1.0,40.0,52.0,2.926114080316483,0.5753640803164828,25.5,-0.00029455271737456726,5.933490670600544e-6,0.00018473922381426186
1.0,41.0,52.0,2.926114080316483,0.7131140803164828,25.5,-0.00029964891670906447,5.972841666850106e-6,0.00018356559890386333
2.0,1.0,52.0,5.9261140803164825,2.213114080316483,25.5,-0.004332232113347332,-0.014524779749913811,-0.002102505029177843
2.0,2.0,52.0,5.9261140803164825,2.350864080316483,25.5,-0.0035857289993185483,-0.014531318093784175,-0.0015767465600110189
2.0,3.0,52.0,5.9261140803164825,2.488614080316483,25.5,-0.0028391144083634813,-0.014536159509623581,-0.001052751456243928
2.0,4.0,52.0,5.9261140803164825,2.626364080316483,25.5,-0.002092812507285552,-0.01453932218575161,-0.0005300097670471717
2.0,5.0,52.0,5.926228160632966,2.7612108185127324,25.5,-0.0013629986388056662,-0.01454142493905654,-1.89134840731289e-5
2.0,6.0,52.0,5.918185199544742,2.8141698042120584,25.5,-0.0010767420336017033,-0.01449810265688974,0.00017939725892236465
2.0,7.0,52.0,5.895170689293565,2.859335698724533,25.5,-0.0008329987877042081,-0.014373813590744017,0.000344503183689844
2.0,8.0,52.0,5.859335698724533,2.8951706892935642,25.5,-0.0006400776637527282,-0.014180518945425484,0.00047165853850435094
2.0,9.0,52.0,5.814169804212058,2.918185199544742,25.5,-0.0005166209671664372,-0.013937355099191445,0.0005489118003590386
2.0,10.0,52.0,5.7612108185127315,2.9262281606329656,25.5,-0.0004739129195327007,-0.013652840455338454,0.0005691097949002246
2.0,11.0,52.0,5.1136140803164825,2.926114080316483,25.5,-0.00047990507942656204,-0.010188421493576107,0.00046197708857772255
2.0,12.0,52.0,4.463114080316483,2.926114080316483,25.5,-0.0004840178103271741,-0.00672140691133642,0.00036567515591026
2.0,13.0,52.0,3.8126140803164827,2.926114080316483,25.5,-0.00048739668290389995,-0.003425846061972129,0.00027577710730280016
2.0,14.0,52.0,3.1650173421202332,2.9262281606329656,25.5,-0.0004901486373056707,-0.0005964180951513906,0.00018920914007548403
2.0,15.0,52.0,3.112058356420907,2.918185199544742,25.5,-0.0005207747374041132,-0.0003965573284440025,0.00017957587212227722
2.0,16.0,52.0,3.0668924619084326,2.8951706892935642,25.5,-0.0006055484250266916,-0.00023064097864762442,0.00016792948247392196
2.0,17.0,52.0,3.0310574713394014,2.859335698724533,25.5,-0.0007337278616396038,-0.00010265260214318321,0.00015682187780773267
2.0,18.0,52.0,3.0080429610882238,2.8141698042120584,25.5,-0.0008903867457564527,-2.28965202468221e-5,0.0001487975315447914
2.0,19.0,52.0,3.0,2.7612108185127324,25.5,-0.0010680192218109784,4.018422665466282e-6,0.00014553171871803318
2.0,20.0,52.0,3.0001140803164827,2.113614080316483,25.5,-0.0027305598995148992,2.3511854645243285e-6,0.000152263099223121
2.0,21.0,52.0,3.0001140803164827,1.4631140803164828,25.5,-0.003312458037293447,4.7548321322158776e-7,0.00015428243751784446
2.0,22.0,52.0,3.0001140803164827,0.8126140803164827,25.5,-0.0027241836574229705,-1.471531397069038e-6,0.00015220143861007987
2.0,23.0,52.0,3.0,0.16501734212023322,25.5,-0.001062667883141292,-3.14247004372808e-6,0.00014539029745525673
2.0,24.0,52.0,3.0080429610882238,0.11205835642090678,25.5,-0.0008856418893917654,2.3662829777379005e-5,0.0001483210845099053
2.0,25.0,52.0,3.0310574713394014,0.06689246190843257,25.5,-0.0007295787772349834,0.00010307776532500391,0.00015657309133595293
2.0,26.0,52.0,3.0668924619084326,0.0310574713394014,25.5,-0.0006019353004584971,0.0002305192777539844,0.00016774171778773567
2.0,27.0,52.0,3.112058356420907,0.008042961088223777,25.5,-0.0005175393069932306,0.0003957035743115391,0.00017926014520186818
2.0,28.0,52.0,3.1650173421202332,0.0,25.5,-0.00048705589601460124,0.000594647205954346,0.00018877660821379206
2.0,29.0,52.0,3.8126140803164827,0.0001140803164827453,25.5,-0.00048431740714575624,0.0034094166665344593,0.00027462211288751626
2.0,30.0,52.0,4.463114080316483,0.0001140803164827453,25.5,-0.00048099692435501525,0.00668783043721965,0.000363773224400547
2.0,31.0,52.0,5.1136140803164825,0.0001140803164827453,25.5,-0.00047694999195385765,0.010133572869794537,0.000459341809026076
2.0,32.0,52.0,5.761210818512732,0.0,25.5,-0.0004709943177857603,0.013572115215680147,0.0005656750950318875
2.0,33.0,52.0,5.814169804212058,0.008042961088223777,25.5,-0.0005133609856436094,0.013854371039159272,0.0005456070665062131
2.0,34.0,52.0,5.859335698724533,0.0310574713394014,25.5,-0.0006358305376035319,0.014095594999276205,0.00046886835129831964
2.0,35.0,52.0,5.895170689293565,0.06689246190843257,25.5,-0.0008272037671819318,0.014287340971856771,0.0003425592175326625
2.0,36.0,52.0,5.918185199544742,0.11205835642090678,25.5,-0.0010689849800501767,0.014410630490398459,0.0001785472203868152
2.0,37.0,52.0,5.926228160632966,0.16501734212023322,25.5,-0.0013529302820129176,0.014453602702347646,-1.8458842964413484e-5
2.0,38.0,52.0,5.9261140803164825,0.29986408031648293,25.5,-0.0020768217444977043,0.014451509966472894,-0.0005262096184985784
2.0,39.0,52.0,5.9261140803164825,0.43761408031648275,25.5,-0.0028170390936010045,0.014448356204729942,-0.001045529552280529
2.0,40.0,52.0,5.9261140803164825,0.5753640803164828,25.5,-0.003557555160712014,0.01444352769572792,-0.0015660936828175939
2.0,41.0,52.0,5.9261140803164825,0.7131140803164828,25.5,-0.004297964521166719,0.014437006334907328,-0.002088407889373933
1.0,1.0,53.0,2.926114080316483,2.213114080316483,26.0,-0.000327209463615732,-7.181157598971867e-6,0.00018415866389626475
1.0,2.0,53.0,2.926114080316483,2.350864080316483,26.0,-0.00032334895423812634,-7.115867513648153e-6,0.00018557092598076404
1.0,3.0,53.0,2.926114080316483,2.488614080316483,26.0,-0.000319508126500908,-7.063115109204267e-6,0.00018699677740866485
1.0,4.0,53.0,2.926114080316483,2.626364080316483,26.0,-0.0003156873560044781,-7.027071499015957e-6,0.00018847691400905733
1.0,5.0,53.0,2.9262281606329656,2.7612108185127324,26.0,-0.00031197086299838186,-7.017668114706982e-6,0.00019004230044129868
1.0,6.0,53.0,2.918185199544742,2.8141698042120584,26.0,-0.00031052116171979746,-6.79508404679701e-6,0.00019014733801355017
1.0,7.0,53.0,2.8951706892935642,2.859335698724533,26.0,-0.00030928830801697885,-6.160567946144255e-6,0.00018923332401959403
1.0,8.0,53.0,2.859335698724533,2.8951706892935642,26.0,-0.0003083106526704031,-5.175799378121331e-6,0.00018747295163145346
1.0,9.0,53.0,2.814169804212059,2.918185199544742,26.0,-0.00030767441359064775,-3.9407053778886804e-6,0.00018507513538705678
1.0,10.0,53.0,2.761210818512732,2.9262281606329656,26.0,-0.000307445764701335,-2.4947476001989357e-6,0.0001818719476007969
1.0,11.0,53.0,2.113614080316483,2.926114080316483,26.0,-0.0003072999007217579,1.317795752962241e-5,0.00014317625544695684
1.0,12.0,53.0,1.4631140803164828,2.926114080316483,26.0,-0.00030692676133239866,1.904919507633155e-5,0.00010516603547842338
1.0,13.0,53.0,0.8126140803164827,2.926114080316483,26.0,-0.0003061058988555957,1.285240394739521e-5,6.712531049248751e-5
1.0,14.0,53.0,0.16501734212023322,2.9262281606329656,26.0,-0.0003047136845591798,-6.452934738120057e-7,2.8748247793733442e-5
1.0,15.0,53.0,0.11205835642090678,2.918185199544742,26.0,-0.00030440346161138087,-1.7413394006498714e-6,2.5545568127478026e-5
1.0,16.0,53.0,0.06689246190843257,2.8951706892935642,26.0,-0.00030380407136593743,-2.6150518650373367e-6,2.2777594651102714e-5
1.0,17.0,53.0,0.0310574713394014,2.859335698724533,26.0,-0.0003029799601113194,-3.2418006340700865e-6,2.0582719427228474e-5
1.0,18.0,53.0,0.008042961088223777,2.8141698042120584,26.0,-0.00030202814896385506,-3.568405452921696e-6,1.921049219125956e-5
1.0,19.0,53.0,0.0,2.7612108185127324,26.0,-0.00030100146078212964,-3.5726217712764663e-6,1.8831274099535776e-5
1.0,20.0,53.0,0.0001140803164827453,2.113614080316483,26.0,-0.0002915229497115936,-1.7689096395164631e-6,2.0363281762691546e-5
1.0,21.0,53.0,0.0001140803164827453,1.4631140803164828,26.0,-0.000288004972237528,1.2217044474479983e-8,2.0918951464391343e-5
1.0,22.0,53.0,0.0001140803164827453,0.8126140803164827,26.0,-0.00029081438116640326,1.7950170910335597e-6,2.0382088814739135e-5
1.0,23.0,53.0,0.0,0.16501734212023322,26.0,-0.0002994347718496513,3.603476097185332e-6,1.8871035709634186e-5
1.0,24.0,53.0,0.008042961088223777,0.11205835642090678,26.0,-0.0003003793326271202,3.6122835041325725e-6,1.92484657558442e-5
1.0,25.0,53.0,0.0310574713394014,0.06689246190843257,26.0,-0.0003012591962703045,3.322933639415968e-6,2.061154991484807e-5
1.0,26.0,53.0,0.06689246190843257,0.0310574713394014,26.0,-0.00030202484009397645,2.75540829102191e-6,2.2790627944016186e-5
1.0,27.0,53.0,0.11205835642090678,0.008042961088223777,26.0,-0.0003025859719584883,1.9579541536990742e-6,2.5537489610060614e-5
1.0,28.0,53.0,0.16501734212023322,0.0,26.0,-0.00030288291022446436,9.531024591269657e-7,2.8714187898334644e-5
1.0,29.0,53.0,0.8126140803164827,0.0001140803164827453,26.0,-0.0003042825078049893,-1.1355323880201078e-5,6.676672607029403e-5
1.0,30.0,53.0,1.4631140803164828,0.0001140803164827453,26.0,-0.00030511175570029395,-1.651626111838796e-5,0.00010447908500654656
1.0,31.0,53.0,2.113614080316483,0.0001140803164827453,26.0,-0.0003054951758016695,-1.0018795433039973e-5,0.00014215498850094074
1.0,32.0,53.0,2.7612108185127324,0.0,26.0,-0.00030565280426575735,5.888076024838619e-6,0.00018051063458147614
1.0,33.0,53.0,2.814169804212059,0.008042961088223777,26.0,-0.00030588438552881745,7.345601501510574e-6,0.0001836885152726964
1.0,34.0,53.0,2.859335698724533,0.0310574713394014,26.0,-0.00030652696659752945,8.590139903888842e-6,0.00018606961195655978
1.0,35.0,53.0,2.8951706892935642,0.06689246190843257,26.0,-0.0003075135097770834,9.581556653735041e-6,0.00018782496253338558
1.0,36.0,53.0,2.918185199544742,0.11205835642090678,26.0,-0.0003087573803131071,1.0219453363967033e-5,0.00018874174838428215
1.0,37.0,53.0,2.9262281606329656,0.16501734212023322,26.0,-0.0003102216820654072,1.0441846819683617e-5,0.00018864255210667365
1.0,38.0,53.0,2.926114080316483,0.29986408031648293,26.0,-0.00031397004630736745,1.0443496578607998e-5,0.00018712711733237424
1.0,39.0,53.0,2.926114080316483,0.43761408031648275,26.0,-0.0003178231741645703,1.0467473926557198e-5,0.00018568877971943614
1.0,40.0,53.0,2.926114080316483,0.5753640803164828,26.0,-0.0003216965736368696,1.0505581882007803e-5,0.00018431066571132412
1.0,41.0,53.0,2.926114080316483,0.7131140803164828,26.0,-0.00032558934379141194,1.0552671927661294e-5,0.0001829473454055461
2.0,1.0,53.0,5.9261140803164825,2.213114080316483,26.0,-0.004738640881633623,-0.016396839916844375,-0.0020062590640992297
2.0,2.0,53.0,5.9261140803164825,2.350864080316483,26.0,-0.003926089037711635,-0.016404355880758323,-0.001502781418553222
2.0,3.0,53.0,5.9261140803164825,2.488614080316483,26.0,-0.003113282451002215,-0.01640990434669958,-0.0010009397876486069
2.0,4.0,53.0,5.9261140803164825,2.626364080316483,26.0,-0.002301272466202914,-0.016413513092626193,-0.0005002364912797265
2.0,5.0,53.0,5.926228160632966,2.7612108185127324,26.0,-0.001508161170893646,-0.01641585997839774,-1.0625322039856148e-5
2.0,6.0,53.0,5.918185199544742,2.8141698042120584,26.0,-0.0011974864417277223,-0.016368835820899603,0.00017908858427734405
2.0,7.0,53.0,5.895170689293565,2.859335698724533,26.0,-0.0009332415605574917,-0.016234060598285405,0.00033666032410472127
2.0,8.0,53.0,5.859335698724533,2.8951706892935642,26.0,-0.0007243331250379043,-0.016024673425968698,0.00045775695054767315
2.0,9.0,53.0,5.814169804212058,2.918185199544742,26.0,-0.0005908097687972813,-0.015761520283662286,0.0005311532588380005
2.0,10.0,53.0,5.7612108185127315,2.9262281606329656,26.0,-0.0005447206936911087,-0.015453867613596224,0.0005502283146615156
2.0,11.0,53.0,5.1136140803164825,2.926114080316483,26.0,-0.0005520362272400888,-0.011706644033768117,0.000447125480029021
2.0,12.0,53.0,4.463114080316483,2.926114080316483,26.0,-0.0005568469209997135,-0.007879287015105792,0.000353818140560604
2.0,13.0,53.0,3.8126140803164827,2.926114080316483,26.0,-0.0005606461149561659,-0.004106460270609864,0.00026634136342602784
2.0,14.0,53.0,3.1650173421202332,2.9262281606329656,26.0,-0.0005635486387650818,-0.0007309468399427207,0.00018140447369668477
2.0,15.0,53.0,3.112058356420907,2.918185199544742,26.0,-0.0006007937849501916,-0.0004875138134764914,0.00017251395780184433
2.0,16.0,53.0,3.0668924619084326,2.8951706892935642,26.0,-0.0007043481946014579,-0.0002847339631043639,0.0001624055225637888
2.0,17.0,53.0,3.0310574713394014,2.859335698724533,26.0,-0.0008614324769297047,-0.00012784188699469523,0.0001527706906084729
2.0,18.0,53.0,3.0080429610882238,2.8141698042120584,26.0,-0.0010539664879044783,-2.9824918473683053e-5,0.00014565023032127056
2.0,19.0,53.0,3.0,2.7612108185127324,26.0,-0.0012728161529870822,3.3893474190260277e-6,0.00014330966756372003
2.0,20.0,53.0,3.0001140803164827,2.113614080316483,26.0,-0.0033486929339739163,2.2202111828222734e-6,0.00014801555981515242
2.0,21.0,53.0,3.0001140803164827,1.4631140803164828,26.0,-0.0040816781398029444,3.592157829006066e-7,0.0001496024894015128
2.0,22.0,53.0,3.0001140803164827,0.8126140803164827,26.0,-0.003342299055220908,-1.5013793959368104e-6,0.00014792056431219266
2.0,23.0,53.0,3.0,0.16501734212023322,26.0,-0.0012670268092707117,-2.730336383106248e-6,0.00014304195415475467
2.0,24.0,53.0,3.0080429610882238,0.11205835642090678,26.0,-0.0010487479709639326,3.0401570998104802e-5,0.00014552343727665894
2.0,25.0,53.0,3.0310574713394014,0.06689246190843257,26.0,-0.0008567907594503848,0.0001281372212854949,0.00015244959883677054
2.0,26.0,53.0,3.0668924619084326,0.0310574713394014,26.0,-0.0007002299290273393,0.0002844998586384475,0.00016197767964289488
2.0,27.0,53.0,3.112058356420907,0.008042961088223777,26.0,-0.0005970533731239491,0.000486519305429908,0.00017208579949455055
2.0,28.0,53.0,3.1650173421202332,0.0,26.0,-0.0005599532134228068,0.0007289666437802105,0.00018094844213090806
2.0,29.0,53.0,3.8126140803164827,0.0001140803164827453,26.0,-0.0005570509718497427,0.004087082277921831,0.00026520500247038926
2.0,30.0,53.0,4.463114080316483,0.0001140803164827453,26.0,-0.0005532842559495435,0.007837834622973628,0.00035198322600532296
2.0,31.0,53.0,5.1136140803164825,0.0001140803164827453,26.0,-0.0005485147684614828,0.011640567879554009,0.00044456184879294224
2.0,32.0,53.0,5.761210818512732,0.0,26.0,-0.0005412442467210482,0.015360866580060783,0.0005468768958080828
2.0,33.0,53.0,5.814169804212058,0.008042961088223777,26.0,-0.0005869857071233397,0.015666210017755366,0.0005279248551564976
2.0,34.0,53.0,5.859335698724533,0.0310574713394014,26.0,-0.0007195011715542834,0.015927380103630276,0.0004550211935948397
2.0,35.0,53.0,5.895170689293565,0.06689246190843257,26.0,-0.0009268275474554452,0.01613518331833498,0.0003347403241664592
2.0,36.0,53.0,5.918185199544742,0.11205835642090678,26.0,-0.001189064643893946,0.016268935229743604,0.00017823003270820797
2.0,37.0,53.0,5.926228160632966,0.16501734212023322,26.0,-0.0014973707578493254,0.016315600608572938,-1.0208181517398347e-5
2.0,38.0,53.0,5.9261140803164825,0.29986408031648293,26.0,-0.0022844029290706174,0.016313265313688194,-0.0004965331120887888
2.0,39.0,53.0,5.9261140803164825,0.43761408031648275,26.0,-0.0030901568331399847,0.01630966891255236,-0.0009938761292223343
2.0,40.0,53.0,5.9261140803164825,0.5753640803164828,26.0,-0.0038966869883417673,0.016304138793354874,-0.0014923491754146787
2.0,41.0,53.0,5.9261140803164825,0.7131140803164828,26.0,-0.004702968671186082,0.016296647388463766,-0.001992445714697862
1.0,1.0,54.0,2.926114080316483,2.213114080316483,26.5,-0.00035244751564743196,-1.2474423060161023e-5,0.00018328642826451574
1.0,2.0,54.0,2.926114080316483,2.350864080316483,26.5,-0.0003498200642895317,-1.2403942794181462e-5,0.00018479798834340847
1.0,3.0,54.0,2.926114080316483,2.488614080316483,26.5,-0.00034721942382514556,-1.2338152657047915e-5,0.00018633805265181602
1.0,4.0,54.0,2.926114080316483,2.626364080316483,26.5,-0.0003446352745065737,-1.2275616014072448e-5,0.00018792353994120085
1.0,5.0,54.0,2.9262281606329656,2.7612108185127324,26.5,-0.000342122267876067,-1.2213293128375547e-5,0.00018951817714204174
1.0,6.0,54.0,2.918185199544742,2.8141698042120584,26.5,-0.00034114758598466404,-1.2039876342090342e-5,0.00018970654904837454
1.0,7.0,54.0,2.8951706892935642,2.859335698724533,26.5,-0.0003403275792416117,-1.1600224804070206e-5,0.0001889304382520528
1.0,8.0,54.0,2.859335698724533,2.8951706892935642,26.5,-0.0003396858624888941,-1.0935969138253612e-5,0.00018725006646914992
1.0,9.0,54.0,2.814169804212059,2.918185199544742,26.5,-0.00033928474300128563,-1.010953603155475e-5,0.0001848017006798478
1.0,10.0,54.0,2.761210818512732,2.9262281606329656,26.5,-0.0003391557459250545,-9.149527113877855e-6,0.00018178932216749135
1.0,11.0,54.0,2.113614080316483,2.926114080316483,26.5,-0.0003391325482056688,1.3591983020990328e-6,0.00014402650823280863
1.0,12.0,54.0,1.4631140803164828,2.926114080316483,26.5,-0.0003387234398937106,6.100209831773967e-6,0.00010707121697827879
1.0,13.0,54.0,0.8126140803164827,2.926114080316483,26.5,-0.0003378292206614247,3.7275001628784086e-6,7.029716504751528e-5
1.0,14.0,54.0,0.16501734212023322,2.9262281606329656,26.5,-0.0003363501375730477,-2.805284148809889e-6,3.325416504749633e-5
1.0,15.0,54.0,0.11205835642090678,2.918185199544742,26.5,-0.00033612304554770246,-3.3032270960872215e-6,3.015186347511127e-5
1.0,16.0,54.0,0.06689246190843257,2.8951706892935642,26.5,-0.00033577475814471167,-3.6679935154083607e-6,2.7465414307507215e-5
1.0,17.0,54.0,0.0310574713394014,2.859335698724533,26.5,-0.0003353403336552473,-3.8944231275483235e-6,2.5334627317902053e-5
1.0,18.0,54.0,0.008042961088223777,2.8141698042120584,26.5,-0.00033487049570818655,-3.9667197665875685e-6,2.400525243589176e-5
1.0,19.0,54.0,0.0,2.7612108185127324,26.5,-0.0003343919609022183,-3.87906540585515e-6,2.3647090409790615e-5
1.0,20.0,54.0,0.0001140803164827453,2.113614080316483,26.5,-0.00033006101403315933,-1.93882493585113e-6,2.5231532780034445e-5
1.0,21.0,54.0,0.0001140803164827453,1.4631140803164828,26.5,-0.0003283270049958098,2.784339587635894e-8,2.5790893066978742e-5
1.0,22.0,54.0,0.0001140803164827453,0.8126140803164827,26.5,-0.00032921568605117003,1.996075663851787e-6,2.5257787714475315e-5
1.0,23.0,54.0,0.0,0.16501734212023322,26.5,-0.00033259542912260646,3.940679768036226e-6,2.370140972069516e-5
1.0,24.0,54.0,0.008042961088223777,0.11205835642090678,26.5,-0.00033298759385523195,4.041958180941264e-6,2.405830717749664e-5
1.0,25.0,54.0,0.0310574713394014,0.06689246190843257,26.5,-0.0003333824004811966,4.008441396985756e-6,2.5378980318614778e-5
1.0,26.0,54.0,0.06689246190843257,0.0310574713394014,26.5,-0.00033375633320060225,3.843204145931516e-6,2.749435936342604e-5
1.0,27.0,54.0,0.11205835642090678,0.008042961088223777,26.5,-0.0003340653292774153,3.5566457749772276e-6,3.0160033482453886e-5
1.0,28.0,54.0,0.16501734212023322,0.0,26.5,-0.00033427885428052964,3.151545461984675e-6,3.323666549727528e-5
1.0,29.0,54.0,0.8126140803164827,0.0001140803164827453,26.5,-0.00033576536663486447,-2.2151884219395258e-6,6.995897686152204e-5
1.0,30.0,54.0,1.4631140803164828,0.0001140803164827453,26.5,-0.00033666875350816855,-3.62452426454634e-6,0.00010640906482564767
1.0,31.0,54.0,2.113614080316483,0.0001140803164827453,26.5,-0.0003370890981876757,1.653732055879091e-6,0.00014303480378914343
1.0,32.0,54.0,2.7612108185127324,0.0,26.5,-0.0003371255707186594,1.2309244224442422e-5,0.0001804621590431951
1.0,33.0,54.0,2.814169804212059,0.008042961088223777,26.5,-0.0003372564557738392,1.32737801292168e-5,0.0001834515965416586
1.0,34.0,54.0,2.859335698724533,0.0310574713394014,26.5,-0.00033766070868906527,1.410369463544137e-5,0.00018589026747167255
1.0,35.0,54.0,2.8951706892935642,0.06689246190843257,26.5,-0.0003383070889323663,1.4770536837982933e-5,0.0001875716355489343
1.0,36.0,54.0,2.918185199544742,0.11205835642090678,26.5,-0.0003391327381445223,1.5211126602324228e-5,0.00018836211819953558
1.0,37.0,54.0,2.9262281606329656,0.16501734212023322,26.5,-0.00034011259998425846,1.5382881292413662e-5,0.0001882048381284913
1.0,38.0,54.0,2.926114080316483,0.29986408031648293,26.5,-0.0003426405015836278,1.543703249800379e-5,0.00018668750609402218
1.0,39.0,54.0,2.926114080316483,0.43761408031648275,26.5,-0.00034523968731725146,1.548875449276443e-5,0.00018518720465086498
1.0,40.0,54.0,2.926114080316483,0.5753640803164828,26.5,-0.000347855153226793,1.5540382535365445e-5,0.00018373174360780946
1.0,41.0,54.0,2.926114080316483,0.7131140803164828,26.5,-0.0003504977325601984,1.5593824144129783e-5,0.00018230755447684436
2.0,1.0,54.0,5.9261140803164825,2.213114080316483,26.5,-0.005195998627764899,-0.01818173746444515,-0.001897005755005567
2.0,2.0,54.0,5.9261140803164825,2.350864080316483,26.5,-0.004308029021699266,-0.0181901519965723,-0.001419092070568134
2.0,3.0,54.0,5.9261140803164825,2.488614080316483,26.5,-0.0034198214432347813,-0.018196337452199344,-0.0009426485886932581
2.0,4.0,54.0,5.9261140803164825,2.626364080316483,26.5,-0.0025324830963767073,-0.01820032470944685,-0.00046720070273645266
2.0,5.0,54.0,5.926228160632966,2.7612108185127324,26.5,-0.0016657338865165667,-0.018202854792232496,-2.2118946429738967e-6
2.0,6.0,54.0,5.918185199544742,2.8141698042120584,26.5,-0.0013261847173917129,-0.018151424702072736,0.00017760721004349246
2.0,7.0,54.0,5.895170689293565,2.859335698724533,26.5,-0.001037375462374374,-0.01800407263908257,0.0003264637391184877
2.0,8.0,54.0,5.859335698724533,2.8951706892935642,26.5,-0.0008090430584005989,-0.01777514683581798,0.0004405367494020851
2.0,9.0,54.0,5.814169804212058,2.918185199544742,26.5,-0.0006631088724819792,-0.017487416083255658,0.0005094726249861329
2.0,10.0,54.0,5.7612108185127315,2.9262281606329656,26.5,-0.0006127659368582376,-0.017150984736536652,0.0005273008909427393
2.0,11.0,54.0,5.1136140803164825,2.926114080316483,26.5,-0.0006213013935188542,-0.013045319030420164,0.000429737456759908
2.0,12.0,54.0,4.463114080316483,2.926114080316483,26.5,-0.0006268270122191363,-0.00882193476533212,0.00034055469029273684
2.0,13.0,54.0,3.8126140803164827,2.926114080316483,26.5,-0.0006309704365806617,-0.004617239096060332,0.0002564048473775524
2.0,14.0,54.0,3.1650173421202332,2.9262281606329656,26.5,-0.0006338345746720934,-0.0008245387051364984,0.00017373320598006883
2.0,15.0,54.0,3.112058356420907,2.918185199544742,26.5,-0.0006757439595991197,-0.0005503541815827374,0.00016562258590400075
2.0,16.0,54.0,3.0668924619084326,2.8951706892935642,26.5,-0.0007923450624041547,-0.00032195043938569487,0.00015708139662533197
2.0,17.0,54.0,3.0310574713394014,2.859335698724533,26.5,-0.000969228318353885,-0.0001452291849607909,0.00014942780359776943
2.0,18.0,54.0,3.0080429610882238,2.8141698042120584,26.5,-0.0011859986623181326,-3.480948422962456e-5,0.0001440648644127677
2.0,19.0,54.0,3.0,2.7612108185127324,26.5,-0.001432343589608056,2.617120017496295e-6,0.00014197582469425038
2.0,20.0,54.0,3.0001140803164827,2.113614080316483,26.5,-0.003764003801920698,1.7222219677349571e-6,0.00014462369926982634
2.0,21.0,54.0,3.0001140803164827,1.4631140803164828,26.5,-0.004585313620461639,2.636831407785278e-7,0.00014562617067393236
2.0,22.0,54.0,3.0001140803164827,0.8126140803164827,26.5,-0.0037573115178581706,-1.2110548537270517e-6,0.00014449180008254658
2.0,23.0,54.0,3.0,0.16501734212023322,26.5,-0.0014259902743015483,-2.1154920073877516e-6,0.00014169947753288198
2.0,24.0,54.0,3.0080429610882238,0.11205835642090678,26.5,-0.0011802332790660762,3.521529173391713e-5,0.00014367724485901025
2.0,25.0,54.0,3.0310574713394014,0.06689246190843257,26.5,-0.0009640543522573025,0.00014532339346913045,0.00014909607120637157
2.0,26.0,54.0,3.0668924619084326,0.0310574713394014,26.5,-0.0007877123232500404,0.00032150374933772615,0.00015673549423804656
2.0,27.0,54.0,3.112058356420907,0.008042961088223777,26.5,-0.0006715031110843973,0.000549143368422755,0.00016519037648048848
2.0,28.0,54.0,3.1650173421202332,0.0,26.5,-0.0006297448162319759,0.0008223300079696397,0.00017323611773134687
2.0,29.0,54.0,3.8126140803164827,0.0001140803164827453,26.5,-0.000626870813941233,0.00459630987343479,0.00025529072575835205
2.0,30.0,54.0,4.463114080316483,0.0001140803164827453,26.5,-0.0006227471740909626,0.008775484159990701,0.0003387754509571246
2.0,31.0,54.0,5.1136140803164825,0.0001140803164827453,26.5,-0.0006172539945304854,0.012970462819581415,0.0004272555661264721
2.0,32.0,54.0,5.761210818512732,0.0,26.5,-0.0006087664929691747,0.017046393238437346,0.0005240654778888901
2.0,33.0,54.0,5.814169804212058,0.008042961088223777,26.5,-0.000658734190310788,0.01738032759794368,0.0005063531283509153
2.0,34.0,54.0,5.859335698724533,0.0310574713394014,26.5,-0.0008035824381622412,0.017665920238417124,0.0004378850723289469
2.0,35.0,54.0,5.895170689293565,0.06689246190843257,26.5,-0.0010302144583312855,0.017893142626636684,0.00032459156316476634
2.0,36.0,54.0,5.918185199544742,0.11205835642090678,26.5,-0.0013168704232513417,0.018039396496247775,0.00017675589597873626
2.0,37.0,54.0,5.926228160632966,0.16501734212023322,26.5,-0.001653883985280478,0.01809044200675426,-1.8267598702244503e-6
2.0,38.0,54.0,5.9261140803164825,0.29986408031648293,26.5,-0.002514141895779312,0.01808792429030499,-0.00046361510026054863
2.0,39.0,54.0,5.9261140803164825,0.43761408031648275,26.5,-0.0033948138014638926,0.018083952053124866,-0.0009357908145984362
2.0,40.0,54.0,5.9261140803164825,0.5753640803164828,26.5,-0.004276337918841019,0.018077789795481376,-0.0014089548059961058
2.0,41.0,54.0,5.9261140803164825,0.7131140803164828,26.5,-0.005157628314496915,0.01806940683089094,-0.0018835777534137782
1.0,1.0,55.0,2.926114080316483,2.213114080316483,27.0,-0.0003755874095351758,-1.7910348612312716e-5,0.00018240126900377962
1.0,2.0,55.0,2.926114080316483,2.350864080316483,27.0,-0.00037441075805484355,-1.7833083762873008e-5,0.00018389663412059375
1.0,3.0,55.0,2.926114080316483,2.488614080316483,27.0,-0.00037326822971860195,-1.7749524892849494e-5,0.00018541383385370665
1.0,4.0,55.0,2.926114080316483,2.626364080316483,27.0,-0.0003721448274113037,-1.7659565693616768e-5,0.00018697026562989566
1.0,5.0,55.0,2.9262281606329656,2.7612108185127324,27.0,-0.00037106008366080944,-1.7568874275298857e-5,0.00018857082601555456
1.0,6.0,55.0,2.918185199544742,2.8141698042120584,27.0,-0.00037064712686899983,-1.7468325106799503e-5,0.00018875605501567728
1.0,7.0,55.0,2.8951706892935642,2.859335698724533,27.0,-0.00037030957452731925,-1.725539125918548e-5,0.00018799199478332143
1.0,8.0,55.0,2.859335698724533,2.8951706892935642,27.0,-0.0003700557719441766,-1.695127607017736e-5,0.0001863966350389936
1.0,9.0,55.0,2.814169804212059,2.918185199544742,27.0,-0.0003699050327554097,-1.6588342392638297e-5,0.00018412999566043276
1.0,10.0,55.0,2.761210818512732,2.9262281606329656,27.0,-0.00036987124451071064,-1.61787413210947e-5,0.00018116941113039846
1.0,11.0,55.0,2.113614080316483,2.926114080316483,27.0,-0.00036996802114243446,-1.1502849235100424e-5,0.0001446549864070119
1.0,12.0,55.0,1.4631140803164828,2.926114080316483,27.0,-0.00036956461069478566,-8.30973630818706e-6,0.00010898549231957537
1.0,13.0,55.0,0.8126140803164827,2.926114080316483,27.0,-0.0003686083316379913,-6.634828693020998e-6,7.360683552502048e-5
1.0,14.0,55.0,0.16501734212023322,2.9262281606329656,27.0,-0.00036704100092714386,-5.261885433692904e-6,3.801244064815777e-5
1.0,15.0,55.0,0.11205835642090678,2.918185199544742,27.0,-0.0003669120675689851,-5.057120385069446e-6,3.502128141032929e-5
1.0,16.0,55.0,0.06689246190843257,2.8951706892935642,27.0,-0.00036686132135327717,-4.819423943909373e-6,3.2420624520276596e-5
1.0,17.0,55.0,0.0310574713394014,2.859335698724533,27.0,-0.0003668936500085413,-4.566868678418545e-6,3.03536222074599e-5
1.0,18.0,55.0,0.008042961088223777,2.8141698042120584,27.0,-0.0003670098663977386,-4.330697330969344e-6,2.9065196118895985e-5
1.0,19.0,55.0,0.0,2.7612108185127324,27.0,-0.0003672106927528044,-4.130410318945893e-6,2.8727149892790804e-5
1.0,20.0,55.0,0.0001140803164827453,2.113614080316483,27.0,-0.00036980188797615583,-2.0659537525324154e-6,3.0396328037223014e-5
1.0,21.0,55.0,0.0001140803164827453,1.4631140803164828,27.0,-0.0003706575521068426,4.597871344501578e-8,3.097841251556795e-5
1.0,22.0,55.0,0.0001140803164827453,0.8126140803164827,27.0,-0.0003688140721979324,2.159339721196792e-6,3.042948014700673e-5
1.0,23.0,55.0,0.0,0.16501734212023322,27.0,-0.0003651839606489711,4.2277938208169874e-6,2.8794979685232894e-5
1.0,24.0,55.0,0.008042961088223777,0.11205835642090678,27.0,-0.00036489367869634796,4.442136962473902e-6,2.9132276921968353e-5
1.0,25.0,55.0,0.0310574713394014,0.06689246190843257,27.0,-0.00036470042060483934,4.718074153516988e-6,3.0412474199288654e-5
1.0,26.0,55.0,0.06689246190843257,0.0310574713394014,27.0,-0.00036460648617746673,5.03288924409773e-6,3.24645212813003e-5
1.0,27.0,55.0,0.11205835642090678,0.008042961088223777,27.0,-0.000364617525813347,5.349542099528611e-6,3.5044827978929246e-5
1.0,28.0,55.0,0.16501734212023322,0.0,27.0,-0.0003647328382074058,5.647322265302553e-6,3.801074137668744e-5
1.0,29.0,55.0,0.8126140803164827,0.0001140803164827453,27.0,-0.0003663076593064411,8.138984026188565e-6,7.328968897421134e-5
1.0,30.0,55.0,1.4631140803164828,0.0001140803164827453,27.0,-0.0003672737727651355,1.0671200901867887e-5,0.00010834982586403913
1.0,31.0,55.0,2.113614080316483,0.0001140803164827453,27.0,-0.0003676895700938232,1.4276373194193527e-5,0.000143695207437587
1.0,32.0,55.0,2.7612108185127324,0.0,27.0,-0.0003676069779296052,1.8978288793300885e-5,0.00017987847614240143
1.0,33.0,55.0,2.814169804212059,0.008042961088223777,27.0,-0.0003676413070368865,1.938295555135634e-5,0.00018281809381992414
1.0,34.0,55.0,2.859335698724533,0.0310574713394014,27.0,-0.0003677912408896294,1.974134709326606e-5,0.00018508020596126528
1.0,35.0,55.0,2.8951706892935642,0.06689246190843257,27.0,-0.0003680430552103499,2.004128217983569e-5,0.00018668798933381314
1.0,36.0,55.0,2.918185199544742,0.11205835642090678,27.0,-0.000368377907131073,2.0250708824271662e-5,0.0001874784440131822
1.0,37.0,55.0,2.9262281606329656,0.16501734212023322,27.0,-0.0003687880988043828,2.0348562952473594e-5,0.00018733165251532018
1.0,38.0,55.0,2.926114080316483,0.29986408031648293,27.0,-0.0003698643104254095,2.0431848525833186e-5,0.00018584753204122428
1.0,39.0,55.0,2.926114080316483,0.43761408031648275,27.0,-0.0003709790534084868,2.051136902258489e-5,0.00018440828797528538
1.0,40.0,55.0,2.926114080316483,0.5753640803164828,27.0,-0.0003721129195769949,2.0581997804970245e-5,0.00018301128419234166
1.0,41.0,55.0,2.926114080316483,0.7131140803164828,27.0,-0.0003732809189177969,2.0643547493374918e-5,0.00018163825178832874
2.0,1.0,55.0,5.9261140803164825,2.213114080316483,27.0,-0.005706778739661696,-0.019867873314807296,-0.0017758942294343334
2.0,2.0,55.0,5.9261140803164825,2.350864080316483,27.0,-0.004733265350177244,-0.019877093528342847,-0.0013266201591957125
2.0,3.0,55.0,5.9261140803164825,2.488614080316483,27.0,-0.003759673544644692,-0.01988383793946195,-0.0008786452458304625
2.0,4.0,55.0,5.9261140803164825,2.626364080316483,27.0,-0.0027866430205763584,-0.019888134547319,-0.0004315287382378447
2.0,5.0,55.0,5.926228160632966,2.7612108185127324,27.0,-0.001835276589116652,-0.01989079291537505,5.811073839386113e-6
2.0,6.0,55.0,5.918185199544742,2.8141698042120584,27.0,-0.001462189668001818,-0.01983422555096483,0.0001746196115742705
2.0,7.0,55.0,5.895170689293565,2.859335698724533,27.0,-0.0011446061614518058,-0.019672135737705855,0.0003139230137669504
2.0,8.0,55.0,5.859335698724533,2.8951706892935642,27.0,-0.000893323175656756,-0.01942014097930156,0.0004203933048855619
2.0,9.0,55.0,5.814169804212058,2.918185199544742,27.0,-0.0007325956002595925,-0.019103176840119168,0.00048456512723308996
2.0,10.0,55.0,5.7612108185127315,2.9262281606329656,27.0,-0.0006771186560051642,-0.01873229063021947,0.0005011040413204545
2.0,11.0,55.0,5.1136140803164825,2.926114080316483,27.0,-0.0006867927396336693,-0.014194965686550319,0.0004100429917084209
2.0,12.0,55.0,4.463114080316483,2.926114080316483,27.0,-0.0006930988947656678,-0.009546958849792519,0.0003259807857405298
2.0,13.0,55.0,3.8126140803164827,2.926114080316483,27.0,-0.0006976441226746574,-0.004961974329589644,0.0002461438057705811
2.0,14.0,55.0,3.1650173421202332,2.9262281606329656,27.0,-0.0007002562295276006,-0.0008788722523287863,0.000166931063553974
2.0,15.0,55.0,3.112058356420907,2.918185199544742,27.0,-0.0007449205126548947,-0.0005862002303708852,0.0001596443090945751
2.0,16.0,55.0,3.0668924619084326,2.8951706892935642,27.0,-0.0008690659324157123,-0.0003428883182383626,0.00015262777425855442
2.0,17.0,55.0,3.0310574713394014,2.859335698724533,27.0,-0.0010570516966051653,-0.00015502203878838932,0.00014655691323845182
2.0,18.0,55.0,3.0080429610882238,2.8141698042120584,27.0,-0.001286985710244125,-3.789346517497437e-5,0.00014234133143207776
2.0,19.0,55.0,3.0,2.7612108185127324,27.0,-0.0015477779055465895,1.7232972393088082e-6,0.00014083798387409468
2.0,20.0,55.0,3.0001140803164827,2.113614080316483,27.0,-0.003986966858541271,1.0715704854917225e-6,0.00014183574623145137
2.0,21.0,55.0,3.0001140803164827,1.4631140803164828,27.0,-0.004836862256325027,1.6220359758767454e-7,0.0001423793032263403
2.0,22.0,55.0,3.0001140803164827,0.8126140803164827,27.0,-0.003979919997246287,-7.493525381722042e-7,0.00014169197980415914
2.0,23.0,55.0,3.0,0.16501734212023322,27.0,-0.0015409577210736885,-1.418449450636341e-6,0.0001405246403354658
2.0,24.0,55.0,3.0080429610882238,0.11205835642090678,27.0,-0.0012807479890614268,3.811122692297021e-5,0.00014205404449447055
2.0,25.0,55.0,3.0310574713394014,0.06689246190843257,27.0,-0.001051399333112469,0.00015494412810320715,0.00014618229496472457
2.0,26.0,55.0,3.0668924619084326,0.0310574713394014,27.0,-0.0008639467277085905,0.00034227284017809834,0.00015219335870853964
2.0,27.0,55.0,3.112058356420907,0.008042961088223777,27.0,-0.0007401885389339435,0.0005848167881457016,0.00015918553714482303
2.0,28.0,55.0,3.1650173421202332,0.0,27.0,-0.0006956753144746526,0.0008764842848692484,0.0001664268750931759
2.0,29.0,55.0,3.8126140803164827,0.0001140803164827453,27.0,-0.0006930589049502077,0.004940186854099982,0.00024504861126145664
2.0,30.0,55.0,4.463114080316483,0.0001140803164827453,27.0,-0.0006885277686895695,0.009497089805870074,0.00032426130110923255
2.0,31.0,55.0,5.1136140803164825,0.0001140803164827453,27.0,-0.0006822530265208094,0.014112963477580825,0.00040765399508601544
2.0,32.0,55.0,5.761210818512732,0.0,27.0,-0.0006726313813150007,0.01861677498240519,0.000498001488048884
2.0,33.0,55.0,5.814169804212058,0.008042961088223777,27.0,-0.0007276909595193406,0.018984883550879957,0.00048157222185703805
2.0,34.0,55.0,5.859335698724533,0.0310574713394014,27.0,-0.0008872137975813363,0.019299475185393777,0.00041784478415793293
2.0,35.0,55.0,5.895170689293565,0.06689246190843257,27.0,-0.0011366154228575705,0.01954958462317638,0.00031211780706255225
2.0,36.0,55.0,5.918185199544742,0.11205835642090678,27.0,-0.001451822721183531,0.01971046190872189,0.00017379174996082382
2.0,37.0,55.0,5.926228160632966,0.16501734212023322,27.0,-0.001822118600193698,0.019766605334644315,6.172814526164269e-6
2.0,38.0,55.0,5.9261140803164825,0.29986408031648293,27.0,-0.002766364325788808,0.019763959830994465,-0.0004280778245099651
2.0,39.0,55.0,5.9261140803164825,0.43761408031648275,27.0,-0.003732104948048273,0.01975968038223131,-0.0008720358172048384
2.0,40.0,55.0,5.9261140803164825,0.5753640803164828,27.0,-0.004698398027855654,0.019752963419765478,-0.001316845516961828
2.0,41.0,55.0,5.9261140803164825,0.7131140803164828,27.0,-0.005664613923472058,0.019743781049308944,-0.001762944227326009
1.0,1.0,56.0,2.926114080316483,2.213114080316483,27.5,-0.00039609545215991103,-2.3086152421354705e-5,0.000181476054894423
1.0,2.0,56.0,2.926114080316483,2.350864080316483,27.5,-0.00039664472318258167,-2.300032997191523e-5,0.00018284858032433318
1.0,3.0,56.0,2.926114080316483,2.488614080316483,27.5,-0.00039723072205538585,-2.290123129342921e-5,0.00018424798721800994
1.0,4.0,56.0,2.926114080316483,2.626364080316483,27.5,-0.00039784342092065087,-2.2789318181080877e-5,0.0001856904886066391
1.0,5.0,56.0,2.9262281606329656,2.7612108185127324,27.5,-0.00039846683892405353,-2.26648256190191e-5,0.00018715396048107105
1.0,6.0,56.0,2.918185199544742,2.8141698042120584,27.5,-0.00039872937542865936,-2.265133367599144e-5,0.0001873231388870149
1.0,7.0,56.0,2.8951706892935642,2.859335698724533,27.5,-0.0003989751010324916,-2.2721142406887702e-5,0.00018661117067091237
1.0,8.0,56.0,2.859335698724533,2.8951706892935642,27.5,-0.0003991904074480681,-2.2869129844540475e-5,0.00018508425575327218
1.0,9.0,56.0,2.814169804212059,2.918185199544742,27.5,-0.0003993505054892238,-2.3080808920703207e-5,0.0001828713170894045
1.0,10.0,56.0,2.761210818512732,2.9262281606329656,27.5,-0.0003994375832197715,-2.3347695122931372e-5,0.00018006721353964583
1.0,11.0,56.0,2.113614080316483,2.926114080316483,27.5,-0.000399660756780953,-2.5994353714892966e-5,0.0001450320653385077
1.0,12.0,56.0,1.4631140803164828,2.926114080316483,27.5,-0.0003992862310534353,-2.5118316802008843e-5,0.00011086260071711143
1.0,13.0,56.0,0.8126140803164827,2.926114080316483,27.5,-0.000398291828095521,-1.8984790796946006e-5,7.703523464785526e-5
1.0,14.0,56.0,0.16501734212023322,2.9262281606329656,27.5,-0.0003966430187546327,-8.194249012149716e-6,4.30390940202998e-5
1.0,15.0,56.0,0.11205835642090678,2.918185199544742,27.5,-0.00039663582847506524,-7.131951045994745e-6,4.0171806081502564e-5
1.0,16.0,56.0,0.06689246190843257,2.8951706892935642,27.5,-0.0003969521649051275,-6.1552499750626335e-6,3.766563753443842e-5
1.0,17.0,56.0,0.0310574713394014,2.859335698724533,27.5,-0.00039756251257519205,-5.31202137129521e-6,3.566790787558511e-5
1.0,18.0,56.0,0.008042961088223777,2.8141698042120584,27.5,-0.00039840839955722704,-4.693507147293752e-6,3.4422640708301847e-5
1.0,19.0,56.0,0.0,2.7612108185127324,27.5,-0.0003994604299919778,-4.353590984160454e-6,3.4104463302881706e-5
1.0,20.0,56.0,0.0001140803164827453,2.113614080316483,27.5,-0.0004110804273160133,-2.167599368920215e-6,3.5857551124354594e-5
1.0,21.0,56.0,0.0001140803164827453,1.4631140803164828,27.5,-0.0004154267614506458,6.645565938609004e-8,3.6465915287137203e-5
1.0,22.0,56.0,0.0001140803164827453,0.8126140803164827,27.5,-0.0004099439111277541,2.30179935925488e-6,3.5897078947048794e-5
1.0,23.0,56.0,0.0,0.16501734212023322,27.5,-0.0003972034542695499,4.491443956896048e-6,3.418493229676409e-5
1.0,24.0,56.0,0.008042961088223777,0.11205835642090678,27.5,-0.0003960601663282448,4.845657375424659e-6,3.4502859604244694e-5
1.0,25.0,56.0,0.0310574713394014,0.06689246190843257,27.5,-0.00039513641767672153,5.504320195031243e-6,3.5740358082347214e-5
1.0,26.0,56.0,0.06689246190843257,0.0310574713394014,27.5,-0.0003944643643720261,6.40986414541406e-6,3.7723589105734746e-5
1.0,27.0,56.0,0.11205835642090678,0.008042961088223777,27.5,-0.0003941085992118009,7.4649096241014115e-6,4.020986719701584e-5
1.0,28.0,56.0,0.16501734212023322,0.0,27.5,-0.0003941023699057105,8.618703549316622e-6,4.3052416891729146e-5
1.0,29.0,56.0,0.8126140803164827,0.0001140803164827453,27.5,-0.00039575865356008123,2.0453704025330596e-5,7.673966599802585e-5
1.0,30.0,56.0,1.4631140803164828,0.0001140803164827453,27.5,-0.0003967634884084056,2.730701408618962e-5,0.00011025508762095743
1.0,31.0,56.0,2.113614080316483,0.0001140803164827453,27.5,-0.0003971513140253212,2.8441111393392494e-5,0.00014410657502731867
1.0,32.0,56.0,2.7612108185127324,0.0,27.5,-0.0003969436038464858,2.5673816038331868e-5,0.00017881551340346726
1.0,33.0,56.0,2.814169804212059,0.008042961088223777,27.5,-0.0003968554094715638,2.539036748189342e-5,0.0001816008923962586
1.0,34.0,56.0,2.859335698724533,0.0310574713394014,27.5,-0.00039668952436674483,2.5164212364698074e-5,0.00018381496180320893
1.0,35.0,56.0,2.8951706892935642,0.06689246190843257,27.5,-0.0003964647117572727,2.5004440854897885e-5,0.0001853606136589806
1.0,36.0,56.0,2.918185199544742,0.11205835642090678,27.5,-0.00039620676574460083,2.492636561996095e-5,0.0001861082793194962
1.0,37.0,56.0,2.9262281606329656,0.16501734212023322,27.5,-0.000395929285912198,2.4935254481260125e-5,0.000185992425653048
1.0,38.0,56.0,2.926114080316483,0.29986408031648293,27.5,-0.00039526819497697917,2.505245496052818e-5,0.0001846721960178474
1.0,39.0,56.0,2.926114080316483,0.43761408031648275,27.5,-0.0003946171972171421,2.515477457491929e-5,0.00018337845851532338
1.0,40.0,56.0,2.926114080316483,0.5753640803164828,27.5,-0.0003939928862248155,2.5241910898546215e-5,0.00018212916301414757
1.0,41.0,56.0,2.926114080316483,0.7131140803164828,27.5,-0.00039340537071103944,2.531349921554424e-5,0.00018090963459482218
2.0,1.0,56.0,5.9261140803164825,2.213114080316483,27.5,-0.006245203383580715,-0.021444565962735,-0.0016441740030344633
2.0,2.0,56.0,5.9261140803164825,2.350864080316483,27.5,-0.00518043843339771,-0.02145450051791644,-0.0012263520850024079
2.0,3.0,56.0,5.9261140803164825,2.488614080316483,27.5,-0.004115826274138758,-0.02146173317164215,-0.0008096780514686714
2.0,4.0,56.0,5.9261140803164825,2.626364080316483,27.5,-0.0030512612189461177,-0.021466285792985682,-0.00039375436980318483
2.0,5.0,56.0,5.926228160632966,2.7612108185127324,27.5,-0.002009124555321037,-0.021469039779157362,1.3101904350717983e-5
2.0,6.0,56.0,5.918185199544742,2.8141698042120584,27.5,-0.0015999050162933551,-0.021406930805617872,0.00016995720188714547
2.0,7.0,56.0,5.895170689293565,2.859335698724533,27.5,-0.0012512148872298539,-0.021228910514730994,0.0002991466053313938
2.0,8.0,56.0,5.859335698724533,2.8951706892935642,27.5,-0.0009750363986717767,-0.02095190681073856,0.0003977299501735276
2.0,9.0,56.0,5.814169804212058,2.918185199544742,27.5,-0.0007982066772229038,-0.02060316365648157,0.00045705955763593244
2.0,10.0,56.0,5.7612108185127315,2.9262281606329656,27.5,-0.0007371110899552373,-0.020194738299117096,0.00047233426977083147
2.0,11.0,56.0,5.1136140803164825,2.926114080316483,27.5,-0.0007478171143161528,-0.015188184866749452,0.0003882932813635296
2.0,12.0,56.0,4.463114080316483,2.926114080316483,27.5,-0.0007549224594028556,-0.010109756581512941,0.00031018878415214776
2.0,13.0,56.0,3.8126140803164827,2.926114080316483,27.5,-0.0007598837221397977,-0.0051904769472035685,0.00023569233211879557
2.0,14.0,56.0,3.1650173421202332,2.9262281606329656,27.5,-0.0007621490082939305,-0.0009068973866719907,0.00016152584581349542
2.0,15.0,56.0,3.112058356420907,2.918185199544742,27.5,-0.000808295805241988,-0.0006040428158614854,0.00015494222403786967
2.0,16.0,56.0,3.0668924619084326,2.8951706892935642,27.5,-0.000936323242254212,-0.0003530119866963546,0.00014888586997894652
2.0,17.0,56.0,3.0310574713394014,2.859335698724533,27.5,-0.0011296676304056242,-0.00015975147441269153,0.0001438697575288439
2.0,18.0,56.0,3.0080429610882238,2.8141698042120584,27.5,-0.001365501718761665,-3.960482726478934e-5,0.00014052823171532296
2.0,19.0,56.0,3.0,2.7612108185127324,27.5,-0.0016322496947711223,9.076827514135466e-7,0.00013923860142405972
2.0,20.0,56.0,3.0001140803164827,2.113614080316483,27.5,-0.00408529765790856,3.900628015169763e-7,0.00013948993876582676
2.0,21.0,56.0,3.0001140803164827,1.4631140803164828,27.5,-0.004926532686583494,6.511286780442731e-8,0.00013976873347748824
2.0,22.0,56.0,3.0001140803164827,0.8126140803164827,27.5,-0.004077837417963943,-2.646222750583291e-7,0.00013933553989979976
2.0,23.0,56.0,3.0,0.16501734212023322,27.5,-0.0016249205913867009,-7.868618706940369e-7,0.00013892193370067577
2.0,24.0,56.0,3.0080429610882238,0.11205835642090678,27.5,-0.0013587655302421237,3.963333523479869e-5,0.0001401622276169298
2.0,25.0,56.0,3.0310574713394014,0.06689246190843257,27.5,-0.0011235273411523022,0.00015947328154806563,0.0001434992665028615
2.0,26.0,56.0,3.0668924619084326,0.0310574713394014,27.5,-0.000930727551669114,0.0003521896058475399,0.0001484801135594883
2.0,27.0,56.0,3.112058356420907,0.008042961088223777,27.5,-0.0008030955249509415,0.0006024453510919763,0.00015447412632677157
2.0,28.0,56.0,3.1650173421202332,0.0,27.5,-0.0007571023660063423,0.0009042830013853427,0.0001610090475589907
2.0,29.0,56.0,3.8126140803164827,0.0001140803164827453,27.5,-0.0007548315750720955,0.005167832811158383,0.00023462782614089707
2.0,30.0,56.0,4.463114080316483,0.0001140803164827453,27.5,-0.0007498869553919445,0.01005694766232333,0.00030853560498086675
2.0,31.0,56.0,5.1136140803164825,0.0001140803164827453,27.5,-0.0007428147849296739,0.015099804557806329,0.0003860094693677784
2.0,32.0,56.0,5.761210818512732,0.0,27.5,-0.0007321657280371394,0.020068873817300964,0.00046937576285064085
2.0,33.0,56.0,5.814169804212058,0.008042961088223777,27.5,-0.0007927966489466598,0.02047420771360861,0.00045420520338343694
2.0,34.0,56.0,5.859335698724533,0.0310574713394014,27.5,-0.0009682870722967085,0.020820313375679297,0.00039529829541761445
2.0,35.0,56.0,5.895170689293565,0.06689246190843257,27.5,-0.001242377105497118,0.02109522398935493,0.00029742287230423436
2.0,36.0,56.0,5.918185199544742,0.11205835642090678,27.5,-0.001588433509680554,0.021271899990863003,0.0001691655768388526
2.0,37.0,56.0,5.926228160632966,0.16501734212023322,27.5,-0.0019945644837910314,0.02133353943360094,1.3446872544695425e-5
2.0,38.0,56.0,5.9261140803164825,0.29986408031648293,27.5,-0.003028839057965151,0.021330799082808178,-0.00039045408599923685
2.0,39.0,56.0,5.9261140803164825,0.43761408031648275,27.5,-0.004085373311790797,0.021326265654708996,-0.0008033557857417786
2.0,40.0,56.0,5.9261140803164825,0.5753640803164828,27.5,-0.005141953673703053,0.021319064353343523,-0.0012170013966339294
2.0,41.0,56.0,5.9261140803164825,0.7131140803164828,27.5,-0.006198685765121269,0.021309173343025314,-0.0016317854109317391
1.0,1.0,57.0,2.926114080316483,2.213114080316483,28.0,-0.0004142194951762176,-2.7663554572043943e-5,0.00018048224865910837
1.0,2.0,57.0,2.926114080316483,2.350864080316483,28.0,-0.0004166794155661924,-2.756806505045108e-5,0.00018165082120491212
1.0,3.0,57.0,2.926114080316483,2.488614080316483,28.0,-0.00041917307148731065,-2.7453082347106194e-5,0.00018284736030102435
1.0,4.0,57.0,2.926114080316483,2.626364080316483,28.0,-0.0004217148290950208,-2.731876630770848e-5,0.00018408352436605593
1.0,5.0,57.0,2.9262281606329656,2.7612108185127324,28.0,-0.0004242650416936659,-2.7167122425271248e-5,0.00018535432975176622
1.0,6.0,57.0,2.918185199544742,2.8141698042120584,28.0,-0.00042530080490863376,-2.725969089399633e-5,0.00018546692462701662
1.0,7.0,57.0,2.8951706892935642,2.859335698724533,28.0,-0.0004262198410415058,-2.765803691975264e-5,0.0001847432557574313
1.0,8.0,57.0,2.859335698724533,2.8951706892935642,28.0,-0.00042698141671597634,-2.8331429940698962e-5,0.00018326959949329958
1.0,9.0,57.0,2.814169804212059,2.918185199544742,28.0,-0.00042750065600933934,-2.9218653602354473e-5,0.00018117861535739294
1.0,10.0,57.0,2.761210818512732,2.9262281606329656,28.0,-0.0004277233750928205,-3.0288193424898655e-5,0.0001784875195551156
1.0,11.0,57.0,2.113614080316483,2.926114080316483,28.0,-0.00042807569953705283,-4.201881560936689e-5,0.00014515072515425815
1.0,12.0,57.0,1.4631140803164828,2.926114080316483,28.0,-0.0004277395397536574,-4.4427081160891864e-5,0.0001126776481940659
1.0,13.0,57.0,0.8126140803164827,2.926114080316483,28.0,-0.00042671812635530754,-3.3415613996791796e-5,8.056456678776181e-5
1.0,14.0,57.0,0.16501734212023322,2.9262281606329656,28.0,-0.00042499795893679074,-1.159687948711779e-5,4.832215425209342e-5
1.0,15.0,57.0,0.11205835642090678,2.918185199544742,28.0,-0.00042513646479844214,-9.524625228901437e-6,4.559592945190039e-5
1.0,16.0,57.0,0.06689246190843257,2.8951706892935642,28.0,-0.0004258877858889484,-7.67652433495028e-6,4.320250214093873e-5
1.0,17.0,57.0,0.0310574713394014,2.859335698724533,28.0,-0.00042718246953986366,-6.136201278359546e-6,4.129038249555543e-5
1.0,18.0,57.0,0.008042961088223777,2.8141698042120584,28.0,-0.00042889245149233576,-5.0662724850782516e-6,4.0099756556302825e-5
1.0,19.0,57.0,0.0,2.7612108185127324,28.0,-0.0004309531598713853,-4.5619601482397006e-6,3.980487588944533e-5
1.0,20.0,57.0,0.0001140803164827453,2.113614080316483,28.0,-0.00045345937245795854,-2.25361006125364e-6,4.162085793713587e-5
1.0,21.0,57.0,0.0001140803164827453,1.4631140803164828,28.0,-0.0004620561076262859,8.914250762631787e-8,4.224861455986383e-5
1.0,22.0,57.0,0.0001140803164827453,0.8126140803164827,28.0,-0.00045216593139490465,2.433037998173375e-6,4.1666253633485644e-5
1.0,23.0,57.0,0.0,0.16501734212023322,28.0,-0.00042846519551568713,4.744675918440999e-6,3.9897152264971107e-5
1.0,24.0,57.0,0.008042961088223777,0.11205835642090678,28.0,-0.0004263130950693307,5.263270509162342e-6,4.019225504640085e-5
1.0,25.0,57.0,0.0310574713394014,0.06689246190843257,28.0,-0.00042452601013725377,6.3729228721015715e-6,4.137553682161202e-5
1.0,26.0,57.0,0.06689246190843257,0.0310574713394014,28.0,-0.00042317089181404666,7.97424160666419e-6,4.3273590051577535e-5
1.0,27.0,57.0,0.11205835642090678,0.008042961088223777,28.0,-0.0004223813720989598,9.89819948873635e-6,4.5647596336758543e-5
1.0,28.0,57.0,0.16501734212023322,0.0,28.0,-0.0004222300033049876,1.2058072674706314e-5,4.834966507981933e-5
1.0,29.0,57.0,0.8126140803164827,0.0001140803164827453,28.0,-0.0004239575665216295,3.481049765675829e-5,8.029107154282941e-5
1.0,30.0,57.0,1.4631140803164828,0.0001140803164827453,28.0,-0.0004249898611698857,4.6371094980931405e-5,0.00011209991959764338
1.0,31.0,57.0,2.113614080316483,0.0001140803164827453,28.0,-0.00042534020363594927,4.4048670965883564e-5,0.00014426213041587133
1.0,32.0,57.0,2.7612108185127324,0.0,28.0,-0.00042500458571100355,3.204168388373159e-5,0.000177278639790187
1.0,33.0,57.0,2.814169804212059,0.008042961088223777,28.0,-0.00042477895614226677,3.0943026326670795e-5,0.00017995273956094714
1.0,34.0,57.0,2.859335698724533,0.0310574713394014,28.0,-0.00042424854035489766,3.0030537914171507e-5,0.00018204909832566965
1.0,35.0,57.0,2.8951706892935642,0.06689246190843257,28.0,-0.0004234687459617877,2.933656001583477e-5,0.00018354932860077701
1.0,36.0,57.0,2.918185199544742,0.11205835642090678,28.0,-0.00042252639788084925,2.892417909767035e-5,0.0001843175508146543
1.0,37.0,57.0,2.9262281606329656,0.16501734212023322,28.0,-0.00042146317018892444,2.8825160347647818e-5,0.00018426622651427233
1.0,38.0,57.0,2.926114080316483,0.29986408031648293,28.0,-0.00041884231367145627,2.8969976462247977e-5,0.00018316487468235704
1.0,39.0,57.0,2.926114080316483,0.43761408031648275,28.0,-0.00041622845122007344,2.909536446442067e-5,0.00018210213694836225
1.0,40.0,57.0,2.926114080316483,0.5753640803164828,28.0,-0.00041366261360500245,2.9199603458555088e-5,0.00018108143069736743
1.0,41.0,57.0,2.926114080316483,0.7131140803164828,28.0,-0.00041113035095686275,2.9282438118568e-5,0.0001800914593423649
2.0,1.0,57.0,5.9261140803164825,2.213114080316483,28.0,-0.006770031821176013,-0.022902188336015594,-0.0015030334051905157
2.0,2.0,57.0,5.9261140803164825,2.350864080316483,28.0,-0.005615633679902338,-0.02291275689629225,-0.001119179828090095
2.0,3.0,57.0,5.9261140803164825,2.488614080316483,28.0,-0.004461602443038017,-0.022920422615979846,-0.0007363521549167012
2.0,4.0,57.0,5.9261140803164825,2.626364080316483,28.0,-0.003307125740750941,-0.02292520131397191,-0.0003542029183895362
2.0,5.0,57.0,5.926228160632966,2.7612108185127324,28.0,-0.0021758770622433013,-0.022928045317730343,1.9605866368339072e-5
2.0,6.0,57.0,5.918185199544742,2.8141698042120584,28.0,-0.0017312090927924346,-0.02286050392591,0.0001636972945378619
2.0,7.0,57.0,5.895170689293565,2.859335698724533,28.0,-0.0013520138720157602,-0.02266686854656558,0.00028235680496123525
2.0,8.0,57.0,5.859335698724533,2.8951706892935642,28.0,-0.0010514327401357992,-0.022365362764812092,0.000372902270690425
2.0,9.0,57.0,5.814169804212058,2.918185199544742,28.0,-0.0008588270730225183,-0.02198550513462642,0.00042740326732727954
2.0,10.0,57.0,5.7612108185127315,2.9262281606329656,28.0,-0.0007922244291457737,-0.02154035512900843,0.00044146160199373387
2.0,11.0,57.0,5.1136140803164825,2.926114080316483,28.0,-0.0008038346285485534,-0.016078097800583776,0.00036473889009225704
2.0,12.0,57.0,4.463114080316483,2.926114080316483,28.0,-0.0008116521253604275,-0.010592702622232495,0.00029329596729178476
2.0,13.0,57.0,3.8126140803164827,2.926114080316483,28.0,-0.0008169771085205867,-0.005373210037976239,0.00022512270844868575
2.0,14.0,57.0,3.1650173421202332,2.9262281606329656,28.0,-0.0008189288589091396,-0.0009264257232987522,0.00015753909846276374
2.0,15.0,57.0,3.112058356420907,2.918185199544742,28.0,-0.0008661396845439696,-0.0006161822553836465,0.00015153693099424027
2.0,16.0,57.0,3.0668924619084326,2.8951706892935642,28.0,-0.000996874178914358,-0.00035973888563695214,0.00014599063023732113
2.0,17.0,57.0,3.0310574713394014,2.859335698724533,28.0,-0.0011938091238162375,-0.0001628512454840372,0.0001413379823207341
2.0,18.0,57.0,3.0080429610882238,2.8141698042120584,28.0,-0.0014334089009375838,-4.078562155283555e-5,0.00013819319073983744
2.0,19.0,57.0,3.0,2.7612108185127324,28.0,-0.0017037274473413755,2.538117610638529e-7,0.0001370542180557555
2.0,20.0,57.0,3.0001140803164827,2.113614080316483,28.0,-0.004150143193126306,-1.7158663814495844e-7,0.0001374391373068354
2.0,21.0,57.0,3.0001140803164827,1.4631140803164828,28.0,-0.004975932077758255,-3.1877677427532894e-8,0.00013768037773185355
2.0,22.0,57.0,3.0001140803164827,0.8126140803164827,28.0,-0.004142234289532361,1.0657997588420636e-7,0.00013728194584778988
2.0,23.0,57.0,3.0,0.16501734212023322,28.0,-0.001695893294775774,-3.246822516221473e-7,0.00013672965150606832
2.0,24.0,57.0,3.0080429610882238,0.11205835642090678,28.0,-0.0014261837945886736,4.0622596801007876e-5,0.00013786106692576923
2.0,25.0,57.0,3.0310574713394014,0.06689246190843257,28.0,-0.0011871957613770684,0.00016237688927008944,0.00014095347793349926
2.0,26.0,57.0,3.0668924619084326,0.0310574713394014,28.0,-0.0009908188808606152,0.00035870434705472215,0.00014555837299565626
2.0,27.0,57.0,3.112058356420907,0.008042961088223777,28.0,-0.0008604902696774496,0.0006143480037862242,0.0001510678019973438
2.0,28.0,57.0,3.1650173421202332,0.0,28.0,-0.0008134381895943079,0.0009235422527662552,0.00015702429327270586
2.0,29.0,57.0,3.8126140803164827,0.0001140803164827453,28.0,-0.0008114849074812802,0.005349470178252311,0.00022409489291254884
2.0,30.0,57.0,4.463114080316483,0.0001140803164827453,28.0,-0.0008061780899486068,0.010536834040779021,0.0002917197834733355
2.0,31.0,57.0,5.1136140803164825,0.0001140803164827453,28.0,-0.0007983973415073876,0.01598357623116476,0.00036257177287845384
2.0,32.0,57.0,5.761210818512732,0.0,28.0,-0.0007868484821358876,0.02140465666520089,0.00043865845664533756
2.0,33.0,57.0,5.814169804212058,0.008042961088223777,28.0,-0.0008529406745361028,0.021846411433252694,0.0004246991379731451
2.0,34.0,57.0,5.859335698724533,0.0310574713394014,28.0,-0.0010440756927569187,0.02222337300762417,0.00037059951185568283
2.0,35.0,57.0,5.895170689293565,0.06689246190843257,28.0,-0.0013423644914117767,0.022522581309861837,0.0002807258864657863
2.0,36.0,57.0,5.918185199544742,0.11205835642090678,28.0,-0.001718670361365917,0.02271474179096409,0.00016295054217310684
2.0,37.0,57.0,5.926228160632966,0.16501734212023322,28.0,-0.002159952069857713,0.02278176823471174,1.9936764846052622e-5
2.0,38.0,57.0,5.9261140803164825,0.29986408031648293,28.0,-0.0032825885608215827,0.022778939000042613,-0.0003510703008448738
2.0,39.0,57.0,5.9261140803164825,0.43761408031648275,28.0,-0.004428277242715899,0.022774181625672647,-0.0007303542260274952
2.0,40.0,57.0,5.9261140803164825,0.5753640803164828,28.0,-0.0055735242993128625,0.022766551019756616,-0.001110310208879565
2.0,41.0,57.0,5.9261140803164825,0.7131140803164828,28.0,-0.006719136038630963,0.022756031363399595,-0.001491282957063316
1.0,1.0,58.0,2.926114080316483,2.213114080316483,28.5,-0.0004313622630385906,-3.13565094528046e-5,0.0001793892941809852
1.0,2.0,58.0,2.926114080316483,2.350864080316483,28.5,-0.0004356172564609601,-3.124830849900933e-5,0.00018028170525998425
1.0,3.0,58.0,2.926114080316483,2.488614080316483,28.5,-0.00043989629543468453,-3.111597243447301e-5,0.0001812081684212365
1.0,4.0,58.0,2.926114080316483,2.626364080316483,28.5,-0.00044425908193292146,-3.096076185504853e-5,0.0001821789873677787
1.0,5.0,58.0,2.9262281606329656,2.7612108185127324,28.5,-0.00044866213414139196,-3.078286819405018e-5,0.00018318209189582067
1.0,6.0,58.0,2.918185199544742,2.8141698042120584,28.5,-0.000450455209759715,-3.097917628444341e-5,0.0001832101943678942
1.0,7.0,58.0,2.8951706892935642,2.859335698724533,28.5,-0.00045204276817363564,-3.170602482845408e-5,0.00018246402716124653
1.0,8.0,58.0,2.859335698724533,2.8951706892935642,28.5,-0.0004533533038251551,-3.291220459850503e-5,0.00018101384778968104
1.0,9.0,58.0,2.814169804212059,2.918185199544742,28.5,-0.000454239944873232,-3.449042424717739e-5,0.00017898601881631156
1.0,10.0,58.0,2.761210818512732,2.9262281606329656,28.5,-0.00045460396612043315,-3.638810426892617e-5,0.00017644265984970015
1.0,11.0,58.0,2.113614080316483,2.926114080316483,28.5,-0.0004550803405003917,-5.7966188709534687e-5,0.00014501160813006276
1.0,12.0,58.0,1.4631140803164828,2.926114080316483,28.5,-0.00045478176825374374,-6.427189634538868e-5,0.00011442354749690366
1.0,13.0,58.0,0.8126140803164827,2.926114080316483,28.5,-0.00045373434892570323,-4.84226729843917e-5,8.418351067621628e-5
1.0,14.0,58.0,0.16501734212023322,2.9262281606329656,28.5,-0.000451949369103223,-1.510527429652074e-5,5.383466388214208e-5
1.0,15.0,58.0,0.11205835642090678,2.918185199544742,28.5,-0.0004522402379574544,-1.1985402222032793e-5,5.127048891755832e-5
1.0,16.0,58.0,0.06689246190843257,2.8951706892935642,28.5,-0.00045344352488866345,-9.233878684286733e-6,4.9020676922951125e-5
1.0,17.0,58.0,0.0310574713394014,2.859335698724533,28.5,-0.00045544787640597583,-6.971274054301999e-6,4.722635694109521e-5
1.0,18.0,58.0,0.008042961088223777,2.8141698042120584,28.5,-0.00045805275790753965,-5.433798528725054e-6,4.611476467614515e-5
1.0,19.0,58.0,0.0,2.7612108185127324,28.5,-0.00046115702040609567,-4.759059953704298e-6,4.5851049009216294e-5
1.0,20.0,58.0,0.0001140803164827453,2.113614080316483,28.5,-0.0004950184228695723,-2.327430692734885e-6,4.769038844035558e-5
1.0,21.0,58.0,0.0001140803164827453,1.4631140803164828,28.5,-0.0005080451310012768,1.1391799078238495e-7,4.83241332177088e-5
1.0,22.0,58.0,0.0001140803164827453,0.8126140803164827,28.5,-0.0004935582023998299,2.5562453325624984e-6,4.7741114191177736e-5
1.0,23.0,58.0,0.0,0.16501734212023322,28.5,-0.00045843670747831226,4.990720424754411e-6,4.5954206356428914e-5
1.0,24.0,58.0,0.008042961088223777,0.11205835642090678,28.5,-0.0004552429625798179,5.679405628376523e-6,4.6218592424509416e-5
1.0,25.0,58.0,0.0310574713394014,0.06689246190843257,28.5,-0.00045256371169691913,7.2551633868063275e-6,4.732324811048537e-5
1.0,26.0,58.0,0.06689246190843257,0.0310574713394014,28.5,-0.0004505019402861811,9.57569019102695e-6,4.9103935982857064e-5
1.0,27.0,58.0,0.11205835642090678,0.008042961088223777,28.5,-0.0004492629122500063,1.239816423144227e-5,5.133483206919988e-5
1.0,28.0,58.0,0.16501734212023322,0.0,28.5,-0.0004489602000785971,1.5598712923099857e-5,5.3875521616961127e-5
1.0,29.0,58.0,0.8126140803164827,0.0001140803164827453,28.5,-0.0004507524181693045,4.969195312305108e-5,8.393256045931491e-5
1.0,30.0,58.0,1.4631140803164828,0.0001140803164827453,28.5,-0.0004518110576803343,6.588344413545546e-5,0.00011387727335433526
1.0,31.0,58.0,2.113614080316483,0.0001140803164827453,28.5,-0.0004521245986073917,5.948296893427478e-5,0.00014416276267548107
1.0,32.0,58.0,2.7612108185127324,0.0,28.5,-0.0004516662428256364,3.748314720172646e-5,0.00017528059332962766
1.0,33.0,58.0,2.814169804212059,0.008042961088223777,28.5,-0.00045129763414291345,3.554445701513941e-5,0.0001778088362528573
1.0,34.0,58.0,2.859335698724533,0.0310574713394014,28.5,-0.00045039465568404835,3.393059312176256e-5,0.0001798462052708644
1.0,35.0,58.0,2.8951706892935642,0.06689246190843257,28.5,-0.00044905771731398967,3.2695511225252524e-5,0.0001813281498521266
1.0,36.0,58.0,2.918185199544742,0.11205835642090678,28.5,-0.0004474362722015454,3.19492440671361e-5,0.0001821256108954255
1.0,37.0,58.0,2.9262281606329656,0.16501734212023322,28.5,-0.0004456027799888658,3.1744517781924574e-5,0.00018216759471042097
1.0,38.0,58.0,2.926114080316483,0.29986408031648293,28.5,-0.0004410958993400804,3.191587444072648e-5,0.00018135271212847733
1.0,39.0,58.0,2.926114080316483,0.43761408031648275,28.5,-0.00043662659941998464,3.206298502033236e-5,0.0001805756689641127
1.0,40.0,58.0,2.926114080316483,0.5753640803164828,28.5,-0.0004322407004517309,3.2185793247527456e-5,0.00017984502851530737
1.0,41.0,58.0,2.926114080316483,0.7131140803164828,28.5,-0.00042787854083030044,3.22830447784833e-5,0.00017915156327999687
2.0,1.0,58.0,5.9261140803164825,2.213114080316483,28.5,-0.007241622914062984,-0.024232222579745874,-0.0013535238921323321
2.0,2.0,58.0,5.9261140803164825,2.350864080316483,28.5,-0.006006344302331121,-0.024243357396266495,-0.0010058438833515718
2.0,3.0,58.0,5.9261140803164825,2.488614080316483,28.5,-0.004771557222040609,-0.024251416413390466,-0.0006590909222909179
2.0,4.0,58.0,5.9261140803164825,2.626364080316483,28.5,-0.003536041962785205,-0.024256412258552473,-0.0003129708889529389
2.0,5.0,58.0,5.926228160632966,2.7612108185127324,28.5,-0.0023248460700306304,-0.024259362877708628,2.5558451592205435e-5
2.0,6.0,58.0,5.918185199544742,2.8141698042120584,28.5,-0.0018485317585892216,-0.024186984620103383,0.00015615980530075618
2.0,7.0,58.0,5.895170689293565,2.859335698724533,28.5,-0.0014422027452040997,-0.02397947162154206,0.0002638795755127689
2.0,8.0,58.0,5.859335698724533,2.8951706892935642,28.5,-0.0011199970482861856,-0.023656262835831682,0.0003461983364576331
2.0,9.0,58.0,5.814169804212058,2.918185199544742,28.5,-0.0009134635119985326,-0.023248941475875688,0.000395835697213573
2.0,10.0,58.0,5.7612108185127315,2.9262281606329656,28.5,-0.000842016910185445,-0.022771485271963238,0.0004087046068387611
2.0,11.0,58.0,5.1136140803164825,2.926114080316483,28.5,-0.0008543875143512518,-0.01691313431057333,0.0003396133341830756
2.0,12.0,58.0,4.463114080316483,2.926114080316483,28.5,-0.000862741678934251,-0.011069586605290118,0.00027544410295847694
2.0,13.0,58.0,3.8126140803164827,2.926114080316483,28.5,-0.0008683253798649913,-0.005572515008744657,0.00021440973042303018
2.0,14.0,58.0,3.1650173421202332,2.9262281606329656,28.5,-0.000870085233637025,-0.0009530504786662864,0.00015459999668374034
2.0,15.0,58.0,3.112058356420907,2.918185199544742,28.5,-0.0009186920391658749,-0.0006333918015650446,0.00014909716648763265
2.0,16.0,58.0,3.0668924619084326,2.8951706892935642,28.5,-0.00105314621241102,-0.00036959289717639906,0.0001436680273122768
2.0,17.0,58.0,3.0310574713394014,2.859335698724533,28.5,-0.0012553905887530679,-0.0001673741793528157,0.00013894677311860156
2.0,18.0,58.0,3.0080429610882238,2.8141698042120584,28.5,-0.0015010904243507853,-4.2192057597711945e-5,0.00013569527556665136
2.0,19.0,58.0,3.0,2.7612108185127324,28.5,-0.0017778931836124072,-1.6896555108391226e-7,0.00013451248764831592
2.0,20.0,58.0,3.0001140803164827,2.113614080316483,28.5,-0.004259846522995931,-5.23855104142497e-7,0.00013562642773950803
2.0,21.0,58.0,3.0001140803164827,1.4631140803164828,28.5,-0.0050895102044761775,-1.2610491001562166e-7,0.00013597960838045923
2.0,22.0,58.0,3.0001140803164827,0.8126140803164827,28.5,-0.004251472230421797,2.6992027616407554e-7,0.00013546787590406205
2.0,23.0,58.0,3.0,0.16501734212023322,28.5,-0.0017695393246567655,-8.740100791978843e-8,0.0001341906894618354
2.0,24.0,58.0,3.0080429610882238,0.11205835642090678,28.5,-0.0014933715023219408,4.18383707472951e-5,0.00013534301907556243
2.0,25.0,58.0,3.0310574713394014,0.06689246190843257,28.5,-0.0012483104328442156,0.00016669384274346113,0.00013857029721440217
2.0,26.0,58.0,3.0668924619084326,0.0310574713394014,28.5,-0.0010466500669115983,0.0003683284242105121,0.0001432514818921375
2.0,27.0,58.0,3.112058356420907,0.008042961088223777,28.5,-0.000912620787425513,0.0006312931420238142,0.00014863017863759
2.0,28.0,58.0,3.1650173421202332,0.0,28.5,-0.0008641799569709806,0.0009498555756421908,0.00015409088400029602
2.0,29.0,58.0,3.8126140803164827,0.0001140803164827453,28.5,-0.000862419589724809,0.005547410428500424,0.00021342813922289663
2.0,30.0,58.0,4.463114080316483,0.0001140803164827453,28.5,-0.0008568569035379049,0.011010394903277357,0.00027395451012674567
2.0,31.0,58.0,5.1136140803164825,0.0001140803164827453,28.5,-0.0008485424696282302,0.016812520211637965,0.0003375748835143164
2.0,32.0,58.0,5.761210818512732,0.0,28.5,-0.0008362380309961173,0.0226264622954219,0.00040606994145820545
2.0,33.0,58.0,5.814169804212058,0.008042961088223777,28.5,-0.0009071333382114086,0.023100251726916387,0.00039329478093858933
2.0,34.0,58.0,5.859335698724533,0.0310574713394014,28.5,-0.0011120782135674663,0.023504444651240602,0.000344036287004656
2.0,35.0,58.0,5.895170689293565,0.06689246190843257,28.5,-0.001431807269886229,0.02382517123036942,0.0002623507285234751
2.0,36.0,58.0,5.918185199544742,0.11205835642090678,28.5,-0.0018350144222841042,0.02403109063267491,0.00015546311492398187
2.0,37.0,58.0,5.926228160632966,0.16501734212023322,28.5,-0.002307670057154731,0.024102912515276197,2.5874424782200815e-5
2.0,38.0,58.0,5.9261140803164825,0.29986408031648293,28.5,-0.0035095616031610563,0.024099978035926523,-0.00031002446014510794
2.0,39.0,58.0,5.9261140803164825,0.43761408031648275,28.5,-0.00473558437987762,0.02409500575280604,-0.0006534540004952086
2.0,40.0,58.0,5.9261140803164825,0.5753640803164828,28.5,-0.005960884617367395,0.024086985555598676,-0.0009975101124258888
2.0,41.0,58.0,5.9261140803164825,0.7131140803164828,28.5,-0.0071866738744804275,0.0240759048134855,-0.0013424843306287394
1.0,1.0,59.0,2.926114080316483,2.213114080316483,29.0,-0.0004501107821816973,-3.393792681641592e-5,0.000178142934855079
1.0,2.0,59.0,2.926114080316483,2.350864080316483,29.0,-0.00045553254032733764,-3.381282437802005e-5,0.0001787089288127866
1.0,3.0,59.0,2.926114080316483,2.488614080316483,29.0,-0.0004609644949378734,-3.3660726081372096e-5,0.00017931745202538229
1.0,4.0,59.0,2.926114080316483,2.626364080316483,29.0,-0.00046652451590090826,-3.3483208998760875e-5,0.00017997464604562163
1.0,5.0,59.0,2.9262281606329656,2.7612108185127324,29.0,-0.0004721911985753159,-3.328119539912874e-5,0.00018067563363049786
1.0,6.0,59.0,2.918185199544742,2.8141698042120584,29.0,-0.0004745194915200129,-3.354908107442128e-5,0.00018059146019146655
1.0,7.0,59.0,2.8951706892935642,2.859335698724533,29.0,-0.00047659153889247075,-3.451110531654259e-5,0.00017977231340935928
1.0,8.0,59.0,2.859335698724533,2.8951706892935642,29.0,-0.0004783099016604146,-3.610818924264307e-5,0.00017831074981021136
1.0,9.0,59.0,2.814169804212059,2.918185199544742,29.0,-0.0004794751023705193,-3.820575620893423e-5,0.00017634846964539405
1.0,10.0,59.0,2.761210818512732,2.9262281606329656,29.0,-0.0004799493174572272,-4.073899655286101e-5,0.0001739379077150737
1.0,11.0,59.0,2.113614080316483,2.926114080316483,29.0,-0.0004805437086540064,-7.045487163293719e-5,0.00014462647636106102
1.0,12.0,59.0,1.4631140803164828,2.926114080316483,29.0,-0.00048027668043715293,-8.024343877417678e-5,0.00011610395890122775
1.0,13.0,59.0,0.8126140803164827,2.926114080316483,29.0,-0.0004791995424909779,-6.061552311695625e-5,8.788842244095068e-5
1.0,14.0,59.0,0.16501734212023322,2.9262281606329656,29.0,-0.00047735148271272503,-1.7947015346152988e-5,5.955026419710343e-5
1.0,15.0,59.0,0.11205835642090678,2.918185199544742,29.0,-0.0004777638071072995,-1.3986449578292393e-5,5.717190459848981e-5
1.0,16.0,59.0,0.06689246190843257,2.8951706892935642,29.0,-0.00047932821522805505,-1.0510589796288386e-5,5.5107087855798895e-5
1.0,17.0,59.0,0.0310574713394014,2.859335698724533,29.0,-0.0004818990976871223,-7.669047926070712e-6,5.347584965580889e-5
1.0,18.0,59.0,0.008042961088223777,2.8141698042120584,29.0,-0.00048521772441529145,-5.7562564301513165e-6,5.2478650962462036e-5
1.0,19.0,59.0,0.0,2.7612108185127324,29.0,-0.0004891537403386824,-4.9430650496116034e-6,5.22576779379885e-5
1.0,20.0,59.0,0.0001140803164827453,2.113614080316483,29.0,-0.0005321425014533959,-2.3904894185690835e-6,5.406470680625866e-5
1.0,21.0,59.0,0.0001140803164827453,1.4631140803164828,29.0,-0.0005487013000083958,1.4065419527242904e-7,5.4687152986628025e-5
1.0,22.0,59.0,0.0001140803164827453,0.8126140803164827,29.0,-0.000530506623513132,2.6725833182416194e-6,5.4120151799834994e-5
1.0,23.0,59.0,0.0,0.16501734212023322,29.0,-0.00048620042938732214,5.227445727495697e-6,5.237058959036758e-5
1.0,24.0,59.0,0.008042961088223777,0.11205835642090678,29.0,-0.00048217892206308224,6.053916936433646e-6,5.25926747063818e-5
1.0,25.0,59.0,0.0310574713394014,0.06689246190843257,29.0,-0.0004787907041817552,8.002493019369012e-6,5.3583388123262796e-5
1.0,26.0,59.0,0.06689246190843257,0.0310574713394014,29.0,-0.0004761672477311658,1.0897038630089588e-5,5.520150884631417e-5
1.0,27.0,59.0,0.11205835642090678,0.008042961088223777,29.0,-0.0004745708600032679,1.4436370434047362e-5,5.724801764528126e-5
1.0,28.0,59.0,0.16501734212023322,0.0,29.0,-0.000474148208539088,1.8467383639627286e-5,5.960367745897861e-5
1.0,29.0,59.0,0.8126140803164827,0.0001140803164827453,29.0,-0.00047600327759872863,6.170283694137727e-5,8.76604888382522e-5
1.0,30.0,59.0,1.4631140803164828,0.0001140803164827453,29.0,-0.00047709184924235153,8.142953988536498e-5,0.00011559085772673755
1.0,31.0,59.0,2.113614080316483,0.0001140803164827453,29.0,-0.0004773745453285351,7.136401336633525e-5,0.00014382042486317152
1.0,32.0,59.0,2.7612108185127324,0.0,29.0,-0.00047679954215547733,4.110589656291738e-5,0.000172827241085913
1.0,33.0,59.0,2.814169804212059,0.008042961088223777,29.0,-0.0004763193853759918,3.852180841299819e-5,0.000175224217935428
1.0,34.0,59.0,2.859335698724533,0.0310574713394014,29.0,-0.0004751335397339451,3.637991116837194e-5,0.00017719921471234953
1.0,35.0,59.0,2.8951706892935642,0.06689246190843257,29.0,-0.00047338166512784813,3.474672241281512e-5,0.00017869737080218555
1.0,36.0,59.0,2.918185199544742,0.11205835642090678,29.0,-0.00047126641500875265,3.37604588265985e-5,0.0001795731382246346
1.0,37.0,59.0,2.9262281606329656,0.16501734212023322,29.0,-0.00046888659691512416,3.348249377653868e-5,0.00017973265037143186
1.0,38.0,59.0,2.926114080316483,0.29986408031648293,29.0,-0.0004630864412522266,3.367840658601106e-5,0.00017923422624805966
1.0,39.0,59.0,2.926114080316483,0.43761408031648275,29.0,-0.00045738871050720427,3.384863887487451e-5,0.00017878497230716192
1.0,40.0,59.0,2.926114080316483,0.5753640803164828,29.0,-0.00045181825890755966,3.3992529434443744e-5,0.00017838678480856668
1.0,41.0,59.0,2.926114080316483,0.7131140803164828,29.0,-0.0004462575232799843,3.410846435429248e-5,0.000178034274224212
2.0,1.0,59.0,5.9261140803164825,2.213114080316483,29.0,-0.007636287944522179,-0.025427261132161757,-0.0011965757274680071
2.0,2.0,59.0,5.9261140803164825,2.350864080316483,29.0,-0.006333185748840757,-0.02543890186182338,-0.0008869623258810499
2.0,3.0,59.0,5.9261140803164825,2.488614080316483,29.0,-0.005030578220938628,-0.025447322629470012,-0.0005781833621312549
2.0,4.0,59.0,5.9261140803164825,2.626364080316483,29.0,-0.0037272544481853935,-0.02545253700495351,-0.0002699976378404188
2.0,5.0,59.0,5.926228160632966,2.7612108185127324,29.0,-0.0024497215153205516,-0.02545562024099936,3.138339149825672e-5
2.0,6.0,59.0,5.918185199544742,2.8141698042120584,29.0,-0.0019473823853088663,-0.02537928269860738,0.00014781786599818133
2.0,7.0,59.0,5.895170689293565,2.859335698724533,29.0,-0.001518890591152385,-0.025160449255401156,0.00024410099815120982
2.0,8.0,59.0,5.859335698724533,2.8951706892935642,29.0,-0.0011791449351988164,-0.024819645777814193,0.00031785514571369943
2.0,9.0,59.0,5.814169804212058,2.918185199544742,29.0,-0.0009613934195833232,-0.024390202011084418,0.00036245434418782636
2.0,10.0,59.0,5.7612108185127315,2.9262281606329656,29.0,-0.0008860753840837068,-0.02388688094483944,0.00037410948574208226
2.0,11.0,59.0,5.1136140803164825,2.926114080316483,29.0,-0.0008990583790183602,-0.0177170699498046,0.0003131313221445694
2.0,12.0,59.0,4.463114080316483,2.926114080316483,29.0,-0.0009077367296023366,-0.011577712874044112,0.0002567819255217972
2.0,13.0,59.0,3.8126140803164827,2.926114080316483,29.0,-0.0009134497572831144,-0.005819862427683029,0.0002034732138734589
2.0,14.0,59.0,3.1650173421202332,2.9262281606329656,29.0,-0.0009151841154735079,-0.0009945699530175382,0.00015206111500441164
2.0,15.0,59.0,3.112058356420907,2.918185199544742,29.0,-0.000965894060180946,-0.000661046661741156,0.0001470605325586421
2.0,16.0,59.0,3.0668924619084326,2.8951706892935642,29.0,-0.0011061664727763745,-0.0003858175638700232,0.00014171324772249572
2.0,17.0,59.0,3.0310574713394014,2.859335698724533,29.0,-0.0013171628359920629,-0.00017483440746938453,0.0001368255301580024
2.0,18.0,59.0,3.0080429610882238,2.8141698042120584,29.0,-0.0015735060159594856,-4.4217467382446974e-5,0.0001333442397558308
2.0,19.0,59.0,3.0,2.7612108185127324,29.0,-0.0018623204653537046,-3.574310779552547e-7,0.00013212077470136526
2.0,20.0,59.0,3.0001140803164827,2.113614080316483,29.0,-0.004452543195276691,-6.334987384847569e-7,0.00013404239604026565
2.0,21.0,59.0,3.0001140803164827,1.4631140803164828,29.0,-0.005318094579831019,-2.1808320078372106e-7,0.0001345369640372746
2.0,22.0,59.0,3.0001140803164827,0.8126140803164827,29.0,-0.004443728872102096,1.9659030039256138e-7,0.00013388544373831908
2.0,23.0,59.0,3.0,0.16501734212023322,29.0,-0.0018534696623491377,-8.231020058421348e-8,0.00013180155333595103
2.0,24.0,59.0,3.0080429610882238,0.11205835642090678,29.0,-0.0015653172897601574,4.367710848161605e-5,0.00013300818004588637
2.0,25.0,59.0,3.0310574713394014,0.06689246190843257,29.0,-0.0013096413341630447,0.00017395384889111335,0.00013645092064930886
2.0,26.0,59.0,3.0668924619084326,0.0310574713394014,29.0,-0.0010992556373183107,0.0003843251893217372,0.0001412972740800869
2.0,27.0,59.0,3.112058356420907,0.008042961088223777,29.0,-0.0009594283955899283,0.0006586791503169384,0.00014660602975667585
2.0,28.0,59.0,3.1650173421202332,0.0,29.0,-0.00090889294977861,0.0009910515557620078,0.000151566232869568
2.0,29.0,59.0,3.8126140803164827,0.0001140803164827453,29.0,-0.0009071599027605804,0.00579325536469049,0.00020254486948952333
2.0,30.0,59.0,4.463114080316483,0.0001140803164827453,29.0,-0.000901469754955879,0.01151504210975795,0.0002553888815291011
2.0,31.0,59.0,5.1136140803164825,0.0001140803164827453,29.0,-0.0008928342934806505,0.0176104587565297,0.0003112334560864398
2.0,32.0,59.0,5.761210818512732,0.0,29.0,-0.0008799224742550007,0.023733084646133006,0.000371658531936964
2.0,33.0,59.0,5.814169804212058,0.008042961088223777,29.0,-0.0009546541614289345,0.024232505115640776,0.0003600912617792901
2.0,34.0,59.0,5.859335698724533,0.0310574713394014,29.0,-0.0011707152636856106,0.024658619923738072,0.0003158460207899757
2.0,35.0,59.0,5.895170689293565,0.06689246190843257,29.0,-0.0015078248305087018,0.02499678135300398,0.00024268249936420253
2.0,36.0,59.0,5.918185199544742,0.11205835642090678,29.0,-0.001932992896883414,0.025213918182329906,0.0001471743740893391
2.0,37.0,59.0,5.926228160632966,0.16501734212023322,29.0,-0.0024314359446174056,0.025289663327062725,3.168132812982834e-5
2.0,38.0,59.0,5.9261140803164825,0.29986408031648293,29.0,-0.0036990582019006215,0.025286597700645237,-0.00026725689268661566
2.0,39.0,59.0,5.9261140803164825,0.43761408031648275,29.0,-0.004992268992029893,0.025281409187449463,-0.0005729438443629542
2.0,40.0,59.0,5.9261140803164825,0.5753640803164828,29.0,-0.006284768978888066,0.02527303090279407,-0.0008792177832377667
2.0,41.0,59.0,5.9261140803164825,0.7131140803164828,29.0,-0.007577761260890468,0.025261449291115342,-0.0011863174194371273
1.0,1.0,60.0,2.926114080316483,2.213114080316483,29.5,-0.0004736862528816537,-3.5251933765460216e-5,0.00017667232150445813
1.0,2.0,60.0,2.926114080316483,2.350864080316483,29.5,-0.0004790275516248833,-3.51039893867265e-5,0.00017688020246546489
1.0,3.0,60.0,2.926114080316483,2.488614080316483,29.5,-0.0004843662905554902,-3.492759578639699e-5,0.00017714220472949053
1.0,4.0,60.0,2.926114080316483,2.626364080316483,29.5,-0.0004898727863245297,-3.4725046512984576e-5,0.00017746268856634606
1.0,5.0,60.0,2.9262281606329656,2.7612108185127324,29.5,-0.0004955722192484835,-3.449802967360637e-5,0.00017783661624222813
1.0,6.0,60.0,2.918185199544742,2.8141698042120584,29.5,-0.0004979504637743043,-3.476318362486779e-5,0.00017761905206409352
1.0,7.0,60.0,2.8951706892935642,2.859335698724533,29.5,-0.0005000915517860273,-3.5749126359004185e-5,0.00017670227998314655
1.0,8.0,60.0,2.859335698724533,2.8951706892935642,29.5,-0.0005018873185453875,-3.740845000832602e-5,0.0001751955700117463
1.0,9.0,60.0,2.814169804212059,2.918185199544742,29.5,-0.0005031196342744414,-3.961142851254712e-5,0.00017326219302859504
1.0,10.0,60.0,2.761210818512732,2.9262281606329656,29.5,-0.0005036303719663033,-4.22972201160302e-5,0.00017099646271749824
1.0,11.0,60.0,2.113614080316483,2.926114080316483,29.5,-0.0005043341912201447,-7.493854430855398e-5,0.00014401223950740819
1.0,12.0,60.0,1.4631140803164828,2.926114080316483,29.5,-0.0005040956983234796,-8.626817990645428e-5,0.00011772907944972689
1.0,13.0,60.0,0.8126140803164827,2.926114080316483,29.5,-0.0005029859492325225,-6.531875566963138e-5,9.168349521326008e-5
1.0,14.0,60.0,0.16501734212023322,2.9262281606329656,29.5,-0.0005010712293863085,-1.9082951364563207e-5,6.545751598301659e-5
1.0,15.0,60.0,0.11205835642090678,2.918185199544742,29.5,-0.0005015230123050676,-1.4819489211401581e-5,6.32883631645696e-5
1.0,16.0,60.0,0.06689246190843257,2.8951706892935642,29.5,-0.0005032123246510051,-1.1082692528920953e-5,6.145250190795512e-5
1.0,17.0,60.0,0.0310574713394014,2.859335698724533,29.5,-0.0005059806459819857,-8.031553571323688e-6,6.003338563751133e-5
1.0,18.0,60.0,0.008042961088223777,2.8141698042120584,29.5,-0.0005095488857913079,-5.980430465719527e-6,5.9188872693358824e-5
1.0,19.0,60.0,0.0,2.7612108185127324,29.5,-0.0005137769807255507,-5.111442375543623e-6,5.902263869669885e-5
1.0,20.0,60.0,0.0001140803164827453,2.113614080316483,29.5,-0.0005601099296452504,-2.445375812794645e-6,6.07346466425474e-5
1.0,21.0,60.0,0.0001140803164827453,1.4631140803164828,29.5,-0.0005779068489879069,1.6920514950409424e-7,6.132811552706204e-5
1.0,22.0,60.0,0.0001140803164827453,0.8126140803164827,29.5,-0.0005582948698880449,2.7843502064169447e-6,6.079410290438377e-5
1.0,23.0,60.0,0.0,0.16501734212023322,29.5,-0.0005105930765301053,5.4520204820824096e-6,5.914391528418609e-5
1.0,24.0,60.0,0.008042961088223777,0.11205835642090678,29.5,-0.0005062849846626685,6.333376956191544e-6,5.931172309566122e-5
1.0,25.0,60.0,0.0310574713394014,0.06689246190843257,29.5,-0.0005026534443277995,8.417000753661642e-6,6.015033342921174e-5
1.0,26.0,60.0,0.06689246190843257,0.0310574713394014,29.5,-0.000499838778162779,1.151482715993052e-5,6.155703946936665e-5
1.0,27.0,60.0,0.11205835642090678,0.008042961088223777,29.5,-0.0004981222507922904,1.5305635938085384e-5,6.33754018388561e-5
1.0,28.0,60.0,0.16501734212023322,0.0,29.5,-0.0004976620449321273,1.962674820620142e-5,6.552279491776928e-5
1.0,29.0,60.0,0.8126140803164827,0.0001140803164827453,29.5,-0.0004995834741091913,6.617923092683129e-5,9.14790478136068e-5
1.0,30.0,60.0,1.4631140803164828,0.0001140803164827453,29.5,-0.000500704745271583,8.695350035904426e-5,0.00011725089056580044
1.0,31.0,60.0,2.113614080316483,0.0001140803164827453,29.5,-0.000500959529564052,7.516388001582525e-5,0.00014325221790187598
1.0,32.0,60.0,2.7612108185127324,0.0,29.5,-0.0005002765167769855,4.1885862605453216e-5,0.00016994219673142715
1.0,33.0,60.0,2.814169804212059,0.008042961088223777,29.5,-0.0004997588633285189,3.914182848142305e-5,0.00017219584013843212
1.0,34.0,60.0,2.859335698724533,0.0310574713394014,29.5,-0.0004985026688205459,3.688788444150902e-5,0.00017414425343263013
1.0,35.0,60.0,2.8951706892935642,0.06689246190843257,29.5,-0.0004966680133499906,3.518693955592922e-5,0.000175690525581159
1.0,36.0,60.0,2.918185199544742,0.11205835642090678,29.5,-0.0004944765055844946,3.417307727918143e-5,0.00017666742029483326
1.0,37.0,60.0,2.9262281606329656,0.16501734212023322,29.5,-0.0004920377291129372,3.3896518599318744e-5,0.00017696391268738553
1.0,38.0,60.0,2.926114080316483,0.29986408031648293,29.5,-0.0004861807559293034,3.411782498990339e-5,0.0001768006732417267
1.0,39.0,60.0,2.926114080316483,0.43761408031648275,29.5,-0.00048051087011399406,3.431398224108648e-5,0.00017669670787901284
1.0,40.0,60.0,2.926114080316483,0.5753640803164828,29.5,-0.0004750074389036859,3.4483515299861695e-5,0.0001766535653343079
1.0,41.0,60.0,2.926114080316483,0.7131140803164828,29.5,-0.0004695009302470696,3.462413389345055e-5,0.00017666782818718388
2.0,1.0,60.0,5.9261140803164825,2.213114080316483,29.5,-0.007952908097261856,-0.02648098330066753,-0.0010330781714767022
2.0,2.0,60.0,5.9261140803164825,2.350864080316483,29.5,-0.006595278069470038,-0.02649306842482243,-0.000763118629167471
2.0,3.0,60.0,5.9261140803164825,2.488614080316483,29.5,-0.005238041071448926,-0.02650181712974206,-0.0004938881563472504
2.0,4.0,60.0,5.9261140803164825,2.626364080316483,29.5,-0.0038803540666193215,-0.026507247486856254,-0.0002251950010036268
2.0,5.0,60.0,5.926228160632966,2.7612108185127324,29.5,-0.002550211699081757,-0.026510483114594807,3.7529802262656555e-5
2.0,6.0,60.0,5.918185199544742,2.8141698042120584,29.5,-0.0020274752237907654,-0.02643106181567326,0.00013916236749374043
2.0,7.0,60.0,5.895170689293565,2.859335698724533,29.5,-0.0015817707712776124,-0.02620345184180011,0.00022340953680005714
2.0,8.0,60.0,5.859335698724533,2.8951706892935642,29.5,-0.0012285316839063978,-0.025849121886882175,0.00028809413722526584
2.0,9.0,60.0,5.814169804212058,2.918185199544742,29.5,-0.0010022335486777063,-0.025402820455038968,0.0003273269367029344
2.0,10.0,60.0,5.7612108185127315,2.9262281606329656,29.5,-0.0009239980947904882,-0.024879956363463032,0.0003376883784280543
2.0,11.0,60.0,5.1136140803164825,2.926114080316483,29.5,-0.0009374527859242931,-0.018480557700336908,0.0002854985030577415
2.0,12.0,60.0,4.463114080316483,2.926114080316483,29.5,-0.000946264403494954,-0.012106242661057962,0.0002374583593652309
2.0,13.0,60.0,3.8126140803164827,2.926114080316483,29.5,-0.0009519946710813544,-0.006106546808999844,0.0001922196370980265
2.0,14.0,60.0,3.1650173421202332,2.9262281606329656,29.5,-0.0009538469518844586,-0.001048760934507888,0.00014925906164850374
2.0,15.0,60.0,3.112058356420907,2.918185199544742,29.5,-0.0010072590811773608,-0.0006976054343282204,0.0001448619368114762
2.0,16.0,60.0,3.0668924619084326,2.8951706892935642,29.5,-0.0011551359701314893,-0.00040748396037050457,0.0001398248166419885
2.0,17.0,60.0,3.0310574713394014,2.859335698724533,29.5,-0.001377823622973554,-0.00018480976111167287,0.00013506432948330032
2.0,18.0,60.0,3.0080429610882238,2.8141698042120584,29.5,-0.0016486953370052641,-4.677251374059835e-5,0.00013160920658774486
2.0,19.0,60.0,3.0,2.7612108185127324,29.5,-0.001954254909127634,-3.4240866327189035e-7,0.00013039329900937268
2.0,20.0,60.0,3.0001140803164827,2.113614080316483,29.5,-0.004715404967151273,-5.384796249353088e-7,0.0001326967727729059
2.0,21.0,60.0,3.0001140803164827,1.4631140803164828,29.5,-0.005644556543747289,-3.0666506517925046e-7,0.00013323232322558424
2.0,22.0,60.0,3.0001140803164827,0.8126140803164827,29.5,-0.004706195935862397,-7.577474038291288e-8,0.00013254243066565985
2.0,23.0,60.0,3.0,0.16501734212023322,29.5,-0.0019449376257951315,-2.7359982918965706e-7,0.0001300811013587421
2.0,24.0,60.0,3.0080429610882238,0.11205835642090678,29.5,-0.0016400669901129139,4.6051410746452316e-5,0.00013127398802126718
2.0,25.0,60.0,3.0310574713394014,0.06689246190843257,29.5,-0.0013698912041861856,0.00018373338379714893,0.00013470152553361772
2.0,26.0,60.0,3.0668924619084326,0.0310574713394014,29.5,-0.001147841878306104,0.0004057688351993521,0.00013942518137204137
2.0,27.0,60.0,3.112058356420907,0.008042961088223777,29.5,-0.0010004309391984962,0.000694975192291561,0.00014442137507641173
2.0,28.0,60.0,3.1650173421202332,0.0,29.5,-0.0009472015655714177,0.001044925120756639,0.00014878258440116843
2.0,29.0,60.0,3.8126140803164827,0.0001140803164827453,29.5,-0.0009453512443456101,0.0060784241451762215,0.00019135184542056662
2.0,30.0,60.0,4.463114080316483,0.0001140803164827453,29.5,-0.0009396459119299794,0.0120401175777295,0.0002361710878163915
2.0,31.0,60.0,5.1136140803164825,0.0001140803164827453,29.5,-0.0009308802005335064,0.01836818455084991,0.0002837535074836974
2.0,32.0,60.0,5.761210818512732,0.0,29.5,-0.0009175020568384254,0.02471800640076774,0.0003354374610096862
2.0,33.0,60.0,5.814169804212058,0.008042961088223777,29.5,-0.0009951213780831614,0.025236770519263048,0.00032515726154215866
2.0,34.0,60.0,5.859335698724533,0.0310574713394014,29.5,-0.0012196424610300361,0.025679572074432902,0.0002862506188547609
2.0,35.0,60.0,5.895170689293565,0.06689246190843257,29.5,-0.001570109592224332,0.026031123708410247,0.00022210949390734288
2.0,36.0,60.0,5.918185199544742,0.11205835642090678,29.5,-0.0020123181218970757,0.026256949178355193,0.00013857454786315063
2.0,37.0,60.0,5.926228160632966,0.16501734212023322,29.5,-0.002530955716460838,0.02633574733137995,3.7805843828428994e-5
2.0,38.0,60.0,5.9261140803164825,0.29986408031648293,29.5,-0.003850668448539049,0.026332530737292487,-0.00022267950618886303
2.0,39.0,60.0,5.9261140803164825,0.43761408031648275,29.5,-0.005197709967193963,0.026327128515016684,-0.0004890817864458317
2.0,40.0,60.0,5.9261140803164825,0.5753640803164828,29.5,-0.006544305835661875,0.026318425867313283,-0.000756015361013511
2.0,41.0,60.0,5.9261140803164825,0.7131140803164828,29.5,-0.007891292584082292,0.026306404762291912,-0.0010236695692604576
1.0,1.0,61.0,2.926114080316483,2.213114080316483,30.0,-0.0005048203377668117,-3.521679116452346e-5,0.00017489027248407014
1.0,2.0,61.0,2.926114080316483,2.350864080316483,30.0,-0.0005083187174338896,-3.50392215951612e-5,0.0001747285201654116
1.0,3.0,61.0,2.926114080316483,2.488614080316483,30.0,-0.0005118099951226673,-3.483293528591379e-5,0.00017463380824189523
1.0,4.0,61.0,2.926114080316483,2.626364080316483,30.0,-0.000515487181327968,-3.460024071447921e-5,0.00017460838762015684
1.0,5.0,61.0,2.9262281606329656,2.7612108185127324,30.0,-0.0005194389320861107,-3.434549299062105e-5,0.00017465199767295055
1.0,6.0,61.0,2.918185199544742,2.8141698042120584,30.0,-0.0005211518348429017,-3.449800263931252e-5,0.00017429230849885227
1.0,7.0,61.0,2.8951706892935642,2.859335698724533,30.0,-0.0005227408291443744,-3.5190243590941086e-5,0.00017325454780710756
1.0,8.0,61.0,2.859335698724533,2.8951706892935642,30.0,-0.000524113254756056,-3.6410339741699704e-5,0.0001716841727092357
1.0,9.0,61.0,2.814169804212059,2.918185199544742,30.0,-0.0005250862386830651,-3.808001854265246e-5,0.00016977758050404425
1.0,10.0,61.0,2.761210818512732,2.9262281606329656,30.0,-0.0005255172745762875,-4.016467928649781e-5,0.00016765709286357283
1.0,11.0,61.0,2.113614080316483,2.926114080316483,30.0,-0.0005263236179798101,-6.709785269838092e-5,0.00014319039130975515
1.0,12.0,61.0,1.4631140803164828,2.926114080316483,30.0,-0.0005261176153786602,-7.648153486078792e-5,0.00011931050552139363
1.0,13.0,61.0,0.8126140803164827,2.926114080316483,30.0,-0.0005249781813388638,-5.80151514405332e-5,9.558019511363081e-5
1.0,14.0,61.0,0.16501734212023322,2.9262281606329656,30.0,-0.0005229885470340752,-1.7530300204414302e-5,7.157001073465605e-5
1.0,15.0,61.0,0.11205835642090678,2.918185199544742,30.0,-0.0005233489333416703,-1.3816667150016666e-5,6.962882318030547e-5
1.0,16.0,61.0,0.06689246190843257,2.8951706892935642,30.0,-0.0005247888458096765,-1.0552070691832345e-5,6.805590639756787e-5
1.0,17.0,61.0,0.0310574713394014,2.859335698724533,30.0,-0.0005271717517443534,-7.874465828081398e-6,6.688627596447738e-5
1.0,18.0,61.0,0.008042961088223777,2.8141698042120584,30.0,-0.0005302586667773834,-6.058629592223053e-6,6.622307321306997e-5
1.0,19.0,61.0,0.0,2.7612108185127324,30.0,-0.0005339309405450273,-5.264368173089903e-6,6.611958551607354e-5
1.0,20.0,61.0,0.0001140803164827453,2.113614080316483,30.0,-0.0005744896798490694,-2.497257257090729e-6,6.768347124042836e-5
1.0,21.0,61.0,0.0001140803164827453,1.4631140803164828,30.0,-0.0005899381577588451,1.9939678129185028e-7,6.823473189810013e-5
1.0,22.0,61.0,0.0001140803164827453,0.8126140803164827,30.0,-0.0005725023009847093,2.896380037342561e-6,6.774613758811402e-5
1.0,23.0,61.0,0.0,0.16501734212023322,30.0,-0.0005305247333835816,5.664325807017461e-6,6.624757019866246e-5
1.0,24.0,61.0,0.008042961088223777,0.11205835642090678,30.0,-0.0005267781373200714,6.470004473034148e-6,6.635314060183972e-5
1.0,25.0,61.0,0.0310574713394014,0.06689246190843257,30.0,-0.0005236344510507105,8.314923909279271e-6,6.70112472879635e-5
1.0,26.0,61.0,0.06689246190843257,0.0310574713394014,30.0,-0.0005212116962420183,1.1032621721184587e-5,6.816948659051773e-5
1.0,27.0,61.0,0.11205835642090678,0.008042961088223777,30.0,-0.0005197495580354851,1.4341318867402367e-5,6.972601607202016e-5
1.0,28.0,61.0,0.16501734212023322,0.0,30.0,-0.0005193827496129506,1.809915370019867e-5,7.164657401769342e-5
1.0,29.0,61.0,0.8126140803164827,0.0001140803164827453,30.0,-0.000521378727854819,5.863674723485987e-5,9.539967820536722e-5
1.0,30.0,61.0,1.4631140803164828,0.0001140803164827453,30.0,-0.000522529673481921,7.663945907327126e-5,0.0001188689579881387
1.0,31.0,61.0,2.113614080316483,0.0001140803164827453,30.0,-0.0005227525288309348,6.66058160409127e-5,0.00014247974704409958
1.0,32.0,61.0,2.7612108185127324,0.0,30.0,-0.0005219685036286086,3.8950046530926456e-5,0.00016666464487047623
1.0,33.0,61.0,2.814169804212059,0.008042961088223777,30.0,-0.0005215297942067953,3.680103567087734e-5,0.000168774126869585
1.0,34.0,61.0,2.859335698724533,0.0310574713394014,30.0,-0.0005205302939643755,3.507496580933037e-5,0.0001706973205527794
1.0,35.0,61.0,2.8951706892935642,0.06689246190843257,30.0,-0.0005191145240297127,3.380871180416572e-5,0.00017230862938796672
1.0,36.0,61.0,2.918185199544742,0.11205835642090678,30.0,-0.0005174691635642761,3.3085468068844296e-5,0.00017340758261616794
1.0,37.0,61.0,2.9262281606329656,0.16501734212023322,30.0,-0.0005156884462377584,3.292048729300264e-5,0.00017384762506876772
1.0,38.0,61.0,2.926114080316483,0.29986408031648293,30.0,-0.0005115595199660691,3.317001667742806e-5,0.00017401721090436984
1.0,39.0,61.0,2.926114080316483,0.43761408031648275,30.0,-0.00050769797298529,3.3397211570074433e-5,0.00017426177247445484
1.0,40.0,61.0,2.926114080316483,0.5753640803164828,30.0,-0.0005040205995661625,3.3598014953669744e-5,0.00017457803411508936
1.0,41.0,61.0,2.926114080316483,0.7131140803164828,30.0,-0.0005003356995103926,3.377011258409121e-5,0.00017496455989291813
2.0,1.0,61.0,5.9261140803164825,2.213114080316483,30.0,-0.008210009870144482,-0.027388129359684887,-0.000863976354203043
2.0,2.0,61.0,5.9261140803164825,2.350864080316483,30.0,-0.006807833468361408,-0.02740058857514352,-0.0006349621247611677
2.0,3.0,61.0,5.9261140803164825,2.488614080316483,30.0,-0.005405900555411751,-0.02740962009610389,-0.00040654642683600744
2.0,4.0,61.0,5.9261140803164825,2.626364080316483,30.0,-0.004003895621763422,-0.027415247965417232,-0.00017858144059678207
2.0,5.0,61.0,5.926228160632966,2.7612108185127324,30.0,-0.002631227141403897,-0.02741863673087777,4.430912224400562e-5
2.0,6.0,61.0,5.918185199544742,2.8141698042120584,30.0,-0.0020921570257427294,-0.02733675961901462,0.0001305669159106369
2.0,7.0,61.0,5.895170689293565,2.859335698724533,30.0,-0.0016327701414056445,-0.027102184920204372,0.00020213871790861082
2.0,8.0,61.0,5.859335698724533,2.8951706892935642,30.0,-0.0012688882610097194,-0.026737194842974772,0.00025715906430383376
2.0,9.0,61.0,5.814169804212058,2.918185199544742,30.0,-0.0010359030907897125,-0.026277706488350313,0.00029060731061888415
2.0,10.0,61.0,5.7612108185127315,2.9262281606329656,30.0,-0.0009554047427656148,-0.02573966623107316,0.000299560018142477
2.0,11.0,61.0,5.1136140803164825,2.926114080316483,30.0,-0.0009692058654840574,-0.019166190139582078,0.00025692796951943365
2.0,12.0,61.0,4.463114080316483,2.926114080316483,30.0,-0.0009780304504919918,-0.012603647148634677,0.0002176155117785673
2.0,13.0,61.0,3.8126140803164827,2.926114080316483,30.0,-0.0009837128624808275,-0.006389950509543632,0.0001805991300831375
2.0,14.0,61.0,3.1650173421202332,2.9262281606329656,30.0,-0.00098575496876161,-0.0011049461705864624,0.00014573119934936386
2.0,15.0,61.0,3.112058356420907,2.918185199544742,30.0,-0.0010419544459683927,-0.0007356867335215894,0.00014209322551554082
2.0,16.0,61.0,3.0668924619084326,2.8951706892935642,30.0,-0.0011977244387213247,-0.00043012700361380634,0.0001378169884249285
2.0,17.0,61.0,3.0310574713394014,2.859335698724533,30.0,-0.0014326483030886504,-0.00019522294221827088,0.00013371685175747044
2.0,18.0,61.0,3.0080429610882238,2.8141698042120584,30.0,-0.0017188508227751573,-4.935739263615811e-5,0.0001307091987156018
2.0,19.0,61.0,3.0,2.7612108185127324,30.0,-0.0020422183139339493,-1.926977625426827e-7,0.00012964695078074022
2.0,20.0,61.0,3.0001140803164827,2.113614080316483,30.0,-0.0049927535368148234,-3.280611800323315e-7,0.00013156687586883412
2.0,21.0,61.0,3.0001140803164827,1.4631140803164828,30.0,-0.005994636419150673,-3.915473599988041e-7,0.0001319601541521477
2.0,22.0,61.0,3.0001140803164827,0.8126140803164827,30.0,-0.004983190458468403,-4.5574574385403553e-7,0.00013141643538325533
2.0,23.0,61.0,3.0,0.16501734212023322,30.0,-0.002032475498352769,-5.92904368594901e-7,0.00012934326733209906
2.0,24.0,61.0,3.0080429610882238,0.11205835642090678,30.0,-0.0017098217455521496,4.846323540764882e-5,0.00013038740679559863
2.0,25.0,61.0,3.0310574713394014,0.06689246190843257,30.0,-0.001424341702466077,0.0001939602725649772,0.00013336475359890148
2.0,26.0,61.0,3.0668924619084326,0.0310574713394014,30.0,-0.0011900816419114328,0.0004281996741835863,0.00013743014339224284
2.0,27.0,61.0,3.112058356420907,0.008042961088223777,30.0,-0.0010347970866632606,0.0007328056342696299,0.0001416720296305468
2.0,28.0,61.0,3.1650173421202332,0.0,30.0,-0.0009787884002185336,0.0011008070888358734,0.00014527698196834142
2.0,29.0,61.0,3.8126140803164827,0.0001140803164827453,30.0,-0.0009767488258084014,0.006360372853232438,0.0001797979108156731
2.0,30.0,61.0,4.463114080316483,0.0001140803164827453,30.0,-0.0009710931213530018,0.01253423218154303,0.00021644305056363995
2.0,31.0,61.0,5.1136140803164825,0.0001140803164827453,30.0,-0.0009623176098992045,0.01904843349484621,0.0002553481330272978
2.0,32.0,61.0,5.761210818512732,0.0,30.0,-0.000948598511191231,0.025570258385053342,0.00029752587153957915
2.0,33.0,61.0,5.814169804212058,0.008042961088223777,30.0,-0.001028455334986942,0.02610402807979403,0.0002886469497052395
2.0,34.0,61.0,5.859335698724533,0.0310574713394014,30.0,-0.001259589521584005,0.026559870541947504,0.0002554940930494853
2.0,35.0,61.0,5.895170689293565,0.06689246190843257,30.0,-0.0016205835721745658,0.026921965996715532,0.00020096546502195868
2.0,36.0,61.0,5.918185199544742,0.11205835642090678,30.0,-0.002076327732799393,0.027154681223579828,0.00013003747369409434
2.0,37.0,61.0,5.926228160632966,0.16501734212023322,30.0,-0.002611126088365035,0.027235908967628324,4.455973905624388e-5
2.0,38.0,61.0,5.9261140803164825,0.29986408031648293,30.0,-0.003972922591204387,0.027232540530248,-0.00017630996016524937
2.0,39.0,61.0,5.9261140803164825,0.43761408031648275,30.0,-0.0053638279095176164,0.027226942959950984,-0.00040220762065765664
2.0,40.0,61.0,5.9261140803164825,0.5753640803164828,30.0,-0.006754664338204447,0.027217960914180456,-0.0006285503211742948
2.0,41.0,61.0,5.9261140803164825,0.7131140803164828,30.0,-0.008145742266709487,0.027205570414640577,-0.0008554835626390781
1.0,1.0,62.0,2.926114080316483,2.213114080316483,30.5,-0.0005443298608100387,-3.3819606632673113e-5,0.00017270878790622227
1.0,2.0,62.0,2.926114080316483,2.350864080316483,30.5,-0.0005440757333439818,-3.360594119025608e-5,0.00017218097439604974
1.0,3.0,62.0,2.926114080316483,2.488614080316483,30.5,-0.0005438247768593216,-3.336368817718647e-5,0.00017173137721965655
1.0,4.0,62.0,2.926114080316483,2.626364080316483,30.5,-0.0005437408960653776,-3.309474878034984e-5,0.00017136245887682146
1.0,5.0,62.0,2.9262281606329656,2.7612108185127324,30.5,-0.0005439780293950262,-3.280712092646098e-5,0.00017107816829314772
1.0,6.0,62.0,2.918185199544742,2.8141698042120584,30.5,-0.0005442232453268176,-3.272237941474491e-5,0.0001705791061601088
1.0,7.0,62.0,2.8951706892935642,2.859335698724533,30.5,-0.0005445560503402519,-3.276031614368379e-5,0.00016943173106673379
1.0,8.0,62.0,2.859335698724533,2.8951706892935642,30.5,-0.000544931512566662,-3.2967065752862266e-5,0.00016780835683450964
1.0,9.0,62.0,2.814169804212059,2.918185199544742,30.5,-0.0005452682195018668,-3.33647674507963e-5,0.00016593546734134203
1.0,10.0,62.0,2.761210818512732,2.9262281606329656,30.5,-0.000545484565618004,-3.3968301556716505e-5,0.00016397716373804132
1.0,11.0,62.0,2.113614080316483,2.926114080316483,30.5,-0.0005463887208931984,-4.470760376129715e-5,0.000142182156632177
1.0,12.0,62.0,1.4631140803164828,2.926114080316483,30.5,-0.0005462285678043479,-4.775036831943323e-5,0.00012085742983632266
1.0,13.0,62.0,0.8126140803164827,2.926114080316483,30.5,-0.0005450703303292105,-3.6288907103069954e-5,9.959456638108347e-5
1.0,14.0,62.0,0.16501734212023322,2.9262281606329656,30.5,-0.0005429952305596187,-1.2792645366493404e-5,7.79290646945733e-5
1.0,15.0,62.0,0.11205835642090678,2.918185199544742,30.5,-0.0005431078919828926,-1.0643680313071295e-5,7.622552973597484e-5
1.0,16.0,62.0,0.06689246190843257,2.8951706892935642,30.5,-0.0005438534124449385,-8.72209786618529e-6,7.492591504820635e-5
1.0,17.0,62.0,0.0310574713394014,2.859335698724533,30.5,-0.0005451597948488707,-7.109436004713592e-6,7.401480255127525e-5
1.0,18.0,62.0,0.008042961088223777,2.8141698042120584,30.5,-0.0005469005417299948,-5.971303755124632e-6,7.35381188132157e-5
1.0,19.0,62.0,0.0,2.7612108185127324,30.5,-0.0005490156214867205,-5.406468209632979e-6,7.349676099596962e-5
1.0,20.0,62.0,0.0001140803164827453,2.113614080316483,30.5,-0.0005730224958508895,-2.5535089779742573e-6,7.488967118195281e-5
1.0,21.0,62.0,0.0001140803164827453,1.4631140803164828,30.5,-0.000581914593169925,2.3101598189103953e-7,7.539525900353792e-5
1.0,22.0,62.0,0.0001140803164827453,0.8126140803164827,30.5,-0.0005708841250872115,3.01565130985965e-6,7.495468960837839e-5
1.0,23.0,62.0,0.0,0.16501734212023322,30.5,-0.0005454038016090285,5.8686778253119925e-6,7.3629594918186e-5
1.0,24.0,62.0,0.008042961088223777,0.11205835642090678,30.5,-0.0005432182772439966,6.444249730147905e-6,7.36736073021311e-5
1.0,25.0,62.0,0.0310574713394014,0.06689246190843257,30.5,-0.0005414255868585509,7.608911525551619e-6,7.414628854273706e-5
1.0,26.0,62.0,0.06689246190843257,0.0310574713394014,30.5,-0.0005400843887522314,9.256530920720188e-6,7.504742342368213e-5
1.0,27.0,62.0,0.11205835642090678,0.008042961088223777,30.5,-0.0005393206327942487,1.1214258167143272e-5,7.633213713450398e-5
1.0,28.0,62.0,0.16501734212023322,0.0,30.5,-0.0005392031826461975,1.3396378016682794e-5,7.801638756792707e-5
1.0,29.0,62.0,0.8126140803164827,0.0001140803164827453,30.5,-0.0005412842168471574,3.671338961784615e-5,9.94383568254473e-5
1.0,30.0,62.0,1.4631140803164828,0.0001140803164827453,30.5,-0.0005424539042552276,4.743454177686553e-5,0.00012045420863090192
1.0,31.0,62.0,2.113614080316483,0.0001140803164827453,30.5,-0.0005426314873832841,4.353266330270521e-5,0.00014152426984773806
1.0,32.0,62.0,2.7612108185127324,0.0,30.5,-0.0005417512293404755,3.195572658042529e-5,0.00016305220749950262
1.0,33.0,62.0,2.814169804212059,0.008042961088223777,30.5,-0.0005415261930466982,3.128004987168703e-5,0.0001650004611140126
1.0,34.0,62.0,2.859335698724533,0.0310574713394014,30.5,-0.0005411597504635553,3.081929235730931e-5,0.00016688963284168466
1.0,35.0,62.0,2.8951706892935642,0.06689246190843257,30.5,-0.0005407357878754908,3.056106567735248e-5,0.00016855375562833591
1.0,36.0,62.0,2.918185199544742,0.11205835642090678,30.5,-0.000540339905414885,3.0488733581713075e-5,0.0001697620285698758
1.0,37.0,62.0,2.9262281606329656,0.16501734212023322,30.5,-0.0005400187820527106,3.0559854840173565e-5,0.0001703396183817688
1.0,38.0,62.0,2.926114080316483,0.29986408031648293,30.5,-0.0005395837030273547,3.084268736861344e-5,0.00017083430994362504
1.0,39.0,62.0,2.926114080316483,0.43761408031648275,30.5,-0.000539461749509735,3.11070439527378e-5,0.00017141926906055803
1.0,40.0,62.0,2.926114080316483,0.5753640803164828,30.5,-0.0005395050402826807,3.1345163830744766e-5,0.0001720872702114336
1.0,41.0,62.0,2.926114080316483,0.7131140803164828,30.5,-0.0005395513712676529,3.1555178213905945e-5,0.00017283668733296308
2.0,1.0,62.0,5.9261140803164825,2.213114080316483,30.5,-0.008434946913473922,-0.02814447885342677,-0.0006903345579197532
2.0,2.0,62.0,5.9261140803164825,2.350864080316483,30.5,-0.006993300141701307,-0.028157230100122107,-0.0005032736602218046
2.0,3.0,62.0,5.9261140803164825,2.488614080316483,30.5,-0.00555177441314187,-0.028166484281384355,-0.0003166554420213867
2.0,4.0,62.0,5.9261140803164825,2.626364080316483,30.5,-0.004110479020627144,-0.028172270116480484,-0.00013036981183017516
2.0,5.0,62.0,5.926228160632966,2.7612108185127324,30.5,-0.0027000417264712085,-0.028175788090750015,5.178824971561321e-5
2.0,6.0,62.0,5.918185199544742,2.8141698042120584,30.5,-0.002146436788455642,-0.02809172585156036,0.00012219954461870362
2.0,7.0,62.0,5.895170689293565,2.859335698724533,30.5,-0.0016748533367261004,-0.02785094527115449,0.0001805299578419322
2.0,8.0,62.0,5.859335698724533,2.8951706892935642,30.5,-0.0013014669461801356,-0.027476441345740166,0.0002253402971189547
2.0,9.0,62.0,5.814169804212058,2.918185199544742,30.5,-0.0010624977771762354,-0.027005166104387707,0.0002526102448734138
2.0,10.0,62.0,5.7612108185127315,2.9262281606329656,30.5,-0.0009799663556049906,-0.026453543315514628,0.00026004166796149875
2.0,11.0,62.0,5.1136140803164825,2.926114080316483,30.5,-0.0009940085976883931,-0.019724618068000136,0.00022765069518017965
2.0,12.0,62.0,4.463114080316483,2.926114080316483,30.5,-0.001002818442589364,-0.013000741170142507,0.0001973863097348674
2.0,13.0,62.0,3.8126140803164827,2.926114080316483,30.5,-0.001008450292341405,-0.006612611042821345,0.0001686379281977219
2.0,14.0,62.0,3.1650173421202332,2.9262281606329656,30.5,-0.0010106573972969298,-0.0011487021861165952,0.00014137204585267248
2.0,15.0,62.0,3.112058356420907,2.918185199544742,30.5,-0.001069034818097832,-0.0007653195079224199,0.00013865137283793885
2.0,16.0,62.0,3.0668924619084326,2.8951706892935642,30.5,-0.0012309656142537033,-0.00044771741615639996,0.0001355894155633701
2.0,17.0,62.0,3.0310574713394014,2.859335698724533,30.5,-0.0014754411318174466,-0.000203271057452241,0.0001327099235175767
2.0,18.0,62.0,3.0080429610882238,2.8141698042120584,30.5,-0.0017736163106601567,-5.129380191656166e-5,0.0001306126908579663
2.0,19.0,62.0,3.0,2.7612108185127324,30.5,-0.0021108998375128423,6.579311532755259e-9,0.0001298397713026261
2.0,20.0,62.0,3.0001140803164827,2.113614080316483,30.5,-0.005209654131357878,-1.1928803137084144e-7,0.00013057191507350867
2.0,21.0,62.0,3.0001140803164827,1.4631140803164828,30.5,-0.0062683336295236034,-4.7200958094686654e-7,0.0001306307617474712
2.0,22.0,62.0,3.0001140803164827,0.8126140803164827,30.5,-0.0051997504453906935,-8.256592731432258e-7,0.0001304258756303406
2.0,23.0,62.0,3.0,0.16501734212023322,30.5,-0.0021007653322568467,-9.531003020646639e-7,0.00012954693843923766
2.0,24.0,62.0,3.0080429610882238,0.11205835642090678,30.5,-0.0017642213396856458,5.0234641178916636e-5,0.00013030114828255042
2.0,25.0,62.0,3.0310574713394014,0.06689246190843257,30.5,-0.0014667959181014815,0.00020182930842290364,0.0001323724467130629
2.0,26.0,62.0,3.0668924619084326,0.0310574713394014,30.5,-0.001223010164198181,0.0004455853164467615,0.00013522046453423494
2.0,27.0,62.0,3.112058356420907,0.008042961088223777,30.5,-0.001061584215353779,0.0007621957061193741,0.00013824997188805494
2.0,28.0,62.0,3.1650173421202332,0.0,30.5,-0.001003405291692715,0.0011442690397859658,0.00014094188231986773
2.0,29.0,62.0,3.8126140803164827,0.0001140803164827453,30.5,-0.0010012008955982627,0.006581649135070492,0.00016790875862207809
2.0,30.0,62.0,4.463114080316483,0.0001140803164827453,30.5,-0.0009955974765069812,0.012928276525391164,0.00019633713166916476
2.0,31.0,62.0,5.1136140803164825,0.0001140803164827453,30.5,-0.0009868397847962963,0.019601966748400243,0.00022624815607960092
2.0,32.0,62.0,5.761210818512732,0.0,30.5,-0.0009728849841714939,0.026277446608800163,0.0002582408281145171
2.0,33.0,62.0,5.814169804212058,0.008042961088223777,30.5,-0.0010547531105278988,0.026824652118259032,0.0002508749927080318
2.0,34.0,62.0,5.859335698724533,0.0310574713394014,30.5,-0.001291807820690769,0.02729215596614738,0.0002238669045281615
2.0,35.0,62.0,5.895170689293565,0.06689246190843257,30.5,-0.0016622069179129393,0.02766366536167784,0.00017949217265909048
2.0,36.0,62.0,5.918185199544742,0.11205835642090678,30.5,-0.0021300216769302056,0.027902522093629825,0.0001217317982846102
2.0,37.0,62.0,5.926228160632966,0.16501734212023322,30.5,-0.002679206554699224,0.02798591244393378,5.201077412977993e-5
2.0,38.0,62.0,5.9261140803164825,0.29986408031648293,30.5,-0.004078392636221251,0.027982415924631233,-0.0001283596920187428
2.0,39.0,62.0,5.9261140803164825,0.43761408031648275,30.5,-0.005508199226946083,0.027976662385159667,-0.0003128165928921763
2.0,40.0,62.0,5.9261140803164825,0.5753640803164828,30.5,-0.006938238263796259,0.027967460873563103,-0.000497600866564141
2.0,41.0,62.0,5.9261140803164825,0.7131140803164828,30.5,-0.00836839646540745,0.027954782756744446,-0.000682820414209257
1.0,1.0,63.0,2.926114080316483,2.213114080316483,31.0,-0.000589851989627446,-3.109532416833e-5,0.00017005826982205118
1.0,2.0,63.0,2.926114080316483,2.350864080316483,31.0,-0.0005843874780992124,-3.084117951766094e-5,0.00016917515504719538
1.0,3.0,63.0,2.926114080316483,2.488614080316483,31.0,-0.0005789547930233729,-3.055822508626958e-5,0.00016837663817889265
1.0,4.0,63.0,2.926114080316483,2.626364080316483,31.0,-0.0005736259282493086,-3.024713863394201e-5,0.00016766625337824326
1.0,5.0,63.0,2.9262281606329656,2.7612108185127324,31.0,-0.0005686022851746141,-2.9920709729394268e-5,0.00016705501996719518
1.0,6.0,63.0,2.918185199544742,2.8141698042120584,31.0,-0.0005667352635878625,-2.9497703520586167e-5,0.00016643682258755485
1.0,7.0,63.0,2.8951706892935642,2.859335698724533,31.0,-0.000565237653149625,-2.8586108231208223e-5,0.00016521676424426722
1.0,8.0,63.0,2.859335698724533,2.8951706892935642,31.0,-0.0005641415474976018,-2.7303346772901182e-5,0.00016358797998115252
1.0,9.0,63.0,2.814169804212059,2.918185199544742,31.0,-0.0005635255052421604,-2.5808936649299504e-5,0.00016179481691828623
1.0,10.0,63.0,2.761210818512732,2.9262281606329656,31.0,-0.0005634121603142517,-2.4184153372968267e-5,0.00016002080903735924
1.0,11.0,63.0,2.113614080316483,2.926114080316483,31.0,-0.0005644137887286572,-9.393268063409724e-6,0.00014100433103821907
1.0,12.0,63.0,1.4631140803164828,2.926114080316483,31.0,-0.000564320182731402,-2.0720575843996656e-6,0.00012237300905456168
1.0,13.0,63.0,0.8126140803164827,2.926114080316483,31.0,-0.0005631614867511753,-1.6727993141842794e-6,0.00010374254942937107
1.0,14.0,63.0,0.16501734212023322,2.9262281606329656,31.0,-0.0005609918072630588,-5.262773777267435e-6,8.459643779117739e-5
1.0,15.0,63.0,0.11205835642090678,2.918185199544742,31.0,-0.0005607183013303808,-5.573682935946776e-6,8.31284245827552e-5
1.0,16.0,63.0,0.06689246190843257,2.8951706892935642,31.0,-0.0005603776888783131,-5.761047782159757e-6,8.207901483957836e-5
1.0,17.0,63.0,0.0310574713394014,2.859335698724533,31.0,-0.0005600013192934781,-5.8198743034799835e-6,8.13948869168423e-5
1.0,18.0,63.0,0.008042961088223777,2.8141698042120584,31.0,-0.0005596395274019286,-5.746800908763654e-6,8.107661043387976e-5
1.0,19.0,63.0,0.0,2.7612108185127324,31.0,-0.0005593238936268482,-5.54695818893157e-6,8.108517768708172e-5
1.0,20.0,63.0,0.0001140803164827453,2.113614080316483,31.0,-0.0005573835569446123,-2.621947527236497e-6,8.23322085835368e-5
1.0,21.0,63.0,0.0001140803164827453,1.4631140803164828,31.0,-0.000556089550840394,2.638005239263709e-7,8.28024916027905e-5
1.0,22.0,63.0,0.0001140803164827453,0.8126140803164827,31.0,-0.0005551312248312119,3.1494958125618396e-6,8.239873214271004e-5
1.0,23.0,63.0,0.0,0.16501734212023322,31.0,-0.000555532751617545,6.073935880073506e-6,8.122094030299215e-5
1.0,24.0,63.0,0.008042961088223777,0.11205835642090678,31.0,-0.0005557777576646628,6.284463033909985e-6,8.121565259165869e-5
1.0,25.0,63.0,0.0310574713394014,0.06689246190843257,31.0,-0.0005560884696666248,6.3835426765757505e-6,8.15313057780488e-5
1.0,26.0,63.0,0.06689246190843257,0.0310574713394014,31.0,-0.0005564315451069928,6.358057863618944e-6,8.220726835751023e-5
1.0,27.0,63.0,0.11205835642090678,0.008042961088223777,31.0,-0.0005567554440392148,6.203728933644701e-6,8.324363964193901e-5
1.0,28.0,63.0,0.16501734212023322,0.0,31.0,-0.0005570248639896685,5.921036313660878e-6,8.469391968618502e-5
1.0,29.0,63.0,0.8126140803164827,0.0001140803164827453,31.0,-0.0005592000533781718,2.0089708631554484e-6,0.00010361091388792303
1.0,30.0,63.0,1.4631140803164828,0.0001140803164827453,31.0,-0.0005603701968976128,1.4376680278857065e-6,0.00012200972002837738
1.0,31.0,63.0,2.113614080316483,0.0001140803164827453,31.0,-0.000560481888821954,7.656445619037151e-6,0.00014040256672012732
1.0,32.0,63.0,2.7612108185127324,0.0,31.0,-0.0005595058635845445,2.141354449091846e-5,0.00015916895367534614
1.0,33.0,63.0,2.814169804212059,0.008042961088223777,31.0,-0.0005596086035888142,2.295230090751231e-5,0.000160933263247544
1.0,34.0,63.0,2.859335698724533,0.0310574713394014,31.0,-0.000560189138809359,2.4372102308188878e-5,0.00016274232910068614
1.0,35.0,63.0,2.8951706892935642,0.06689246190843257,31.0,-0.0005612278103969916,2.5594400987939345e-5,0.00016440899249505676
1.0,36.0,63.0,2.918185199544742,0.11205835642090678,31.0,-0.0005626513097025583,2.646588277166644e-5,0.00016568585765858542
1.0,37.0,63.0,2.9262281606329656,0.16501734212023322,31.0,-0.0005644297338106651,2.687336286983381e-5,0.00016638038266246738
1.0,38.0,63.0,2.926114080316483,0.29986408031648293,31.0,-0.0005692241914154275,2.7195531769043204e-5,0.00016719319547440928
1.0,39.0,63.0,2.926114080316483,0.43761408031648275,31.0,-0.0005743161595434295,2.7502878688259895e-5,0.00016811113502298534
1.0,40.0,63.0,2.926114080316483,0.5753640803164828,31.0,-0.0005795105265474395,2.778301444732779e-5,0.00016911941971454618
1.0,41.0,63.0,2.926114080316483,0.7131140803164828,31.0,-0.0005847369983885218,2.8035265497621126e-5,0.00017021526808187295
2.0,1.0,63.0,5.9261140803164825,2.213114080316483,31.0,-0.008649555788412169,-0.02874682536559093,-0.0005133328780082011
2.0,2.0,63.0,5.9261140803164825,2.350864080316483,31.0,-0.007169628482151426,-0.028759778093365853,-0.0003689654420291175
2.0,3.0,63.0,5.9261140803164825,2.488614080316483,31.0,-0.005689791792221266,-0.028769183046687647,-0.00022487229857938475
2.0,4.0,63.0,5.9261140803164825,2.626364080316483,31.0,-0.004210252283746117,-0.02877506997267838,-8.097563429371598e-5
2.0,5.0,63.0,5.926228160632966,2.7612108185127324,31.0,-0.002762551530398697,-0.028778672108401123,5.977611997248538e-5
2.0,6.0,63.0,5.918185199544742,2.8141698042120584,31.0,-0.002194392047739198,-0.02869240784705032,0.0001140105312539467
2.0,7.0,63.0,5.895170689293565,2.859335698724533,31.0,-0.0017104502173828447,-0.028445330912313646,0.00015872595050756732
2.0,8.0,63.0,5.859335698724533,2.8951706892935642,31.0,-0.0013273126037053446,-0.02806106759732997,0.00019297567214464687
2.0,9.0,63.0,5.814169804212058,2.918185199544742,31.0,-0.0010821239718716371,-0.02757756248662155,0.00021381852093397858
2.0,10.0,63.0,5.7612108185127315,2.9262281606329656,31.0,-0.0009974436678720493,-0.027011693484470675,0.00021965795298487924
2.0,11.0,63.0,5.1136140803164825,2.926114080316483,31.0,-0.001011641443568917,-0.02011558872943184,0.000197914258493503
2.0,12.0,63.0,4.463114080316483,2.926114080316483,31.0,-0.001020491610318149,-0.01324068609332067,0.00017689110852913667
2.0,13.0,63.0,3.8126140803164827,2.926114080316483,31.0,-0.0010261262274920155,-0.0067270202257473264,0.0001564427560058195
2.0,14.0,63.0,3.1650173421202332,2.9262281606329656,31.0,-0.0010283897582601903,-0.0011679914075750763,0.00013645327743792794
2.0,15.0,63.0,3.112058356420907,2.918185199544742,31.0,-0.001087757102559074,-0.0007781726626984467,0.00013474170872393662
2.0,16.0,63.0,3.0668924619084326,2.8951706892935642,31.0,-0.0012524279048754376,-0.00045521347910585237,0.0001331771273907915
2.0,17.0,63.0,3.0310574713394014,2.859335698724533,31.0,-0.0015010645376429277,-0.00020661235645392275,0.00013186293740839223
2.0,18.0,63.0,3.0080429610882238,2.8141698042120584,31.0,-0.0018043604850586136,-5.202569923988694e-5,0.00013095353485111162
2.0,19.0,63.0,3.0,2.7612108185127324,31.0,-0.002147498373366981,1.672182821802756e-7,0.000130555134797704
2.0,20.0,63.0,3.0001140803164827,2.113614080316483,31.0,-0.005302723985543604,-2.0740311295776962e-8,0.0001295702705013215
2.0,21.0,63.0,3.0001140803164827,1.4631140803164828,31.0,-0.006380927471838442,-5.477345282565331e-7,0.00012917472994344593
2.0,22.0,63.0,3.0001140803164827,0.8126140803164827,31.0,-0.005292465814810343,-1.075771165289835e-6,0.00012942878714470582
2.0,23.0,63.0,3.0,0.16501734212023322,31.0,-0.002137002443651201,-1.265950333572963e-6,0.00013027370696430535
2.0,24.0,63.0,3.0080429610882238,0.11205835642090678,31.0,-0.0017946330372291693,5.0810021816068066e-5,0.00013065493638017532
2.0,25.0,63.0,3.0310574713394014,0.06689246190843257,31.0,-0.0014921163756076714,0.00020499910369850018,0.00013154010707689125
2.0,26.0,63.0,3.0668924619084326,0.0310574713394014,31.0,-0.0012441968159711747,0.0004528822334342925,0.00013282564758283533
2.0,27.0,63.0,3.112058356420907,0.008042961088223777,31.0,-0.00108005101872172,0.0007748098866217499,0.00013436157314224313
2.0,28.0,63.0,3.1650173421202332,0.0,31.0,-0.0010208901742384925,0.0011632667676035996,0.0001360484531547862
2.0,29.0,63.0,3.8126140803164827,0.0001140803164827453,31.0,-0.0010186295066040418,0.006694739517246142,0.00015579020374879225
2.0,30.0,63.0,4.463114080316483,0.0001140803164827453,31.0,-0.0010130247591042378,0.0131654590391279,0.00017597308948630685
2.0,31.0,63.0,5.1136140803164825,0.0001140803164827453,31.0,-0.0010042296446470453,0.019988618284838437,0.0001967006543641261
2.0,32.0,63.0,5.761210818512732,0.0,31.0,-0.0009901244248316178,0.026829743868295928,0.00021810651254909402
2.0,33.0,63.0,5.814169804212058,0.008042961088223777,31.0,-0.0010741227126893696,0.027391069090851396,0.00021232381738078493
2.0,34.0,63.0,5.859335698724533,0.0310574713394014,31.0,-0.0013173421309929049,0.02787069444667321,0.00019170679209986002
2.0,35.0,63.0,5.895170689293565,0.06689246190843257,31.0,-0.0016974065412981762,0.02825187687576927,0.00015783258237353829
2.0,36.0,63.0,5.918185199544742,0.11205835642090678,31.0,-0.002177470798026552,0.028496974273591432,0.00011360847020657601
2.0,37.0,63.0,5.926228160632966,0.16501734212023322,31.0,-0.002741082001189444,0.028582547139835626,5.9968924715280686e-5
2.0,38.0,63.0,5.9261140803164825,0.29986408031648293,31.0,-0.004177203635675327,0.028578967403094523,-7.924240012306027e-5
2.0,39.0,63.0,5.9261140803164825,0.43761408031648275,31.0,-0.005644918021365509,0.02857311455826564,-0.00022156317150532714
2.0,40.0,63.0,5.9261140803164825,0.5753640803164828,31.0,-0.007112931022829575,0.02856376518767491,-0.00036407575002020203
2.0,41.0,63.0,5.9261140803164825,0.7131140803164828,31.0,-0.00858103288543079,0.02855088964738226,-0.0005068559173702764
1.0,1.0,64.0,2.926114080316483,2.213114080316483,31.5,-0.000635277901478079,-2.7093102526992314e-5,0.0001669095786002385
1.0,2.0,64.0,2.926114080316483,2.350864080316483,31.5,-0.0006242935341013064,-2.679782565044229e-5,0.00016567885875147276
1.0,3.0,64.0,2.926114080316483,2.488614080316483,31.5,-0.000613386166183157,-2.647235821673551e-5,0.00016453051644446038
1.0,4.0,64.0,2.926114080316483,2.626364080316483,31.5,-0.0006024806937270959,-2.6115735359020272e-5,0.00016347108382198334
1.0,5.0,64.0,2.9262281606329656,2.7612108185127324,31.5,-0.0005917875489192686,-2.574507988063558e-5,0.0001625218330977789
1.0,6.0,64.0,2.918185199544742,2.8141698042120584,31.5,-0.0005876135857988752,-2.495158207732939e-5,0.00016181025380893383
1.0,7.0,64.0,2.8951706892935642,2.859335698724533,31.5,-0.0005840975410743332,-2.2992554071807274e-5,0.00016059058602296389
1.0,8.0,64.0,2.859335698724533,2.8951706892935642,31.5,-0.0005813631798584121,-2.005211257551386e-5,0.0001590419196694036
1.0,9.0,64.0,2.814169804212059,2.918185199544742,31.5,-0.000579676288435247,-1.64335487790473e-5,0.00015739864295277766
1.0,10.0,64.0,2.761210818512732,2.9262281606329656,31.5,-0.0005791878760772392,-1.2286536946718354e-5,0.00015584377575403877
1.0,11.0,64.0,2.113614080316483,2.926114080316483,31.5,-0.0005802908593616435,3.239714053427962e-5,0.00013966412326847449
1.0,12.0,64.0,1.4631140803164828,2.926114080316483,31.5,-0.0005802869074151771,5.2069294415002854e-5,0.00012385217694429342
1.0,13.0,64.0,0.8126140803164827,2.926114080316483,31.5,-0.0005791497302734201,3.9313391148379726e-5,0.00010803374144312619
1.0,14.0,64.0,0.16501734212023322,2.9262281606329656,31.5,-0.000576882323013475,3.562244941212568e-6,9.163720889472003e-5
1.0,15.0,64.0,0.11205835642090678,2.918185199544742,31.5,-0.0005761563831167815,3.6764502167962263e-7,9.039124313058969e-5
1.0,16.0,64.0,0.06689246190843257,2.8951706892935642,31.5,-0.0005745456005385112,-2.287658903058989e-6,8.953442172353079e-5
1.0,17.0,64.0,0.0310574713394014,2.859335698724533,31.5,-0.0005722050896278086,-4.299676355824373e-6,8.900360546042862e-5
1.0,18.0,64.0,0.008042961088223777,2.8141698042120584,31.5,-0.0005693932467500136,-5.470324615946481e-6,8.878116315040671e-5
1.0,19.0,64.0,0.0,2.7612108185127324,31.5,-0.0005662491227390084,-5.698178929956578e-6,8.881611494895468e-5
1.0,20.0,64.0,0.0001140803164827453,2.113614080316483,31.5,-0.0005341000282259304,-2.7083589050722927e-6,8.999731418629474e-5
1.0,21.0,64.0,0.0001140803164827453,1.4631140803164828,31.5,-0.0005210332111665473,2.9743346498574947e-7,9.045729024790341e-5
1.0,22.0,64.0,0.0001140803164827453,0.8126140803164827,31.5,-0.000531783034357409,3.3031058157348e-6,9.00645961650738e-5
1.0,23.0,64.0,0.0,0.16501734212023322,31.5,-0.0005623133716474569,6.2919936024463605e-6,8.895303262267844e-5
1.0,24.0,64.0,0.008042961088223777,0.11205835642090678,31.5,-0.0005653807264415917,6.075706847084117e-6,8.892199201970492e-5
1.0,25.0,64.0,0.0310574713394014,0.06689246190843257,31.5,-0.0005681364336448905,4.9335848376958406e-6,8.914337187536084e-5
1.0,26.0,64.0,0.06689246190843257,0.0310574713394014,31.5,-0.0005704398450458236,2.9586426620618867e-6,8.966810978458578e-5
1.0,27.0,64.0,0.11205835642090678,0.008042961088223777,31.5,-0.0005720316386607864,3.4073074703608674e-7,9.051402961316554e-5
1.0,28.0,64.0,0.16501734212023322,0.0,31.5,-0.0005727527452182524,-2.82107122287394e-6,9.174397918374481e-5
1.0,29.0,64.0,0.8126140803164827,0.0001140803164827453,31.5,-0.0005750252817170298,-3.889291000781713e-5,0.00010792678484163668
1.0,30.0,64.0,1.4631140803164828,0.0001140803164827453,31.5,-0.0005761740768056478,-5.276777554339021e-5,0.00012353038515719838
1.0,31.0,64.0,2.113614080316483,0.0001140803164827453,31.5,-0.0005761970205568239,-3.4487715933763374e-5,0.00013912168487660665
1.0,32.0,64.0,2.7612108185127324,0.0,31.5,-0.0005751213640170103,8.832214767165748e-6,0.00015507048330932522
1.0,33.0,64.0,2.814169804212059,0.008042961088223777,31.5,-0.0005755955781557163,1.286848951343764e-5,0.00015661600712823465
1.0,34.0,64.0,2.859335698724533,0.0310574713394014,31.5,-0.0005772367520408961,1.6391939502598446e-5,0.00015827151131540435
1.0,35.0,64.0,2.8951706892935642,0.06689246190843257,31.5,-0.0005798981852544298,1.925616326519002e-5,0.00015985477094587606
1.0,36.0,64.0,2.918185199544742,0.11205835642090678,31.5,-0.0005833210092113735,2.1165414639405833e-5,0.0001611277047510421
1.0,37.0,64.0,2.9262281606329656,0.16501734212023322,31.5,-0.0005873845501014116,2.194015197490231e-5,0.00016190764862610398
1.0,38.0,64.0,2.926114080316483,0.29986408031648293,31.5,-0.00059779559644144,2.2306826028986168e-5,0.00016304592369454645
1.0,39.0,64.0,2.926114080316483,0.43761408031648275,31.5,-0.0006084124473492898,2.2660540935092495e-5,0.00016429890775849064
1.0,40.0,64.0,2.926114080316483,0.5753640803164828,31.5,-0.0006190309255051898,2.2984400642188966e-5,0.00016564298049943354
1.0,41.0,64.0,2.926114080316483,0.7131140803164828,31.5,-0.0006297271209258226,2.327944181375783e-5,0.00016707237973751846
2.0,1.0,64.0,5.9261140803164825,2.213114080316483,31.5,-0.008857865904888578,-0.029192934265331847,-0.0003341940231786228
2.0,2.0,64.0,5.9261140803164825,2.350864080316483,31.5,-0.0073402140412710095,-0.029205997885398925,-0.0002330116373522109
2.0,3.0,64.0,5.9261140803164825,2.488614080316483,31.5,-0.005822744044511795,-0.02921547927231541,-0.00013194364096053474
2.0,4.0,64.0,5.9261140803164825,2.626364080316483,31.5,-0.004305333526800291,-0.02922140456431614,-3.094117695257581e-5
2.0,5.0,64.0,5.926228160632966,2.7612108185127324,31.5,-0.0028200583923245564,-0.0292250363782247,6.790908072883607e-5
2.0,6.0,64.0,5.918185199544742,2.8141698042120584,31.5,-0.002236937323181327,-0.02913648935318317,0.00010580104539802273
2.0,7.0,64.0,5.895170689293565,2.859335698724533,31.5,-0.0017401017815605402,-0.02888283077273084,0.00013679734431037928
2.0,8.0,64.0,5.859335698724533,2.8951706892935642,31.5,-0.0013466345523802366,-0.028488227378343604,0.00016042688285830073
2.0,9.0,64.0,5.814169804212058,2.918185199544742,31.5,-0.0010947552460008941,-0.027991585237977512,0.00017481833002786767
2.0,10.0,64.0,5.7612108185127315,2.9262281606329656,31.5,-0.001007719785873753,-0.027410215117436198,0.0001790628761653017
2.0,11.0,64.0,5.1136140803164825,2.926114080316483,31.5,-0.0010220026347025175,-0.020326125622363175,0.00016796828179815022
2.0,12.0,64.0,4.463114080316483,2.926114080316483,31.5,-0.001030991740610548,-0.013305004738416518,0.00015623468506231723
2.0,13.0,64.0,3.8126140803164827,2.926114080316483,31.5,-0.0010367144714585259,-0.006717237498947523,0.0001441700115343693
2.0,14.0,64.0,3.1650173421202332,2.9262281606329656,31.5,-0.001038887020019516,-0.0011585532627488699,0.00013151133318608797
2.0,15.0,64.0,3.112058356420907,2.918185199544742,31.5,-0.0010978516982427778,-0.0007712795560456561,0.00013079377023021455
2.0,16.0,64.0,3.0668924619084326,2.8951706892935642,31.5,-0.0012612407691635515,-0.0004508167537481666,0.00013069594623978703
2.0,17.0,64.0,3.0310574713394014,2.859335698724533,31.5,-0.001507671489118816,-0.0002044229789362302,0.00013091057580093813
2.0,18.0,64.0,3.0080429610882238,2.8141698042120584,31.5,-0.0018079563568170363,-5.138250170170626e-5,0.00013115656850497457
2.0,19.0,64.0,3.0,2.7612108185127324,31.5,-0.0021473372467650403,2.2080743322809163e-7,0.0001311142968413362
2.0,20.0,64.0,3.0001140803164827,2.113614080316483,31.5,-0.005247536395580817,-1.0047779956207406e-7,0.0001283888215523646
2.0,21.0,64.0,3.0001140803164827,1.4631140803164828,31.5,-0.006299510507213927,-6.184354621578402e-7,0.00012754761502413055
2.0,22.0,64.0,3.0001140803164827,0.8126140803164827,31.5,-0.0052369023326019025,-1.1378177342655178e-6,0.00012825145065644151
2.0,23.0,64.0,3.0,0.16501734212023322,31.5,-0.0021365111882687567,-1.4621250954675739e-6,0.00013084335871338447
2.0,24.0,64.0,3.0080429610882238,0.11205835642090678,31.5,-0.0017979314762778993,5.001899853235799e-5,0.0001308708089621357
2.0,25.0,64.0,3.0310574713394014,0.06689246190843257,31.5,-0.0014984584130797846,0.00020264508274096037,0.0001306016378621928
2.0,26.0,64.0,3.0668924619084326,0.0310574713394014,31.5,-0.0012527741030970868,0.000448291686367921,0.00013036154605783898
2.0,27.0,64.0,3.112058356420907,0.008042961088223777,31.5,-0.0010899309565776773,0.0007676819664904302,0.00013043567116633272
2.0,28.0,64.0,3.1650173421202332,0.0,31.5,-0.0010311807401776854,0.0011535408241677772,0.00013113271690703792
2.0,29.0,64.0,3.8126140803164827,0.0001140803164827453,31.5,-0.0010290111105179867,0.006683731112878282,0.00014359783307509282
2.0,30.0,64.0,4.463114080316483,0.0001140803164827453,31.5,-0.0010233194815127183,0.013227372016022667,0.0001554548969738053
2.0,31.0,64.0,5.1136140803164825,0.0001140803164827453,31.5,-0.0010143880345685578,0.02019549639618846,0.00016695452023251635
2.0,32.0,64.0,5.761210818512732,0.0,31.5,-0.001000202446322149,0.02722330903568969,0.00017777626759718726
2.0,33.0,64.0,5.814169804212058,0.008042961088223777,31.5,-0.001086539757952331,0.027800026150660476,0.0001735790884867848
2.0,34.0,64.0,5.859335698724533,0.0310574713394014,31.5,-0.0013364024761592548,0.02829269470122072,0.00015937523470778775
2.0,35.0,64.0,5.895170689293565,0.06689246190843257,31.5,-0.00172672201284664,0.02868414227652582,0.00013605756201777358
2.0,36.0,64.0,5.918185199544742,0.11205835642090678,31.5,-0.0022195854685952247,0.02893577293161898,0.00010546936086884463
2.0,37.0,64.0,5.926228160632966,0.16501734212023322,31.5,-0.0027980469266325526,0.029023611577979485,6.807170283044867e-5
2.0,38.0,64.0,5.9261140803164825,0.29986408031648293,31.5,-0.004271458249498889,0.02902000290277246,-2.9498209225241e-5
2.0,39.0,64.0,5.9261140803164825,0.43761408031648275,31.5,-0.005776752066878096,0.02901411322854569,-0.00012919086786580922
2.0,40.0,64.0,5.9261140803164825,0.5753640803164828,31.5,-0.007282106632678434,0.02900469001025813,-0.00022894500232288238
2.0,41.0,64.0,5.9261140803164825,0.7131140803164828,31.5,-0.008787641448656801,0.028991707224015464,-0.0003288076044821732
1.0,1.0,65.0,2.926114080316483,2.213114080316483,32.0,-0.0006713343915184666,-2.1834245272836957e-5,0.00016329170565968792
1.0,2.0,65.0,2.926114080316483,2.350864080316483,32.0,-0.0006562475683759522,-2.1502086717388145e-5,0.0001617061885198404
1.0,3.0,65.0,2.926114080316483,2.488614080316483,32.0,-0.0006412910970712271,-2.1136783709009346e-5,0.00016019187940915182
1.0,4.0,65.0,2.926114080316483,2.626364080316483,32.0,-0.0006262176420618394,-2.073540403107877e-5,0.00015875784089478199
1.0,5.0,65.0,2.9262281606329656,2.7612108185127324,32.0,-0.0006111925092957696,-2.0318517729697717e-5,0.00015743658720971575
1.0,6.0,65.0,2.918185199544742,2.8141698042120584,32.0,-0.0006052190210910547,-1.923051011244475e-5,0.00015666808510984945
1.0,7.0,65.0,2.8951706892935642,2.859335698724533,32.0,-0.0006001062231674534,-1.6437605564832703e-5,0.0001555317437360289
1.0,8.0,65.0,2.859335698724533,2.8951706892935642,32.0,-0.0005960583108699912,-1.2163312414277505e-5,0.00015416911106219883
1.0,9.0,65.0,2.814169804212059,2.918185199544742,32.0,-0.0005935022316620934,-6.8158972524674225e-6,0.00015277005144909964
1.0,10.0,65.0,2.761210818512732,2.9262281606329656,32.0,-0.0005927067520054895,-5.936520296320088e-7,0.00015147417181133146
1.0,11.0,65.0,2.113614080316483,2.926114080316483,32.0,-0.0005939189287898298,6.981160618302326e-5,0.00013815554164166237
1.0,12.0,65.0,1.4631140803164828,2.926114080316483,32.0,-0.0005940221887009085,0.00010020662383820346,0.00012528146324984659
1.0,13.0,65.0,0.8126140803164827,2.926114080316483,32.0,-0.0005929259378164731,7.556357873434665e-5,0.00011246522600769403
1.0,14.0,65.0,0.16501734212023322,2.9262281606329656,32.0,-0.0005905674301398045,1.1193514840156341e-5,9.909590854358502e-5
1.0,15.0,65.0,0.11205835642090678,2.918185199544742,32.0,-0.0005894442549398703,5.48109048231585e-6,9.805184477835961e-5
1.0,16.0,65.0,0.06689246190843257,2.8951706892935642,32.0,-0.0005867262571354903,6.780136600483708e-7,9.730648639355699e-5
1.0,17.0,65.0,0.0310574713394014,2.859335698724533,32.0,-0.0005826804537146555,-3.028613507854783e-6,9.682625763416259e-5
1.0,18.0,65.0,0.008042961088223777,2.8141698042120584,32.0,-0.0005777484390015115,-5.275481470277706e-6,9.661358547497051e-5
1.0,19.0,65.0,0.0,2.7612108185127324,32.0,-0.0005721636179940523,-5.872827093823712e-6,9.664454876931564e-5
1.0,20.0,65.0,0.0001140803164827453,2.113614080316483,32.0,-0.0005139943236280672,-2.8141165540633437e-6,9.788506803699227e-5
1.0,21.0,65.0,0.0001140803164827453,1.4631140803164828,32.0,-0.0004908859089952219,3.315482187348932e-7,9.837046003118916e-5
1.0,22.0,65.0,0.0001140803164827453,0.8126140803164827,32.0,-0.0005116648234452762,3.4771461010128715e-6,9.795255185768306e-5
1.0,23.0,65.0,0.0,0.16501734212023322,32.0,-0.000568121940650701,6.53496244134687e-6,9.678124059888861e-5
1.0,24.0,65.0,0.008042961088223777,0.11205835642090678,32.0,-0.0005736172521417693,5.9511163488363545e-6,9.675473759987307e-5
1.0,25.0,65.0,0.0310574713394014,0.06689246190843257,32.0,-0.0005784813861293194,3.7387455118226006e-6,9.696786566099428e-5
1.0,26.0,65.0,0.06689246190843257,0.0310574713394014,32.0,-0.0005824801614892271,7.908579197093822e-8,9.744410414697296e-5
1.0,27.0,65.0,0.11205835642090678,0.008042961088223777,32.0,-0.0005851724663109471,-4.6735300893693136e-6,9.818073401867123e-5
1.0,28.0,65.0,0.16501734212023322,0.0,32.0,-0.0005862883497602179,-1.033733227924675e-5,9.921056404283096e-5
1.0,29.0,65.0,0.8126140803164827,0.0001140803164827453,32.0,-0.0005886516941086079,-7.48504133883447e-5,0.00011238289998518948
1.0,30.0,65.0,1.4631140803164828,0.0001140803164827453,32.0,-0.0005897600933440454,-0.0001006542519037603,0.0001250026937441257
1.0,31.0,65.0,2.113614080316483,0.0001140803164827453,32.0,-0.0005896770148984195,-7.198864017167212e-5,0.0001376755975777472
1.0,32.0,65.0,2.7612108185127324,0.0,32.0,-0.0005884940511836078,-3.4409403790658445e-6,0.00015078401309434318
1.0,33.0,65.0,2.814169804212059,0.008042961088223777,32.0,-0.0005892696678729045,2.632015621852304e-6,0.00015207026629435847
1.0,34.0,65.0,2.859335698724533,0.0310574713394014,32.0,-0.0005917637493455419,7.852293992378748e-6,0.00015348037651022388
1.0,35.0,65.0,2.8951706892935642,0.06689246190843257,32.0,-0.000595713984656415,1.2025633817015537e-5,0.00015487035570720573
1.0,36.0,65.0,2.918185199544742,0.11205835642090678,32.0,-0.0006007035135993288,1.4753147903486133e-5,0.0001560500202472153
1.0,37.0,65.0,2.9262281606329656,0.16501734212023322,32.0,-0.0006065326012832397,1.5817123156339616e-5,0.0001568831719731851
1.0,38.0,65.0,2.926114080316483,0.29986408031648293,32.0,-0.0006211933887093536,1.6230561496717088e-5,0.00015837335022785739
1.0,39.0,65.0,2.926114080316483,0.43761408031648275,32.0,-0.0006358979864130888,1.6629658317820114e-5,0.00015998221442988054
1.0,40.0,65.0,2.926114080316483,0.5753640803164828,32.0,-0.0006504871160681863,1.699453352203422e-5,0.0001616731546336814
1.0,41.0,65.0,2.926114080316483,0.7131140803164828,32.0,-0.000665207532696098,1.732806183395927e-5,0.00016343786448905781
2.0,1.0,65.0,5.9261140803164825,2.213114080316483,32.0,-0.00904079359620038,-0.02948147612683858,-0.00015406829335324048
2.0,2.0,65.0,5.9261140803164825,2.350864080316483,32.0,-0.007489541977157328,-0.029494570289625124,-9.633534759165578e-5
2.0,3.0,65.0,5.9261140803164825,2.488614080316483,32.0,-0.0059386657944050895,-0.02950406309918453,-3.858623036217826e-5
2.0,4.0,65.0,5.9261140803164825,2.626364080316483,32.0,-0.004387361537549148,-0.029509973316649393,1.919909104320728e-5
2.0,5.0,65.0,5.926228160632966,2.7612108185127324,32.0,-0.002867842562719382,-0.029513586901987694,7.580779442790958e-5
2.0,6.0,65.0,5.918185199544742,2.8141698042120584,32.0,-0.002270828715546908,-0.029422904248882976,9.735113169683144e-5
2.0,7.0,65.0,5.895170689293565,2.859335698724533,32.0,-0.0017618530815953393,-0.02916303830562134,0.00011479487059600371
2.0,8.0,65.0,5.859335698724533,2.8951706892935642,32.0,-0.0013585235306853634,-0.02875856111487485,0.0001280403917313842
2.0,9.0,65.0,5.814169804212058,2.918185199544742,32.0,-0.0011001674906783764,-0.02824921779039861,0.00013618555972049558
2.0,10.0,65.0,5.7612108185127315,2.9262281606329656,32.0,-0.0010108151626079581,-0.027652688298873872,0.0001389014462176309
2.0,11.0,65.0,5.1136140803164825,2.926114080316483,32.0,-0.0010251191043718377,-0.02037891820166923,0.00013804262255081586
2.0,12.0,65.0,4.463114080316483,2.926114080316483,32.0,-0.0010343334183963472,-0.013225812113591166,0.00013550437296145653
2.0,13.0,65.0,3.8126140803164827,2.926114080316483,32.0,-0.0010402260295773122,-0.006609254683489724,0.00013197144698108825
2.0,14.0,65.0,3.1650173421202332,2.9262281606329656,32.0,-0.0010421863004740025,-0.0011265711155609092,0.00012713134803784027
2.0,15.0,65.0,3.112058356420907,2.918185199544742,32.0,-0.0010996539379830724,-0.0007488860457311988,0.00012727937847709225
2.0,16.0,65.0,3.0668924619084326,2.8951706892935642,32.0,-0.0012585991258236443,-0.00043708967464800504,0.0001282781643145343
2.0,17.0,65.0,3.0310574713394014,2.859335698724533,32.0,-0.001497807375584688,-0.00019791374461362597,0.00012957565609913356
2.0,18.0,65.0,3.0080429610882238,2.8141698042120584,32.0,-0.0017886582196747277,-4.970254455234217e-5,0.00013061244283417742
2.0,19.0,65.0,3.0,2.7612108185127324,32.0,-0.002116670392140375,1.3589712817978193e-7,0.0001307949720127572
2.0,20.0,65.0,3.0001140803164827,2.113614080316483,32.0,-0.005072786863902007,-3.615557393789102e-7,0.0001268707030719095
2.0,21.0,65.0,3.0001140803164827,1.4631140803164828,32.0,-0.00606197158065106,-6.842687638541409e-7,0.00012573244815482454
2.0,22.0,65.0,3.0001140803164827,0.8126140803164827,32.0,-0.005061780896890329,-1.0085482994459687e-6,0.00012673640574971753
2.0,23.0,65.0,3.0,0.16501734212023322,32.0,-0.0021055617174377023,-1.5105583600215957e-6,0.00013053234272042427
2.0,24.0,65.0,3.0080429610882238,0.11205835642090678,32.0,-0.0017783836891587957,4.820074198099831e-5,0.00013033381352089098
2.0,25.0,65.0,3.0310574713394014,0.06689246190843257,32.0,-0.0014883762799434111,0.00019598147078459479,0.00012928048704791476
2.0,26.0,65.0,3.0668924619084326,0.0310574713394014,32.0,-0.001249942132117053,0.0004343820291723422,0.00012796230191441214
2.0,27.0,65.0,3.112058356420907,0.008042961088223777,32.0,-0.001091562354169913,0.0007450672567292957,0.00012694223228212944
2.0,28.0,65.0,3.1650173421202332,0.0,32.0,-0.0010343166044356528,0.0011212890056818468,0.00012677931945492352
2.0,29.0,65.0,3.8126140803164827,0.0001140803164827453,32.0,-0.0010323594129190796,0.006574699858364803,0.0001314825451315429
2.0,30.0,65.0,4.463114080316483,0.0001140803164827453,32.0,-0.0010264989330844789,0.013146240790805676,0.00013486899851096807
2.0,31.0,65.0,5.1136140803164825,0.0001140803164827453,32.0,-0.0010173447694678875,0.020245378427878855,0.00013723874253724526
2.0,32.0,65.0,5.761210818512732,0.0,32.0,-0.0010031423712421768,0.027461774431560188,0.00013789416391265865
2.0,33.0,65.0,5.814169804212058,0.008042961088223777,32.0,-0.0010917826996506468,0.028053556965236776,0.00013521594930221756
2.0,34.0,65.0,5.859335698724533,0.0310574713394014,32.0,-0.00134808138249008,0.028558845872509245,0.0001272183993746334
2.0,35.0,65.0,5.895170689293565,0.06689246190843257,32.0,-0.0017481991237409287,0.02896010267558263,0.00011421814527255288
2.0,36.0,65.0,5.918185199544742,0.11205835642090678,32.0,-0.002253121398125573,0.029217899013454587,9.709544893759271e-5
2.0,37.0,65.0,5.926228160632966,0.16501734212023322,32.0,-0.002845380079654596,0.02930785863888153,7.594124926179932e-5
2.0,38.0,65.0,5.9261140803164825,0.29986408031648293,32.0,-0.004352791675041759,0.02930426868437719,2.0340913049031437e-5
2.0,39.0,65.0,5.9261140803164825,0.43761408031648275,32.0,-0.005891730957230807,0.0292983953361576,-3.641290737106655e-5
2.0,40.0,65.0,5.9261140803164825,0.5753640803164828,32.0,-0.007430244074776603,0.029288962924534517,-9.312713113953915e-5
2.0,41.0,65.0,5.9261140803164825,0.7131140803164828,32.0,-0.008969131045569846,0.029275952804502247,-0.0001498200723285223
1.0,1.0,66.0,2.926114080316483,2.213114080316483,32.5,-0.0006875083010634376,-1.5273664503191246e-5,0.00015929445646954116
1.0,2.0,66.0,2.926114080316483,2.350864080316483,32.5,-0.0006716731557557639,-1.4913444409564739e-5,0.0001573261292240286
1.0,3.0,66.0,2.926114080316483,2.488614080316483,32.5,-0.0006560155741598692,-1.4515644220496995e-5,0.00015540805173413867
1.0,4.0,66.0,2.926114080316483,2.626364080316483,32.5,-0.0006401403142620856,-1.407604187912431e-5,0.0001535526211321731
1.0,5.0,66.0,2.9262281606329656,2.7612108185127324,32.5,-0.0006241090545244775,-1.3614930728603214e-5,0.00015180881531597524
1.0,6.0,66.0,2.918185199544742,2.8141698042120584,32.5,-0.0006176525872893883,-1.243424390342282e-5,0.00015099808253908714
1.0,7.0,66.0,2.8951706892935642,2.859335698724533,32.5,-0.0006120738253995439,-9.385215669590032e-6,0.00015003256256413387
1.0,8.0,66.0,2.859335698724533,2.8951706892935642,32.5,-0.0006076142282856912,-4.678894213711144e-6,0.00014896186142728527
1.0,9.0,66.0,2.814169804212059,2.918185199544742,32.5,-0.0006047695082024479,1.2601574618594127e-6,0.00014789400048198812
1.0,10.0,66.0,2.761210818512732,2.9262281606329656,32.5,-0.0006038702364990859,8.228399041854073e-6,0.00014689532019281803
1.0,11.0,66.0,2.113614080316483,2.926114080316483,32.5,-0.00060520047121284,8.970767281985545e-5,0.00013645914464377356
1.0,12.0,66.0,1.4631140803164828,2.926114080316483,32.5,-0.0006054150298430412,0.00012467883610328657,0.00012664133906965103
1.0,13.0,66.0,0.8126140803164827,2.926114080316483,32.5,-0.0006043689303416974,9.354817858517133e-5,0.0001170176914776265
1.0,14.0,66.0,0.16501734212023322,2.9262281606329656,32.5,-0.0006019373210807087,1.4657066485440245e-5,0.00010697210156170359
1.0,15.0,66.0,0.11205835642090678,2.918185199544742,32.5,-0.0006006185190212595,7.742009297287956e-6,0.00010611179092753337
1.0,16.0,66.0,0.06689246190843257,2.8951706892935642,32.5,-0.0005973722255861084,1.9250115485893026e-6,0.00010539643715191806
1.0,17.0,66.0,0.0310574713394014,2.859335698724533,32.5,-0.000592525094343085,-2.572409608054587e-6,0.00010486297444861946
1.0,18.0,66.0,0.008042961088223777,2.8141698042120584,32.5,-0.0005866088958590214,-5.3157096331331615e-6,0.00010457367285496947
1.0,19.0,66.0,0.0,2.7612108185127324,32.5,-0.0005799030742815874,-6.080423308640011e-6,0.000104572000708583
1.0,20.0,66.0,0.0001140803164827453,2.113614080316483,32.5,-0.0005098668761796542,-2.9347188210000724e-6,0.00010601350445774832
1.0,21.0,66.0,0.0001140803164827453,1.4631140803164828,32.5,-0.0004823139519397574,3.6575007200004373e-7,0.00010656197187235358
1.0,22.0,66.0,0.0001140803164827453,0.8126140803164827,32.5,-0.0005075644370982071,3.6663147430626196e-6,0.00010608087937042113
1.0,23.0,66.0,0.0,0.16501734212023322,32.5,-0.0005757900666908461,6.811600308042491e-6,0.0001047077015954647
1.0,24.0,66.0,0.008042961088223777,0.11205835642090678,32.5,-0.0005823886158999042,6.063135945218871e-6,0.00010471417364693285
1.0,25.0,66.0,0.0310574713394014,0.06689246190843257,32.5,-0.00058821988313867,3.363058114502127e-6,0.00010500506236013767
1.0,26.0,66.0,0.06689246190843257,0.0310574713394014,32.5,-0.0005930050413331655,-1.072444369207801e-6,0.00010553619880441212
1.0,27.0,66.0,0.11205835642090678,0.008042961088223777,32.5,-0.000596215213319091,-6.818578447369197e-6,0.00010624468324304514
1.0,28.0,66.0,0.16501734212023322,0.0,32.5,-0.0005975227930709275,-1.365953645915566e-5,0.00010709249265022991
1.0,29.0,66.0,0.8126140803164827,0.0001140803164827453,32.5,-0.0005999591122267377,-9.235626633129767e-5,0.00011695979269547129
1.0,30.0,66.0,1.4631140803164828,0.0001140803164827453,32.5,-0.0006010182927868685,-0.00012458407699900183,0.0001264072772057589
1.0,31.0,66.0,2.113614080316483,0.0001140803164827453,32.5,-0.0006008256333747237,-9.170916952007479e-5,0.00013604458756399303
1.0,32.0,66.0,2.7612108185127324,0.0,32.5,-0.0005995263084150748,-1.2724943121669923e-5,0.00014629255907778332
1.0,33.0,66.0,2.814169804212059,0.008042961088223777,32.5,-0.0006003980493127356,-5.957208321147874e-6,0.00014728174254045775
1.0,34.0,66.0,2.859335698724533,0.0310574713394014,32.5,-0.0006031593662324048,-1.8807121378833904e-7,0.00014835358616977637
1.0,35.0,66.0,2.8951706892935642,0.06689246190843257,32.5,-0.0006074888382311094,4.384332971708756e-6,0.0001494478896037123
1.0,36.0,66.0,2.918185199544742,0.11205835642090678,32.5,-0.0006129042694600141,7.34777699818891e-6,0.00015045329411888413
1.0,37.0,66.0,2.9262281606329656,0.16501734212023322,32.5,-0.0006191706508721463,8.497539832736383e-6,0.00015131214948137372
1.0,38.0,66.0,2.926114080316483,0.29986408031648293,32.5,-0.0006347265069820338,8.954994851847267e-6,0.0001532039768403453
1.0,39.0,66.0,2.926114080316483,0.43761408031648275,32.5,-0.0006501244989947056,9.393031468663502e-6,0.00015520920014296788
1.0,40.0,66.0,2.926114080316483,0.5753640803164828,32.5,-0.0006653087928401521,9.791434352705875e-6,0.0001572792042172024
1.0,41.0,66.0,2.926114080316483,0.7131140803164828,32.5,-0.0006806714321873105,1.0154565504895913e-5,0.00015940249405708664
2.0,1.0,66.0,5.9261140803164825,2.213114080316483,32.5,-0.009160412973677647,-0.029611944114531566,2.607398048814729e-5
2.0,2.0,66.0,5.9261140803164825,2.350864080316483,32.5,-0.007586652868342705,-0.029625006351129142,4.0302194723763265e-5
2.0,3.0,66.0,5.9261140803164825,2.488614080316483,32.5,-0.00601349859764191,-0.029634464437210493,5.463625345542927e-5
2.0,4.0,66.0,5.9261140803164825,2.626364080316483,32.5,-0.004439347100769952,-0.029640328555441096,6.906385751909322e-5
2.0,5.0,66.0,5.926228160632966,2.7612108185127324,32.5,-0.002896198868121362,-0.029643897463770986,8.325298608809006e-5
2.0,6.0,66.0,5.918185199544742,2.8141698042120584,32.5,-0.0022893720991333574,-0.029551695477170577,8.856518836178087e-5
2.0,7.0,66.0,5.895170689293565,2.859335698724533,32.5,-0.001771676505036241,-0.029287364824122916,9.281155066948247e-5
2.0,8.0,66.0,5.859335698724533,2.8951706892935642,32.5,-0.0013611451357011264,-0.028875679267077486,9.610860889493519e-5
2.0,9.0,66.0,5.814169804212058,2.918185199544742,32.5,-0.0010979826262623197,-0.028356927456849094,9.836399247297382e-5
2.0,10.0,66.0,5.7612108185127315,2.9262281606329656,32.5,-0.0010068781418250121,-0.027749018107754788,9.96605383121142e-5
2.0,11.0,66.0,5.1136140803164825,2.926114080316483,32.5,-0.0010211345872089177,-0.020327137812115176,0.00010832837065979199
2.0,12.0,66.0,4.463114080316483,2.926114080316483,32.5,-0.0010305926673642547,-0.013078833847601667,0.00011477183205103737
2.0,13.0,66.0,3.8126140803164827,2.926114080316483,32.5,-0.0010366982518254706,-0.006465586371117641,0.00011993538702567039
2.0,14.0,66.0,3.1650173421202332,2.9262281606329656,32.5,-0.0010384123435550946,-0.0010874744613259507,0.00012369545289039844
2.0,15.0,66.0,3.112058356420907,2.918185199544742,32.5,-0.0010940302398225212,-0.0007216361721010107,0.0001245036393254633
2.0,16.0,66.0,3.0668924619084326,2.8951706892935642,32.5,-0.0012475244357458687,-0.0004204694661948336,0.00012600604952643603
2.0,17.0,66.0,3.0310574713394014,2.859335698724533,32.5,-0.0014779182456979322,-0.00019010197505760638,0.00012765130569398618
2.0,18.0,66.0,3.0080429610882238,2.8141698042120584,32.5,-0.0017572944140920904,-4.77633224431528e-5,0.00012886818414254082
2.0,19.0,66.0,3.0,2.7612108185127324,32.5,-0.002071510971698884,-6.540525862710345e-8,0.00012908507876668252
2.0,20.0,66.0,3.0001140803164827,2.113614080316483,32.5,-0.004855332107212482,-7.366874018645717e-7,0.00012492323865253928
2.0,21.0,66.0,3.0001140803164827,1.4631140803164828,32.5,-0.005770550214496771,-7.454720173435699e-7,0.0001237356220937239
2.0,22.0,66.0,3.0001140803164827,0.8126140803164827,32.5,-0.004844008718821653,-7.562755802700554e-7,0.00012479090213783547
2.0,23.0,66.0,3.0,0.16501734212023322,32.5,-0.0020601882730799806,-1.4328041165590485e-6,0.00012882655052960694
2.0,24.0,66.0,3.0080429610882238,0.11205835642090678,32.5,-0.0017468336771085506,4.613324673126927e-5,0.0001286005456205621
2.0,25.0,66.0,3.0310574713394014,0.06689246190843257,32.5,-0.0014683270750678605,0.00018802764695918483,0.00012736408470322285
2.0,26.0,66.0,3.0668924619084326,0.0310574713394014,32.5,-0.0012387297501739944,0.0004175978265243908,0.00012570221245172353
2.0,27.0,66.0,3.112058356420907,0.008042961088223777,32.5,-0.0010858160028610496,0.0007176242324258073,0.00012418866504333785
2.0,28.0,66.0,3.1650173421202332,0.0,32.5,-0.0010304253327428038,0.0010819632062141287,0.000123369849822885
2.0,29.0,66.0,3.8126140803164827,0.0001140803164827453,32.5,-0.0010287141963359512,0.006430270864500594,0.00011953150149048571
2.0,30.0,66.0,4.463114080316483,0.0001140803164827453,32.5,-0.0010226419845668834,0.012997902293257374,0.00011428629077467613
2.0,31.0,66.0,5.1136140803164825,0.0001140803164827453,32.5,-0.0010132466336096756,0.020191496852933116,0.00010774351139425034
2.0,32.0,66.0,5.761210818512732,0.0,32.5,-0.0009990957880865428,0.02755508325132246,9.894581171336087e-5
2.0,33.0,66.0,5.814169804212058,0.008042961088223777,32.5,-0.0010894768347491934,0.02815816783336888,9.767716295515412e-5
2.0,34.0,66.0,5.859335698724533,0.0310574713394014,32.5,-0.0013505484345006182,0.02867279858589508,9.552834924792763e-5
2.0,35.0,66.0,5.895170689293565,0.06689246190843257,32.5,-0.0017578155290543902,0.02908121080658963,9.240789658386592e-5
2.0,36.0,66.0,5.918185199544742,0.11205835642090678,32.5,-0.0022713917125862745,0.02934343786777126,8.839253260028004e-5
2.0,37.0,66.0,5.926228160632966,0.16501734212023322,32.5,-0.0028733862441358516,0.029434904897357533,8.336029290915087e-5
2.0,38.0,66.0,5.9261140803164825,0.29986408031648293,32.5,-0.004404232814675029,0.029431359810270147,6.98965280719952e-5
2.0,39.0,66.0,5.9261140803164825,0.43761408031648275,32.5,-0.005965823716943352,0.029425533504824467,5.62108105708103e-5
2.0,40.0,66.0,5.9261140803164825,0.5753640803164828,32.5,-0.007526421066895197,0.029416137684954696,4.262136720008139e-5
2.0,41.0,66.0,5.9261140803164825,0.7131140803164828,32.5,-0.009087622376984033,0.029403162272661005,2.914210734490425e-5
1.0,1.0,67.0,2.926114080316483,2.213114080316483,33.0,-0.0006751173062116916,-7.276417790498902e-6,0.0001550557864529652
1.0,2.0,67.0,2.926114080316483,2.350864080316483,33.0,-0.0006634556506119461,-6.9000406703274625e-6,0.0001526515073767186
1.0,3.0,67.0,2.926114080316483,2.488614080316483,33.0,-0.0006519954323241053,-6.481040138721409e-6,0.00015027525768606967
1.0,4.0,67.0,2.926114080316483,2.626364080316483,33.0,-0.0006402774340014757,-6.014562162099671e-6,0.0001479375493189874
1.0,5.0,67.0,2.9262281606329656,2.7612108185127324,33.0,-0.0006282131792403401,-5.518429754047754e-6,0.00014569784719496216
1.0,6.0,67.0,2.918185199544742,2.8141698042120584,33.0,-0.0006232719341873614,-4.553103658938121e-6,0.0001448634399965447
1.0,7.0,67.0,2.8951706892935642,2.859335698724533,33.0,-0.0006189614824417878,-2.1345169173016554e-6,0.00014410479667084744
1.0,8.0,67.0,2.859335698724533,2.8951706892935642,33.0,-0.0006154872896969411,1.6044004324900165e-6,0.0001433867294694172
1.0,9.0,67.0,2.814169804212059,2.918185199544742,33.0,-0.0006132626921686652,6.352003193294045e-6,0.00014271288582330227
1.0,10.0,67.0,2.761210818512732,2.9262281606329656,33.0,-0.0006125814921080161,1.1961856546347174e-5,0.00014204116788159218
1.0,11.0,67.0,2.113614080316483,2.926114080316483,33.0,-0.00061403761725108,8.030815640030019e-5,0.00013454500189790647
1.0,12.0,67.0,1.4631140803164828,2.926114080316483,33.0,-0.0006143473806698528,0.00010950545187945999,0.00012791163174989415
1.0,13.0,67.0,0.8126140803164827,2.926114080316483,33.0,-0.0006133443169639726,8.107054926505619e-5,0.00012165576242640367
1.0,14.0,67.0,0.16501734212023322,2.9262281606329656,33.0,-0.0006108667582913804,1.1345717115064403e-5,0.00011520378937443241
1.0,15.0,67.0,0.11205835642090678,2.918185199544742,33.0,-0.0006096838383474945,5.382964198830405e-6,0.0001145219184098532
1.0,16.0,67.0,0.06689246190843257,2.8951706892935642,33.0,-0.0006068543262732345,4.017336986062557e-7,0.00011378595192370422
1.0,17.0,67.0,0.0310574713394014,2.859335698724533,33.0,-0.0006026742351906176,-3.4180310047544145e-6,0.00011313227695614994
1.0,18.0,67.0,0.008042961088223777,2.8141698042120584,33.0,-0.0005976111131641175,-5.7188947967269895e-6,0.00011271085479239528
1.0,19.0,67.0,0.0,2.7612108185127324,33.0,-0.0005919104066187789,-6.323749165885966e-6,0.00011266059188579676
1.0,20.0,67.0,0.0001140803164827453,2.113614080316483,33.0,-0.0005326781245477681,-3.059847018605532e-6,0.00011441806822115719
1.0,21.0,67.0,0.0001140803164827453,1.4631140803164828,33.0,-0.0005095198706047772,3.9965801438579187e-7,0.00011505703239210084
1.0,22.0,67.0,0.0001140803164827453,0.8126140803164827,33.0,-0.0005304103194372117,3.859464195666209e-6,0.00011448524746216637
1.0,23.0,67.0,0.0,0.16501734212023322,33.0,-0.0005877456865233168,7.123740679012502e-6,0.00011279525107009636
1.0,24.0,67.0,0.008042961088223777,0.11205835642090678,33.0,-0.0005933208636181196,6.53800637180722e-6,0.00011285030979205554
1.0,25.0,67.0,0.0310574713394014,0.06689246190843257,33.0,-0.0005982810164021296,4.289635547959808e-6,0.00011327366787482395
1.0,26.0,67.0,0.06689246190843257,0.0310574713394014,33.0,-0.0006023829238767265,5.480417877535165e-7,0.00011392575774586046
1.0,27.0,67.0,0.11205835642090678,0.008042961088223777,33.0,-0.0006051647544689266,-4.339679760539439e-6,0.00011465596576933398
1.0,28.0,67.0,0.16501734212023322,0.0,33.0,-0.0006063320142302782,-1.0199528991825064e-5,0.00011532685745337896
1.0,29.0,67.0,0.8126140803164827,0.0001140803164827453,33.0,-0.0006088142864087817,-7.932130408378712e-5,0.00012162209404883629
1.0,30.0,67.0,1.4631140803164828,0.0001140803164827453,33.0,-0.0006098318863452753,-0.00010872518673048806,0.00012772406901107408
1.0,31.0,67.0,2.113614080316483,0.0001140803164827453,33.0,-0.0006095459329987944,-8.197436707105926e-5,0.0001341990798197583
1.0,32.0,67.0,2.7612108185127324,0.0,33.0,-0.0006081227632251986,-1.6804953256888238e-5,0.00014152826877248274
1.0,33.0,67.0,2.814169804212059,0.008042961088223777,33.0,-0.0006087680887991991,-1.1451558216118058e-5,0.00014219054682850928
1.0,34.0,67.0,2.859335698724533,0.0310574713394014,33.0,-0.0006108851664397546,-6.920747731193327e-6,0.00014287042519604847
1.0,35.0,67.0,2.8951706892935642,0.06689246190843257,33.0,-0.0006141924248442882,-3.3523240740613565e-6,0.0001436009256874371
1.0,36.0,67.0,2.918185199544742,0.11205835642090678,33.0,-0.0006182950175036573,-1.0428711667307972e-6,0.0001443821498245446
1.0,37.0,67.0,2.9262281606329656,0.16501734212023322,33.0,-0.0006229959024740501,-1.1650611934020638e-7,0.0001452654752264983
1.0,38.0,67.0,2.926114080316483,0.29986408031648293,33.0,-0.0006344620422621668,3.7669885255040666e-7,0.00014761839195750372
1.0,39.0,67.0,2.926114080316483,0.43761408031648275,33.0,-0.0006455825401960059,8.419118767008636e-7,0.00015007651324915066
1.0,40.0,67.0,2.926114080316483,0.5753640803164828,33.0,-0.0006564515110413578,1.2627337739355642e-6,0.00015257455491669524
1.0,41.0,67.0,2.926114080316483,0.7131140803164828,33.0,-0.0006675218353190016,1.6437138095920365e-6,0.00015510293464838796
2.0,1.0,67.0,5.9261140803164825,2.213114080316483,33.0,-0.009173053125519262,-0.02958458121102824,0.00020549046380374358
2.0,2.0,67.0,5.9261140803164825,2.350864080316483,33.0,-0.007595823994717132,-0.0295975680446685,0.0001763605902102305
2.0,3.0,67.0,5.9261140803164825,2.488614080316483,33.0,-0.006019376086039531,-0.029606967105551146,0.00014738958567672575
2.0,4.0,67.0,5.9261140803164825,2.626364080316483,33.0,-0.0044415093228527625,-0.02961278225388057,0.00011852610202790103
2.0,5.0,67.0,5.926228160632966,2.7612108185127324,33.0,-0.0028937633840235696,-0.029616309796009484,9.03178079788479e-5
2.0,6.0,67.0,5.918185199544742,2.8141698042120584,33.0,-0.002284718015453889,-0.029523754868178126,7.958487820794944e-5
2.0,7.0,67.0,5.895170689293565,2.859335698724533,33.0,-0.0017648564296390923,-0.02925831260738077,7.103549451955324e-5
2.0,8.0,67.0,5.859335698724533,2.8951706892935642,33.0,-0.0013523786415162227,-0.02884468792353665,6.484839954329222e-5
2.0,9.0,67.0,5.814169804212058,2.918185199544742,33.0,-0.001087814005386157,-0.0283232233734843,6.158247868527059e-5
2.0,10.0,67.0,5.7612108185127315,2.9262281606329656,33.0,-0.0009961526349832699,-0.02771183213691087,6.15661288437191e-5
2.0,11.0,67.0,5.1136140803164825,2.926114080316483,33.0,-0.0010102767771864838,-0.020236453665565774,7.897177778607299e-5
2.0,12.0,67.0,4.463114080316483,2.926114080316483,33.0,-0.0010198941761861166,-0.012958168450951846,9.410103216121926e-5
2.0,13.0,67.0,3.8126140803164827,2.926114080316483,33.0,-0.001026192024339395,-0.006364721159990489,0.00010804386131702476
2.0,14.0,67.0,3.1650173421202332,2.9262281606329656,33.0,-0.0010277522619228723,-0.001060972041527297,0.00012118469046630068
2.0,15.0,67.0,3.112058356420907,2.918185199544742,33.0,-0.0010821143876919806,-0.0007031529780608729,0.00012244317054998916
2.0,16.0,67.0,3.0668924619084326,2.8951706892935642,33.0,-0.0012319061761932833,-0.0004092000726709183,0.00012381520162925967
2.0,17.0,67.0,3.0310574713394014,2.859335698724533,33.0,-0.0014562922242004042,-0.00018483662879200215,0.00012505078854567586
2.0,18.0,67.0,3.0080429610882238,2.8141698042120584,33.0,-0.0017278112449742005,-4.652505758826208e-5,0.00012584057951240746
2.0,19.0,67.0,3.0,2.7612108185127324,33.0,-0.0020325332232018945,-3.078940205413995e-7,0.0001258777034096057
2.0,20.0,67.0,3.0001140803164827,2.113614080316483,33.0,-0.004696217061913605,-1.1007417553630356e-6,0.00012254821395599628
2.0,21.0,67.0,3.0001140803164827,1.4631140803164828,33.0,-0.0055600629531987215,-8.028769216974952e-7,0.00012157202031381619
2.0,22.0,67.0,3.0001140803164827,0.8126140803164827,33.0,-0.004684684648772844,-5.066732371039851e-7,0.00012241615831228185
2.0,23.0,67.0,3.0,0.16501734212023322,33.0,-0.0020210890768869562,-1.3061681273841074e-6,0.00012562081535279454
2.0,24.0,67.0,3.0080429610882238,0.11205835642090678,33.0,-0.001717245882231179,4.477707782042686e-5,0.0001255665382764811
2.0,25.0,67.0,3.0310574713394014,0.06689246190843257,33.0,-0.001446610833077508,0.00018263756484564108,0.00012477338813135757
2.0,26.0,67.0,3.0668924619084326,0.0310574713394014,33.0,-0.0012230325024877471,0.00040619143800550456,0.00012352905872432203
2.0,27.0,67.0,3.112058356420907,0.008042961088223777,33.0,-0.0010738285673304487,0.0006989884719264117,0.00012214442745147333
2.0,28.0,67.0,3.1650173421202332,0.0,33.0,-0.001019696437932791,0.0010552903914316828,0.00012088256080192287
2.0,29.0,67.0,3.8126140803164827,0.0001140803164827453,33.0,-0.0010181392481283802,0.0063289958790197914,0.00010772594922385814
2.0,30.0,67.0,4.463114080316483,0.0001140803164827453,33.0,-0.0010118760727282558,0.012876473926683948,9.376993501601725e-5
2.0,31.0,67.0,5.1136140803164825,0.0001140803164827453,33.0,-0.0010023245559131744,0.02009949728618296,7.861442044333777e-5
2.0,32.0,67.0,5.761210818512732,0.0,33.0,-0.0009883100303532135,0.027515878571746248,6.115562257706098e-5
2.0,33.0,67.0,5.814169804212058,0.008042961088223777,33.0,-0.0010792400075746592,0.02812239028079662,6.119038075850405e-5
2.0,34.0,67.0,5.859335698724533,0.0310574713394014,33.0,-0.0013416906758891498,0.028639687717639736,6.452166997179315e-5
2.0,35.0,67.0,5.895170689293565,0.06689246190843257,33.0,-0.0017508688095925625,0.029050003148746742,7.081576750321641e-5
2.0,36.0,67.0,5.918185199544742,0.11205835642090678,33.0,-0.0022665673434995558,0.029313319170615044,7.950414173843595e-5
2.0,37.0,67.0,5.926228160632966,0.16501734212023322,33.0,-0.0028707306169768157,0.029405131246069357,9.040446200762096e-5
2.0,38.0,67.0,5.9261140803164825,0.29986408031648293,33.0,-0.004406053113121621,0.02940162738494525,0.00011904468357743514
2.0,39.0,67.0,5.9261140803164825,0.43761408031648275,33.0,-0.005971240620395417,0.02939585069865618,0.0001483498048995027
2.0,40.0,67.0,5.9261140803164825,0.5753640803164828,33.0,-0.007535015862136615,0.029386515442269452,0.000177764586966679
2.0,41.0,67.0,5.9261140803164825,0.7131140803164828,33.0,-0.009099569628875002,0.029373617834294926,0.00020734191201965505
1.0,1.0,68.0,2.926114080316483,2.213114080316483,33.5,-0.0006308959827120524,2.372658601223917e-6,0.0001507192785660377
1.0,2.0,68.0,2.926114080316483,2.350864080316483,33.5,-0.0006288585962467736,2.7543779034990793e-6,0.0001478163785659327
1.0,3.0,68.0,2.926114080316483,2.488614080316483,33.5,-0.0006270070766253839,3.182702361477479e-6,0.00014491824084162714
1.0,4.0,68.0,2.926114080316483,2.626364080316483,33.5,-0.0006249547010154008,3.6608877495560804e-6,0.00014203592395346923
1.0,5.0,68.0,2.9262281606329656,2.7612108185127324,33.5,-0.0006224475092134036,4.18035034976965e-6,0.00013924714359982247
1.0,6.0,68.0,2.918185199544742,2.8141698042120584,33.5,-0.000621294018285131,4.576917375919428e-6,0.0001383396320393694
1.0,7.0,68.0,2.8951706892935642,2.859335698724533,33.5,-0.000620241978073414,5.3433393914911745e-6,0.00013779034289749357
1.0,8.0,68.0,2.859335698724533,2.8951706892935642,33.5,-0.0006193712229557714,6.493873746947633e-6,0.00013742575080266659
1.0,9.0,68.0,2.814169804212059,2.918185199544742,33.5,-0.0006188277796485193,7.970872071588865e-6,0.00013714206704911754
1.0,10.0,68.0,2.761210818512732,2.9262281606329656,33.5,-0.0006187429565820671,9.75196583264888e-6,0.0001368000532522205
1.0,11.0,68.0,2.113614080316483,2.926114080316483,33.5,-0.0006203259832216606,3.569243083092627e-5,0.00013238235412816517
1.0,12.0,68.0,1.4631140803164828,2.926114080316483,33.5,-0.0006206948626742447,4.64107863137798e-5,0.00012907787576242502
1.0,13.0,68.0,0.8126140803164827,2.926114080316483,33.5,-0.0006197083787304477,3.187422224635965e-5,0.000126334275235077
1.0,14.0,68.0,0.16501734212023322,2.9262281606329656,33.5,-0.0006172151471745682,3.362135333088663e-8,0.00012366654311688684
1.0,15.0,68.0,0.11205835642090678,2.918185199544742,33.5,-0.0006165630745134217,-2.4150246759454844e-6,0.00012318081398195285
1.0,16.0,68.0,0.06689246190843257,2.8951706892935642,33.5,-0.0006152698399300373,-4.3703394451725696e-6,0.0001224355370871749
1.0,17.0,68.0,0.0310574713394014,2.859335698724533,33.5,-0.0006134884123077297,-5.780382068040422e-6,0.0001216694259535292
1.0,18.0,68.0,0.008042961088223777,2.8141698042120584,33.5,-0.000611436195178622,-6.535122340539139e-6,0.00012112238142295253
1.0,19.0,68.0,0.0,2.7612108185127324,33.5,-0.0006092282872413431,-6.595898544525125e-6,0.00012103063330341135
1.0,20.0,68.0,0.0001140803164827453,2.113614080316483,33.5,-0.0005871178199029263,-3.175039390316314e-6,0.00012314509305107118
1.0,21.0,68.0,0.0001140803164827453,1.4631140803164828,33.5,-0.0005784857221864578,4.3296497586909437e-7,0.00012387925745784427
1.0,22.0,68.0,0.0001140803164827453,0.8126140803164827,33.5,-0.0005848418617058713,4.0413812433848916e-6,0.00012321206614158742
1.0,23.0,68.0,0.0,0.16501734212023322,33.5,-0.0006050051849816731,7.463386775728205e-6,0.00012116477210244488
1.0,24.0,68.0,0.008042961088223777,0.11205835642090678,33.5,-0.0006070763358365879,7.423546479381583e-6,0.00012126086138886027
1.0,25.0,68.0,0.0310574713394014,0.06689246190843257,33.5,-0.0006090139309319633,6.727329378144481e-6,0.00012180906463228444
1.0,26.0,68.0,0.06689246190843257,0.0310574713394014,33.5,-0.0006107062607770625,5.406422455693576e-6,0.00012257298011090283
1.0,27.0,68.0,0.11205835642090678,0.008042961088223777,33.5,-0.0006119437560472653,3.560386647478584e-6,0.00012331252478338427
1.0,28.0,68.0,0.16501734212023322,0.0,33.5,-0.0006125769731565683,1.2352281118570013e-6,0.00012378851776910556
1.0,29.0,68.0,0.8126140803164827,0.0001140803164827453,33.5,-0.0006150750915635785,-2.9693102447627918e-5,0.00012632468101606774
1.0,30.0,68.0,1.4631140803164828,0.0001140803164827453,33.5,-0.0006160776600564281,-4.509388768301631e-5,0.00012893911130873432
1.0,31.0,68.0,2.113614080316483,0.0001140803164827453,33.5,-0.0006157349956193603,-3.707990327938112e-5,0.0001321079384678757
1.0,32.0,68.0,2.7612108185127324,0.0,33.5,-0.0006141861908170811,-1.4854643109756326e-5,0.0001363807385507783
1.0,33.0,68.0,2.814169804212059,0.008042961088223777,33.5,-0.0006142283826413863,-1.3375014922836677e-5,0.0001367135215566361
1.0,34.0,68.0,2.859335698724533,0.0310574713394014,33.5,-0.0006146457913678065,-1.2152809531919033e-5,0.00013699227829663607
1.0,35.0,68.0,2.8951706892935642,0.06689246190843257,33.5,-0.0006153213371879994,-1.1202085260357455e-5,0.00013737153770244115
1.0,36.0,68.0,2.918185199544742,0.11205835642090678,33.5,-0.0006161296077658937,-1.0562202101449145e-5,0.0001379482927036989
1.0,37.0,68.0,2.9262281606329656,0.16501734212023322,33.5,-0.0006170011061950343,-1.0210760781456327e-5,0.00013887068758561586
1.0,38.0,68.0,2.926114080316483,0.29986408031648293,33.5,-0.00061880801716795,-9.695482945171065e-6,0.00014174527165520016
1.0,39.0,68.0,2.926114080316483,0.43761408031648275,33.5,-0.0006201625526627948,-9.217600839296837e-6,0.0001447086929089624
1.0,40.0,68.0,2.926114080316483,0.5753640803164828,33.5,-0.0006213245068675796,-8.786480020015078e-6,0.00014769095554891594
1.0,41.0,68.0,2.926114080316483,0.7131140803164828,33.5,-0.0006226709915644113,-8.398448417117758e-6,0.00015068237342806667
2.0,1.0,68.0,5.9261140803164825,2.213114080316483,33.5,-0.009047144773724976,-0.02940035339846968,0.00038362123764106194
2.0,2.0,68.0,5.9261140803164825,2.350864080316483,33.5,-0.007491145944714778,-0.02941323319043432,0.00031149290618668354
2.0,3.0,68.0,5.9261140803164825,2.488614080316483,33.5,-0.005935962018538722,-0.029422564941077745,0.0002395608527185073
2.0,4.0,68.0,5.9261140803164825,2.626364080316483,33.5,-0.00437929441642234,-0.02942835156459079,0.00016772619142985207
2.0,5.0,68.0,5.926228160632966,2.7612108185127324,33.5,-0.0028521083419622176,-0.029431868852616432,9.740450466077903e-5
2.0,6.0,68.0,5.918185199544742,2.8141698042120584,33.5,-0.0022510397705670033,-0.029340537564470113,7.082638623745896e-5
2.0,7.0,68.0,5.895170689293565,2.859335698724533,33.5,-0.001737911740762872,-0.02907854492935222,4.9775292192760056e-5
2.0,8.0,68.0,5.859335698724533,2.8951706892935642,33.5,-0.0013307061347535441,-0.028670222597512927,3.440952092610231e-5
2.0,9.0,68.0,5.814169804212058,2.918185199544742,33.5,-0.0010694689577705324,-0.028155343416748798,2.584839707934344e-5
2.0,10.0,68.0,5.7612108185127315,2.9262281606329656,33.5,-0.000978932308411141,-0.027551545873808692,2.4571835574524423e-5
2.0,11.0,68.0,5.1136140803164825,2.926114080316483,33.5,-0.0009928146120885238,-0.020159653747875754,5.0088069317563996e-5
2.0,12.0,68.0,4.463114080316483,2.926114080316483,33.5,-0.0010024010268031719,-0.012940273677807054,7.356054504248645e-5
2.0,13.0,68.0,3.8126140803164827,2.926114080316483,33.5,-0.0010088039155802607,-0.006371440907440899,9.616833502232487e-5
2.0,14.0,68.0,3.1650173421202332,2.9262281606329656,33.5,-0.001010421924940661,-0.0010637394482621604,0.00011909588536761033
2.0,15.0,68.0,3.112058356420907,2.918185199544742,33.5,-0.0010649208893768075,-0.0007049982084619762,0.00012067181367656444
2.0,16.0,68.0,3.0668924619084326,2.8951706892935642,33.5,-0.0012150973648861558,-0.0004102915968338779,0.00012152946338346588
2.0,17.0,68.0,3.0310574713394014,2.859335698724533,33.5,-0.0014400399360657357,-0.0001853807388091944,0.00012185244841397911
2.0,18.0,68.0,3.0080429610882238,2.8141698042120584,33.5,-0.0017121810462735316,-4.676421474038299e-5,0.00012178495230010944
2.0,19.0,68.0,3.0,2.7612108185127324,33.5,-0.002017523504533823,-4.687929759998608e-7,0.00012155474695333257
2.0,20.0,68.0,3.0001140803164827,2.113614080316483,33.5,-0.004684252297377361,-1.307061219640619e-6,0.00011983267503076359
2.0,21.0,68.0,3.0001140803164827,1.4631140803164828,33.5,-0.0055494369706321715,-8.568497510823297e-7,0.00011924253821080763
2.0,22.0,68.0,3.0001140803164827,0.8126140803164827,33.5,-0.0046726394336881775,-4.091604446695989e-7,0.00011970022941722634
2.0,23.0,68.0,3.0,0.16501734212023322,33.5,-0.002006045919508834,-1.2525825564203766e-6,0.00012129416997306132
2.0,24.0,68.0,3.0080429610882238,0.11205835642090678,33.5,-0.001701588721660487,4.490691642083064e-5,0.00012152563424968257
2.0,25.0,68.0,3.0310574713394014,0.06689246190843257,33.5,-0.0014303368166737403,0.00018306856728690012,0.00012157193013845965
2.0,26.0,68.0,3.0668924619084326,0.0310574713394014,33.5,-0.00120620589255405,0.00040716736308365255,0.00012124082008530999
2.0,27.0,68.0,3.112058356420907,0.008042961088223777,33.5,-0.0010566189173841568,0.0007007163047760685,0.00012038878446830886
2.0,28.0,68.0,3.1650173421202332,0.0,33.5,-0.0010023498559423613,0.0010579389016088844,0.00011881328111495113
2.0,29.0,68.0,3.8126140803164827,0.0001140803164827453,33.5,-0.0010007335918108553,0.0063355733431924065,9.593549542315847e-5
2.0,30.0,68.0,4.463114080316483,0.0001140803164827453,33.5,-0.0009943675444386213,0.012858236146749578,7.338824074710968e-5
2.0,31.0,68.0,5.1136140803164825,0.0001140803164827453,33.5,-0.0009848505597882492,0.02002200166313182,4.996618224664776e-5
2.0,32.0,68.0,5.761210818512732,0.0,33.5,-0.0009710822737561736,0.027354563392618835,2.447591704055433e-5
2.0,33.0,68.0,5.814169804212058,0.008042961088223777,33.5,-0.0010608854174259388,0.027953465103011364,2.5761928319786266e-5
2.0,34.0,68.0,5.859335698724533,0.0310574713394014,33.5,-0.0013200028853122684,0.02846416505707565,3.434791788648067e-5
2.0,35.0,68.0,5.895170689293565,0.06689246190843257,33.5,-0.001723901238590688,0.02886916994326223,4.975126519350076e-5
2.0,36.0,68.0,5.918185199544742,0.11205835642090678,33.5,-0.002232858463954444,0.029129031912758698,7.084835594807605e-5
2.0,37.0,68.0,5.926228160632966,0.16501734212023322,33.5,-0.0028290379985940017,0.02921961889636074,9.747841277399671e-5
2.0,38.0,68.0,5.9261140803164825,0.29986408031648293,33.5,-0.004343790877814065,0.029216124860435504,0.0001679285413950654
2.0,39.0,68.0,5.9261140803164825,0.43761408031648275,33.5,-0.005887777022501422,0.02921037713043652,0.00023989445876351342
2.0,40.0,68.0,5.9261140803164825,0.5753640803164828,33.5,-0.007430289468581025,0.029201110462695596,0.0003119594780697284
2.0,41.0,68.0,5.9261140803164825,0.7131140803164828,33.5,-0.008973612757115352,0.029188321986976726,0.00038422393154579054
1.0,1.0,69.0,2.926114080316483,2.213114080316483,34.0,-0.0005600911111717232,1.3923944883225789e-5,0.00014638886593114887
1.0,2.0,69.0,2.926114080316483,2.350864080316483,34.0,-0.0005720508051357453,1.430466596537064e-5,0.00014292286272083878
1.0,3.0,69.0,2.926114080316483,2.488614080316483,34.0,-0.0005841334512730929,1.4733031732263978e-5,0.00013946094879655477
1.0,4.0,69.0,2.926114080316483,2.626364080316483,34.0,-0.000596188995890557,1.5209678931849403e-5,0.00013599847060168985
1.0,5.0,69.0,2.9262281606329656,2.7612108185127324,34.0,-0.0006078292833246688,1.5733132646354892e-5,0.00013260917828624856
1.0,6.0,69.0,2.918185199544742,2.8141698042120584,34.0,-0.0006123613887474411,1.5264608960231282e-5,0.00013162212023090089
1.0,7.0,69.0,2.8951706892935642,2.859335698724533,34.0,-0.0006162469236033618,1.3518299840520661e-5,0.00013116012706276752
1.0,8.0,69.0,2.859335698724533,2.8951706892935642,34.0,-0.0006193571312909869,1.0696430055264246e-5,0.00013103516905874456
1.0,9.0,69.0,2.814169804212059,2.918185199544742,34.0,-0.0006214068672409145,7.108296433762585e-6,0.00013107178868855795
1.0,10.0,69.0,2.761210818512732,2.9262281606329656,34.0,-0.0006222471376444107,2.9088001260031173e-6,0.0001310493411509944
1.0,11.0,69.0,2.113614080316483,2.926114080316483,34.0,-0.0006239528169413391,-4.004887768663649e-5,0.0001299480482684534
1.0,12.0,69.0,1.4631140803164828,2.926114080316483,34.0,-0.000624329507334197,-5.9590335266262456e-5,0.00013013869445335473
1.0,13.0,69.0,0.8126140803164827,2.926114080316483,34.0,-0.0006233185379873778,-5.0146474771437615e-5,0.00013100932018707278
1.0,14.0,69.0,0.16501734212023322,2.9262281606329656,34.0,-0.0006208334246152518,-1.8242122280327935e-5,0.00013219451523862857
1.0,15.0,69.0,0.11205835642090678,2.918185199544742,34.0,-0.000621060087083061,-1.4925934565782449e-5,0.00013195106176376337
1.0,16.0,69.0,0.06689246190843257,2.8951706892935642,34.0,-0.000622281474939867,-1.1942149419525989e-5,0.00013128973188120276
1.0,17.0,69.0,0.0310574713394014,2.859335698724533,34.0,-0.0006244023021813298,-9.437997843181185e-6,0.00013051864211167084
1.0,18.0,69.0,0.008042961088223777,2.8141698042120584,34.0,-0.0006272233732430996,-7.692850188229996e-6,0.0001299345876398723
1.0,19.0,69.0,0.0,2.7612108185127324,34.0,-0.0006306431980047923,-6.878254709129124e-6,0.0001298374836508734
1.0,20.0,69.0,0.0001140803164827453,2.113614080316483,34.0,-0.00066796686965124,-3.2643825876793184e-6,0.00013223944955376548
1.0,21.0,69.0,0.0001140803164827453,1.4631140803164828,34.0,-0.0006823018410420721,4.6550105195118346e-7,0.00013304197725936496
1.0,22.0,69.0,0.0001140803164827453,0.8126140803164827,34.0,-0.0006655805472195653,4.195619723572068e-6,0.00013230598024847458
1.0,23.0,69.0,0.0,0.16501734212023322,34.0,-0.0006263214245795612,7.810801636819098e-6,0.0001299716841953908
1.0,24.0,69.0,0.008042961088223777,0.11205835642090678,34.0,-0.0006227700159105761,8.645604402251554e-6,0.0001300722415601899
1.0,25.0,69.0,0.0310574713394014,0.06689246190843257,34.0,-0.0006198384569518601,1.0447214543803035e-5,0.00013065547357773055
1.0,26.0,69.0,0.06689246190843257,0.0310574713394014,34.0,-0.0006176314495587669,1.3037596195002876e-5,0.00013142227080051576
1.0,27.0,69.0,0.11205835642090678,0.008042961088223777,34.0,-0.0006163558974171499,1.612750328849351e-5,0.00013207667553508668
1.0,28.0,69.0,0.16501734212023322,0.0,34.0,-0.0006161107847902486,1.9564098153798174e-5,0.00013231132860769046
1.0,29.0,69.0,0.8126140803164827,0.0001140803164827453,34.0,-0.0006186008431846313,5.2354842455415284e-5,0.0001310240597221171
1.0,30.0,69.0,1.4631140803164828,0.0001140803164827453,34.0,-0.0006196294838323094,6.089001342831175e-5,0.00013005094903747468
1.0,31.0,69.0,2.113614080316483,0.0001140803164827453,34.0,-0.0006192804407374894,3.8579207015653634e-5,0.00012974942992681569
1.0,32.0,69.0,2.7612108185127324,0.0,34.0,-0.0006176113403441083,-8.221560073802667e-6,0.0001307245401395347
1.0,33.0,69.0,2.814169804212059,0.008042961088223777,34.0,-0.0006167267044985255,-1.273449815216739e-5,0.00013074049291287944
1.0,34.0,69.0,2.859335698724533,0.0310574713394014,34.0,-0.0006145444760537137,-1.6588082142163213e-5,0.0001307111154676592
1.0,35.0,69.0,2.8951706892935642,0.06689246190843257,34.0,-0.0006112288083865166,-1.9619102831654975e-5,0.0001308322446513357
1.0,36.0,69.0,2.918185199544742,0.11205835642090678,34.0,-0.0006070884085639358,-2.1499874872015347e-5,0.00013128875200661715
1.0,37.0,69.0,2.9262281606329656,0.16501734212023322,34.0,-0.0006022625779700289,-2.2016108666500546e-5,0.0001323123455282757
1.0,38.0,69.0,2.926114080316483,0.29986408031648293,34.0,-0.0005898912367027963,-2.1494711202035077e-5,0.00013572658552921558
1.0,39.0,69.0,2.926114080316483,0.43761408031648275,34.0,-0.0005771065264894869,-2.1018451422164604e-5,0.00013922850141651646
1.0,40.0,69.0,2.926114080316483,0.5753640803164828,34.0,-0.000564302413731073,-2.058547336938385e-5,0.00014273067318118377
1.0,41.0,69.0,2.926114080316483,0.7131140803164828,34.0,-0.0005516178096427398,-2.019613827322974e-5,0.00014623855857780373
2.0,1.0,69.0,5.9261140803164825,2.213114080316483,34.0,-0.008779523410227905,-0.029061000329546265,0.0005599494774779492
2.0,2.0,69.0,5.9261140803164825,2.350864080316483,34.0,-0.007269863014160714,-0.02907373923735347,0.00044542759991919963
2.0,3.0,69.0,5.9261140803164825,2.488614080316483,34.0,-0.005760861563322575,-0.029082997657378793,0.00033115613468015905
2.0,4.0,69.0,5.9261140803164825,2.626364080316483,34.0,-0.004250774134017597,-0.02908878446066358,0.00021698065056247629
2.0,5.0,69.0,5.926228160632966,2.7612108185127324,34.0,-0.002770008184627087,-0.029092337730551962,0.00010516101491349528
2.0,6.0,69.0,5.918185199544742,2.8141698042120584,34.0,-0.002187493298779822,-0.029003872648067378,6.292053960602132e-5
2.0,7.0,69.0,5.895170689293565,2.859335698724533,34.0,-0.001690392024404363,-0.02875009881699913,2.9447119801466908e-5
2.0,8.0,69.0,5.859335698724533,2.8951706892935642,34.0,-0.0012960459680455357,-0.02835469506005925,4.914968643735046e-6
2.0,9.0,69.0,5.814169804212058,2.918185199544742,34.0,-0.0010431393909125022,-0.027856239581398858,-8.96926067228998e-6
2.0,10.0,69.0,5.7612108185127315,2.9262281606329656,34.0,-0.0009555176132999319,-0.027271822431895593,-1.1543259565191865e-5
2.0,11.0,69.0,5.1136140803164825,2.926114080316483,34.0,-0.0009690201219318276,-0.020112487088749333,2.1792668752806683e-5
2.0,12.0,69.0,4.463114080316483,2.926114080316483,34.0,-0.0009783164194638373,-0.013049265823575374,5.32404167193601e-5
2.0,13.0,69.0,3.8126140803164827,2.926114080316483,34.0,-0.0009846863646297515,-0.006507806636229142,8.410175685586441e-5
2.0,14.0,69.0,3.1650173421202332,2.9262281606329656,34.0,-0.0009866494994734533,-0.0011021032009661009,0.00011654180960359367
2.0,15.0,69.0,3.112058356420907,2.918185199544742,34.0,-0.0010429787832578336,-0.0007316082456597789,0.00011843806248176292
2.0,16.0,69.0,3.0668924619084326,2.8951706892935642,34.0,-0.0011985179499350445,-0.00042644415058320866,0.00011877400347350401
2.0,17.0,69.0,3.0310574713394014,2.859335698724533,34.0,-0.0014320507352341698,-0.0001929651465007351,0.00011823130156500485
2.0,18.0,69.0,3.0080429610882238,2.8141698042120584,34.0,-0.001715249969671119,-4.871830026226915e-5,0.00011739071840425371
2.0,19.0,69.0,3.0,2.7612108185127324,34.0,-0.0020337296263868397,-4.1859887722248803e-7,0.00011687429502534075
2.0,20.0,69.0,3.0001140803164827,2.113614080316483,34.0,-0.0048585512928891,-1.2284793687830117e-6,0.00011691019936787353
2.0,21.0,69.0,3.0001140803164827,1.4631140803164828,34.0,-0.005791705567079695,-9.088478642790988e-7,0.0001167048274783088
2.0,22.0,69.0,3.0001140803164827,0.8126140803164827,34.0,-0.004846952516490349,-5.904634109884683e-7,0.00011677484938464862
2.0,23.0,69.0,3.0,0.16501734212023322,34.0,-0.0020222898497557246,-1.408105913109937e-6,0.00011661247611308583
2.0,24.0,69.0,3.0080429610882238,0.11205835642090678,34.0,-0.0017046984195186834,4.675707804369868e-5,0.00011709969443472873
2.0,25.0,69.0,3.0310574713394014,0.06689246190843257,34.0,-0.0014223886916389543,0.00019055098812087754,0.000117957714074152
2.0,26.0,69.0,3.0668924619084326,0.0310574713394014,34.0,-0.0011896658230333562,0.00042321706624558815,0.00011850369261200349
2.0,27.0,69.0,3.112058356420907,0.008042961088223777,34.0,-0.0010347149845394538,0.0007272222761032105,0.00011815693215954393
2.0,28.0,69.0,3.1650173421202332,0.0,34.0,-0.0009786155865894094,0.0010961980060666188,0.00011626782153989676
2.0,29.0,69.0,3.8126140803164827,0.0001140803164827453,34.0,-0.0009766541554655057,0.006471786039844483,8.395330346082899e-5
2.0,30.0,69.0,4.463114080316483,0.0001140803164827453,34.0,-0.0009703224662493773,0.012966881956203767,5.3230346842949364e-5
2.0,31.0,69.0,5.1136140803164825,0.0001140803164827453,34.0,-0.0009611000333013373,0.01997444369858047,2.1914341182376737e-5
2.0,32.0,69.0,5.761210818512732,0.0,34.0,-0.0009477162552742606,0.027074765859664233,-1.131483418421883e-5
2.0,33.0,69.0,5.814169804212058,0.008042961088223777,34.0,-0.0010346117628515443,0.027654332075350115,-8.739624336905831e-6
2.0,34.0,69.0,5.859335698724533,0.0310574713394014,34.0,-0.0012854199204354244,0.028148649192864472,5.130120596511244e-6
2.0,35.0,69.0,5.895170689293565,0.06689246190843257,34.0,-0.0016764935671161206,0.02854076973647137,2.9631084031443203e-5
2.0,36.0,69.0,5.918185199544742,0.11205835642090678,34.0,-0.0021694699799818594,0.0287924358436609,6.305696788557899e-5
2.0,37.0,69.0,5.926228160632966,0.16501734212023322,34.0,-0.002747151821473803,0.028880164748232365,0.00010523134354173316
2.0,38.0,69.0,5.9261140803164825,0.29986408031648293,34.0,-0.004215634770301867,0.028876634188674356,0.00021686638577144313
2.0,39.0,69.0,5.9261140803164825,0.43761408031648275,34.0,-0.0057132007012398985,0.028870886643311507,0.0003308532722427884
2.0,40.0,69.0,5.9261140803164825,0.5753640803164828,34.0,-0.00720969282292671,0.02886169441593413,0.00044493762520464377
2.0,41.0,69.0,5.9261140803164825,0.7131140803164828,34.0,-0.008706838307112108,0.028849048655878784,0.0005592751268442571
1.0,1.0,70.0,2.926114080316483,2.213114080316483,34.5,-0.0004779223670350923,2.756685273101857e-5,0.0001420477531261073
1.0,2.0,70.0,2.926114080316483,2.350864080316483,34.5,-0.0005053100389740176,2.7951992853031896e-5,0.0001380056064773807
1.0,3.0,70.0,2.926114080316483,2.488614080316483,34.5,-0.0005327126125178309,2.837910814487184e-5,0.00013397109107392044
1.0,4.0,70.0,2.926114080316483,2.626364080316483,34.5,-0.0005603647291241707,2.8844466367731275e-5,0.00012994341043805202
1.0,5.0,70.0,2.9262281606329656,2.7612108185127324,34.5,-0.0005878303267756729,2.936295588210116e-5,0.00012601040905867161
1.0,6.0,70.0,2.918185199544742,2.8141698042120584,34.5,-0.000598795042036497,2.7905847830216306e-5,0.00012479430815509995
1.0,7.0,70.0,2.8951706892935642,2.859335698724533,34.5,-0.0006083147524205767,2.327956840628026e-5,0.00012430707920700726
1.0,8.0,70.0,2.859335698724533,2.8951706892935642,34.5,-0.0006160060451819403,1.5881498061485734e-5,0.00012425451951978168
1.0,9.0,70.0,2.814169804212059,2.918185199544742,34.5,-0.0006210623349872072,6.421890526409837e-6,0.00012445050297386372
1.0,10.0,70.0,2.761210818512732,2.9262281606329656,34.5,-0.0006229809578844907,-4.753410365709159e-6,0.00012468066018082698
1.0,11.0,70.0,2.113614080316483,2.926114080316483,34.5,-0.0006247917591067154,-0.00013046387742588717,0.00012724287530088878
1.0,12.0,70.0,1.4631140803164828,2.926114080316483,34.5,-0.0006251287570338282,-0.0001870161473113263,0.0001311071108094407
1.0,13.0,70.0,0.8126140803164827,2.926114080316483,34.5,-0.0006240471940126023,-0.00014865675706328,0.0001356533059452568
1.0,14.0,70.0,0.16501734212023322,2.9262281606329656,34.5,-0.0006215784015465108,-3.977757338474259e-5,0.0001406227632490773
1.0,15.0,70.0,0.11205835642090678,2.918185199544742,34.5,-0.0006228525519768252,-2.9612720588386636e-5,0.00014069398299133712
1.0,16.0,70.0,0.06689246190843257,2.8951706892935642,34.5,-0.0006270526641275938,-2.0783348060231187e-5,0.00014029060796749777
1.0,17.0,70.0,0.0310574713394014,2.859335698724533,34.5,-0.0006337757914881286,-1.3663723716683044e-5,0.00013972049808277882
1.0,18.0,70.0,0.008042961088223777,2.8141698042120584,34.5,-0.0006423218956961136,-8.980656281661631e-6,0.00013926869858347347
1.0,19.0,70.0,0.0,2.7612108185127324,34.5,-0.0006523295070815186,-7.13935169485959e-6,0.00013922942334222926
1.0,20.0,70.0,0.0001140803164827453,2.113614080316483,34.5,-0.0007588307958019383,-3.31318328927756e-6,0.00014172825095678097
1.0,21.0,70.0,0.0001140803164827453,1.4631140803164828,34.5,-0.0007996427132944934,4.972796953850825e-7,0.00014253929728333384
1.0,22.0,70.0,0.0001140803164827453,0.8126140803164827,34.5,-0.0007561833335812263,4.3072904571570575e-6,0.00014179343700004864
1.0,23.0,70.0,0.0,0.16501734212023322,34.5,-0.0006478378781300387,8.133591706321826e-6,0.00013936338916318918
1.0,24.0,70.0,0.008042961088223777,0.11205835642090678,34.5,-0.0006377286263918995,9.990474015982972e-6,0.00013940497771247355
1.0,25.0,70.0,0.0310574713394014,0.06689246190843257,34.5,-0.000629100634589155,1.4715349689708175e-5,0.000139853167724714
1.0,26.0,70.0,0.06689246190843257,0.0310574713394014,34.5,-0.0006223161704681754,2.189626064903119e-5,0.00014041589371785066
1.0,27.0,70.0,0.11205835642090678,0.008042961088223777,34.5,-0.0006180790441043665,3.0797950810466225e-5,0.00014081038548308198
1.0,28.0,70.0,0.16501734212023322,0.0,34.5,-0.0006167927721180993,4.104117213902064e-5,0.000140731232191656
1.0,29.0,70.0,0.8126140803164827,0.0001140803164827453,34.5,-0.0006192665497977817,0.00015020301780950724,0.00013569286651577924
1.0,30.0,70.0,1.4631140803164828,0.0001140803164827453,34.5,-0.000620366113074896,0.00018732574615609144,0.00013107327510852867
1.0,31.0,70.0,2.113614080316483,0.0001140803164827453,34.5,-0.0006200582491687807,0.00012822925719439672,0.000127122910136907
1.0,32.0,70.0,2.7612108185127324,0.0,34.5,-0.0006182837912594019,-7.694788090498513e-7,0.00012445843424428558
1.0,33.0,70.0,2.814169804212059,0.008042961088223777,34.5,-0.0006163278144958495,-1.2213973774649896e-5,0.00012421918451974859
1.0,34.0,70.0,2.859335698724533,0.0310574713394014,34.5,-0.0006111597285069554,-2.19026986676792e-5,0.00012400948241147352
1.0,35.0,70.0,2.8951706892935642,0.06689246190843257,34.5,-0.0006032936439179539,-2.9481185634547828e-5,0.00012407730406540656
1.0,36.0,70.0,2.918185199544742,0.11205835642090678,34.5,-0.0005935528076399751,-3.422125059726417e-5,0.00012458937936824736
1.0,37.0,70.0,2.9262281606329656,0.16501734212023322,34.5,-0.0005823299638638144,-3.5719816232445655e-5,0.0001257607748254395
1.0,38.0,70.0,2.926114080316483,0.29986408031648293,34.5,-0.0005542185707131038,-3.5207136708228813e-5,0.00012969491724242212
1.0,39.0,70.0,2.926114080316483,0.43761408031648275,34.5,-0.0005259190859689746,-3.4739796063977765e-5,0.00013370150320431468
1.0,40.0,70.0,2.926114080316483,0.5753640803164828,34.5,-0.0004978747964791559,-3.430714522925e-5,0.00013772084293896196
1.0,41.0,70.0,2.926114080316483,0.7131140803164828,34.5,-0.0004698409859860337,-3.3911432701295124e-5,0.00014175641427422044
2.0,1.0,70.0,5.9261140803164825,2.213114080316483,34.5,-0.008403635666673882,-0.02856917360343846,0.0007338071366675445
2.0,2.0,70.0,5.9261140803164825,2.350864080316483,34.5,-0.006959127438246136,-0.028581719055661002,0.0005777911530167405
2.0,3.0,70.0,5.9261140803164825,2.488614080316483,34.5,-0.005514947835840431,-0.028590882810068708,0.000422129156891936
2.0,4.0,70.0,5.9261140803164825,2.626364080316483,34.5,-0.004070486628142255,-0.02859668566877576,0.0002666063415428243
2.0,5.0,70.0,5.926228160632966,2.7612108185127324,34.5,-0.0026556963248553643,-0.028600316017838117,0.00011429260253599032
2.0,6.0,70.0,5.918185199544742,2.8141698042120584,34.5,-0.0020997972841174917,-0.02851597456589873,5.656523401545907e-5
2.0,7.0,70.0,5.895170689293565,2.859335698724533,34.5,-0.001625845229538184,-0.028274080863820047,1.0523609862562807e-5
2.0,8.0,70.0,5.859335698724533,2.8951706892935642,34.5,-0.0012502060214593235,-0.027897472291248688,-2.3475962372069993e-5
2.0,9.0,70.0,5.814169804212058,2.918185199544742,34.5,-0.0010095065984644127,-0.027423072641832625,-4.2984544822530746e-5
2.0,10.0,70.0,5.7612108185127315,2.9262281606329656,34.5,-0.0009261922491671756,-0.026867229125734946,-4.698933603094572e-5
2.0,11.0,70.0,5.1136140803164825,2.926114080316483,34.5,-0.0009391537476548148,-0.020059967433692077,-5.756899673044187e-6
2.0,12.0,70.0,4.463114080316483,2.926114080316483,34.5,-0.0009478952593233261,-0.013236609858239714,3.326128631823571e-5
2.0,13.0,70.0,3.8126140803164827,2.926114080316483,34.5,-0.0009540869705044572,-0.006735661508611524,7.163835633900234e-5
2.0,14.0,70.0,3.1650173421202332,2.9262281606329656,34.5,-0.0009566602846637632,-0.0011674403874847852,0.0001124715821274194
2.0,15.0,70.0,3.112058356420907,2.918185199544742,34.5,-0.001016096120248798,-0.0007771085289884638,0.00011486932444758726
2.0,16.0,70.0,3.0668924619084326,2.8951706892935642,34.5,-0.001180788344800601,-0.0004541329660950283,0.0001152465222946263
2.0,17.0,70.0,3.0310574713394014,2.859335698724533,34.5,-0.0014291061578845538,-0.00020591561059594111,0.00011443966791279333
2.0,18.0,70.0,3.0080429610882238,2.8141698042120584,34.5,-0.0017315030235253133,-5.1875117840409286e-5,0.0001132667374633637
2.0,19.0,70.0,3.0,2.7612108185127324,34.5,-0.0020729879019986764,-4.343345383800403e-8,0.00011275708577788213
2.0,20.0,70.0,3.0001140803164827,2.113614080316483,34.5,-0.0051832423900492535,-8.152276057214028e-7,0.00011387826753717935
2.0,21.0,70.0,3.0001140803164827,1.4631140803164828,34.5,-0.0062400076862802216,-9.579790402835138e-7,0.00011385730427905676
2.0,22.0,70.0,3.0001140803164827,0.8126140803164827,34.5,-0.005171643165061535,-1.1059501814442954e-6,0.00011374012510717656
2.0,23.0,70.0,3.0,0.16501734212023322,34.5,-0.0020615795380773453,-1.8813450818182919e-6,0.00011248426700078734
2.0,24.0,70.0,3.0080429610882238,0.11205835642090678,34.5,-0.0017209991657579685,4.981016332269682e-5,0.00011301955943750142
2.0,25.0,70.0,3.0310574713394014,0.06689246190843257,34.5,-0.0014195101093129178,0.0002033842716221129,0.00011414512230416191
2.0,26.0,70.0,3.0668924619084326,0.0310574713394014,34.5,-0.0011720205460049747,0.00045077400746217804,0.00011493888242924449
2.0,27.0,70.0,3.112058356420907,0.008042961088223777,34.5,-0.001007928948679863,0.0007725716706368978,0.00011458540323749683
2.0,28.0,70.0,3.1650173421202332,0.0,34.5,-0.0009487264401119867,0.0011613590506582608,0.00011220019080326055
2.0,29.0,70.0,3.8126140803164827,0.0001140803164827453,34.5,-0.000946150420737995,0.006699010754961281,7.157009178810942e-5
2.0,30.0,70.0,4.463114080316483,0.0001140803164827453,34.5,-0.0009400003237348017,0.01315329368485956,3.34174533457369e-5
2.0,31.0,70.0,5.1136140803164825,0.0001140803164827453,34.5,-0.0009313365903396768,0.019921459091850263,-5.383755304679206e-6
2.0,32.0,70.0,5.761210818512732,0.0,34.5,-0.0009184993040492418,0.026671020007525484,-4.642558150590431e-5
2.0,33.0,70.0,5.814169804212058,0.008042961088223777,34.5,-0.00100110742199307,0.02722214133886813,-4.242749566183601e-5
2.0,34.0,70.0,5.859335698724533,0.0310574713394014,34.5,-0.0012397658748029043,0.027692514435457824,-2.297238164237918e-5
2.0,35.0,70.0,5.895170689293565,0.06689246190843257,34.5,-0.0016122230167615597,0.028065929614865943,1.0927105929273842e-5
2.0,36.0,70.0,5.918185199544742,0.11205835642090678,34.5,-0.0020821648557071623,0.028305773684089916,5.682652846685909e-5
2.0,37.0,70.0,5.926228160632966,0.16501734212023322,34.5,-0.0026333657158058754,0.02838939923230451,0.00011436716571107915
2.0,38.0,70.0,5.9261140803164825,0.29986408031648293,34.5,-0.0040362179678038144,0.02838579120997902,0.0002661750501998028
2.0,39.0,70.0,5.9261140803164825,0.43761408031648275,34.5,-0.005468509805170316,0.028380028079020927,0.0004211813566777544
2.0,40.0,70.0,5.9261140803164825,0.5753640803164828,34.5,-0.006900530724230767,0.028370931517149013,0.000576328239304048
2.0,41.0,70.0,5.9261140803164825,0.7131140803164828,34.5,-0.008332873862402418,0.028358480754270936,0.0007318313518451733
1.0,1.0,71.0,2.926114080316483,2.213114080316483,35.0,-0.0004084565618882522,4.331302245242603e-5,0.00013753805012793805
1.0,2.0,71.0,2.926114080316483,2.350864080316483,35.0,-0.0004481306865170455,4.37187405268695e-5,0.00013295199576865614
1.0,3.0,71.0,2.926114080316483,2.488614080316483,35.0,-0.0004876874275126803,4.415653078596822e-5,0.00012843647686766398
1.0,4.0,71.0,2.926114080316483,2.626364080316483,35.0,-0.0005278315255896209,4.4615148505399715e-5,0.0001239426203080767
1.0,5.0,71.0,2.9262281606329656,2.7612108185127324,35.0,-0.0005682130340330683,4.510748354118803e-5,0.00011952545128000408
1.0,6.0,71.0,2.918185199544742,2.8141698042120584,35.0,-0.0005845175694613377,4.282587557978272e-5,0.00011815229219688163
1.0,7.0,71.0,2.8951706892935642,2.859335698724533,35.0,-0.0005987645177953855,3.578550549110742e-5,0.00011734488142384256
1.0,8.0,71.0,2.859335698724533,2.8951706892935642,35.0,-0.0006103361233432644,2.45032723236507e-5,0.00011706848202063715
1.0,9.0,71.0,2.814169804212059,2.918185199544742,35.0,-0.0006179626249026537,1.000836333987776e-5,0.00011722446693807141
1.0,10.0,71.0,2.761210818512732,2.9262281606329656,35.0,-0.0006208126415166084,-7.2017041556946584e-6,0.00011768021706798698
1.0,11.0,71.0,2.113614080316483,2.926114080316483,35.0,-0.0006227160259629712,-0.00020752504412448517,0.000124287938845131
1.0,12.0,71.0,1.4631140803164828,2.926114080316483,35.0,-0.0006229815633123347,-0.0002990379469808889,0.00013201145171324842
1.0,13.0,71.0,0.8126140803164827,2.926114080316483,35.0,-0.0006217969006930526,-0.00023595237810170662,0.00014026707098082402
1.0,14.0,71.0,0.16501734212023322,2.9262281606329656,35.0,-0.0006193286215611317,-5.857469539752838e-5,0.00014884608115151796
1.0,15.0,71.0,0.11205835642090678,2.918185199544742,35.0,-0.0006215239731208617,-4.2394220785510914e-5,0.00014931843954290444
1.0,16.0,71.0,0.06689246190843257,2.8951706892935642,35.0,-0.0006283304556965821,-2.8449642226431752e-5,0.0001493982485473414
1.0,17.0,71.0,0.0310574713394014,2.859335698724533,35.0,-0.0006390631852420322,-1.7306084806365225e-5,0.00014929830906856053
1.0,18.0,71.0,0.008042961088223777,2.8141698042120584,35.0,-0.0006525771552084667,-1.006939184408301e-5,0.0001491988231407928
1.0,19.0,71.0,0.0,2.7612108185127324,35.0,-0.0006682808575603764,-7.335283660178019e-6,0.00014929539827991694
1.0,20.0,71.0,0.0001140803164827453,2.113614080316483,35.0,-0.000834454817032337,-3.309633516802619e-6,0.00015160420394202931
1.0,21.0,71.0,0.0001140803164827453,1.4631140803164828,35.0,-0.0008979302922697554,5.284674591882585e-7,0.00015233874089526624
1.0,22.0,71.0,0.0001140803164827453,0.8126140803164827,35.0,-0.0008313873922890887,4.364795200553235e-6,0.0001516659810217786
1.0,23.0,71.0,0.0,0.16501734212023322,35.0,-0.0006635365010056371,8.387336817375178e-6,0.00014942668105175829
1.0,24.0,71.0,0.008042961088223777,0.11205835642090678,35.0,-0.0006477887712614864,1.112795392410448e-5,0.000149331460819196
1.0,25.0,71.0,0.0310574713394014,0.06689246190843257,35.0,-0.0006342495496579884,1.8377304027767504e-5,0.00014942478362240782
1.0,26.0,71.0,0.06689246190843257,0.0310574713394014,35.0,-0.0006235059873974492,2.953137132786803e-5,0.0001495144886680613
1.0,27.0,71.0,0.11205835642090678,0.008042961088223777,35.0,-0.0006166981891369932,4.347795797057988e-5,0.00014942410768765488
1.0,28.0,71.0,0.16501734212023322,0.0,35.0,-0.0006145041983242048,5.964773921185754e-5,0.00014894504043988166
1.0,29.0,71.0,0.8126140803164827,0.0001140803164827453,35.0,-0.0006169769460061302,0.00023598395234507343,0.0001403328013816816
1.0,30.0,71.0,1.4631140803164828,0.0001140803164827453,35.0,-0.0006181793287029566,0.0002971342330457362,0.00013203307104718204
1.0,31.0,71.0,2.113614080316483,0.0001140803164827453,35.0,-0.0006179410399148155,0.00020364829676827864,0.0001242528169866717
1.0,32.0,71.0,2.7612108185127324,0.0,35.0,-0.0006160770978095143,1.470792960470009e-6,0.00011756146176733977
1.0,33.0,71.0,2.814169804212059,0.008042961088223777,35.0,-0.0006132070006507227,-1.5892697944124163e-5,0.00011710816535947559
1.0,34.0,71.0,2.859335698724533,0.0310574713394014,35.0,-0.0006055138447660745,-3.052173580945607e-5,0.00011696879205888545
1.0,35.0,71.0,2.8951706892935642,0.06689246190843257,35.0,-0.0005938353376446719,-4.1914245857905044e-5,0.00011721473892604524
1.0,36.0,71.0,2.918185199544742,0.11205835642090678,35.0,-0.000579454404763449,-4.903054182666486e-5,0.00011796739960811806
1.0,37.0,71.0,2.9262281606329656,0.16501734212023322,35.0,-0.0005629932261072992,-5.1339504992142494e-5,0.0001193872647107213
1.0,38.0,71.0,2.926114080316483,0.29986408031648293,35.0,-0.0005222063750068439,-5.0845366748659205e-5,0.00012369085938485687
1.0,39.0,71.0,2.926114080316483,0.43761408031648275,35.0,-0.0004816459366096992,-5.03861199423598e-5,0.00012811280334441402
1.0,40.0,71.0,2.926114080316483,0.5753640803164828,35.0,-0.0004416704726064768,-4.9939673952292334e-5,0.0001325548676426544
1.0,41.0,71.0,2.926114080316483,0.7131140803164828,35.0,-0.0004015715160333424,-4.951993397786561e-5,0.00013706369944351297
2.0,1.0,71.0,5.9261140803164825,2.213114080316483,35.0,-0.007985106812363234,-0.02792863940907768,0.0009041943691063638
2.0,2.0,71.0,5.9261140803164825,2.350864080316483,35.0,-0.006612450051278718,-0.027940907328418335,0.0007079318642627851
2.0,3.0,71.0,5.9261140803164825,2.488614080316483,35.0,-0.005239701277500486,-0.027949924630098103,0.0005121964716888271
2.0,4.0,71.0,5.9261140803164825,2.626364080316483,35.0,-0.003867656632822739,-0.02795572656548083,0.00031671351516232067
2.0,5.0,71.0,5.926228160632966,2.7612108185127324,35.0,-0.0025259241357231447,-0.027959448459941572,0.00012532168836529577
2.0,6.0,71.0,5.918185199544742,2.8141698042120584,35.0,-0.001999610323082132,-0.027879699451589284,5.233106568523448e-5
2.0,7.0,71.0,5.895170689293565,2.859335698724533,35.0,-0.0015514589997878215,-0.02765105730691784,-6.5421640005641685e-6
2.0,8.0,71.0,5.859335698724533,2.8951706892935642,35.0,-0.0011967279393218175,-0.02729546849285091,-5.050236097729902e-5
2.0,9.0,71.0,5.814169804212058,2.918185199544742,35.0,-0.0009697111021125318,-0.026848049612898026,-7.61134382212027e-5
2.0,10.0,71.0,5.7612108185127315,2.9262281606329656,35.0,-0.0008912353024105763,-0.026324350439796997,-8.174586949132278e-5
2.0,11.0,71.0,5.1136140803164825,2.926114080316483,35.0,-0.0009034814939389582,-0.019919878037473582,-3.2328138041815676e-5
2.0,12.0,71.0,4.463114080316483,2.926114080316483,35.0,-0.0009114766364283425,-0.013384954771977573,1.378221280631402e-5
2.0,13.0,71.0,3.8126140803164827,2.926114080316483,35.0,-0.0009173709985164779,-0.006958739969490811,5.864384905815832e-5
2.0,14.0,71.0,3.1650173421202332,2.9262281606329656,35.0,-0.0009207189311871849,-0.0012362638974488629,0.00010605680717551148
2.0,15.0,71.0,3.112058356420907,2.918185199544742,35.0,-0.0009834066329425482,-0.0008253163863456189,0.00010921205368247575
2.0,16.0,71.0,3.0668924619084326,2.8951706892935642,35.0,-0.0011577561465853572,-0.0004835671599732642,0.00011047741097580111
2.0,17.0,71.0,3.0310574713394014,2.859335698724533,35.0,-0.0014218576269665107,-0.00021962081733721843,0.00011061245032300715
2.0,18.0,71.0,3.0080429610882238,2.8141698042120584,35.0,-0.0017449869490807725,-5.5018919636703575e-5,0.00011021654157247674
2.0,19.0,71.0,3.0,2.7612108185127324,35.0,-0.0021115788900734718,6.64284601081163e-7,0.00010987542488206046
2.0,20.0,71.0,3.0001140803164827,2.113614080316483,35.0,-0.005545245406718728,-1.131262481556318e-7,0.00011074481380554324
2.0,21.0,71.0,3.0001140803164827,1.4631140803164828,35.0,-0.006744325979476621,-1.0071498048442364e-6,0.0001105308443064334
2.0,22.0,71.0,3.0001140803164827,0.8126140803164827,35.0,-0.0055335037289717965,-1.9026490149468576e-6,0.00011059584853047746
2.0,23.0,71.0,3.0,0.16501734212023322,35.0,-0.0021001594394719353,-2.6983367494519233e-6,0.0001096034351204559
2.0,24.0,71.0,3.0080429610882238,0.11205835642090678,35.0,-0.0017345209283642312,5.2842366786905976e-5,0.00010986895236402064
2.0,25.0,71.0,3.0310574713394014,0.06689246190843257,35.0,-0.0014123439353546728,0.00021696261781471168,0.00011032555743855958
2.0,26.0,71.0,3.0668924619084326,0.0310574713394014,35.0,-0.0011491076410131268,0.0004800379706540523,0.00011020615567085993
2.0,27.0,71.0,3.112058356420907,0.008042961088223777,35.0,-0.0009753859451807585,0.000820544547744638,0.00010891185605044279
2.0,28.0,71.0,3.1650173421202332,0.0,35.0,-0.0009129431932381611,0.0012298649191637419,0.00010576645893055582
2.0,29.0,71.0,3.8126140803164827,0.0001140803164827453,35.0,-0.0009095947812219053,0.006920540565056456,5.865618322569513e-5
2.0,30.0,71.0,4.463114080316483,0.0001140803164827453,35.0,-0.0009037431877540828,0.013299645839698124,1.4106879697691392e-5
2.0,31.0,71.0,5.1136140803164825,0.0001140803164827453,35.0,-0.0008958312825100603,0.01978062001016601,-3.1694924903149286e-5
2.0,32.0,71.0,5.761210818512732,0.0,35.0,-0.0008837146590006134,0.02612992149367992,-8.083343745454229e-5
2.0,33.0,71.0,5.814169804212058,0.008042961088223777,35.0,-0.0009615181724227275,0.026649118482637135,-7.521604716826595e-5
2.0,34.0,71.0,5.859335698724533,0.0310574713394014,35.0,-0.0011865898134336733,0.027092697948820806,-4.9699151550766876e-5
2.0,35.0,71.0,5.895170689293565,0.06689246190843257,35.0,-0.001538286439676228,0.027445240732892458,-5.910623371571319e-6
2.0,36.0,71.0,5.918185199544742,0.11205835642090678,35.0,-0.0019826112273820667,0.027671926840161225,5.272273081623841e-5
2.0,37.0,71.0,5.926228160632966,0.16501734212023322,35.0,-0.0025044388782671954,0.027750992305706063,0.00012540322623896553
2.0,38.0,71.0,5.9261140803164825,0.29986408031648293,35.0,-0.0038347615741412045,0.027747292907374932,0.0003159626158038087
2.0,39.0,71.0,5.9261140803164825,0.43761408031648275,35.0,-0.005195163456286088,0.027741531447446944,0.0005105959973316166
2.0,40.0,71.0,5.9261140803164825,0.5753640803164828,35.0,-0.006556272850175856,0.027732582201604062,0.0007054830502122118
2.0,41.0,71.0,5.9261140803164825,0.7131140803164828,35.0,-0.007917284873356446,0.027720410034553684,0.0009008985586234722
1.0,1.0,72.0,2.926114080316483,2.213114080316483,35.5,-0.00038068543033517057,6.0852624203102387e-5,0.00013248644286927082
1.0,2.0,72.0,2.926114080316483,2.350864080316483,35.5,-0.00042403846547814486,6.131346726997128e-5,0.00012753613506188586
1.0,3.0,72.0,2.926114080316483,2.488614080316483,35.5,-0.0004671419049376771,6.177715609956193e-5,0.0001226873761675877
1.0,4.0,72.0,2.926114080316483,2.626364080316483,35.5,-0.0005111539942341642,6.22381810140273e-5,0.00011794124535984086
1.0,5.0,72.0,2.9262281606329656,2.7612108185127324,35.5,-0.000555985722172653,6.272687081201934e-5,0.00011334803079397879
1.0,6.0,72.0,2.918185199544742,2.8141698042120584,35.5,-0.0005742942421051775,6.012234160141832e-5,0.0001115327635219723
1.0,7.0,72.0,2.8951706892935642,2.859335698724533,35.5,-0.0005904183168957719,5.2102655929603964e-5,0.0001103629802917968
1.0,8.0,72.0,2.859335698724533,2.8951706892935642,35.5,-0.0006036108213211262,3.919840043106224e-5,0.00010968723751799298
1.0,9.0,72.0,2.814169804212059,2.918185199544742,35.5,-0.0006123594689384411,2.25318132919295e-5,0.00010958297811837851
1.0,10.0,72.0,2.761210818512732,2.9262281606329656,35.5,-0.0006156333923022042,2.6367782596594015e-6,0.0001101088573308818
1.0,11.0,72.0,2.113614080316483,2.926114080316483,35.5,-0.00061759919203319,-0.00023647285268178574,0.00012114203405567203
1.0,12.0,72.0,1.4631140803164828,2.926114080316483,35.5,-0.0006178035103211957,-0.0003501849422264021,0.00013288130032240532
1.0,13.0,72.0,0.8126140803164827,2.926114080316483,35.5,-0.0006165023318452259,-0.00027832151840730563,0.00014489043765136077
1.0,14.0,72.0,0.16501734212023322,2.9262281606329656,35.5,-0.0006139922142968568,-6.762808604174327e-5,0.00015687743903112752
1.0,15.0,72.0,0.11205835642090678,2.918185199544742,35.5,-0.0006166330657700831,-4.8532436426666855e-5,0.00015783125137634684
1.0,16.0,72.0,0.06689246190843257,2.8951706892935642,35.5,-0.0006246939089636649,-3.212016919856206e-5,0.00015861420469507866
1.0,17.0,72.0,0.0310574713394014,2.859335698724533,35.5,-0.0006373455871185211,-1.90430976954987e-5,0.0001592478616198939
1.0,18.0,72.0,0.008042961088223777,2.8141698042120584,35.5,-0.0006532257556653874,-1.0581091214829775e-5,0.00015971431030670135
1.0,19.0,72.0,0.0,2.7612108185127324,35.5,-0.0006716332153094553,-7.413220887040959e-6,0.00016001815701097518
1.0,20.0,72.0,0.0001140803164827453,2.113614080316483,35.5,-0.0008668492267160609,-3.2457773262955904e-6,0.00016181304749601967
1.0,21.0,72.0,0.0001140803164827453,1.4631140803164828,35.5,-0.000941390912550229,5.592065179525796e-7,0.00016237742706541532
1.0,22.0,72.0,0.0001140803164827453,0.8126140803164827,35.5,-0.0008632674909015631,4.360645125276452e-6,0.00016186792435637934
1.0,23.0,72.0,0.0,0.16501734212023322,35.5,-0.0006665808122280167,8.51952957290934e-6,0.000160140733375934
1.0,24.0,72.0,0.008042961088223777,0.11205835642090678,35.5,-0.0006482065734450374,1.1681560894145537e-5,0.00015983815205168793
1.0,25.0,72.0,0.0310574713394014,0.06689246190843257,35.5,-0.0006323786591535267,2.011616118636241e-5,0.0001593650431674741
1.0,26.0,72.0,0.06689246190843257,0.0310574713394014,35.5,-0.0006197865080925916,3.313287101818167e-5,0.00015872079502887764
1.0,27.0,72.0,0.11205835642090678,0.008042961088223777,35.5,-0.0006117748642383738,4.9447618005101395e-5,0.00015792770136343134
1.0,28.0,72.0,0.16501734212023322,0.0,35.5,-0.0006091547458594305,6.840500310432675e-5,0.00015696929648412015
1.0,29.0,72.0,0.8126140803164827,0.0001140803164827453,35.5,-0.0006116686160817253,0.00027611293206359245,0.00014498365402307198
1.0,30.0,72.0,1.4631140803164828,0.0001140803164827453,35.5,-0.0006129855213832722,0.0003449957656626107,0.0001329611589608038
1.0,31.0,72.0,2.113614080316483,0.0001140803164827453,35.5,-0.0006128081056215743,0.00023015739121746745,0.00012119212539716334
1.0,32.0,72.0,2.7612108185127324,0.0,35.5,-0.0006108775545375877,-8.562640092870828e-6,0.00011011435048840849
1.0,33.0,72.0,2.814169804212059,0.008042961088223777,35.5,-0.0006076130829430736,-2.842554377748323e-5,0.00010957120706970273
1.0,34.0,72.0,2.859335698724533,0.0310574713394014,35.5,-0.0005988820629617308,-4.50715376602222e-5,0.00010964310503092415
1.0,35.0,72.0,2.8951706892935642,0.06689246190843257,35.5,-0.0005857079016361816,-5.7963088590980296e-5,0.00011034811406294055
1.0,36.0,72.0,2.918185199544742,0.11205835642090678,35.5,-0.0005695927880669146,-6.597348730390788e-5,0.00011156149656574569
1.0,37.0,72.0,2.9262281606329656,0.16501734212023322,35.5,-0.0005512821674986313,-6.857949697986772e-5,0.00011320316682637325
1.0,38.0,72.0,2.926114080316483,0.29986408031648293,35.5,-0.0005064192134631667,-6.810150382382602e-5,0.00011770897238630981
1.0,39.0,72.0,2.926114080316483,0.43761408031648275,35.5,-0.00046235516878867424,-6.763341624217003e-5,0.000122291735380799
1.0,40.0,72.0,2.926114080316483,0.5753640803164828,35.5,-0.00041919033356844907,-6.716072075135583e-5,0.00012698822469509212
1.0,41.0,72.0,2.926114080316483,0.7131140803164828,35.5,-0.000375771236245178,-6.668493933976763e-5,0.0001318070157051801
2.0,1.0,72.0,5.9261140803164825,2.213114080316483,35.5,-0.007604064757769035,-0.02714448810426718,0.0010696900599913427
2.0,2.0,72.0,5.9261140803164825,2.350864080316483,35.5,-0.006295332035120258,-0.027156359894758297,0.0008348162772201587
2.0,3.0,72.0,5.9261140803164825,2.488614080316483,35.5,-0.004986131005753965,-0.027165142198381495,0.0006007089355327363
2.0,4.0,72.0,5.9261140803164825,2.626364080316483,35.5,-0.0036784614979865947,-0.02717088204683071,0.00036704057992845124
2.0,5.0,72.0,5.926228160632966,2.7612108185127324,35.5,-0.0024016107999866726,-0.027174667971303,0.0001383755575457011
2.0,6.0,72.0,5.918185199544742,2.8141698042120584,35.5,-0.0019015524926526677,-0.027098999968708612,5.048192709463506e-5
2.0,7.0,72.0,5.895170689293565,2.859335698724533,35.5,-0.001476280310209726,-0.0268821220193493,-2.1397110640386113e-5
2.0,8.0,72.0,5.859335698724533,2.8951706892935642,35.5,-0.001140078490159216,-0.026545185949743443,-7.575942316377955e-5
2.0,9.0,72.0,5.814169804212058,2.918185199544742,35.5,-0.0009251801077668787,-0.02612171081343297,-0.00010793100996032245
2.0,10.0,72.0,5.7612108185127315,2.9262281606329656,35.5,-0.0008509756701274233,-0.025626555078483947,-0.0001153875860850857
2.0,11.0,72.0,5.1136140803164825,2.926114080316483,35.5,-0.0008623345921553838,-0.019585191567989393,-5.7597426586611715e-5
2.0,12.0,72.0,4.463114080316483,2.926114080316483,35.5,-0.0008695128639515427,-0.013338789619112912,-5.018104383011418e-6
2.0,13.0,72.0,3.8126140803164827,2.926114080316483,35.5,-0.0008750625421235588,-0.0070471467955650555,4.515392213072108e-5
2.0,14.0,72.0,3.1650173421202332,2.9262281606329656,35.5,-0.0008791273367266396,-0.0012760586729791434,9.693480800618817e-5
2.0,15.0,72.0,3.112058356420907,2.918185199544742,35.5,-0.0009436589349450012,-0.0008537894712650363,0.00010123836489237067
2.0,16.0,72.0,3.0668924619084326,2.8951706892935642,35.5,-0.001123647171835686,-0.0005011926359215531,0.00010453999059658293
2.0,17.0,72.0,3.0310574713394014,2.859335698724533,35.5,-0.0013973089382756992,-0.00022775779321326074,0.00010678260758016722
2.0,18.0,72.0,3.0080429610882238,2.8141698042120584,35.5,-0.001733406722585173,-5.6531790350426196e-5,0.000107952834744334
2.0,19.0,72.0,3.0,2.7612108185127324,35.5,-0.002116150906193636,1.6448659169182188e-6,0.00010844900330221437
2.0,20.0,72.0,3.0001140803164827,2.113614080316483,35.5,-0.005780534061079798,6.898154082441847e-7,0.0001073417888851286
2.0,21.0,72.0,3.0001140803164827,1.4631140803164828,35.5,-0.007086199929683859,-1.049610896867026e-6,0.00010653374971826706
2.0,22.0,72.0,3.0001140803164827,0.8126140803164827,35.5,-0.005768319603003774,-2.809402817186204e-6,0.00010718208757354589
2.0,23.0,72.0,3.0,0.16501734212023322,35.5,-0.002104557056814585,-3.7718780957018092e-6,0.0001081399863515684
2.0,24.0,72.0,3.0080429610882238,0.11205835642090678,35.5,-0.0017228662572348848,5.4236904990802316e-5,0.00010774816433793646
2.0,25.0,72.0,3.0310574713394014,0.06689246190843257,35.5,-0.0013878273395129762,0.00022491038882172432,0.00010644209129417884
2.0,26.0,72.0,3.0668924619084326,0.0310574713394014,35.5,-0.001115131718559234,0.0004973796826788519,0.00010415028749792073
2.0,27.0,72.0,3.112058356420907,0.008042961088223777,35.5,-0.0009358422454169359,0.0008486108196990569,0.00010089894134680385
2.0,28.0,72.0,3.1650173421202332,0.0,35.5,-0.0008715804601359543,0.0012690966020494638,9.663140799136058e-5
2.0,29.0,72.0,3.8126140803164827,0.0001140803164827453,35.5,-0.0008675074761782557,0.007006274403967105,4.523946991375957e-5
2.0,30.0,72.0,4.463114080316483,0.0001140803164827453,35.5,-0.0008620103849289587,0.013250538811928047,-4.518322062700125e-6
2.0,31.0,72.0,5.1136140803164825,0.0001140803164827453,35.5,-0.000854922171522324,0.019445178548139444,-5.669677434554738e-5
2.0,32.0,72.0,5.761210818512732,0.0,35.5,-0.0008436976491116185,0.025434944733893114,-0.00011411045999853731
2.0,33.0,72.0,5.814169804212058,0.008042961088223777,35.5,-0.0009172734856752909,0.025925883012361997,-0.00010667890863612525
2.0,34.0,72.0,5.859335698724533,0.0310574713394014,35.5,-0.0011303480845624568,0.026345756642684407,-7.46474589096762e-5
2.0,35.0,72.0,5.895170689293565,0.06689246190843257,35.5,-0.001463699357689155,0.026679830806394973,-2.053499472496705e-5
2.0,36.0,72.0,5.918185199544742,0.11205835642090678,35.5,-0.0018853699018253046,0.026894867847016567,5.1000623976830796e-5
2.0,37.0,72.0,5.926228160632966,0.16501734212023322,35.5,-0.0023811975259047397,0.026969891795519108,0.00013845786014362758
2.0,38.0,72.0,5.9261140803164825,0.29986408031648293,35.5,-0.0036472613159127905,0.026966129348048193,0.0003659637366326917
2.0,39.0,72.0,5.9261140803164825,0.43761408031648275,35.5,-0.004943897603746895,0.02696043093613375,0.0005984494094975646
2.0,40.0,72.0,5.9261140803164825,0.5753640803164828,35.5,-0.006242056394509105,0.026951717167008952,0.0008313746799169256
2.0,41.0,72.0,5.9261140803164825,0.7131140803164828,35.5,-0.0075397452797639425,0.02693994129891097,0.0010650659890210086
1.0,1.0,73.0,2.926114080316483,2.213114080316483,36.0,-0.0004227392500854299,7.939866402751285e-5,0.00012636910256846146
1.0,2.0,73.0,2.926114080316483,2.350864080316483,36.0,-0.0004558706112805092,7.995704874830267e-5,0.00012132800959548822
1.0,3.0,73.0,2.926114080316483,2.488614080316483,36.0,-0.0004886593120311673,8.050168975427389e-5,0.00011652826877000258
1.0,4.0,73.0,2.926114080316483,2.626364080316483,36.0,-0.0005226212424474538,8.099862601585267e-5,0.00011180688358690543
1.0,5.0,73.0,2.9262281606329656,2.7612108185127324,36.0,-0.0005581224503591546,8.144802354731001e-5,0.00010720302254883808
1.0,6.0,73.0,2.918185199544742,2.8141698042120584,36.0,-0.0005729417302912929,7.937386900422283e-5,0.00010540553368592286
1.0,7.0,73.0,2.8951706892935642,2.859335698724533,36.0,-0.0005861831257833085,7.28384003559287e-5,0.00010348370717827442
1.0,8.0,73.0,2.859335698724533,2.8951706892935642,36.0,-0.0005971581735832908,6.214426050949208e-5,0.00010207954037413935
1.0,9.0,73.0,2.814169804212059,2.918185199544742,36.0,-0.0006045291603984827,4.814899926600488e-5,0.0001015389174937686
1.0,10.0,73.0,2.761210818512732,2.9262281606329656,36.0,-0.0006073445445299217,3.126133572146533e-5,0.00010223259671006525
1.0,11.0,73.0,2.113614080316483,2.926114080316483,36.0,-0.0006093728477728499,-0.00018446940964336639,0.00011785278722131457
1.0,12.0,73.0,1.4631140803164828,2.926114080316483,36.0,-0.0006095350810288411,-0.0002986178875635435,0.00013375475882519968
1.0,13.0,73.0,0.8126140803164827,2.926114080316483,36.0,-0.0006081096646709212,-0.00024561549795305864,0.00014960131741780525
1.0,14.0,73.0,0.16501734212023322,2.9262281606329656,36.0,-0.0006054876116992433,-6.10006850320554e-5,0.00016488679057961262
1.0,15.0,73.0,0.11205835642090678,2.918185199544742,36.0,-0.000607796662469264,-4.404450725272298e-5,0.00016637192144178129
1.0,16.0,73.0,0.06689246190843257,2.8951706892935642,36.0,-0.0006149269602343884,-2.9442056738058666e-5,0.000167999939356239
1.0,17.0,73.0,0.0310574713394014,2.859335698724533,36.0,-0.0006261526909652409,-1.7778037668275273e-5,0.0001695361318064292
1.0,18.0,73.0,0.008042961088223777,2.8141698042120584,36.0,-0.0006402771018779382,-1.0198896366307988e-5,0.0001707016558375526
1.0,19.0,73.0,0.0,2.7612108185127324,36.0,-0.0006566917991978826,-7.322250596488081e-6,0.00017124990418641538
1.0,20.0,73.0,0.0001140803164827453,2.113614080316483,36.0,-0.0008340115392790853,-3.1199741003284267e-6,0.0001722496860575722
1.0,21.0,73.0,0.0001140803164827453,1.4631140803164828,36.0,-0.0009022958443055567,5.893051080517797e-7,0.0001725641810405662
1.0,22.0,73.0,0.0001140803164827453,0.8126140803164827,36.0,-0.0008299749091576553,4.293361780100905e-6,0.00017229309087967817
1.0,23.0,73.0,0.0,0.16501734212023322,36.0,-0.0006513586776848856,8.480479422993118e-6,0.0001713533754902275
1.0,24.0,73.0,0.008042961088223777,0.11205835642090678,36.0,-0.000635051372693883,1.133918944218454e-5,0.00017080767617541327
1.0,25.0,73.0,0.0310574713394014,0.06689246190843257,36.0,-0.0006210553845787248,1.885132016780275e-5,0.0001696388918914339
1.0,26.0,73.0,0.06689246190843257,0.0310574713394014,36.0,-0.0006099597344594948,3.0383682375977352e-5,0.00016809665330314987
1.0,27.0,73.0,0.11205835642090678,0.008042961088223777,36.0,-0.0006029301676461955,4.4786821481408486e-5,0.0001664632430867526
1.0,28.0,73.0,0.16501734212023322,0.0,36.0,-0.0006006618445342167,6.147235959257171e-5,0.00016497753015662123
1.0,29.0,73.0,0.8126140803164827,0.0001140803164827453,36.0,-0.0006032874873316974,0.00024102301587269998,0.00014972432043671577
1.0,30.0,73.0,1.4631140803164828,0.0001140803164827453,36.0,-0.0006047275405179611,0.00028986370902856385,0.0001338932470090069
1.0,31.0,73.0,2.113614080316483,0.0001140803164827453,36.0,-0.0006045901208705329,0.00017546660806543363,0.00011799633404498312
1.0,32.0,73.0,2.7612108185127324,0.0,36.0,-0.00060260161446079,-3.720423257064544e-5,0.00010235554595236863
1.0,33.0,73.0,2.814169804212059,0.008042961088223777,36.0,-0.0005998274444494054,-5.3832325165092594e-5,0.00010168662312683376
1.0,34.0,73.0,2.859335698724533,0.0310574713394014,36.0,-0.0005925604326343473,-6.76214151934202e-5,0.00010225227471366853
1.0,35.0,73.0,2.8951706892935642,0.06689246190843257,36.0,-0.0005817359897514108,-7.816953374006021e-5,0.00010355408344620485
1.0,36.0,73.0,2.918185199544742,0.11205835642090678,36.0,-0.0005686775691531653,-8.46290213540126e-5,0.0001053082010679074
1.0,37.0,73.0,2.9262281606329656,0.16501734212023322,36.0,-0.00055406109474557,-8.667529908427887e-5,0.00010725139852958644
1.0,38.0,73.0,2.926114080316483,0.29986408031648293,36.0,-0.0005190175891131084,-8.620984566500241e-5,0.00011152114905769562
1.0,39.0,73.0,2.926114080316483,0.43761408031648275,36.0,-0.00048547382845984255,-8.571313103668549e-5,0.00011603834503715171
1.0,40.0,73.0,2.926114080316483,0.5753640803164828,36.0,-0.00045308199206017786,-8.515647787565007e-5,0.00012062672400147625
1.0,41.0,73.0,2.926114080316483,0.7131140803164828,36.0,-0.00042034529082125144,-8.457803765482674e-5,0.00012542816578858796
2.0,1.0,73.0,5.9261140803164825,2.213114080316483,36.0,-0.007328568835240426,-0.02622327162671865,0.0012285125604293075
2.0,2.0,73.0,5.9261140803164825,2.350864080316483,36.0,-0.006063587463286722,-0.0262346045544501,0.0009570562189006712
2.0,3.0,73.0,5.9261140803164825,2.488614080316483,36.0,-0.004797949962200467,-0.02624303359585905,0.0006866409508513343
2.0,4.0,73.0,5.9261140803164825,2.626364080316483,36.0,-0.0035341761537945487,-0.02624860951908987,0.00041689947579440505
2.0,5.0,73.0,5.926228160632966,2.7612108185127324,36.0,-0.002301096040104164,-0.02625238741658964,0.00015308258651427968
2.0,6.0,73.0,5.918185199544742,2.8141698042120584,36.0,-0.0018185607965118908,-0.026179443363726348,5.087755368339571e-5
2.0,7.0,73.0,5.895170689293565,2.859335698724533,36.0,-0.001408425995211139,-0.025970364921679905,-3.3845637900720445e-5
2.0,8.0,73.0,5.859335698724533,2.8951706892935642,36.0,-0.0010843796246111019,-0.025645705430996098,-9.870480220127541e-5
2.0,9.0,73.0,5.814169804212058,2.918185199544742,36.0,-0.0008773629947603799,-0.025237891401465103,-0.0001376339620814033
2.0,10.0,73.0,5.7612108185127315,2.9262281606329656,36.0,-0.0008058899524620625,-0.02476132044088787,-0.00014703181295233598
2.0,11.0,73.0,5.1136140803164825,2.926114080316483,36.0,-0.0008162055922002452,-0.018960748952265877,-8.116981564928257e-5
2.0,12.0,73.0,4.463114080316483,2.926114080316483,36.0,-0.0008226078235969205,-0.01295575014324464,-2.2939791117463513e-5
2.0,13.0,73.0,3.8126140803164827,2.926114080316483,36.0,-0.0008278098536435314,-0.006878851557460946,3.134663539392409e-5
2.0,14.0,73.0,3.1650173421202332,2.9262281606329656,36.0,-0.0008323256966145333,-0.0012553368759639924,8.557478786085581e-5
2.0,15.0,73.0,3.112058356420907,2.918185199544742,36.0,-0.0008957668943981439,-0.0008406710545672546,9.108370237033176e-5
2.0,16.0,73.0,3.0668924619084326,2.8951706892935642,36.0,-0.0010729258660511776,-0.0004937242468898504,9.70733978980733e-5
2.0,17.0,73.0,3.0310574713394014,2.859335698724533,36.0,-0.0013428051003861016,-0.00022413172505562795,0.00010268349593263649
2.0,18.0,73.0,3.0080429610882238,2.8141698042120584,36.0,-0.0016749403655362124,-5.498821638519773e-5,0.00010675598791752684
2.0,19.0,73.0,3.0,2.7612108185127324,36.0,-0.0020539637317398764,2.6024138000381075e-6,0.00010778410345927608
2.0,20.0,73.0,3.0001140803164827,2.113614080316483,36.0,-0.005725566365745044,1.3765916628053728e-6,0.00010342045945335916
2.0,21.0,73.0,3.0001140803164827,1.4631140803164828,36.0,-0.007047788765119077,-1.0976749911214903e-6,0.00010167113490562841
2.0,22.0,73.0,3.0001140803164827,0.8126140803164827,36.0,-0.005712413973582835,-3.5708467778357076e-6,0.00010321804703328013
2.0,23.0,73.0,3.0,0.16501734212023322,36.0,-0.002042144700483717,-4.87366613943596e-6,0.00010747829548727648
2.0,24.0,73.0,3.0080429610882238,0.11205835642090678,36.0,-0.0016643189623647826,5.2540382420200624e-5,0.00010621902097737323
2.0,25.0,73.0,3.0310574713394014,0.06689246190843257,36.0,-0.00133337695917039,0.00022109240756672553,0.000102339537966246
2.0,26.0,73.0,3.0668924619084326,0.0310574713394014,36.0,-0.0010645773892342017,0.0004895971753828597,9.679447054270117e-5
2.0,27.0,73.0,3.112058356420907,0.008042961088223777,36.0,-0.0008881968469084372,0.000834991515982729,9.073549099203176e-5
2.0,28.0,73.0,3.1650173421202332,0.0,36.0,-0.0008250552632632813,0.0012476418589616575,8.521598854329411e-5
2.0,29.0,73.0,3.8126140803164827,0.0001140803164827453,36.0,-0.0008205431539679358,0.006834789183647685,3.151742311290546e-5
2.0,30.0,73.0,4.463114080316483,0.0001140803164827453,36.0,-0.000815410550663718,0.012864815395555932,-2.2257048093690967e-5
2.0,31.0,73.0,5.1136140803164825,0.0001140803164827453,36.0,-0.0008091118811410032,0.018821074778741072,-7.999414521584887e-5
2.0,32.0,73.0,5.761210818512732,0.0,36.0,-0.0007989359214520562,0.024573795875808276,-0.00014537662908635046
2.0,33.0,73.0,5.814169804212058,0.008042961088223777,36.0,-0.0008698218649399919,0.025046422958122826,-0.0001360165764373476
2.0,34.0,73.0,5.859335698724533,0.0310574713394014,36.0,-0.0010751288250061136,0.02545086015128933,-9.728171589514477e-5
2.0,35.0,73.0,5.895170689293565,0.06689246190843257,36.0,-0.001396494937533924,0.025772828936283892,-3.2760373154447464e-5
2.0,36.0,73.0,5.918185199544742,0.11205835642090678,36.0,-0.001803233617211779,0.025980172189598447,5.1508386032511176e-5
2.0,37.0,73.0,5.926228160632966,0.16501734212023322,36.0,-0.0022817690459110435,0.026052508273447902,0.00015314920451195354
2.0,38.0,73.0,5.9261140803164825,0.29986408031648293,36.0,-0.003504616860554502,0.02604875519551447,0.0004154876922658717
2.0,39.0,73.0,5.9261140803164825,0.43761408031648275,36.0,-0.00475789418298374,0.026043221319673116,0.0006837202749854665
2.0,40.0,73.0,5.9261140803164825,0.5753640803164828,36.0,-0.006013014167597088,0.026034860391575588,0.0009526257169861791
2.0,41.0,73.0,5.9261140803164825,0.7131140803164828,36.0,-0.007267481909242065,0.026023622124224984,0.0012225691134519375
1.0,1.0,74.0,2.926114080316483,2.213114080316483,36.5,-0.0005566317571022129,9.769411741521934e-5,0.00011865830181441711
1.0,2.0,74.0,2.926114080316483,2.350864080316483,36.5,-0.0005613921326041723,9.838564756897112e-5,0.0001139271121020371
1.0,3.0,74.0,2.926114080316483,2.488614080316483,36.5,-0.0005657463114627727,9.901308147096118e-5,0.00010942424936586719
1.0,4.0,74.0,2.926114080316483,2.626364080316483,36.5,-0.0005714261216124002,9.960258391437678e-5,0.00010529588133319424
1.0,5.0,74.0,2.9262281606329656,2.7612108185127324,36.5,-0.0005795826718381823,0.00010013226921480495,0.00010137240570208258
1.0,6.0,74.0,2.918185199544742,2.8141698042120584,36.5,-0.0005837787945572679,9.965669354956843e-5,9.890662032945792e-5
1.0,7.0,74.0,2.8951706892935642,2.859335698724533,36.5,-0.0005880012380067722,9.766927961566029e-5,9.66887192021162e-5
1.0,8.0,74.0,2.859335698724533,2.8951706892935642,36.5,-0.0005918739342292107,9.407796491661268e-5,9.475893616512482e-5
1.0,9.0,74.0,2.814169804212059,2.918185199544742,36.5,-0.0005947358667763515,8.900712038826884e-5,9.37538001250684e-5
1.0,10.0,74.0,2.761210818512732,2.9262281606329656,36.5,-0.0005959980678124235,8.246472985376753e-5,9.42519010203779e-5
1.0,11.0,74.0,2.113614080316483,2.926114080316483,36.5,-0.0005980574120115205,-3.181883646679891e-5,0.0001145084033239401
1.0,12.0,74.0,1.4631140803164828,2.926114080316483,36.5,-0.0005981363578230833,-0.00012204579733376656,0.0001346799880059824
1.0,13.0,74.0,0.8126140803164827,2.926114080316483,36.5,-0.0005965224107443652,-0.00012335161546665844,0.00015452076720905698
1.0,14.0,74.0,0.16501734212023322,2.9262281606329656,36.5,-0.0005936701835887458,-3.622855132791772e-5,0.0001731892043820839
1.0,15.0,74.0,0.11205835642090678,2.918185199544742,36.5,-0.0005947386488127274,-2.7317110147945872e-5,0.0001752056250566275
1.0,16.0,74.0,0.06689246190843257,2.8951706892935642,36.5,-0.0005984053994468158,-1.948484808774334e-5,0.00017767488052960613
1.0,17.0,74.0,0.0310574713394014,2.859335698724533,36.5,-0.0006043584945159311,-1.3085400784169965e-5,0.0001801037262685475
1.0,18.0,74.0,0.008042961088223777,2.8141698042120584,36.5,-0.0006120242484387684,-8.798058184684328e-6,0.0001819518856364698
1.0,19.0,74.0,0.0,2.7612108185127324,36.5,-0.0006211283926193238,-7.0375064664085514e-6,0.0001827226744390005
1.0,20.0,74.0,0.0001140803164827453,2.113614080316483,36.5,-0.0007285310464688799,-2.9400374151112464e-6,0.00018276837515690504
1.0,21.0,74.0,0.0001140803164827453,1.4631140803164828,36.5,-0.0007717648000899926,6.17920721138338e-7,0.00018278808805555154
1.0,22.0,74.0,0.0001140803164827453,0.8126140803164827,36.5,-0.0007243176323752473,4.169803741422655e-6,0.00018279572177642365
1.0,23.0,74.0,0.0,0.16501734212023322,36.5,-0.0006156747226635836,8.246615595110691e-6,0.0001827935372568622
1.0,24.0,74.0,0.008042961088223777,0.11205835642090678,36.5,-0.0006067144591695601,9.982888938533483e-6,0.00018202796857446707
1.0,25.0,74.0,0.0310574713394014,0.06689246190843257,36.5,-0.0005992169205462737,1.4182144084399194e-5,0.00018018475693376123
1.0,26.0,74.0,0.06689246190843257,0.0310574713394014,36.5,-0.0005934326052940127,2.041044022772239e-5,0.00017776058629948257
1.0,27.0,74.0,0.11205835642090678,0.008042961088223777,36.5,-0.0005898959804967376,2.7984910567764397e-5,0.00017529582746351872
1.0,28.0,74.0,0.16501734212023322,0.0,36.5,-0.0005888799465218479,3.654733294221004e-5,0.00017328439481213934
1.0,29.0,74.0,0.8126140803164827,0.0001140803164827453,36.5,-0.0005917310155601366,0.00011729689711304224,0.0001546756548648812
1.0,30.0,74.0,1.4631140803164828,0.0001140803164827453,36.5,-0.00059336623547676,0.00011094990726528827,0.0001348831557688409
1.0,31.0,74.0,2.113614080316483,0.0001140803164827453,36.5,-0.0005933154611563081,2.0875454434843433e-5,0.00011474109967809934
1.0,32.0,74.0,2.7612108185127324,0.0,36.5,-0.0005912935356599477,-8.82036385693763e-5,9.452397903084109e-5
1.0,33.0,74.0,2.814169804212059,0.008042961088223777,36.5,-0.0005901123861189576,-9.426247060341209e-5,9.397242162900428e-5
1.0,34.0,74.0,2.859335698724533,0.0310574713394014,36.5,-0.0005874656906114849,-9.892758135909863e-5,9.49083984127959e-5
1.0,35.0,74.0,2.8951706892935642,0.06689246190843257,36.5,-0.000583908687951655,-0.00010219905683360495,9.691606469716331e-5
1.0,36.0,74.0,2.918185199544742,0.11205835642090678,36.5,-0.0005800491865925225,-0.00010397477508668895,9.925583000486533e-5
1.0,37.0,74.0,2.9262281606329656,0.16501734212023322,36.5,-0.0005762501080394387,-0.00010439054044812846,0.00010122052649044992
1.0,38.0,74.0,2.926114080316483,0.29986408031648293,36.5,-0.0005690509815832492,-0.00010389150704822333,0.00010504605068162368
1.0,39.0,74.0,2.926114080316483,0.43761408031648275,36.5,-0.0005643265515203266,-0.0001032836786995349,0.00010883981463985195
1.0,40.0,74.0,2.926114080316483,0.5753640803164828,36.5,-0.000560918149068211,-0.00010264009062908173,0.00011301455496519436
1.0,41.0,74.0,2.926114080316483,0.7131140803164828,36.5,-0.0005570939671640918,-0.00010193254605201255,0.00011747571009412084
2.0,1.0,74.0,5.9261140803164825,2.213114080316483,36.5,-0.0071881404013178374,-0.025172991887626603,0.001378742370921608
2.0,2.0,74.0,5.9261140803164825,2.350864080316483,36.5,-0.0059416604055577285,-0.02518364172285481,0.0010730857951447425
2.0,3.0,74.0,5.9261140803164825,2.488614080316483,36.5,-0.0046946182154668946,-0.025191590501691053,0.0007687278694095538
2.0,4.0,74.0,5.9261140803164825,2.626364080316483,36.5,-0.003449091212862553,-0.02519688143440353,0.0004652770045265334
2.0,5.0,74.0,5.926228160632966,2.7612108185127324,36.5,-0.002233161102243394,-0.025200550928207957,0.0001686370571131504
2.0,6.0,74.0,5.918185199544742,2.8141698042120584,36.5,-0.001757053906901909,-0.025128598374148357,5.3003147145343274e-5
2.0,7.0,74.0,5.895170689293565,2.859335698724533,36.5,-0.001352166972529018,-0.02492224495036519,-4.387305834823551e-5
2.0,8.0,74.0,5.859335698724533,2.8951706892935642,36.5,-0.00103208731311964,-0.024601657659743616,-0.00011873448405011507
2.0,9.0,74.0,5.814169804212058,2.918185199544742,36.5,-0.0008274776352744409,-0.024198782758509042,-0.00016415758717004626
2.0,10.0,74.0,5.7612108185127315,2.9262281606329656,36.5,-0.0007567387051009102,-0.02372782719486903,-0.00017547442079253163
2.0,11.0,74.0,5.1136140803164825,2.926114080316483,36.5,-0.0007658665927735147,-0.01800373763751632,-0.00010261663282942425
2.0,12.0,74.0,4.463114080316483,2.926114080316483,36.5,-0.000771544906908822,-0.012163921029668916,-3.97659440010532e-5
2.0,13.0,74.0,3.8126140803164827,2.926114080316483,36.5,-0.0007763365820340804,-0.0063869461788963865,1.7579203760230574e-5
2.0,14.0,74.0,3.1650173421202332,2.9262281606329656,36.5,-0.0007808525953299747,-0.001156039853120178,7.293726689448947e-5
2.0,15.0,74.0,3.112058356420907,2.918185199544742,36.5,-0.0008394534594237231,-0.0007734986812851651,7.996822580204586e-5
2.0,16.0,74.0,3.0668924619084326,2.8951706892935642,36.5,-0.0010028220515449966,-0.00045371239439317464,8.901911917307825e-5
2.0,17.0,74.0,3.0310574713394014,2.859335698724533,36.5,-0.0012514825919241915,-0.00020535710534888758,9.7789528377649e-5
2.0,18.0,74.0,3.0080429610882238,2.8141698042120584,36.5,-0.0015573352533391805,-4.956405766674804e-5,0.00010413156855852698
2.0,19.0,74.0,3.0,2.7612108185127324,36.5,-0.001906252081543379,3.4296634880569126e-6,0.00010682984924574498
2.0,20.0,74.0,3.0001140803164827,2.113614080316483,36.5,-0.005282184714305053,1.5795053203344701e-6,9.85432936303805e-5
2.0,21.0,74.0,3.0001140803164827,1.4631140803164828,36.5,-0.006499090728020941,-1.1139093850027142e-6,9.590239220557053e-5
2.0,22.0,74.0,3.0001140803164827,0.8126140803164827,36.5,-0.005267177532853805,-3.903677491044765e-6,9.830251200354466e-5
2.0,23.0,74.0,3.0,0.16501734212023322,36.5,-0.001893897598257369,-5.758397326165667e-6,0.00010637298852967056
2.0,24.0,74.0,3.0080429610882238,0.11205835642090678,36.5,-0.0015464279641645914,4.699470629732615e-5,0.00010407203557733946
2.0,25.0,74.0,3.0310574713394014,0.06689246190843257,36.5,-0.0012420068399875228,0.00020200803792414727,9.735630505642121e-5
2.0,26.0,74.0,3.0668924619084326,0.0310574713394014,36.5,-0.0009946294168519775,0.0004490641954475292,8.842851932333487e-5
2.0,27.0,74.0,3.112058356420907,0.008042961088223777,36.5,-0.000832169713828072,0.0007670754670452324,7.947761146020465e-5
2.0,28.0,74.0,3.1650173421202332,0.0,36.5,-0.0007739148207028161,0.0011473625498577618,7.255378295112412e-5
2.0,29.0,74.0,3.8126140803164827,0.0001140803164827453,36.5,-0.0007694206234871137,0.006340468794544493,1.783811469984967e-5
2.0,30.0,74.0,4.463114080316483,0.0001140803164827453,36.5,-0.0007647309695135966,0.01207303204754964,-3.8874770418855475e-5
2.0,31.0,74.0,5.1136140803164825,0.0001140803164827453,36.5,-0.0007591890470653804,0.01786731142037225,-0.00010115955505215724
2.0,32.0,74.0,5.761210818512732,0.0,36.5,-0.0007501967615013414,0.02354592837990365,-0.00017344454917283695
2.0,33.0,74.0,5.814169804212058,0.008042961088223777,36.5,-0.0008203713923446548,0.024013096382268263,-0.00016218105400163656
2.0,34.0,74.0,5.859335698724533,0.0310574713394014,36.5,-0.0010233352785346502,0.024412721849180013,-0.00011701297386605161
2.0,35.0,74.0,5.895170689293565,0.06689246190843257,36.5,-0.0013408300307570066,0.02473071516964131,-4.2583992756673406e-5
2.0,36.0,74.0,5.918185199544742,0.11205835642090678,36.5,-0.0017424361467170528,0.02493539324273147,5.372289445172878e-5
2.0,37.0,74.0,5.926228160632966,0.16501734212023322,36.5,-0.002214673811668785,0.025006758501855672,0.00016866675263164674
2.0,38.0,74.0,5.9261140803164825,0.29986408031648293,36.5,-0.003420687616743116,0.02500311467837176,0.00046352367873811934
2.0,39.0,74.0,5.9261140803164825,0.43761408031648275,36.5,-0.004656028762412194,0.02499786538937451,0.0007651530290314273
2.0,40.0,74.0,5.9261140803164825,0.5753640803164828,36.5,-0.005892860877468214,0.024989982960086716,0.0010676859948284818
2.0,41.0,74.0,5.9261140803164825,0.7131140803164828,36.5,-0.007129138280723927,0.02497942475332998,0.0013715112582068148
1.0,1.0,75.0,2.926114080316483,2.213114080316483,37.0,-0.0007949909379061596,0.00011393276605974543,0.00010864442505940732
1.0,2.0,75.0,2.926114080316483,2.350864080316483,37.0,-0.0007506516743506382,0.0001148164732085537,0.00010487939607069897
1.0,3.0,75.0,2.926114080316483,2.488614080316483,37.0,-0.0007059267565638145,0.0001155600910522127,0.00010150502530022312
1.0,4.0,75.0,2.926114080316483,2.626364080316483,37.0,-0.0006627352093779894,0.00011610989574838853,9.802932926711582e-5
1.0,5.0,75.0,2.9262281606329656,2.7612108185127324,37.0,-0.0006233741542499637,0.00011652342726095827,9.487758611298832e-5
1.0,6.0,75.0,2.918185199544742,2.8141698042120584,37.0,-0.0006089967809638038,0.00011894842978760772,9.335663807458913e-5
1.0,7.0,75.0,2.8951706892935642,2.859335698724533,37.0,-0.0005973603809653555,0.00012518346831609303,9.01783572303653e-5
1.0,8.0,75.0,2.859335698724533,2.8951706892935642,37.0,-0.0005886469904663804,0.00013422054453192606,8.731028270030195e-5
1.0,9.0,75.0,2.814169804212059,2.918185199544742,37.0,-0.0005834527906181675,0.00014482117726510808,8.571546372729368e-5
1.0,10.0,75.0,2.761210818512732,2.9262281606329656,37.0,-0.0005819324795354729,0.0001563604294926306,8.659545382299571e-5
1.0,11.0,75.0,2.113614080316483,2.926114080316483,37.0,-0.0005838046093171017,0.00021782595754903477,0.00011114613376027907
1.0,12.0,75.0,1.4631140803164828,2.926114080316483,37.0,-0.0005835810476801555,0.00016755980401076932,0.00013580667500727258
1.0,13.0,75.0,0.8126140803164827,2.926114080316483,37.0,-0.00058146855095871,7.677057117013845e-5,0.0001598263870367447
1.0,14.0,75.0,0.16501734212023322,2.9262281606329656,37.0,-0.0005782481347734217,3.865664944346286e-6,0.00018213734167585346
1.0,15.0,75.0,0.11205835642090678,2.918185199544742,37.0,-0.000577305441404431,-2.918480237160613e-7,0.00018462373313557313
1.0,16.0,75.0,0.06689246190843257,2.8951706892935642,37.0,-0.0005753703388529884,-3.4224420736024718e-6,0.00018775547190787826
1.0,17.0,75.0,0.0310574713394014,2.859335698724533,37.0,-0.0005728230960193201,-5.523036865006578e-6,0.0001908560866449508
1.0,18.0,75.0,0.008042961088223777,2.8141698042120584,37.0,-0.0005701065929778409,-6.540484931675996e-6,0.00019319687107551545
1.0,19.0,75.0,0.0,2.7612108185127324,37.0,-0.00056748620222983,-6.5837056417571405e-6,0.00019410471534996927
1.0,20.0,75.0,0.0001140803164827453,2.113614080316483,37.0,-0.000562410087657471,-2.72229410952474e-6,0.00019320720737068148
1.0,21.0,75.0,0.0001140803164827453,1.4631140803164828,37.0,-0.0005654725245347246,6.434813695524624e-7,0.0001929302736729061
1.0,22.0,75.0,0.0001140803164827453,0.8126140803164827,37.0,-0.0005584980672758504,4.003594780194416e-6,0.0001932153243990372
1.0,23.0,75.0,0.0,0.16501734212023322,37.0,-0.0005622103072014007,7.8430168691125e-6,0.0001941307891414124
1.0,24.0,75.0,0.008042961088223777,0.11205835642090678,37.0,-0.000564939157605819,7.78058146777139e-6,0.00019323135686445035
1.0,25.0,75.0,0.0310574713394014,0.06689246190843257,37.0,-0.0005677910803240342,6.6913909740406e-6,0.00019090707961369314
1.0,26.0,75.0,0.06689246190843257,0.0310574713394014,37.0,-0.0005704795458530314,4.446749582604525e-6,0.000187826527554798
1.0,27.0,75.0,0.11205835642090678,0.008042961088223777,37.0,-0.0005725263491430986,1.0938747966598919e-6,0.0001847133710804264
1.0,28.0,75.0,0.16501734212023322,0.0,37.0,-0.0005735147114191656,-3.3700336029917634e-6,0.00018223889336738716
1.0,29.0,75.0,0.8126140803164827,0.0001140803164827453,37.0,-0.0005767289523010943,-8.208764972819308e-5,0.00016000757366960934
1.0,30.0,75.0,1.4631140803164828,0.0001140803164827453,37.0,-0.0005788523594938682,-0.00017778244112537787,0.00013608876992978234
1.0,31.0,75.0,2.113614080316483,0.0001140803164827453,37.0,-0.0005791511371710244,-0.00022841995948024747,0.00011148367961151301
1.0,32.0,75.0,2.7612108185127324,0.0,37.0,-0.0005773090727516325,-0.00016130592856657513,8.697609422271229e-5
1.0,33.0,75.0,2.814169804212059,0.008042961088223777,37.0,-0.000578916913093005,-0.0001491456032408976,8.616890870349916e-5
1.0,34.0,75.0,2.859335698724533,0.0310574713394014,37.0,-0.0005843753468167315,-0.00013802383965105748,8.77659069445486e-5
1.0,35.0,75.0,2.8951706892935642,0.06689246190843257,37.0,-0.0005935109229823367,-0.0001285907929465082,9.0351826980103e-5
1.0,36.0,75.0,2.918185199544742,0.11205835642090678,37.0,-0.0006057078289270543,-0.0001221247309280981,9.311701440884046e-5
1.0,37.0,75.0,2.9262281606329656,0.16501734212023322,37.0,-0.0006207417014127536,-0.00011959342134532566,9.521865216995467e-5
1.0,38.0,75.0,2.926114080316483,0.29986408031648293,37.0,-0.0006617265322150531,-0.00011912077509188297,9.764103293630945e-5
1.0,39.0,75.0,2.926114080316483,0.43761408031648275,37.0,-0.0007065247655685871,-0.00011858471511529616,0.00010077193336798096
1.0,40.0,75.0,2.926114080316483,0.5753640803164828,37.0,-0.0007528241995498543,-0.00011784315192010233,0.00010382707368426344
1.0,41.0,75.0,2.926114080316483,0.7131140803164828,37.0,-0.0007987448760641791,-0.00011693813626750966,0.0001071707672455411
2.0,1.0,75.0,5.9261140803164825,2.213114080316483,37.0,-0.007158859829799246,-0.024002900121410837,0.0015186513479655194
2.0,2.0,75.0,5.9261140803164825,2.350864080316483,37.0,-0.0059103159604750235,-0.02401274915112885,0.0011814478222885536
2.0,3.0,75.0,5.9261140803164825,2.488614080316483,37.0,-0.004661566059166106,-0.024020110244320575,0.000845727881492194
2.0,4.0,75.0,5.9261140803164825,2.626364080316483,37.0,-0.0034133791029524268,-0.024025008802064853,0.0005110873518747884
2.0,5.0,75.0,5.926228160632966,2.7612108185127324,37.0,-0.0021927643597170455,-0.0240284733455441,0.00018405278866730673
2.0,6.0,75.0,5.918185199544742,2.8141698042120584,37.0,-0.0017139240033049656,-0.023956074441046887,5.6151489774871306e-5
2.0,7.0,75.0,5.895170689293565,2.859335698724533,37.0,-0.0013060795337058943,-0.023748227836619205,-5.1621895087234006e-5
2.0,8.0,75.0,5.859335698724533,2.8951706892935642,37.0,-0.0009831391615213233,-0.02342486364917825,-0.0001353461702962293
2.0,9.0,75.0,5.814169804212058,2.918185199544742,37.0,-0.000776350754608568,-0.023017936759120047,-0.00018648617058679572
2.0,10.0,75.0,5.7612108185127315,2.9262281606329656,37.0,-0.0007046675681233946,-0.022541667110582957,-0.00019953774208758337
2.0,11.0,75.0,5.1136140803164825,2.926114080316483,37.0,-0.0007124962645282115,-0.016752389990324003,-0.00012152624906003235
2.0,12.0,75.0,4.463114080316483,2.926114080316483,37.0,-0.0007173001322518075,-0.011004578464063984,-5.5179449115646557e-5
2.0,13.0,75.0,3.8126140803164827,2.926114080316483,37.0,-0.0007214026851474228,-0.0055934780495879135,4.259313530693879e-6
2.0,14.0,75.0,3.1650173421202332,2.9262281606329656,37.0,-0.0007252012983584667,-0.0009816141119681973,6.04313189360254e-5
2.0,15.0,75.0,3.112058356420907,2.918185199544742,37.0,-0.0007752519370330763,-0.0006544894054057593,6.822464588316407e-5
2.0,16.0,75.0,3.0668924619084326,2.8951706892935642,37.0,-0.000914208280356592,-0.0003824792481956598,7.967046545148058e-5
2.0,17.0,75.0,3.0310574713394014,2.859335698724533,37.0,-0.0011248196432884325,-0.00017228878328807916,9.185145783522318e-5
2.0,18.0,75.0,3.0080429610882238,2.8141698042120584,37.0,-0.0013828985963807376,-4.109813256087763e-5,0.00010134958576006389
2.0,19.0,75.0,3.0,2.7612108185127324,37.0,-0.001676334049627196,3.3170574711029636e-6,0.00010339858367550901
2.0,20.0,75.0,3.0001140803164827,2.113614080316483,37.0,-0.004472632718351911,1.4459517215159478e-6,9.266836724543018e-5
2.0,21.0,75.0,3.0001140803164827,1.4631140803164828,37.0,-0.005473318506982269,-1.1613474048298647e-6,8.912716119149359e-5
2.0,22.0,75.0,3.0001140803164827,0.8126140803164827,37.0,-0.004454276859131225,-3.750576851937179e-6,9.223109912787528e-5
2.0,23.0,75.0,3.0,0.16501734212023322,37.0,-0.0016637567350189677,-5.977606876490992e-6,0.0001030146128531935
2.0,24.0,75.0,3.0080429610882238,0.11205835642090678,37.0,-0.0013719936111618771,3.818908609406014e-5,0.00010014969690652205
2.0,25.0,75.0,3.0310574713394014,0.06689246190843257,37.0,-0.0011155291421616673,0.0001686322522264166,9.122529066850769e-5
2.0,26.0,75.0,3.0668924619084326,0.0310574713394014,37.0,-0.0009063248922931771,0.00037744222052338446,7.932035428926498e-5
2.0,27.0,75.0,3.112058356420907,0.008042961088223777,37.0,-0.0007683467367325799,0.0006475089229956641,6.780075525276325e-5
2.0,28.0,75.0,3.1650173421202332,0.0,37.0,-0.0007186501576481088,0.0009721735171088222,5.994219984772961e-5
2.0,29.0,75.0,3.8126140803164827,0.0001140803164827453,37.0,-0.0007148703387904865,0.005547831929693883,4.661156521890788e-6
2.0,30.0,75.0,4.463114080316483,0.0001140803164827453,37.0,-0.0007109919778874841,0.010919400373041507,-5.402755883859026e-5
2.0,31.0,75.0,5.1136140803164825,0.0001140803164827453,37.0,-0.0007063291770278014,0.016623462503518465,-0.00011979711521561578
2.0,32.0,75.0,5.761210818512732,0.0,37.0,-0.000698617560143651,0.02236704486656478,-0.0001971662243599901
2.0,33.0,75.0,5.814169804212058,0.008042961088223777,37.0,-0.0007697313921784976,0.022839503203206733,-0.0001841830337155657
2.0,34.0,75.0,5.859335698724533,0.0310574713394014,37.0,-0.0009748642205762757,0.02324316412854165,-0.0001333569071155294
2.0,35.0,75.0,5.895170689293565,0.06689246190843257,37.0,-0.001295208902485442,0.023563924819276195,-5.0156381840234974e-5
2.0,36.0,75.0,5.918185199544742,0.11205835642090678,37.0,-0.0016997647572681823,0.023770092652245344,5.693801273902766e-5
2.0,37.0,75.0,5.926228160632966,0.16501734212023322,37.0,-0.002174733510352185,0.02384190409021698,0.00018403041277117172
2.0,38.0,75.0,5.9261140803164825,0.29986408031648293,37.0,-0.0033854493104905486,0.023838464540514318,0.0005089951691297664
2.0,39.0,75.0,5.9261140803164825,0.43761408031648275,37.0,-0.004623490254664058,0.023833605697646087,0.0008415190580712251
2.0,40.0,75.0,5.9261140803164825,0.5753640803164828,37.0,-0.005862080845728618,0.023826307715350298,0.00117511631679424
2.0,41.0,75.0,5.9261140803164825,0.7131140803164828,37.0,-0.007100470467887255,0.023816545612210967,0.0015101880061014383
1.0,1.0,76.0,2.926114080316483,2.213114080316483,37.5,-0.0011348069402243798,0.0001256099427443574,9.603189028467617e-5
1.0,2.0,76.0,2.926114080316483,2.350864080316483,37.5,-0.0010216086732187403,0.0001266842880321269,9.379893052501419e-5
1.0,3.0,76.0,2.926114080316483,2.488614080316483,37.5,-0.0009078987921763935,0.00012772971728173475,9.185753556958149e-5
1.0,4.0,76.0,2.926114080316483,2.626364080316483,37.5,-0.0007951538386347242,0.00012877087159241904,9.06600960819983e-5
1.0,5.0,76.0,2.9262281606329656,2.7612108185127324,37.5,-0.0006879003485896798,0.00012939641828826955,8.881109468427228e-5
1.0,6.0,76.0,2.918185199544742,2.8141698042120584,37.5,-0.0006471379972587255,0.00013567189249720117,8.563317430325957e-5
1.0,7.0,76.0,2.8951706892935642,2.859335698724533,37.5,-0.0006130905290233125,0.00015302435861355856,8.29952375579023e-5
1.0,8.0,76.0,2.859335698724533,2.8951706892935642,37.5,-0.0005868922558092157,0.00017944204250546872,8.032005464630604e-5
1.0,9.0,76.0,2.814169804212059,2.918185199544742,37.5,-0.0005707573092724565,0.0002118304650752278,7.871470114773981e-5
1.0,10.0,76.0,2.761210818512732,2.9262281606329656,37.5,-0.0005655116143808534,0.0002482377823417108,7.889629726314498e-5
1.0,11.0,76.0,2.113614080316483,2.926114080316483,37.5,-0.0005672140888424365,0.0005312093859348801,0.00010802525150637582
1.0,12.0,76.0,1.4631140803164828,2.926114080316483,37.5,-0.0005654825110472238,0.0005177558247814478,0.00013759151132425234
1.0,13.0,76.0,0.8126140803164827,2.926114080316483,37.5,-0.0005624027513308083,0.0003145554676902679,0.0001656687721686754
1.0,14.0,76.0,0.16501734212023322,2.9262281606329656,37.5,-0.0005587989608869504,5.122408980135585e-5,0.00019191936865961507
1.0,15.0,76.0,0.11205835642090678,2.918185199544742,37.5,-0.0005554837688507592,3.162305299038164e-5,0.00019477817830705857
1.0,16.0,76.0,0.06689246190843257,2.8951706892935642,37.5,-0.0005469398891868949,1.5549337511749258e-5,0.0001982681844517571
1.0,17.0,76.0,0.0310574713394014,2.859335698724533,37.5,-0.0005343697055234626,3.4187580416491715e-6,0.00020166485154446902
1.0,18.0,76.0,0.008042961088223777,2.8141698042120584,37.5,-0.0005194146006324636,-3.858518342423566e-6,0.0002041829359983033
1.0,19.0,76.0,0.0,2.7612108185127324,37.5,-0.0005029721170376686,-6.034448431787062e-6,0.0002051004018320368
1.0,20.0,76.0,0.0001140803164827453,2.113614080316483,37.5,-0.0003648562141256471,-2.485381546214299e-6,0.00020341641084405132
1.0,21.0,76.0,0.0001140803164827453,1.4631140803164828,37.5,-0.0003204302389541716,6.640200050419858e-7,0.00020287429315806217
1.0,22.0,76.0,0.0001140803164827453,0.8126140803164827,37.5,-0.00036178041696534156,3.8091818253201847e-6,0.00020340451319750814
1.0,23.0,76.0,0.0,0.16501734212023322,37.5,-0.0004982307288861782,7.340764123892193e-6,0.0002050769047478188
1.0,24.0,76.0,0.008042961088223777,0.11205835642090678,37.5,-0.0005146624850708032,5.164234946835451e-6,0.0002041700570361876
1.0,25.0,76.0,0.0310574713394014,0.06689246190843257,37.5,-0.0005296336052842645,-2.123499536171297e-6,0.00020167892001029373
1.0,26.0,76.0,0.06689246190843257,0.0310574713394014,37.5,-0.0005422366454891874,-1.4289454757227538e-5,0.00019831667440369403
1.0,27.0,76.0,0.11205835642090678,0.008042961088223777,37.5,-0.000550814323789913,-3.0432583043110085e-5,0.00019485848034699437
1.0,28.0,76.0,0.16501734212023322,0.0,37.5,-0.000554145124122354,-5.014365861791734e-5,0.0001920182100869335
1.0,29.0,76.0,0.8126140803164827,0.0001140803164827453,37.5,-0.0005577398008018519,-0.0003162248303189338,0.0001658706070597044
1.0,30.0,76.0,1.4631140803164828,0.0001140803164827453,37.5,-0.0005608185905241307,-0.0005223886587632094,0.00013793747880480614
1.0,31.0,76.0,2.113614080316483,0.0001140803164827453,37.5,-0.0005625879180203645,-0.0005375325713782836,0.00010854427614961759
1.0,32.0,76.0,2.7612108185127324,0.0,37.5,-0.0005610828864380045,-0.0002521883978206375,7.932605702881364e-5
1.0,33.0,76.0,2.814169804212059,0.008042961088223777,37.5,-0.0005664516486706263,-0.00021510511892062936,7.904147129226469e-5
1.0,34.0,76.0,2.859335698724533,0.0310574713394014,37.5,-0.0005829311890270973,-0.00018202843816378264,8.061890203740754e-5
1.0,35.0,76.0,2.8951706892935642,0.06689246190843257,37.5,-0.0006096764787849963,-0.00015499997950896118,8.356981691151826e-5
1.0,36.0,76.0,2.918185199544742,0.11205835642090678,37.5,-0.0006443604613120378,-0.00013722376151486672,8.657419829169508e-5
1.0,37.0,76.0,2.9262281606329656,0.16501734212023322,37.5,-0.0006859185376690528,-0.0001308634810697052,8.828884968386953e-5
1.0,38.0,76.0,2.926114080316483,0.29986408031648293,37.5,-0.0007953137542154492,-0.00013032741187050205,9.035943868180961e-5
1.0,39.0,76.0,2.926114080316483,0.43761408031648275,37.5,-0.00091043151888146,-0.00012923987709461478,9.113946039119844e-5
1.0,40.0,76.0,2.926114080316483,0.5753640803164828,37.5,-0.0010266842645713595,-0.00012814442470668487,9.251146863982331e-5
1.0,41.0,76.0,2.926114080316483,0.7131140803164828,37.5,-0.0011424409742839267,-0.0001270543385684179,9.432010282859628e-5
2.0,1.0,76.0,5.9261140803164825,2.213114080316483,37.5,-0.0071691771724803075,-0.02272313131419705,0.0016470321622497539
2.0,2.0,76.0,5.9261140803164825,2.350864080316483,37.5,-0.005911280320800601,-0.022732112075837738,0.0012810969035987063
2.0,3.0,76.0,5.9261140803164825,2.488614080316483,37.5,-0.0046536484066988775,-0.02273882265023006,0.0009167180656092531
2.0,4.0,76.0,5.9261140803164825,2.626364080316483,37.5,-0.003395361839475989,-0.02274326568762369,0.0005534888544631222
2.0,5.0,76.0,5.926228160632966,2.7612108185127324,37.5,-0.0021621786200565142,-0.022746465067523272,0.00019852767949445118
2.0,6.0,76.0,5.918185199544742,2.8141698042120584,37.5,-0.0016772525664547127,-0.022673083490309262,5.9702928773334105e-5
2.0,7.0,76.0,5.895170689293565,2.859335698724533,37.5,-0.0012634194162091936,-0.0224621759782357,-5.732332856312469e-5
2.0,8.0,76.0,5.859335698724533,2.8951706892935642,37.5,-0.0009350753199724057,-0.022133473854491298,-0.0001483189477330077
2.0,9.0,76.0,5.814169804212058,2.918185199544742,37.5,-0.000724389505283702,-0.021719112660391265,-0.0002040384237325382
2.0,10.0,76.0,5.7612108185127315,2.9262281606329656,37.5,-0.0006511331370482541,-0.02123341005984226,-0.00021853526198512403
2.0,11.0,76.0,5.1136140803164825,2.926114080316483,37.5,-0.0006576577201047644,-0.015324871273422948,-0.000137624965337428
2.0,12.0,76.0,4.463114080316483,2.926114080316483,37.5,-0.0006612963560452525,-0.009637742324961875,-6.864363774507218e-5
2.0,13.0,76.0,3.8126140803164827,2.926114080316483,37.5,-0.0006636011778264635,-0.004616905725829173,-7.924443661662918e-6
2.0,14.0,76.0,3.1650173421202332,2.9262281606329656,37.5,-0.0006662615824280413,-0.000758683763425172,4.8483439269632384e-5
2.0,15.0,76.0,3.112058356420907,2.918185199544742,37.5,-0.0007056421534208524,-0.0005024761463956947,5.744131291623942e-5
2.0,16.0,76.0,3.0668924619084326,2.8951706892935642,37.5,-0.0008134127099530681,-0.0002916657073130145,6.999746040911794e-5
2.0,17.0,76.0,3.0310574713394014,2.859335698724533,37.5,-0.0009750933929785177,-0.00013016076598244155,8.262045934964463e-5
2.0,18.0,76.0,3.0080429610882238,2.8141698042120584,37.5,-0.0011716107014927435,-2.9998046809089648e-5,9.203460922000803e-5
2.0,19.0,76.0,3.0,2.7612108185127324,37.5,-0.0013937846334239913,3.6016002121283516e-6,9.756108835380078e-5
2.0,20.0,76.0,3.0001140803164827,2.113614080316483,37.5,-0.00345638541244327,-1.325911846603181e-7,8.494389971967953e-5
2.0,21.0,76.0,3.0001140803164827,1.4631140803164828,37.5,-0.0041895615951907895,-1.0283427555911275e-6,8.22106344556852e-5
2.0,22.0,76.0,3.0001140803164827,0.8126140803164827,37.5,-0.003433243626214751,-2.463597958122808e-6,8.42958764233031e-5
2.0,23.0,76.0,3.0,0.16501734212023322,37.5,-0.0013794501611568383,-6.123139552371294e-6,9.658063196127807e-5
2.0,24.0,76.0,3.0080429610882238,0.11205835642090678,37.5,-0.0011596213832702658,2.7107916491858828e-5,9.267547152947565e-5
2.0,25.0,76.0,3.0310574713394014,0.06689246190843257,37.5,-0.0009653165315188739,0.00012597303495249867,8.22977002936075e-5
2.0,26.0,76.0,3.0668924619084326,0.0310574713394014,37.5,-0.0008055018324426965,0.00028548723406568856,6.911235744888226e-5
2.0,27.0,76.0,3.112058356420907,0.008042961088223777,37.5,-0.0006989334715796927,0.0004938761870487083,5.654820197197461e-5
2.0,28.0,76.0,3.1650173421202332,0.0,37.5,-0.0006599693714561562,0.0007474428505406339,4.777973055459012e-5
2.0,29.0,76.0,3.8126140803164827,0.0001140803164827453,37.5,-0.0006576842643776803,0.004577539015196339,-7.16629682882772e-6
2.0,30.0,76.0,4.463114080316483,0.0001140803164827453,37.5,-0.0006556092299213555,0.009563641588591056,-6.722530604627453e-5
2.0,31.0,76.0,5.1136140803164825,0.0001140803164827453,37.5,-0.0006520525837331886,0.01520676570532516,-0.0001356502937875539
2.0,32.0,76.0,5.761210818512732,0.0,37.5,-0.0006456284507000722,0.021067464215904743,-0.00021588235280770046
2.0,33.0,76.0,5.814169804212058,0.008042961088223777,37.5,-0.0007182913346123324,0.021549208970264546,-0.00020146847576606397
2.0,34.0,76.0,5.859335698724533,0.0310574713394014,37.5,-0.0009272630047712534,0.021960191926615108,-0.00014611020350287684
2.0,35.0,76.0,5.895170689293565,0.06689246190843257,37.5,-0.0012529332000095748,0.02228621301141868,-5.571216256741259e-5
2.0,36.0,76.0,5.918185199544742,0.11205835642090678,37.5,-0.001663395348281933,0.022495399495699835,6.054266314299601e-5
2.0,37.0,76.0,5.926228160632966,0.16501734212023322,37.5,-0.0021443715665465076,0.022568180933930832,0.00019845160332260183
2.0,38.0,76.0,5.9261140803164825,0.29986408031648293,37.5,-0.0033675138255849016,0.022565004073727312,0.0005510728373184577
2.0,39.0,76.0,5.9261140803164825,0.43761408031648275,37.5,-0.0046155598264580955,0.02256059747869294,0.0009119082255566684
2.0,40.0,76.0,5.9261140803164825,0.5753640803164828,37.5,-0.0058629589339711866,0.022553945733556548,0.0012738860360847228
2.0,41.0,76.0,5.9261140803164825,0.7131140803164828,37.5,-0.007110619489346495,0.022545046190244826,0.0016374100584007607
1.0,1.0,77.0,2.926114080316483,2.213114080316483,38.0,-0.0015180037581102677,0.00013152883472124328,8.287343117203546e-5
1.0,2.0,77.0,2.926114080316483,2.350864080316483,38.0,-0.0013329835141792279,0.0001325393842755347,8.167340534061394e-5
1.0,3.0,77.0,2.926114080316483,2.488614080316483,38.0,-0.0011481401021722398,0.00013357526080147195,8.025882818690114e-5
1.0,4.0,77.0,2.926114080316483,2.626364080316483,38.0,-0.0009613870037129709,0.000134765068977409,7.889136154546857e-5
1.0,5.0,77.0,2.9262281606329656,2.7612108185127324,38.0,-0.0007759475856303527,0.00013622500721116032,8.058909187323636e-5
1.0,6.0,77.0,2.918185199544742,2.8141698042120584,38.0,-0.0007025213389051979,0.00014819047687186483,8.148995289989024e-5
1.0,7.0,77.0,2.8951706892935642,2.859335698724533,38.0,-0.0006396234786016411,0.00018118925405680045,7.719510526256552e-5
1.0,8.0,77.0,2.859335698724533,2.8951706892935642,38.0,-0.0005902790957187573,0.00023118974722841228,7.251014865081996e-5
1.0,9.0,77.0,2.814169804212059,2.918185199544742,38.0,-0.0005597566984729727,0.00029115856436392627,6.928160754645613e-5
1.0,10.0,77.0,2.761210818512732,2.9262281606329656,38.0,-0.0005499644437000703,0.00035748096484524116,7.035357920980208e-5
1.0,11.0,77.0,2.113614080316483,2.926114080316483,38.0,-0.0005476657688611558,0.0008476646336747122,0.0001067463596764771
1.0,12.0,77.0,1.4631140803164828,2.926114080316483,38.0,-0.0005426609944477643,0.0008476695674861543,0.00014047741701495104
1.0,13.0,77.0,0.8126140803164827,2.926114080316483,38.0,-0.0005387708567312045,0.0005341002872809383,0.0001719975084116706
1.0,14.0,77.0,0.16501734212023322,2.9262281606329656,38.0,-0.0005348552038717696,9.52606462974214e-5,0.00020242346839782635
1.0,15.0,77.0,0.11205835642090678,2.918185199544742,38.0,-0.0005293516056248447,6.137031156872639e-5,0.00020554464808711178
1.0,16.0,77.0,0.06689246190843257,2.8951706892935642,38.0,-0.0005146822013110677,3.3288440249463225e-5,0.00020907248437510354
1.0,17.0,77.0,0.0310574713394014,2.859335698724533,38.0,-0.0004927863070636463,1.1820632664796818e-5,0.00021237558283288436
1.0,18.0,77.0,0.008042961088223777,2.8141698042120584,38.0,-0.0004663963581031206,-1.3072883347598605e-6,0.000214747550714105
1.0,19.0,77.0,0.0,2.7612108185127324,38.0,-0.00043698128816098533,-5.485342404125133e-6,0.00021554847581026543
1.0,20.0,77.0,0.0001140803164827453,2.113614080316483,38.0,-0.0001723434542879697,-2.2421211205500035e-6,0.00021327775963005284
1.0,21.0,77.0,0.0001140803164827453,1.4631140803164828,38.0,-8.238495458713635e-5,6.777496666771788e-7,0.0002125105822732065
1.0,22.0,77.0,0.0001140803164827453,0.8126140803164827,38.0,-0.0001704672882592568,3.594994778954492e-6,0.00021324710832007233
1.0,23.0,77.0,0.0,0.16501734212023322,38.0,-0.00043303609857281146,6.829183419372105e-6,0.0002154812023349161
1.0,24.0,77.0,0.008042961088223777,0.11205835642090678,38.0,-0.000462264861994318,2.678378477567875e-6,0.00021469061485867983
1.0,25.0,77.0,0.0310574713394014,0.06689246190843257,38.0,-0.000488492179075166,-1.03678385892628e-5,0.00021234962226499514
1.0,26.0,77.0,0.06689246190843257,0.0310574713394014,38.0,-0.0005102563599452872,-3.1705468525390464e-5,0.0002090875102237531
1.0,27.0,77.0,0.11205835642090678,0.008042961088223777,38.0,-0.0005248395925159529,-5.962066503843123e-5,0.00020559836467154272
1.0,28.0,77.0,0.16501734212023322,0.0,38.0,-0.0005303120620623428,-9.331369124622441e-5,0.0002025003528945556
1.0,29.0,77.0,0.8126140803164827,0.0001140803164827453,38.0,-0.0005342193555634308,-0.0005299182779562804,0.00017221259322720207
1.0,30.0,77.0,1.4631140803164828,0.0001140803164827453,38.0,-0.0005381078109606526,-0.0008425668932317083,0.00014087895157580222
1.0,31.0,77.0,2.113614080316483,0.0001140803164827453,38.0,-0.0005430917669940928,-0.0008444574903478245,0.00010738072292639601
1.0,32.0,77.0,2.7612108185127324,0.0,38.0,-0.0005454298614086586,-0.0003588552955269388,7.120211771900052e-5
1.0,33.0,77.0,2.814169804212059,0.008042961088223777,38.0,-0.0005552298759934212,-0.0002926221626963055,6.997614734491484e-5
1.0,34.0,77.0,2.859335698724533,0.0310574713394014,38.0,-0.0005858691256040795,-0.00023252576614893152,7.275936618672337e-5
1.0,35.0,77.0,2.8951706892935642,0.06689246190843257,38.0,-0.0006356455655804596,-0.00018219857364536787,7.661622677887022e-5
1.0,36.0,77.0,2.918185199544742,0.11205835642090678,38.0,-0.000699504805632748,-0.00014881534834810498,8.001070799527626e-5
1.0,37.0,77.0,2.9262281606329656,0.16501734212023322,38.0,-0.0007741397181921616,-0.00013643264603165352,8.135952718289748e-5
1.0,38.0,77.0,2.926114080316483,0.29986408031648293,38.0,-0.000962152247621621,-0.0001347044498095019,7.816833580750417e-5
1.0,39.0,77.0,2.926114080316483,0.43761408031648275,38.0,-0.0011518830287786238,-0.000133444385848103,7.903360931180487e-5
1.0,40.0,77.0,2.926114080316483,0.5753640803164828,38.0,-0.0013394916489264505,-0.00013242621880050364,8.043818880868825e-5
1.0,41.0,77.0,2.926114080316483,0.7131140803164828,38.0,-0.0015273274807451965,-0.00013144881094149792,8.134008374022368e-5
2.0,1.0,77.0,5.9261140803164825,2.213114080316483,38.0,-0.007126618259943022,-0.02134422883220851,0.0017634163693153568
2.0,2.0,77.0,5.9261140803164825,2.350864080316483,38.0,-0.005869080183812253,-0.021352334826563034,0.0013716033044886013
2.0,3.0,77.0,5.9261140803164825,2.488614080316483,38.0,-0.004612187052745169,-0.02135838963731261,0.0009813052704417482
2.0,4.0,77.0,5.9261140803164825,2.626364080316483,38.0,-0.003353614117969672,-0.021362376778435322,0.0005921198080991269
2.0,5.0,77.0,5.926228160632966,2.7612108185127324,38.0,-0.0021179369115024247,-0.021365310024212145,0.00021172943751670474
2.0,6.0,77.0,5.918185199544742,2.8141698042120584,38.0,-0.0016310965285502564,-0.021291583728269753,6.335453028312526e-5
2.0,7.0,77.0,5.895170689293565,2.859335698724533,38.0,-0.0012149778621980553,-0.021079504155775523,-6.12328943561058e-5
2.0,8.0,77.0,5.859335698724533,2.8951706892935642,38.0,-0.0008842884621895372,-0.020748518728983353,-0.00015785637353504453
2.0,9.0,77.0,5.814169804212058,2.918185199544742,38.0,-0.0006717474779726978,-0.020330715414637695,-0.00021696951725130303
2.0,10.0,77.0,5.7612108185127315,2.9262281606329656,38.0,-0.000597662292417053,-0.0198403997454911,-0.00023258148702692022
2.0,11.0,77.0,5.1136140803164825,2.926114080316483,38.0,-0.0006029350062772746,-0.0138762661999938,-0.0001509099283430747
2.0,12.0,77.0,4.463114080316483,2.926114080316483,38.0,-0.0006054920329009415,-0.008293116923094531,-7.975097615110389e-5
2.0,13.0,77.0,3.8126140803164827,2.926114080316483,38.0,-0.000604728873097485,-0.003639024521092737,-1.7293334732423015e-5
2.0,14.0,77.0,3.1650173421202332,2.9262281606329656,38.0,-0.000602977340954494,-0.0005158367740737735,3.704778870927377e-5
2.0,15.0,77.0,3.112058356420907,2.918185199544742,38.0,-0.0006300886935807904,-0.00033563355132512705,4.546438067038936e-5
2.0,16.0,77.0,3.0668924619084326,2.8951706892935642,38.0,-0.000703337448244561,-0.00019229094217916462,5.908462003358033e-5
2.0,17.0,77.0,3.0310574713394014,2.859335698724533,38.0,-0.000811680088917206,-8.497272145735523e-5,7.358986997849795e-5
2.0,18.0,77.0,3.0080429610882238,2.8141698042120584,38.0,-0.000942931880208487,-1.9430642525104843e-5,8.440728700465281e-5
2.0,19.0,77.0,3.0,2.7612108185127324,38.0,-0.001091928385796241,2.0062708488065938e-6,8.296710836557177e-5
2.0,20.0,77.0,3.0001140803164827,2.113614080316483,38.0,-0.002485552576160455,-3.4758101572043837e-6,7.62992324489092e-5
2.0,21.0,77.0,3.0001140803164827,1.4631140803164828,38.0,-0.0029819618825308015,-1.277382533205335e-6,7.711422219531906e-5
2.0,22.0,77.0,3.0001140803164827,0.8126140803164827,38.0,-0.002459880153826873,1.483972077999658e-6,7.476115774390184e-5
2.0,23.0,77.0,3.0,0.16501734212023322,38.0,-0.001077717620346205,-5.6332745174478125e-6,8.235317000510815e-5
2.0,24.0,77.0,3.0080429610882238,0.11205835642090678,38.0,-0.0009314130663634962,1.5154395511629689e-5,8.05330857474729e-5
2.0,25.0,77.0,3.0310574713394014,0.06689246190843257,38.0,-0.0008027314939949263,7.952389141339311e-5,7.121140188921617e-5
2.0,26.0,77.0,3.0668924619084326,0.0310574713394014,38.0,-0.0006963202023167261,0.00018509420919575272,5.7894957491561195e-5
2.0,27.0,77.0,3.112058356420907,0.008042961088223777,38.0,-0.0006242091893423332,0.0003264556549705073,4.495353639555765e-5
2.0,28.0,77.0,3.1650173421202332,0.0,38.0,-0.000597505079941895,0.0005046033527465223,3.694175990588466e-5
2.0,29.0,77.0,3.8126140803164827,0.0001140803164827453,38.0,-0.0005996866325856242,0.003608061042671024,-1.6135012205669513e-5
2.0,30.0,77.0,4.463114080316483,0.0001140803164827453,38.0,-0.0006004057260730147,0.008230058230452865,-7.812670869355382e-5
2.0,31.0,77.0,5.1136140803164825,0.0001140803164827453,38.0,-0.0005978987843387958,0.013769143753049527,-0.00014871112954414437
2.0,32.0,77.0,5.761210818512732,0.0,38.0,-0.0005927006340079902,0.019683923814799505,-0.0002297247217060906
2.0,33.0,77.0,5.814169804212058,0.008042961088223777,38.0,-0.0006661770753502686,0.02017019248650362,-0.0002142057794685007
2.0,34.0,77.0,5.859335698724533,0.0310574713394014,38.0,-0.0008769708443231801,0.02058455524775589,-0.00015548216218831256
2.0,35.0,77.0,5.895170689293565,0.06689246190843257,38.0,-0.0012049476231694662,0.020912821606770004,-5.950590916412425e-5
2.0,36.0,77.0,5.918185199544742,0.11205835642090678,38.0,-0.0016176620356484442,0.021123162991687146,6.424015211581197e-5
2.0,37.0,77.0,5.926228160632966,0.16501734212023322,38.0,-0.002100530877160353,0.0211962851471637,0.00021160612898529627
2.0,38.0,77.0,5.9261140803164825,0.29986408031648293,38.0,-0.003326165468312206,0.02119337202931184,0.0005894012803151603
2.0,39.0,77.0,5.9261140803164825,0.43761408031648275,38.0,-0.00457454317568258,0.021189418205990414,0.0009759328777136827
2.0,40.0,77.0,5.9261140803164825,0.5753640803164828,38.0,-0.005821267886222697,0.021183418051530956,0.001363570891326914
2.0,41.0,77.0,5.9261140803164825,0.7131140803164828,38.0,-0.007068625308911958,0.021175387678165958,0.0017527149027604676
1.0,1.0,78.0,2.926114080316483,2.213114080316483,38.5,-0.0017929449881166138,0.0001351035658306182,7.188567121479291e-5
1.0,2.0,78.0,2.926114080316483,2.350864080316483,38.5,-0.0015567481767807946,0.00013590411130026485,7.063367176306098e-5
1.0,3.0,78.0,2.926114080316483,2.488614080316483,38.5,-0.001323053509396908,0.00013672440105094683,6.881816134659391e-5
1.0,4.0,78.0,2.926114080316483,2.626364080316483,38.5,-0.0010879489108648823,0.00013766599839706208,6.637662311832459e-5
1.0,5.0,78.0,2.9262281606329656,2.7612108185127324,38.5,-0.0008501100188495425,0.000138837378882404,6.032314240694831e-5
1.0,6.0,78.0,2.918185199544742,2.8141698042120584,38.5,-0.0007517296802253241,0.00015457992724446067,5.5991434115987915e-5
1.0,7.0,78.0,2.8951706892935642,2.859335698724533,38.5,-0.0006651229783948888,0.00019871081070447312,5.807747696133542e-5
1.0,8.0,78.0,2.859335698724533,2.8951706892935642,38.5,-0.0005964085119416373,0.00026742527715772473,6.132640367585541e-5
1.0,9.0,78.0,2.814169804212059,2.918185199544742,38.5,-0.0005522776284816248,0.0003540319789881591,6.542183694996441e-5
1.0,10.0,78.0,2.761210818512732,2.9262281606329656,38.5,-0.0005353279723621165,0.0004517666210271128,6.871169414245617e-5
1.0,11.0,78.0,2.113614080316483,2.926114080316483,38.5,-0.000520371531250977,0.0010826238530398577,0.0001081627697272986
1.0,12.0,78.0,1.4631140803164828,2.926114080316483,38.5,-0.0005144923133067887,0.00108150921410877,0.00014418684743486358
1.0,13.0,78.0,0.8126140803164827,2.926114080316483,38.5,-0.0005101596158730643,0.0006893075337532338,0.00017863327219953432
1.0,14.0,78.0,0.16501734212023322,2.9262281606329656,38.5,-0.0005061607629006772,0.00012747507716361295,0.0002131665078151177
1.0,15.0,78.0,0.11205835642090678,2.918185199544742,38.5,-0.000499093698757881,8.329516460341722e-5,0.000216470416121696
1.0,16.0,78.0,0.06689246190843257,2.8951706892935642,38.5,-0.00047998012979998513,4.6482596184742335e-5,0.00021983710458551022
1.0,17.0,78.0,0.0310574713394014,2.859335698724533,38.5,-0.000451237355748907,1.815382696689924e-5,0.0002228100901095346
1.0,18.0,78.0,0.008042961088223777,2.8141698042120584,38.5,-0.0004163519433406871,6.79402556337007e-7,0.0002248415107350081
1.0,19.0,78.0,0.0,2.7612108185127324,38.5,-0.0003771842398391393,-5.00111969108283e-6,0.00022545048761150736
1.0,20.0,78.0,0.0001140803164827453,2.113614080316483,38.5,-1.4554536657815219e-5,-1.998862660316921e-6,0.0002227044760446539
1.0,21.0,78.0,0.0001140803164827453,1.4631140803164828,38.5,0.00011142448665488526,6.833816561302699e-7,0.00022173686705690785
1.0,22.0,78.0,0.0001140803164827453,0.8126140803164827,38.5,-1.3896509796083112e-5,3.3642176533058283e-6,0.00022265696582321782
1.0,23.0,78.0,0.0,0.16501734212023322,38.5,-0.00037406757564165257,6.3651953219894504e-6,0.00022535155399135582
1.0,24.0,78.0,0.008042961088223777,0.11205835642090678,38.5,-0.00041287597764622325,7.393687342343085e-7,0.0002247503413863235
1.0,25.0,78.0,0.0310574713394014,0.06689246190843257,38.5,-0.0004474228695197795,-1.6562497318763883e-5,0.00022274538797257756
1.0,26.0,78.0,0.06689246190843257,0.0310574713394014,38.5,-0.00047587177250235635,-4.459765903214881e-5,0.00021980880785863407
1.0,27.0,78.0,0.11205835642090678,0.008042961088223777,38.5,-0.0004947807854813217,-8.100991538236075e-5,0.00021647842299314435
1.0,28.0,78.0,0.16501734212023322,0.0,38.5,-0.0005017707103702276,-0.00012468754740239707,0.0002132000692552644
1.0,29.0,78.0,0.8126140803164827,0.0001140803164827453,38.5,-0.0005057681967432135,-0.0006792391433037675,0.00017885755993348636
1.0,30.0,78.0,1.4631140803164828,0.0001140803164827453,38.5,-0.000510104952841399,-0.0010660602600907232,0.00014463707727280318
1.0,31.0,78.0,2.113614080316483,0.0001140803164827453,38.5,-0.0005159770107932489,-0.001066856098116818,0.0001088683578041109
1.0,32.0,78.0,2.7612108185127324,0.0,38.5,-0.0005309333027823641,-0.0004448495238865724,6.997338398971332e-5
1.0,33.0,78.0,2.814169804212059,0.008042961088223777,38.5,-0.0005476255581338954,-0.0003487920003839485,6.677811721410418e-5
1.0,34.0,78.0,2.859335698724533,0.0310574713394014,38.5,-0.0005909104597454072,-0.0002638455349223022,6.272274253710406e-5
1.0,35.0,78.0,2.8951706892935642,0.06689246190843257,38.5,-0.0006583076810680116,-0.0001964483135996978,5.951599332422054e-5
1.0,36.0,78.0,2.918185199544742,0.11205835642090678,38.5,-0.0007432541465296578,-0.00015316341198818605,5.7470139681130944e-5
1.0,37.0,78.0,2.9262281606329656,0.16501734212023322,38.5,-0.0008428575906361214,-0.00013803648660200843,5.677805079679005e-5
1.0,38.0,78.0,2.926114080316483,0.29986408031648293,38.5,-0.0010837817276597766,-0.0001369271628856513,6.454247208072319e-5
1.0,39.0,78.0,2.926114080316483,0.43761408031648275,38.5,-0.0013194852218197202,-0.0001360358389118979,6.799963609141879e-5
1.0,40.0,78.0,2.926114080316483,0.5753640803164828,38.5,-0.0015530957015027992,-0.00013527311774087715,6.97553151847482e-5
1.0,41.0,78.0,2.926114080316483,0.7131140803164828,38.5,-0.0017892601339443343,-0.00013453420472828655,7.110124174422487e-5
2.0,1.0,78.0,5.9261140803164825,2.213114080316483,38.5,-0.006953141398381573,-0.019876621668118863,0.0018680892332689446
2.0,2.0,78.0,5.9261140803164825,2.350864080316483,38.5,-0.005720095222195811,-0.019883898870279918,0.0014531692552684726
2.0,3.0,78.0,5.9261140803164825,2.488614080316483,38.5,-0.004487838219306712,-0.019889338547254696,0.0010396408755539933
2.0,4.0,78.0,5.9261140803164825,2.626364080316483,38.5,-0.003253404476684503,-0.019892914757675944,0.0006271193711651454
2.0,5.0,78.0,5.926228160632966,2.7612108185127324,38.5,-0.0020404095724819347,-0.019895618999636922,0.00022381413900263486
2.0,6.0,78.0,5.918185199544742,2.8141698042120584,38.5,-0.001562111358056522,-0.019823161596577744,6.712775131663487e-5
2.0,7.0,78.0,5.895170689293565,2.859335698724533,38.5,-0.0011530095054842417,-0.01961466721802399,-6.362932466731954e-5
2.0,8.0,78.0,5.859335698724533,2.8951706892935642,38.5,-0.0008276743790116883,-0.019289097804365624,-0.00016458102267219508
2.0,9.0,78.0,5.814169804212058,2.918185199544742,38.5,-0.0006184326886959642,-0.018877929952069154,-0.00022617077302889476
2.0,10.0,78.0,5.7612108185127315,2.9262281606329656,38.5,-0.0005454084783809514,-0.018395248713810156,-0.00024264599513505023
2.0,11.0,78.0,5.1136140803164825,2.926114080316483,38.5,-0.0005496299281256945,-0.01253603162384862,-0.00016159642926206534
2.0,12.0,78.0,4.463114080316483,2.926114080316483,38.5,-0.0005512542963470947,-0.007170591477991649,-8.867488206933516e-5
2.0,13.0,78.0,3.8126140803164827,2.926114080316483,38.5,-0.0005493148540991826,-0.0028665901890812637,-2.3312608175550143e-5
2.0,14.0,78.0,3.1650173421202332,2.9262281606329656,38.5,-0.0005368550548711499,-0.0003187267127535298,3.360411121594673e-5
2.0,15.0,78.0,3.112058356420907,2.918185199544742,38.5,-0.0005522776284816248,-0.00021717656892903308,3.840702998984587e-5
2.0,16.0,78.0,3.0668924619084326,2.8951706892935642,38.5,-0.0005964085119416373,-0.0001305698670985987,4.2503572623425534e-5
2.0,17.0,78.0,3.0310574713394014,2.859335698724533,38.5,-0.0006651229783948888,-6.18554006453471e-5,4.57542266780338e-5
2.0,18.0,78.0,3.0080429610882238,2.8141698042120584,38.5,-0.0007517296802253241,-1.7724517185334637e-5,4.784244663739683e-5
2.0,19.0,78.0,3.0,2.7612108185127324,38.5,-0.00085372305866445,-2.81031295190562e-6,5.688631725997284e-5
2.0,20.0,78.0,3.0001140803164827,2.113614080316483,38.5,-0.0018080078462696856,-4.004901826607749e-6,7.103960881697507e-5
2.0,21.0,78.0,3.0001140803164827,1.4631140803164828,38.5,-0.002136459880024686,-1.3942964922494367e-6,7.151130738688189e-5
2.0,22.0,78.0,3.0001140803164827,0.8126140803164827,38.5,-0.0017938021498804752,1.0226764292615296e-6,7.056900938752862e-5
2.0,23.0,78.0,3.0,0.16501734212023322,38.5,-0.0008428575906361214,7.110589182765202e-7,5.013105444174415e-5
2.0,24.0,78.0,3.0080429610882238,0.11205835642090678,38.5,-0.0007432541465296578,1.5837984304454134e-5,4.937376823944217e-5
2.0,25.0,78.0,3.0310574713394014,0.06689246190843257,38.5,-0.0006583076810680116,5.912288591596589e-5,4.727231128094458e-5
2.0,26.0,78.0,3.0668924619084326,0.0310574713394014,38.5,-0.0005909104597454072,0.0001265201072385703,4.402144594228164e-5
2.0,27.0,78.0,3.112058356420907,0.008042961088223777,38.5,-0.0005476255581338954,0.00021146657270021662,3.993773831436205e-5
2.0,28.0,78.0,3.1650173421202332,0.0,38.5,-0.0005324986327477178,0.00031107001680668017,3.5161072609502426e-5
2.0,29.0,78.0,3.8126140803164827,0.0001140803164827453,38.5,-0.0005448552817869123,0.002839724872412689,-2.206117857676107e-5
2.0,30.0,78.0,4.463114080316483,0.0001140803164827453,38.5,-0.0005467167812541664,0.007113704844208363,-8.683934782739406e-5
2.0,31.0,78.0,5.1136140803164825,0.0001140803164827453,38.5,-0.0005451040708199062,0.012436936973408523,-0.00015921005224139796
2.0,32.0,78.0,5.761210818512732,0.0,38.5,-0.0005409409229296208,0.018248450314858056,-0.00023963960449279237
2.0,33.0,78.0,5.814169804212058,0.008042961088223777,38.5,-0.0006133775174689724,0.018727231972791653,-0.00022326616303212799
2.0,34.0,78.0,5.859335698724533,0.0310574713394014,38.5,-0.0008209361016346436,0.019135087220584948,-0.00016208371263747544
2.0,35.0,78.0,5.895170689293565,0.06689246190843257,38.5,-0.0011436618011295223,0.01945804176576816,-6.181243745600127e-5
2.0,36.0,78.0,5.918185199544742,0.11205835642090678,38.5,-0.001549493308730456,0.019664866640221698,6.80493780515433e-5
2.0,37.0,78.0,5.926228160632966,0.16501734212023322,38.5,-0.0020239813010546315,0.01973674452060294,0.00022364471500156433
2.0,38.0,78.0,5.9261140803164825,0.29986408031648293,38.5,-0.0032273576289256617,0.01973405940786536,0.0006241150331504105
2.0,39.0,78.0,5.9261140803164825,0.43761408031648275,38.5,-0.00445204203080268,0.019730514628670818,0.001033739651332402
2.0,40.0,78.0,5.9261140803164825,0.5753640803164828,38.5,-0.005674582330936196,0.01972512643726588,0.001444367289587939
2.0,41.0,78.0,5.9261140803164825,0.7131140803164828,38.5,-0.0068978973271976735,0.01971792030497474,0.0018563800254246872
1.0,1.0,79.0,2.926114080316483,2.213114080316483,39.0,-0.001866451384661175,0.00013818342063897968,6.348457515917738e-5
1.0,2.0,79.0,2.926114080316483,2.350864080316483,39.0,-0.0016019100266277415,0.00013874610946351462,6.25258972315753e-5
1.0,3.0,79.0,2.926114080316483,2.488614080316483,39.0,-0.0013374149840218344,0.0001392694251750865,6.088488998133713e-5
1.0,4.0,79.0,2.926114080316483,2.626364080316483,39.0,-0.0010710771860182493,0.0001397022780896598,5.804220127149979e-5
1.0,5.0,79.0,2.9262281606329656,2.7612108185127324,39.0,-0.000808705269563568,0.00013941964606538354,5.517371771497348e-5
1.0,6.0,79.0,2.918185199544742,2.8141698042120584,39.0,-0.0007063858649632011,0.000154591977897055,5.5991434115987915e-5
1.0,7.0,79.0,2.8951706892935642,2.859335698724533,39.0,-0.0006197791631327659,0.00019872286135706746,5.807747696133542e-5
1.0,8.0,79.0,2.859335698724533,2.8951706892935642,39.0,-0.0005510646966795143,0.00026743732781031907,6.132640367585541e-5
1.0,9.0,79.0,2.814169804212059,2.918185199544742,39.0,-0.0005069338132195018,0.0003540440296407534,6.542183694996441e-5
1.0,10.0,79.0,2.761210818512732,2.9262281606329656,39.0,-0.0004915141930447746,0.0004540644510507351,6.958062202493138e-5
1.0,11.0,79.0,2.113614080316483,2.926114080316483,39.0,-0.00048613818720597723,0.0011706781339381957,0.00011079343747895747
1.0,12.0,79.0,1.4631140803164828,2.926114080316483,39.0,-0.00048059938208655614,0.0011941736209122953,0.0001480913583823344
1.0,13.0,79.0,0.8126140803164827,2.926114080316483,39.0,-0.00047668126501981253,0.0007680898087494667,0.00018524802698587157
1.0,14.0,79.0,0.16501734212023322,2.9262281606329656,39.0,-0.0004728704466833764,0.0001453664346900607,0.0002234851108517009
1.0,15.0,79.0,0.11205835642090678,2.918185199544742,39.0,-0.00046498290170228566,9.568351205728539e-5,0.00022694135476090697
1.0,16.0,79.0,0.06689246190843257,2.8951706892935642,39.0,-0.00044345309796343094,5.40998743681451e-5,0.00023014091134163222
1.0,17.0,79.0,0.0310574713394014,2.859335698724533,39.0,-0.00041089012136296917,2.1934679295224424e-5,0.0002327856684765089
1.0,18.0,79.0,0.008042961088223777,2.8141698042120584,39.0,-0.0003711471935578739,1.9736939338459718e-6,0.00023447688988119234
1.0,19.0,79.0,0.0,2.7612108185127324,39.0,-0.00032627244606079004,-4.5847178553455196e-6,0.00023488606346950733
1.0,20.0,79.0,0.0001140803164827453,2.113614080316483,39.0,9.651480281968819e-5,-1.7622950982210881e-6,0.00023162427168510626
1.0,21.0,79.0,0.0001140803164827453,1.4631140803164828,39.0,0.00024536898839943336,6.799966860049252e-7,0.0002304601374093855
1.0,22.0,79.0,0.0001140803164827453,0.8126140803164827,39.0,9.625358256783971e-5,3.1217407655949306e-6,0.0002315612970483804
1.0,23.0,79.0,0.0,0.16501734212023322,39.0,-0.00032379514093469933,5.945658900390814e-6,0.0002347632725675507
1.0,24.0,79.0,0.008042961088223777,0.11205835642090678,39.0,-0.0003681943669802653,-5.400881847824196e-7,0.00023435805932917148
1.0,25.0,79.0,0.0310574713394014,0.06689246190843257,39.0,-0.00040748420721013046,-2.0269862835844648e-5,0.00023268423421374048
1.0,26.0,79.0,0.06689246190843257,0.0310574713394014,39.0,-0.0004396506092690699,-5.20385425798662e-5,0.00023006533333996994
1.0,27.0,79.0,0.11205835642090678,0.008042961088223777,39.0,-0.0004609026293083121,-9.307809007147833e-5,0.00022689455830145853
1.0,28.0,79.0,0.16501734212023322,0.0,39.0,-0.0004686849667475929,-0.00014207431661171778,0.00022346477737696864
1.0,29.0,79.0,0.8126140803164827,0.0001140803164827453,39.0,-0.0004724992370563975,-0.0007545045598613154,0.00018548080671036907
1.0,30.0,79.0,1.4631140803164828,0.0001140803164827453,39.0,-0.0004764393324332779,-0.001172881052441438,0.00014858723394895636
1.0,31.0,79.0,2.113614080316483,0.0001140803164827453,39.0,-0.00048202821459341196,-0.0011498481963198325,0.0001116139231581774
1.0,32.0,79.0,2.7612108185127324,0.0,39.0,-0.00048744497899395314,-0.0004472062616839944,7.089876243480278e-5
1.0,33.0,79.0,2.814169804212059,0.008042961088223777,39.0,-0.0005025745168959553,-0.0003490997730739847,6.677811721410418e-5
1.0,34.0,79.0,2.859335698724533,0.0310574713394014,39.0,-0.0005458594185074671,-0.0002641533076123384,6.272274253710406e-5
1.0,35.0,79.0,2.8951706892935642,0.06689246190843257,39.0,-0.0006132566398300715,-0.000196756086289734,5.951599332422054e-5
1.0,36.0,79.0,2.918185199544742,0.11205835642090678,39.0,-0.0006982031052917177,-0.00015347118467822225,5.7470139681130944e-5
1.0,37.0,79.0,2.9262281606329656,0.16501734212023322,39.0,-0.0007978065493981813,-0.00013834425929204464,5.677805079679005e-5
1.0,38.0,79.0,2.926114080316483,0.29986408031648293,39.0,-0.0010547709673482655,-0.00013899385220098815,5.8001000020976204e-5
1.0,39.0,79.0,2.926114080316483,0.43761408031648275,39.0,-0.001317712156522656,-0.00013871202055372217,6.068356204603552e-5
1.0,40.0,79.0,2.926114080316483,0.5753640803164828,39.0,-0.0015793020239019463,-0.00013826014528502484,6.252478103084197e-5
1.0,41.0,79.0,2.926114080316483,0.7131140803164828,39.0,-0.0018407179272501074,-0.00013777075510971895,6.350189437081053e-5
2.0,1.0,79.0,5.9261140803164825,2.213114080316483,39.0,-0.006609407594538663,-0.018330128574987843,0.0019619273511277194
2.0,2.0,79.0,5.9261140803164825,2.350864080316483,39.0,-0.005432685195064523,-0.018336656986105777,0.0015264601405284807
2.0,3.0,79.0,5.9261140803164825,2.488614080316483,39.0,-0.004256674444840153,-0.018341545873252128,0.0010922300360653992
2.0,4.0,79.0,5.9261140803164825,2.626364080316483,39.0,-0.0030784975433426646,-0.01834477009802583,0.0006588915722318074
2.0,5.0,79.0,5.926228160632966,2.7612108185127324,39.0,-0.0019208566915654096,-0.018347282376238932,0.0002351596296180494
2.0,6.0,79.0,5.918185199544742,2.8141698042120584,39.0,-0.0014644983203999829,-0.018278156080088336,7.118610987418236e-5
2.0,7.0,79.0,5.895170689293565,2.859335698724533,39.0,-0.0010742385724024593,-0.018079293767678188,-6.482733692388176e-5
2.0,8.0,79.0,5.859335698724533,2.8951706892935642,39.0,-0.000763976284247532,-0.0177688676617585,-0.00016936766955102036
2.0,9.0,79.0,5.814169804212058,2.918185199544742,39.0,-0.000564496793589392,-0.017377001893235253,-0.00023295494299951008
2.0,10.0,79.0,5.7612108185127315,2.9262281606329656,39.0,-0.0004948740307964362,-0.016917226271788405,-0.00025012160992286857
2.0,11.0,79.0,5.1136140803164825,2.926114080316483,39.0,-0.0004982611979849689,-0.011359941547715927,-0.0001701745590196848
2.0,12.0,79.0,4.463114080316483,2.926114080316483,39.0,-0.0004995666145716472,-0.0063634046822896905,-9.585156326963799e-5
2.0,13.0,79.0,3.8126140803164827,2.926114080316483,39.0,-0.0004973233364432602,-0.002509994539580899,-2.724363014364012e-5
2.0,14.0,79.0,3.1650173421202332,2.9262281606329656,39.0,-0.0004915112396090269,-0.00031871466210093544,3.360411121594673e-5
2.0,15.0,79.0,3.112058356420907,2.918185199544742,39.0,-0.0005069338132195018,-0.00021716451827643874,3.840702998984587e-5
2.0,16.0,79.0,3.0668924619084326,2.8951706892935642,39.0,-0.0005510646966795143,-0.00013055781644600437,4.2503572623425534e-5
2.0,17.0,79.0,3.0310574713394014,2.859335698724533,39.0,-0.0006197791631327659,-6.184334999275275e-5,4.57542266780338e-5
2.0,18.0,79.0,3.0080429610882238,2.8141698042120584,39.0,-0.0007063858649632011,-1.7712466532740295e-5,4.784244663739683e-5
2.0,19.0,79.0,3.0,2.7612108185127324,39.0,-0.0008027251184304511,-2.5897192441037906e-6,4.84816347657199e-5
2.0,20.0,79.0,3.0001140803164827,2.113614080316483,39.0,-0.0015207654316290744,-2.008032847917362e-6,6.416410266656246e-5
2.0,21.0,79.0,3.0001140803164827,1.4631140803164828,39.0,-0.0017326377697141526,-1.5900531303278992e-6,6.725451438281471e-5
2.0,22.0,79.0,3.0001140803164827,0.8126140803164827,39.0,-0.0015305415381111998,-1.5120729520680066e-6,6.242814793788985e-5
2.0,23.0,79.0,3.0,0.16501734212023322,39.0,-0.0007978065493981813,4.032862282403157e-7,5.013105444174415e-5
2.0,24.0,79.0,3.0080429610882238,0.11205835642090678,39.0,-0.0006982031052917177,1.553021161441793e-5,4.937376823944217e-5
2.0,25.0,79.0,3.0310574713394014,0.06689246190843257,39.0,-0.0006132566398300715,5.881511322592969e-5,4.727231128094458e-5
2.0,26.0,79.0,3.0668924619084326,0.0310574713394014,39.0,-0.0005458594185074671,0.0001262123345485341,4.402144594228164e-5
2.0,27.0,79.0,3.112058356420907,0.008042961088223777,39.0,-0.0005025745168959553,0.00021115880001018042,3.993773831436205e-5
2.0,28.0,79.0,3.1650173421202332,0.0,39.0,-0.0004874475915097777,0.00031076224411664396,3.5161072609502426e-5
2.0,29.0,79.0,3.8126140803164827,0.0001140803164827453,39.0,-0.000493187603218745,0.002481295083000404,-2.5653826068444473e-5
2.0,30.0,79.0,4.463114080316483,0.0001140803164827453,39.0,-0.0004954620391344622,0.006306543556840408,-9.386577980479167e-5
2.0,31.0,79.0,5.1136140803164825,0.0001140803164827453,39.0,-0.0004941654494494852,0.011265164040751804,-0.00016761231865484378
2.0,32.0,79.0,5.761210818512732,0.0,39.0,-0.0004908297343905809,0.016780115790374736,-0.0002469871070016655
2.0,33.0,79.0,5.814169804212058,0.008042961088223777,39.0,-0.0005599289309938536,0.01723641778492307,-0.0002299301198173222
2.0,34.0,79.0,5.859335698724533,0.0310574713394014,39.0,-0.0007579053385332837,0.017625325963254387,-0.0001667668709678374
2.0,35.0,79.0,5.895170689293565,0.06689246190843257,39.0,-0.0010658314646110815,0.017933411783292975,-6.293946871460366e-5
2.0,36.0,79.0,5.918185199544742,0.11205835642090678,39.0,-0.001453156331446371,0.01813077667596747,7.212747559405642e-5
2.0,37.0,79.0,5.926228160632966,0.16501734212023322,39.0,-0.0019060879677820638,0.018199382694069965,0.00023493349714163222
2.0,38.0,79.0,5.9261140803164825,0.29986408031648293,39.0,-0.0030550565864247317,0.018196890031375302,0.0006556080959011745
2.0,39.0,79.0,5.9261140803164825,0.43761408031648275,39.0,-0.0042244268630351545,0.018193696790142756,0.0010858231495222152
2.0,40.0,79.0,5.9261140803164825,0.5753640803164828,39.0,-0.005391655379293254,0.018188857482036493,0.0015169276995000787
2.0,41.0,79.0,5.9261140803164825,0.7131140803164828,39.0,-0.006559586034227378,0.01818239699990137,0.0019492652090824045
1.0,1.0,80.0,2.926114080316483,2.213114080316483,39.5,-0.00182569924441158,0.00013935122935433784,5.7991405944964486e-5
1.0,2.0,80.0,2.926114080316483,2.350864080316483,39.5,-0.0015580616996570896,0.00013964655820335642,5.770713360842305e-5
1.0,3.0,80.0,2.926114080316483,2.488614080316483,39.5,-0.0012903444701234962,0.0001398337196426548,5.704834633221846e-5
1.0,4.0,80.0,2.926114080316483,2.626364080316483,39.5,-0.0010230131936799385,0.00013977525463975668,5.647845040324348e-5
1.0,5.0,80.0,2.9262281606329656,2.7612108185127324,39.5,-0.000762494138364972,0.0001392659770822882,5.591422455859434e-5
1.0,6.0,80.0,2.918185199544742,2.8141698042120584,39.5,-0.0006610420497010782,0.00015460402854964938,5.5991434115987915e-5
1.0,7.0,80.0,2.8951706892935642,2.859335698724533,39.5,-0.000574435347870643,0.00019873491200966183,5.807747696133542e-5
1.0,8.0,80.0,2.859335698724533,2.8951706892935642,39.5,-0.0005057208814173914,0.0002674493784629134,6.132640367585541e-5
1.0,9.0,80.0,2.814169804212059,2.918185199544742,39.5,-0.00046158999795737894,0.0003540560802933478,6.542183694996441e-5
1.0,10.0,80.0,2.761210818512732,2.9262281606329656,39.5,-0.00044630487652526384,0.00045315258938668547,6.913752871757665e-5
1.0,11.0,80.0,2.113614080316483,2.926114080316483,39.5,-0.00044447648930597043,0.0011954315489839027,0.00011192079141902923
1.0,12.0,80.0,1.4631140803164828,2.926114080316483,39.5,-0.0004420333447248101,0.0012341876456053277,0.00015174494222386457
1.0,13.0,80.0,0.8126140803164827,2.926114080316483,39.5,-0.00043893635357608807,0.0007975067246833613,0.00019142096323008728
1.0,14.0,80.0,0.16501734212023322,2.9262281606329656,39.5,-0.0004355981980492223,0.00015282576876303282,0.00023288132993931173
1.0,15.0,80.0,0.11205835642090678,2.918185199544742,39.5,-0.0004274153225362423,0.00010098404633527772,0.00023648618617956834
1.0,16.0,80.0,0.06689246190843257,2.8951706892935642,39.5,-0.0004049433708733729,5.749325076737339e-5,0.0002396340228641811
1.0,17.0,80.0,0.0310574713394014,2.859335698724533,39.5,-0.0003708406048967235,2.3759453701636604e-5,0.00024211226312458823
1.0,18.0,80.0,0.008042961088223777,2.8141698042120584,39.5,-0.00032908229402361727,2.755077759674802e-6,0.00024359792198421995
1.0,19.0,80.0,0.0,2.7612108185127324,39.5,-0.0002817727579529004,-4.185301572972591e-6,0.00024385201605651148
1.0,20.0,80.0,0.0001140803164827453,2.113614080316483,39.5,0.00016748525229108647,-1.542030904877393e-6,0.00023996505532970737
1.0,21.0,80.0,0.0001140803164827453,1.4631140803164828,39.5,0.00032666010045613825,6.66788194703273e-7,0.0002385982639159144
1.0,22.0,80.0,0.0001140803164827453,0.8126140803164827,39.5,0.00016670350176465202,2.875405245426791e-6,0.00023988681720315335
1.0,23.0,80.0,0.0,0.16501734212023322,39.5,-0.000279704800978829,5.5188982756392155e-6,0.00024370370799021404
1.0,24.0,80.0,0.008042961088223777,0.11205835642090678,39.5,-0.0003264907620819161,-1.3418025830965842e-6,0.00024344979623516243
1.0,25.0,80.0,0.0310574713394014,0.06689246190843257,39.5,-0.00036775129620715666,-2.2092478699188837e-5,0.00024197389382453458
1.0,26.0,80.0,0.06689246190843257,0.0310574713394014,39.5,-0.0004014196291850259,-5.539213321988736e-5,0.00023951309281782662
1.0,27.0,80.0,0.11205835642090678,0.008042961088223777,39.5,-0.0004235882007883689,-9.828870956707235e-5,0.0002363881491180515
1.0,28.0,80.0,0.16501734212023322,0.0,39.5,-0.0004316565409652711,-0.00014938209862814145,0.00023281015953740292
1.0,29.0,80.0,0.8126140803164827,0.0001140803164827453,39.5,-0.0004350026455592538,-0.000782803027852089,0.00019166226061230764
1.0,30.0,80.0,1.4631140803164828,0.0001140803164827453,39.5,-0.00043814366191407303,-0.0012112174655982515,0.0001523020178692552
1.0,31.0,80.0,2.113614080316483,0.0001140803164827453,39.5,-0.0004406560407699084,-0.001173746591841595,0.00011283119411243375
1.0,32.0,80.0,2.7612108185127324,0.0,39.5,-0.0004425267826690142,-0.0004466030248100308,7.045264224903578e-5
1.0,33.0,80.0,2.814169804212059,0.008042961088223777,39.5,-0.0004575234756580153,-0.000349407545764021,6.677811721410418e-5
1.0,34.0,80.0,2.859335698724533,0.0310574713394014,39.5,-0.0005008083772695271,-0.0002644610803023747,6.272274253710406e-5
1.0,35.0,80.0,2.8951706892935642,0.06689246190843257,39.5,-0.0005682055985921315,-0.00019706385897977027,5.951599332422054e-5
1.0,36.0,80.0,2.918185199544742,0.11205835642090678,39.5,-0.0006531520640537777,-0.0001537789573682585,5.7470139681130944e-5
1.0,37.0,80.0,2.9262281606329656,0.16501734212023322,39.5,-0.0007527555081602413,-0.0001386520319820809,5.677805079679005e-5
1.0,38.0,80.0,2.926114080316483,0.29986408031648293,39.5,-0.0010074834425406166,-0.00013905500411229776,5.7699503470581683e-5
1.0,39.0,80.0,2.926114080316483,0.43761408031648275,39.5,-0.0012687980942283751,-0.00013922209784861193,5.813902551837541e-5
1.0,40.0,80.0,2.926114080316483,0.5753640803164828,39.5,-0.0015306736029618644,-0.00013914372670353062,5.863561809942562e-5
1.0,41.0,80.0,2.926114080316483,0.7131140803164828,39.5,-0.001792535098032701,-0.00013892715117335073,5.891302758133375e-5
2.0,1.0,80.0,5.9261140803164825,2.213114080316483,39.5,-0.006093149832801809,-0.016713493891075168,0.002046146953494928
2.0,2.0,80.0,5.9261140803164825,2.350864080316483,39.5,-0.005005918248542631,-0.01671936540820086,0.001592361126245325
2.0,3.0,80.0,5.9261140803164825,2.488614080316483,39.5,-0.003919291447649523,-0.016723767951546124,0.001139658170338373
2.0,4.0,80.0,5.9261140803164825,2.626364080316483,39.5,-0.002830724899309946,-0.016726680046918047,0.0006877606650658301
2.0,5.0,80.0,5.926228160632966,2.7612108185127324,39.5,-0.0017614550992824918,-0.016728986546182927,0.00024586436987297013
2.0,6.0,80.0,5.918185199544742,2.8141698042120584,39.5,-0.0013401319685397489,-0.016665176874768945,7.541134189825445e-5
2.0,7.0,80.0,5.895170689293565,2.859335698724533,39.5,-0.0009799668613542183,-0.016481667305560974,-6.530475036507751e-5
2.0,8.0,80.0,5.859335698724533,2.8951706892935642,39.5,-0.0006937590142227905,-0.016195335354181196,-0.00017308018036622984
2.0,9.0,80.0,5.814169804212058,2.918185199544742,39.5,-0.000509838157280756,-0.015834077940061662,-0.00023847187254327738
2.0,10.0,80.0,5.7612108185127315,2.9262281606329656,39.5,-0.0004456703468626045,-0.015410471414837238,-0.0002562311813904379
2.0,11.0,80.0,5.1136140803164825,2.926114080316483,39.5,-0.0004486345903011806,-0.010308965128811931,-0.00017725776985653575
2.0,12.0,80.0,4.463114080316483,2.926114080316483,39.5,-0.00045006753757582913,-0.0057714638588990536,-0.0001018955302025121
2.0,13.0,80.0,3.8126140803164827,2.926114080316483,39.5,-0.0004497475594515001,-0.002317556307097323,-3.1102791986545594e-5
2.0,14.0,80.0,3.1650173421202332,2.9262281606329656,39.5,-0.00044616742434690394,-0.0003187026114483411,3.360411121594673e-5
2.0,15.0,80.0,3.112058356420907,2.918185199544742,39.5,-0.00046158999795737894,-0.00021715246762384437,3.840702998984587e-5
2.0,16.0,80.0,3.0668924619084326,2.8951706892935642,39.5,-0.0005057208814173914,-0.00013054576579341,4.2503572623425534e-5
2.0,17.0,80.0,3.0310574713394014,2.859335698724533,39.5,-0.000574435347870643,-6.183129934015839e-5,4.57542266780338e-5
2.0,18.0,80.0,3.0080429610882238,2.8141698042120584,39.5,-0.0006610420497010782,-1.7700415880145927e-5,4.784244663739683e-5
2.0,19.0,80.0,3.0,2.7612108185127324,39.5,-0.0007579978735302858,-2.7548735331340867e-6,4.968779752102366e-5
2.0,20.0,80.0,3.0001140803164827,2.113614080316483,39.5,-0.0014314169477790543,-1.180861900178928e-6,5.861479503884641e-5
2.0,21.0,80.0,3.0001140803164827,1.4631140803164828,39.5,-0.0016054170590198977,-1.8224992453121444e-6,6.216777429646163e-5
2.0,22.0,80.0,3.0001140803164827,0.8126140803164827,39.5,-0.0014520517075076347,-1.7442891313048449e-6,5.828097219572473e-5
2.0,23.0,80.0,3.0,0.16501734212023322,39.5,-0.0007527555081602413,9.551353820405714e-8,5.013105444174415e-5
2.0,24.0,80.0,3.0080429610882238,0.11205835642090678,39.5,-0.0006531520640537777,1.522243892438167e-5,4.937376823944217e-5
2.0,25.0,80.0,3.0310574713394014,0.06689246190843257,39.5,-0.0005682055985921315,5.850734053589343e-5,4.727231128094458e-5
2.0,26.0,80.0,3.0668924619084326,0.0310574713394014,39.5,-0.0005008083772695271,0.00012590456185849783,4.402144594228164e-5
2.0,27.0,80.0,3.112058356420907,0.008042961088223777,39.5,-0.0004575234756580153,0.00021085102732014416,3.993773831436205e-5
2.0,28.0,80.0,3.1650173421202332,0.0,39.5,-0.0004423965502718377,0.0003104544714266077,3.5161072609502426e-5
2.0,29.0,80.0,3.8126140803164827,0.0001140803164827453,39.5,-0.00044592681209390864,0.0022857344450048773,-2.9322797980889633e-5
2.0,30.0,80.0,4.463114080316483,0.0001140803164827453,39.5,-0.0004462840550434777,0.005711921671570639,-9.971471277813189e-5
2.0,31.0,80.0,5.1136140803164825,0.0001140803164827453,39.5,-0.00044490390743750125,0.01021674475946351,-0.0001745354745043914
2.0,32.0,80.0,5.761210818512732,0.0,39.5,-0.00044199217674094327,0.015283306311629588,-0.00025295367854620337
2.0,33.0,80.0,5.814169804212058,0.008042961088223777,39.5,-0.0005057272020254945,0.01570403495356934,-0.0002353143675567496
2.0,34.0,80.0,5.859335698724533,0.0310574713394014,39.5,-0.0006883992748044097,0.016062833912295498,-0.00017037301877984018
2.0,35.0,80.0,5.895170689293565,0.06689246190843257,39.5,-0.00097265849988321,0.01634721376942035,-6.335308783423675e-5
2.0,36.0,80.0,5.918185199544742,0.11205835642090678,39.5,-0.001330366187274891,0.01652947009017843,7.635840359426099e-5
2.0,37.0,80.0,5.926228160632966,0.16501734212023322,39.5,-0.0017488097637928638,0.016592843523968313,0.00024556815960678524
2.0,38.0,80.0,5.9261140803164825,0.29986408031648293,39.5,-0.002810761238079571,0.01659055695509484,0.0006841995928284436
2.0,39.0,80.0,5.9261140803164825,0.43761408031648275,39.5,-0.003891870405023447,0.016587675851052093,0.001132760536101948
2.0,40.0,80.0,5.9261140803164825,0.5753640803164828,39.5,-0.004971050793473953,0.01658332170252545,0.0015821248157296042
2.0,41.0,80.0,5.9261140803164825,0.7131140803164828,39.5,-0.006050832787067245,0.016577516039057952,0.0020325688443184947
1.0,1.0,81.0,2.926114080316483,2.213114080316483,40.0,-0.0017734290018613663,0.0001393249968474376,5.503674011987281e-5
1.0,2.0,81.0,2.926114080316483,2.350864080316483,40.0,-0.0015076810278144902,0.0001394982311040961,5.504934269557251e-5
1.0,3.0,81.0,2.926114080316483,2.488614080316483,40.0,-0.0012419249003434195,0.0001395883401410077,5.509931163514084e-5
1.0,4.0,81.0,2.926114080316483,2.626364080316483,40.0,-0.0009764496927089882,0.00013961277123116013,5.516995936279701e-5
1.0,5.0,81.0,2.9262281606329656,2.7612108185127324,40.0,-0.0007170454036602232,0.00013933956698913383,5.518992297012142e-5
1.0,6.0,81.0,2.918185199544742,2.8141698042120584,40.0,-0.0006156982344389553,0.00015461607920224372,5.5991434115987915e-5
1.0,7.0,81.0,2.8951706892935642,2.859335698724533,40.0,-0.00052909153260852,0.00019874696266225617,5.807747696133542e-5
1.0,8.0,81.0,2.859335698724533,2.8951706892935642,40.0,-0.0004603770661552684,0.00026746142911550775,6.132640367585541e-5
1.0,9.0,81.0,2.814169804212059,2.918185199544742,40.0,-0.00041624618269525595,0.00035406813094594216,6.542183694996441e-5
1.0,10.0,81.0,2.761210818512732,2.9262281606329656,40.0,-0.0004011984881067349,0.00045294555106677084,6.916233955079459e-5
1.0,11.0,81.0,2.113614080316483,2.926114080316483,40.0,-0.000400800453639518,0.0012079192002013301,0.00011231299902672305
1.0,12.0,81.0,1.4631140803164828,2.926114080316483,40.0,-0.0003998676094539849,0.001253496175309731,0.00015449284936449768
1.0,13.0,81.0,0.8126140803164827,2.926114080316483,40.0,-0.0003979024145941695,0.0008101657701687242,0.0001969692162641171
1.0,14.0,81.0,0.16501734212023322,2.9262281606329656,40.0,-0.0003950962722745969,0.0001553958035263195,0.00024116481480440416
1.0,15.0,81.0,0.11205835642090678,2.918185199544742,40.0,-0.00038684238736489285,0.00010283383295314332,0.00024493452922079613
1.0,16.0,81.0,0.06689246190843257,2.8951706892935642,40.0,-0.00036411237474374714,5.8763880222113676e-5,0.0002481488527873904
1.0,17.0,81.0,0.0310574713394014,2.859335698724533,40.0,-0.0003296088244358793,2.4588808897070303e-5,0.0002506162582838304
1.0,18.0,81.0,0.008042961088223777,2.8141698042120584,40.0,-0.0002873528237742673,3.3038636595314084e-6,0.0002520335088237739
1.0,19.0,81.0,0.0,2.7612108185127324,40.0,-0.0002394647035132014,-3.7462911075480088e-6,0.00025219174671460906
1.0,20.0,81.0,0.0001140803164827453,2.113614080316483,40.0,0.00021403429244628593,-1.3397867944361127e-6,0.0002476464001200068
1.0,21.0,81.0,0.0001140803164827453,1.4631140803164828,40.0,0.00037434001736091514,6.428115056565175e-7,0.0002460791642089341
1.0,22.0,81.0,0.0001140803164827453,0.8126140803164827,40.0,0.000213054551685207,2.6250192945049474e-6,0.00024755166399328146
1.0,23.0,81.0,0.0,0.16501734212023322,40.0,-0.0002376564522028039,5.029567787386384e-6,0.0002520114991272969
1.0,24.0,81.0,0.008042961088223777,0.11205835642090678,40.0,-0.00028502171506296017,-1.941359819069414e-6,0.00025185039903118046
1.0,25.0,81.0,0.0310574713394014,0.06689246190843257,40.0,-0.00032678159500384746,-2.297379115434733e-5,0.000250438275698533
1.0,26.0,81.0,0.06689246190843257,0.0310574713394014,40.0,-0.00036085308242236473,-5.671743789900172e-5,0.00024798380874215426
1.0,27.0,81.0,0.11205835642090678,0.008042961088223777,40.0,-0.00038328197199756335,-0.00010019798147257883,0.0002447896854363357
1.0,28.0,81.0,0.16501734212023322,0.0,40.0,-0.00039142230687349146,-0.00015201888650666126,0.00024104792997411132
1.0,29.0,81.0,0.8126140803164827,0.0001140803164827453,40.0,-0.0003942390893877141,-0.0007956392428711753,0.00019722331246535625
1.0,30.0,81.0,1.4631140803164828,0.0001140803164827453,40.0,-0.0003962575627008742,-0.0012308281242333643,0.00015511590587240684
1.0,31.0,81.0,2.113614080316483,0.0001140803164827453,40.0,-0.00039726282525883155,-0.0011866810731901102,0.00011329308963801064
1.0,32.0,81.0,2.7612108185127324,0.0,40.0,-0.0003977110554100031,-0.00044669828897528607,7.048482793673921e-5
1.0,33.0,81.0,2.814169804212059,0.008042961088223777,40.0,-0.00041247243442007526,-0.0003497153184540572,6.677811721410418e-5
1.0,34.0,81.0,2.859335698724533,0.0310574713394014,40.0,-0.00045575733603158704,-0.0002647688529924109,6.272274253710406e-5
1.0,35.0,81.0,2.8951706892935642,0.06689246190843257,40.0,-0.0005231545573541914,-0.00019737163166980647,5.951599332422054e-5
1.0,36.0,81.0,2.918185199544742,0.11205835642090678,40.0,-0.0006081010228158378,-0.00015408673005829472,5.7470139681130944e-5
1.0,37.0,81.0,2.9262281606329656,0.16501734212023322,40.0,-0.0007077044669223014,-0.0001389598046721171,5.677805079679005e-5
1.0,38.0,81.0,2.926114080316483,0.29986408031648293,40.0,-0.0009617392578028629,-0.0001392994921768508,5.6788240864030516e-5
1.0,39.0,81.0,2.926114080316483,0.43761408031648275,40.0,-0.0012215783517369033,-0.00013923668452171372,5.6810846806619265e-5
1.0,40.0,81.0,2.926114080316483,0.5753640803164828,40.0,-0.0014816060461408534,-0.00013916298986284877,5.6824562115552154e-5
1.0,41.0,81.0,2.926114080316483,0.7131140803164828,40.0,-0.0017416270841590109,-0.00013905746912809322,5.6879409563047636e-5
2.0,1.0,81.0,5.9261140803164825,2.213114080316483,40.0,-0.005416849280432715,-0.015034046491571928,0.0021220632666612083
2.0,2.0,81.0,5.9261140803164825,2.350864080316483,40.0,-0.004450587691102653,-0.015039351804760416,0.0016517731554683331
2.0,3.0,81.0,5.9261140803164825,2.488614080316483,40.0,-0.0034849309526278397,-0.015043325126499954,0.0011824339440337827
2.0,4.0,81.0,5.9261140803164825,2.626364080316483,40.0,-0.002517488955676061,-0.015045946400833454,0.0007138210256533161
2.0,5.0,81.0,5.926228160632966,2.7612108185127324,40.0,-0.0015670474693786271,-0.015047999269924959,0.00025557119999312363
2.0,6.0,81.0,5.918185199544742,2.8141698042120584,40.0,-0.0011924893908532622,-0.01499126505078575,7.928568811088111e-5
2.0,7.0,81.0,5.895170689293565,2.859335698724533,40.0,-0.0008722663353311829,-0.014828096993671628,-6.566634963961967e-5
2.0,8.0,81.0,5.859335698724533,2.8951706892935642,40.0,-0.0006177727402522583,-0.014573481347064085,-0.00017635994329238746
2.0,9.0,81.0,5.814169804212058,2.918185199544742,40.0,-0.0004542177592024178,-0.014252210975460375,-0.00024337872454116577
2.0,10.0,81.0,5.7612108185127315,2.9262281606329656,40.0,-0.0003971541564250135,-0.013875455881323218,-0.00026165190866562626
2.0,11.0,81.0,5.1136140803164825,2.926114080316483,40.0,-0.0004000749927877816,-0.009337036799665879,-0.00018348628327580257
2.0,12.0,81.0,4.463114080316483,2.926114080316483,40.0,-0.0004021851146331956,-0.005295417487488105,-0.00010756752484970095
2.0,13.0,81.0,3.8126140803164827,2.926114080316483,40.0,-0.00040290494184774936,-0.0021890168802887622,-3.456028000542602e-5
2.0,14.0,81.0,3.1650173421202332,2.9262281606329656,40.0,-0.00040082360908478095,-0.00031869056079574675,3.360411121594673e-5
2.0,15.0,81.0,3.112058356420907,2.918185199544742,40.0,-0.00041624618269525595,-0.00021714041697125003,3.840702998984587e-5
2.0,16.0,81.0,3.0668924619084326,2.8951706892935642,40.0,-0.0004603770661552684,-0.00013053371514081566,4.2503572623425534e-5
2.0,17.0,81.0,3.0310574713394014,2.859335698724533,40.0,-0.00052909153260852,-6.181924868756404e-5,4.57542266780338e-5
2.0,18.0,81.0,3.0080429610882238,2.8141698042120584,40.0,-0.0006156982344389553,-1.7688365227551585e-5,4.784244663739683e-5
2.0,19.0,81.0,3.0,2.7612108185127324,40.0,-0.0007129215016297985,-2.699413926487671e-6,4.91025889550128e-5
2.0,20.0,81.0,3.0001140803164827,2.113614080316483,40.0,-0.0014075755311215683,-1.6565463223117268e-6,5.554886600347296e-5
2.0,21.0,81.0,3.0001140803164827,1.4631140803164828,40.0,-0.001590963185112899,-1.6698626042398774e-6,5.8046015972747355e-5
2.0,22.0,81.0,3.0001140803164827,0.8126140803164827,40.0,-0.0014286073792107031,-1.6469240018607705e-6,5.566111408414938e-5
2.0,23.0,81.0,3.0,0.16501734212023322,40.0,-0.0007077044669223014,-2.1225915183214723e-7,5.013105444174415e-5
2.0,24.0,81.0,3.0080429610882238,0.11205835642090678,40.0,-0.0006081010228158378,1.4914666234345466e-5,4.937376823944217e-5
2.0,25.0,81.0,3.0310574713394014,0.06689246190843257,40.0,-0.0005231545573541914,5.8199567845857226e-5,4.727231128094458e-5
2.0,26.0,81.0,3.0668924619084326,0.0310574713394014,40.0,-0.00045575733603158704,0.00012559678916846163,4.402144594228164e-5
2.0,27.0,81.0,3.112058356420907,0.008042961088223777,40.0,-0.00041247243442007526,0.00021054325463010795,3.993773831436205e-5
2.0,28.0,81.0,3.1650173421202332,0.0,40.0,-0.00039734550903389767,0.0003101466987365715,3.5161072609502426e-5
2.0,29.0,81.0,3.8126140803164827,0.0001140803164827453,40.0,-0.0003993939215170242,0.0021550161345657132,-3.265162543495354e-5
2.0,30.0,81.0,4.463114080316483,0.0001140803164827453,40.0,-0.00039871526269866193,0.00523410198456296,-0.0001052072157631919
2.0,31.0,81.0,5.1136140803164825,0.0001140803164827453,40.0,-0.0003966690356116213,0.009247894100885872,-0.00018059309263846534
2.0,32.0,81.0,5.761210818512732,0.0,40.0,-0.0003938163747157133,0.013758841170338714,-0.00025821185718223914
2.0,33.0,81.0,5.814169804212058,0.008042961088223777,40.0,-0.0004505441925268762,0.01413335309038136,-0.000240068893237346
2.0,34.0,81.0,5.859335698724533,0.0310574713394014,40.0,-0.0006131260329536933,0.014452704937445484,-0.00017353244490370668
2.0,35.0,81.0,5.895170689293565,0.06689246190843257,40.0,-0.0008660977189333415,0.014705794783699886,-6.364514498188043e-5
2.0,36.0,81.0,5.918185199544742,0.11205835642090678,40.0,-0.0011843973186489974,0.014867981558737798,8.023779262929409e-5
2.0,37.0,81.0,5.926228160632966,0.16501734212023322,40.0,-0.0015566966701959185,0.01492437384505598,0.0002552032443074696
2.0,38.0,81.0,5.9261140803164825,0.29986408031648293,40.0,-0.0025013836586578325,0.014922339462952705,0.0007099887035242899
2.0,39.0,81.0,5.9261140803164825,0.43761408031648275,40.0,-0.003462948210677248,0.014919748498048571,0.0011750594345221021
2.0,40.0,81.0,5.9261140803164825,0.5753640803164828,40.0,-0.004422729411130264,0.014915822307656505,0.0016408533741292008
2.0,41.0,81.0,5.9261140803164825,0.7131140803164828,40.0,-0.00538311500722482,0.014910581132622693,0.0021075947395192843
1.0,1.0,82.0,2.926114080316483,2.213114080316483,40.5,-0.0017296453729084174,0.00013944289788910843,5.2003089427263585e-5
1.0,2.0,82.0,2.926114080316483,2.350864080316483,40.5,-0.0014635342583723633,0.0001397583208949903,5.2248191243342836e-5
1.0,3.0,82.0,2.926114080316483,2.488614080316483,40.5,-0.0011973603950125853,0.00013994803476126855,5.290958482230418e-5
1.0,4.0,82.0,2.926114080316483,2.626364080316483,40.5,-0.0009313551371638767,0.00013987127037601922,5.3633467685479055e-5
1.0,5.0,82.0,2.9262281606329656,2.7612108185127324,40.5,-0.0006716398227384725,0.00013933842486995362,5.4586008192100266e-5
1.0,6.0,82.0,2.918185199544742,2.8141698042120584,40.5,-0.0005703544191768323,0.00015462812985483806,5.5991434115987915e-5
1.0,7.0,82.0,2.8951706892935642,2.859335698724533,40.5,-0.00048374771734639705,0.0001987590133148505,5.807747696133542e-5
1.0,8.0,82.0,2.859335698724533,2.8951706892935642,40.5,-0.00041503325089314543,0.0002674734797681021,6.132640367585541e-5
1.0,9.0,82.0,2.814169804212059,2.918185199544742,40.5,-0.00037090236743313296,0.0003540801815985365,6.542183694996441e-5
1.0,10.0,82.0,2.761210818512732,2.9262281606329656,40.5,-0.00035585729562444274,0.000453024895921531,6.906826574881526e-5
1.0,11.0,82.0,2.113614080316483,2.926114080316483,40.5,-0.0003560770340571379,0.0012214178557970682,0.00011254546940879664
1.0,12.0,82.0,1.4631140803164828,2.926114080316483,40.5,-0.00035575942300675894,0.0012724092069577892,0.00015662051954927898
1.0,13.0,82.0,0.8126140803164827,2.926114080316483,40.5,-0.0003543593135162013,0.0008209858932936699,0.00020178180850593646
1.0,14.0,82.0,0.16501734212023322,2.9262281606329656,40.5,-0.00035204264546239426,0.000156228855667657,0.0002484928631289978
1.0,15.0,82.0,0.11205835642090678,2.918185199544742,40.5,-0.000343780141279777,0.00010338162383666544,0.0002524058898647068
1.0,16.0,82.0,0.06689246190843257,2.8951706892935642,40.5,-0.0003210304276266966,5.9199653741037135e-5,0.00025569910522539786
1.0,17.0,82.0,0.0310574713394014,2.859335698724533,40.5,-0.00028658095505004267,2.5031198739252717e-5,0.0002581916059666142
1.0,18.0,82.0,0.008042961088223777,2.8141698042120584,40.5,-0.00024450082361380436,3.7988635153467724e-6,0.0002595822713775963
1.0,19.0,82.0,0.0,2.7612108185127324,40.5,-0.00019693084528014173,-3.2365221879936395e-6,0.0002596757807682572
1.0,20.0,82.0,0.0001140803164827453,2.113614080316483,40.5,0.0002484436441309625,-1.146506043701966e-6,0.0002545791588832044
1.0,21.0,82.0,0.0001140803164827453,1.4631140803164828,40.5,0.0004043304946445679,6.070664772111422e-7,0.0002528375668895816
1.0,22.0,82.0,0.0001140803164827453,0.8126140803164827,40.5,0.0002475045692047301,2.35970225328693e-6,0.0002544657411661881
1.0,23.0,82.0,0.0,0.16501734212023322,40.5,-0.00019529954364378528,4.446484357459991e-6,0.00025945790766148524
1.0,24.0,82.0,0.008042961088223777,0.11205835642090678,40.5,-0.0002423800048558594,-2.514868412467289e-6,0.00025935855580352165
1.0,25.0,82.0,0.0310574713394014,0.06689246190843257,40.5,-0.00028399407093631377,-2.3510147564981827e-5,0.0002579691419402021
1.0,26.0,82.0,0.06689246190843257,0.0310574713394014,40.5,-0.00031803638857906763,-5.7272277047905935e-5,0.00025548617174168226
1.0,27.0,82.0,0.11205835642090678,0.008042961088223777,40.5,-0.0003405015184035931,-0.00010089759875209369,0.00025221144198348493
1.0,28.0,82.0,0.16501734212023322,0.0,40.5,-0.0003486563400568651,-0.0001530433337734269,0.00024832785524317636
1.0,29.0,82.0,0.8126140803164827,0.0001140803164827453,40.5,-0.00035097806525107505,-0.0008071902931262673,0.00020204847200636214
1.0,30.0,82.0,1.4631140803164828,0.0001140803164827453,40.5,-0.0003524265827867367,-0.0012507288492429615,0.00015731650422888348
1.0,31.0,82.0,2.113614080316483,0.0001140803164827453,40.5,-0.00035282928901248276,-0.0012008831326060052,0.00011360114913692117
1.0,32.0,82.0,2.7612108185127324,0.0,40.5,-0.00035266169834374973,-0.00044708004790877475,7.040318426506546e-5
1.0,33.0,82.0,2.814169804212059,0.008042961088223777,40.5,-0.0003674213931821352,-0.00035002309114409345,6.677811721410418e-5
1.0,34.0,82.0,2.859335698724533,0.0310574713394014,40.5,-0.000410706294793647,-0.00026507662568244714,6.272274253710406e-5
1.0,35.0,82.0,2.8951706892935642,0.06689246190843257,40.5,-0.00047810351611625137,-0.00019767940435984273,5.951599332422054e-5
1.0,36.0,82.0,2.918185199544742,0.11205835642090678,40.5,-0.0005630499815778977,-0.00015439450274833098,5.7470139681130944e-5
1.0,37.0,82.0,2.9262281606329656,0.16501734212023322,40.5,-0.0006626534256843613,-0.00013926757736215336,5.677805079679005e-5
1.0,38.0,82.0,2.926114080316483,0.29986408031648293,40.5,-0.0009170115851206701,-0.00013970180495200617,5.574055794561692e-5
1.0,39.0,82.0,2.926114080316483,0.43761408031648275,40.5,-0.0011775302415465863,-0.00013987475165264603,5.520053819426305e-5
1.0,40.0,82.0,2.926114080316483,0.5753640803164828,40.5,-0.0014383778983848385,-0.00013978269336272178,5.4837913748390615e-5
1.0,41.0,82.0,2.926114080316483,0.7131140803164828,40.5,-0.0016992097982711412,-0.0001395407311191613,5.474161772152593e-5
2.0,1.0,82.0,5.9261140803164825,2.213114080316483,40.5,-0.004589439665891752,-0.013297661865113618,0.002190867459648257
2.0,2.0,82.0,5.9261140803164825,2.350864080316483,40.5,-0.003773673500136788,-0.013302476686839749,0.0017055301098192045
2.0,3.0,82.0,5.9261140803164825,2.488614080316483,40.5,-0.00295858228701479,-0.013306075257931198,0.0012210144459134224
2.0,4.0,82.0,5.9261140803164825,2.626364080316483,40.5,-0.0021418548826582264,-0.013308437186109886,0.0007371399204820666
2.0,5.0,82.0,5.926228160632966,2.7612108185127324,40.5,-0.0013389551706290428,-0.013310213326958477,0.00026390676509514555
2.0,6.0,82.0,5.918185199544742,2.8141698042120584,40.5,-0.0010222615674217413,-0.013262231208169375,8.232223402186562e-5
2.0,7.0,82.0,5.895170689293565,2.859335698724533,40.5,-0.0007513248218952536,-0.013124150507862581,-6.638679285770546e-5
2.0,8.0,82.0,5.859335698724533,2.8951706892935642,40.5,-0.0005358288449088689,-0.012908509558806567,-0.000179595455489599
2.0,9.0,82.0,5.814169804212058,2.918185199544742,40.5,-0.0003972137138604861,-0.012636158935144958,-0.0002479697746366837
2.0,10.0,82.0,5.7612108185127315,2.9262281606329656,40.5,-0.0003488201472250601,-0.01231642418187806,-0.0002666732231921206
2.0,11.0,82.0,5.1136140803164825,2.926114080316483,40.5,-0.0003519321667950983,-0.008441129307722227,-0.00018949700097017224
2.0,12.0,82.0,4.463114080316483,2.926114080316483,40.5,-0.00035473155472221055,-0.004922439109159788,-0.00011303438635877405
2.0,13.0,82.0,3.8126140803164827,2.926114080316483,40.5,-0.00035636733224538996,-0.0021117345340660744,-3.7735325965970196e-5
2.0,14.0,82.0,3.1650173421202332,2.9262281606329656,40.5,-0.00035547979382265796,-0.0003186785101431524,3.360411121594673e-5
2.0,15.0,82.0,3.112058356420907,2.918185199544742,40.5,-0.00037090236743313296,-0.0002171283663186557,3.840702998984587e-5
2.0,16.0,82.0,3.0668924619084326,2.8951706892935642,40.5,-0.00041503325089314543,-0.00013052166448822132,4.2503572623425534e-5
2.0,17.0,82.0,3.0310574713394014,2.859335698724533,40.5,-0.00048374771734639705,-6.18071980349697e-5,4.57542266780338e-5
2.0,18.0,82.0,3.0080429610882238,2.8141698042120584,40.5,-0.0005703544191768323,-1.7676314574957244e-5,4.784244663739683e-5
2.0,19.0,82.0,3.0,2.7612108185127324,40.5,-0.0006679061692947222,-2.7237679997303636e-6,4.884001075577156e-5
2.0,20.0,82.0,3.0001140803164827,2.113614080316483,40.5,-0.0014178577400932241,-1.7412074937282704e-6,5.336303616293966e-5
2.0,21.0,82.0,3.0001140803164827,1.4631140803164828,40.5,-0.001642608520140818,-1.7861267677041236e-6,5.5216019004832716e-5
2.0,22.0,82.0,3.0001140803164827,0.8126140803164827,40.5,-0.001433184371972652,-1.538346033373274e-6,5.3831246511402776e-5
2.0,23.0,82.0,3.0,0.16501734212023322,40.5,-0.0006626534256843613,-5.200318418684058e-7,5.013105444174415e-5
2.0,24.0,82.0,3.0080429610882238,0.11205835642090678,40.5,-0.0005630499815778977,1.4606893544309208e-5,4.937376823944217e-5
2.0,25.0,82.0,3.0310574713394014,0.06689246190843257,40.5,-0.00047810351611625137,5.789179515582097e-5,4.727231128094458e-5
2.0,26.0,82.0,3.0668924619084326,0.0310574713394014,40.5,-0.000410706294793647,0.00012528901647842537,4.402144594228164e-5
2.0,27.0,82.0,3.112058356420907,0.008042961088223777,40.5,-0.0003674213931821352,0.0002102354819400717,3.993773831436205e-5
2.0,28.0,82.0,3.1650173421202332,0.0,40.5,-0.00035229446779595764,0.00030983892604653524,3.5161072609502426e-5
2.0,29.0,82.0,3.8126140803164827,0.0001140803164827453,40.5,-0.0003531679430826318,0.002076614052895845,-3.572154240632305e-5
2.0,30.0,82.0,4.463114080316483,0.0001140803164827453,40.5,-0.0003515823688790345,0.004861021481642786,-0.00011050984298459255
2.0,31.0,82.0,5.1136140803164825,0.0001140803164827453,40.5,-0.0003488543603420531,0.008356324209708173,-0.00018642922905616938
2.0,32.0,82.0,5.761210818512732,0.0,40.5,-0.0003458151962377403,0.012211114646645961,-0.0002630529163202267
2.0,33.0,82.0,5.814169804212058,0.008042961088223777,40.5,-0.0003939685149881617,0.01252922848564256,-0.00024449065299528375
2.0,34.0,82.0,5.859335698724533,0.0310574713394014,40.5,-0.0005318850749796563,0.012800197633977517,-0.00017663178022432816
2.0,35.0,82.0,5.895170689293565,0.06689246190843257,40.5,-0.0007462894894005496,0.013014742185768494,-6.428141134437431e-5
2.0,36.0,82.0,5.918185199544742,0.11205835642090678,40.5,-0.0010158473528694392,0.0131521184988789,8.32926673661897e-5
2.0,37.0,82.0,5.926228160632966,0.16501734212023322,40.5,-0.001330921573352361,0.013199855347766931,0.0002634797441936557
2.0,38.0,82.0,5.9261140803164825,0.29986408031648293,40.5,-0.002129696383346372,0.013198095331285152,0.0007330510587925491
2.0,39.0,82.0,5.9261140803164825,0.43761408031648275,40.5,-0.002942207890638788,0.013195762494200097,0.0012131810803204194
2.0,40.0,82.0,5.9261140803164825,0.5753640803164828,40.5,-0.0037530805464704568,0.013192209409292216,0.001693948195714085
2.0,41.0,82.0,5.9261140803164825,0.7131140803164828,40.5,-0.004564627384722619,0.013187456678793409,0.0021755324595607323
1.0,1.0,83.0,2.926114080316483,2.213114080316483,41.0,-0.0016758722241951732,0.00013862717517601773,4.542495263168452e-5
1.0,2.0,83.0,2.926114080316483,2.350864080316483,41.0,-0.0014134909735817164,0.00013933021915176893,4.65296896539614e-5
1.0,3.0,83.0,2.926114080316483,2.488614080316483,41.0,-0.0011510911088153635,0.00013986365748075617,4.866948698514494e-5
1.0,4.0,83.0,2.926114080316483,2.626364080316483,41.0,-0.0008871190741250572,0.00014015106083933512,5.19396585894903e-5
1.0,5.0,83.0,2.9262281606329656,2.7612108185127324,41.0,-0.0006269543955087692,0.00013961448413146415,5.498779891135272e-5
1.0,6.0,83.0,2.918185199544742,2.8141698042120584,41.0,-0.0005250106039147094,0.0001546401805074324,5.5991434115987915e-5
1.0,7.0,83.0,2.8951706892935642,2.859335698724533,41.0,-0.00043840390208427417,0.00019877106396744485,5.807747696133542e-5
1.0,8.0,83.0,2.859335698724533,2.8951706892935642,41.0,-0.00036968943563102255,0.00026748553042069644,6.132640367585541e-5
1.0,9.0,83.0,2.814169804212059,2.918185199544742,41.0,-0.0003255585521710101,0.00035409223225113084,6.542183694996441e-5
1.0,10.0,83.0,2.761210818512732,2.9262281606329656,41.0,-0.00031047095555876495,0.0004534604680720303,6.909213688209538e-5
1.0,11.0,83.0,2.113614080316483,2.926114080316483,41.0,-0.00031060870365199434,0.0012248378216970586,0.00011248439539491012
1.0,12.0,83.0,1.4631140803164828,2.926114080316483,41.0,-0.00031015454511687225,0.0012741791265828912,0.00015845254087327199
1.0,13.0,83.0,0.8126140803164827,2.926114080316483,41.0,-0.0003088347008108671,0.0008198797671642791,0.00020599708994566309
1.0,14.0,83.0,0.16501734212023322,2.9262281606329656,41.0,-0.0003068339972188187,0.00015440659748183573,0.00025507262067803063
1.0,15.0,83.0,0.11205835642090678,2.918185199544742,41.0,-0.0002986868525982739,0.00010212061714234164,0.00025909531088039395
1.0,16.0,83.0,0.06689246190843257,2.8951706892935642,41.0,-0.00027629089657730524,5.856480883605847e-5,0.0002623824433311871
1.0,17.0,83.0,0.0310574713394014,2.859335698724533,41.0,-0.00024249615304973448,2.5002373627435985e-5,0.0002648037732713911
1.0,18.0,83.0,0.008042961088223777,2.8141698042120584,41.0,-0.0002013700128922408,4.2145234194274895e-6,0.0002661003266837225
1.0,19.0,83.0,0.0,2.7612108185127324,41.0,-0.00015505029856686996,-2.6709097663344516e-6,0.00026612076978572676
1.0,20.0,83.0,0.0001140803164827453,2.113614080316483,41.0,0.0002726900783323827,-9.500624611074822e-7,0.00026068182259139834
1.0,21.0,83.0,0.0001140803164827453,1.4631140803164828,41.0,0.00042063808917584453,5.586794586028968e-7,0.000258810718831344
1.0,22.0,83.0,0.0001140803164827453,0.8126140803164827,41.0,0.00027203550414973856,2.0656613162516614e-6,0.0002605470126504109
1.0,23.0,83.0,0.0,0.16501734212023322,41.0,-0.00015349724553648489,3.78210047804818e-6,0.0002658613061932856
1.0,24.0,83.0,0.008042961088223777,0.11205835642090678,41.0,-0.00019939799871630123,-3.0400771536535676e-6,0.0002658313230611417
1.0,25.0,83.0,0.0310574713394014,0.06689246190843257,41.0,-0.0002401226786133167,-2.3623873209547117e-5,0.00026453020477217124
1.0,26.0,83.0,0.06689246190843257,0.0310574713394014,41.0,-0.00027356452299784134,-5.683443487751909e-5,0.0002621126910703146
1.0,27.0,83.0,0.11205835642090678,0.008042961088223777,41.0,-0.0002957123579504912,-9.990564163738763e-5,0.0002588408129293747
1.0,28.0,83.0,0.16501734212023322,0.0,41.0,-0.0003037649181441811,-0.0001515782690560432,0.00025484948830372544
1.0,29.0,83.0,0.8126140803164827,0.0001140803164827453,41.0,-0.0003057627571958505,-0.0008077179098815664,0.00020626977960799898
1.0,30.0,83.0,1.4631140803164828,0.0001140803164827453,41.0,-0.00030710076697374307,-0.0012547912062702482,0.00015922281724660352
1.0,31.0,83.0,2.113614080316483,0.0001140803164827453,41.0,-0.00030763171687205954,-0.0012057853813249606,0.00011366585676404415
1.0,32.0,83.0,2.7612108185127324,0.0,41.0,-0.0003075704805733138,-0.00044781117669757633,7.040987458932022e-5
1.0,33.0,83.0,2.814169804212059,0.008042961088223777,41.0,-0.00032237035194419513,-0.00035033086383412965,6.677811721410418e-5
1.0,34.0,83.0,2.859335698724533,0.0310574713394014,41.0,-0.0003656552535557069,-0.00026538439837248335,6.272274253710406e-5
1.0,35.0,83.0,2.8951706892935642,0.06689246190843257,41.0,-0.0004330524748783113,-0.00019798717704987894,5.951599332422054e-5
1.0,36.0,83.0,2.918185199544742,0.11205835642090678,41.0,-0.0005179989403399576,-0.00015470227543836718,5.7470139681130944e-5
1.0,37.0,83.0,2.9262281606329656,0.16501734212023322,41.0,-0.0006176023844464212,-0.00013957535005218956,5.677805079679005e-5
1.0,38.0,83.0,2.926114080316483,0.29986408031648293,41.0,-0.0008731104004772525,-0.00014053687947907615,5.514998215905334e-5
1.0,39.0,83.0,2.926114080316483,0.43761408031648275,41.0,-0.0011337881502960963,-0.0001404434014511922,5.2137690411114095e-5
1.0,40.0,83.0,2.926114080316483,0.5753640803164828,41.0,-0.0013932418244604408,-0.0001399911900478456,4.9921677116604484e-5
1.0,41.0,83.0,2.926114080316483,0.7131140803164828,41.0,-0.001652538333733261,-0.00013934878488927366,4.897704542774942e-5
2.0,1.0,83.0,5.9261140803164825,2.213114080316483,41.0,-0.003623623742466191,-0.011509125194388774,0.0022534581016759665
2.0,2.0,83.0,5.9261140803164825,2.350864080316483,41.0,-0.002984335511897395,-0.011513505826846467,0.0017543098464655696
2.0,3.0,83.0,5.9261140803164825,2.488614080316483,41.0,-0.0023456312590741366,-0.011516783377171701,0.0012559237081062487
2.0,4.0,83.0,5.9261140803164825,2.626364080316483,41.0,-0.0017058319588226884,-0.011518943660836462,0.0007580585165001505
2.0,5.0,83.0,5.926228160632966,2.7612108185127324,41.0,-0.0010768961208930056,-0.011520486789770823,0.0002710200479431498
2.0,6.0,83.0,5.918185199544742,2.8141698042120584,41.0,-0.0008287227705614108,-0.011482900181271884,8.455566400670561e-5
2.0,7.0,83.0,5.895170689293565,2.859335698724533,41.0,-0.0006163384671387619,-0.011374646079918364,-6.757123050740665e-5
2.0,8.0,83.0,5.859335698724533,2.8951706892935642,41.0,-0.0004473181043618551,-0.011205464174150867,-0.00018303359921621582
2.0,9.0,83.0,5.814169804212058,2.918185199544742,41.0,-0.00033851463446858443,-0.01099157798990422,-0.0002526042260957544
2.0,10.0,83.0,5.7612108185127315,2.9262281606329656,41.0,-0.00030052364855430295,-0.010740152157380696,-0.00027170783914930245
2.0,11.0,83.0,5.1136140803164825,2.926114080316483,41.0,-0.0003037409336378411,-0.007658042387300875,-0.00019553460891397914
2.0,12.0,83.0,4.463114080316483,2.926114080316483,41.0,-0.00030680055639566704,-0.004703912778075697,-0.00011863214033783322
2.0,13.0,83.0,3.8126140803164827,2.926114080316483,41.0,-0.0003097056403185688,-0.0021175059189443447,-4.0990125652960895e-5
2.0,14.0,83.0,3.1650173421202332,2.9262281606329656,41.0,-0.0003101359785605351,-0.00031866645949055807,3.360411121594673e-5
2.0,15.0,83.0,3.112058356420907,2.918185199544742,41.0,-0.0003255585521710101,-0.00021711631566606135,3.840702998984587e-5
2.0,16.0,83.0,3.0668924619084326,2.8951706892935642,41.0,-0.00036968943563102255,-0.00013050961383562697,4.2503572623425534e-5
2.0,17.0,83.0,3.0310574713394014,2.859335698724533,41.0,-0.00043840390208427417,-6.179514738237536e-5,4.57542266780338e-5
2.0,18.0,83.0,3.0080429610882238,2.8141698042120584,41.0,-0.0005250106039147094,-1.7664263922362903e-5,4.784244663739683e-5
2.0,19.0,83.0,3.0,2.7612108185127324,41.0,-0.0006233883078468858,-2.5164261373917735e-6,4.9271263047085995e-5
2.0,20.0,83.0,3.0001140803164827,2.113614080316483,41.0,-0.0015112746069102193,-2.1644873312127807e-6,5.1443948164433085e-5
2.0,21.0,83.0,3.0001140803164827,1.4631140803164828,41.0,-0.0018293146324168542,-1.6544507237194574e-6,5.346280907176067e-5
2.0,22.0,83.0,3.0001140803164827,0.8126140803164827,41.0,-0.001510591673414746,-1.3747450180839939e-6,5.24735973358003e-5
2.0,23.0,83.0,3.0,0.16501734212023322,41.0,-0.0006176023844464212,-8.278045319046102e-7,5.013105444174415e-5
2.0,24.0,83.0,3.0080429610882238,0.11205835642090678,41.0,-0.0005179989403399576,1.4299120854273003e-5,4.937376823944217e-5
2.0,25.0,83.0,3.0310574713394014,0.06689246190843257,41.0,-0.0004330524748783113,5.758402246578476e-5,4.727231128094458e-5
2.0,26.0,83.0,3.0668924619084326,0.0310574713394014,41.0,-0.0003656552535557069,0.00012498124378838916,4.402144594228164e-5
2.0,27.0,83.0,3.112058356420907,0.008042961088223777,41.0,-0.00032237035194419513,0.0002099277092500355,3.993773831436205e-5
2.0,28.0,83.0,3.1650173421202332,0.0,41.0,-0.00030724342655801754,0.00030953115335649904,3.5161072609502426e-5
2.0,29.0,83.0,3.8126140803164827,0.0001140803164827453,41.0,-0.00030683027512317133,0.002081560671175974,-3.886573687878111e-5
2.0,30.0,83.0,4.463114080316483,0.0001140803164827453,41.0,-0.0003040053334009412,0.0046428597551482756,-0.0001159493858279951
2.0,31.0,83.0,5.1136140803164825,0.0001140803164827453,41.0,-0.00030100131154466513,0.007578035013072773,-0.00019229797483554426
2.0,32.0,83.0,5.761210818512732,0.0,41.0,-0.00029785834219776233,0.010646873839426788,-0.00026789506089292935
2.0,33.0,83.0,5.814169804212058,0.008042961088223777,41.0,-0.0003357057045677367,0.010897311124005379,-0.0002489430466731174
2.0,34.0,83.0,5.859335698724533,0.0310574713394014,41.0,-0.00044408692225103775,0.011110356996380846,-0.00017992035001548364
2.0,35.0,83.0,5.895170689293565,0.06689246190843257,41.0,-0.0006124463060453388,0.011278872536927262,-6.53678032950108e-5
2.0,36.0,83.0,5.918185199544742,0.11205835642090678,41.0,-0.0008239938353654625,0.01138669818489717,8.555865366139495e-5
2.0,37.0,83.0,5.926228160632966,0.16501734212023322,41.0,-0.0010711815466723762,0.01142413557025419,0.0002705486802852056
2.0,38.0,83.0,5.9261140803164825,0.29986408031648293,41.0,-0.0016975991473622421,0.01142260647626239,0.0007537310702236871
2.0,39.0,83.0,5.9261140803164825,0.43761408031648275,41.0,-0.0023348135224087914,0.011420473834439162,0.0012476542581388644
2.0,40.0,83.0,5.9261140803164825,0.5753640803164828,41.0,-0.0029709234174931476,0.011417239523981342,0.0017420939076671458
2.0,41.0,83.0,5.9261140803164825,0.7131140803164828,41.0,-0.003607618227037025,0.01141291800838642,0.002237289106883659
1.0,1.0,84.0,2.926114080316483,2.213114080316483,41.5,-0.0015417737743520458,0.00013295593170267573,3.3406063233093686e-5
1.0,2.0,84.0,2.926114080316483,2.350864080316483,41.5,-0.0013012935171429051,0.00013408129721512586,3.6397967945205105e-5
1.0,3.0,84.0,2.926114080316483,2.488614080316483,41.5,-0.0010622615315417532,0.0001352475669563999,3.989284026450197e-5
1.0,4.0,84.0,2.926114080316483,2.626364080316483,41.5,-0.0008215321916145665,0.00013667319473076894,4.392808834268089e-5
1.0,5.0,84.0,2.9262281606329656,2.7612108185127324,41.5,-0.0005792472324163899,0.00013846198736343118,5.082733020239254e-5
1.0,6.0,84.0,2.918185199544742,2.8141698042120584,41.5,-0.0004796667886525864,0.00015465223116002677,5.5991434115987915e-5
1.0,7.0,84.0,2.8951706892935642,2.859335698724533,41.5,-0.0003930600868221512,0.00019878311462003922,5.807747696133542e-5
1.0,8.0,84.0,2.859335698724533,2.8951706892935642,41.5,-0.00032434562036889956,0.00026749758107329083,6.132640367585541e-5
1.0,9.0,84.0,2.814169804212059,2.918185199544742,41.5,-0.0002802147369088871,0.0003541042829037252,6.542183694996441e-5
1.0,10.0,84.0,2.761210818512732,2.9262281606329656,41.5,-0.0002652847461512256,0.0004513570047298376,6.860378024251909e-5
1.0,11.0,84.0,2.113614080316483,2.926114080316483,41.5,-0.0002640620053284134,0.0011724443285778343,0.00011228215637280456
1.0,12.0,84.0,1.4631140803164828,2.926114080316483,41.5,-0.0002628454186146191,0.0012130718803679457,0.0001601983817523587
1.0,13.0,84.0,0.8126140803164827,2.926114080316483,41.5,-0.0002614101550609181,0.0007798508396892465,0.0002096989688621127
1.0,14.0,84.0,0.16501734212023322,2.9262281606329656,41.5,-0.00025962276482739645,0.0001461326621128526,0.00026102648931281946
1.0,15.0,84.0,0.11205835642090678,2.918185199544742,41.5,-0.0002519297951252371,9.665728356461255e-5,0.00026511035486301895
1.0,16.0,84.0,0.06689246190843257,2.8951706892935642,41.5,-0.00023080365211062317,5.553121227960231e-5,0.00026826245880311476
1.0,17.0,84.0,0.0310574713394014,2.859335698724533,41.5,-0.00019899774036252838,2.391328054100932e-5,0.0002704660079966015
1.0,18.0,84.0,0.008042961088223777,2.8141698042120584,41.5,-0.00016038874813348048,4.370287748953355e-6,0.0002715575680552522
1.0,19.0,84.0,0.0,2.7612108185127324,41.5,-0.00011701393701302663,-2.1044085043855275e-6,0.0002714788192256802
1.0,20.0,84.0,0.0001140803164827453,2.113614080316483,41.5,0.00028042628758993804,-7.459240108180498e-7,0.00026589708628367125
1.0,21.0,84.0,0.0001140803164827453,1.4631140803164828,41.5,0.0004170713242002768,4.969015662491638e-7,0.00026393918385252005
1.0,22.0,84.0,0.0001140803164827453,0.8126140803164827,41.5,0.0002803261106504497,1.7370507204157276e-6,0.0002657378939887088
1.0,23.0,84.0,0.0,0.16501734212023322,41.5,-0.00011539203399686311,3.0874439027019642e-6,0.0002711717982659765
1.0,24.0,84.0,0.008042961088223777,0.11205835642090678,41.5,-0.00015846845032384244,-3.3427832549623167e-6,0.00027123698358458786
1.0,25.0,84.0,0.0310574713394014,0.06689246190843257,41.5,-0.00019679213702146906,-2.2741369308281254e-5,0.00027013382862591624
1.0,26.0,84.0,0.06689246190843257,0.0310574713394014,41.5,-0.0002283474792374746,-5.411022344962791e-5,0.00026792677690517424
1.0,27.0,84.0,0.11205835642090678,0.008042961088223777,41.5,-0.0002492974340040367,-9.489337713652122e-5,0.0002647855674140082
1.0,28.0,84.0,0.16501734212023322,0.0,41.5,-0.0002569229473725714,-0.00014393515150515216,0.00026073572843612376
1.0,29.0,84.0,0.8126140803164827,0.0001140803164827453,41.5,-0.0002586971147968092,-0.0007711300923269309,0.00020997358058365677
1.0,30.0,84.0,1.4631140803164828,0.0001140803164827453,41.5,-0.0002601217773390852,-0.0011990944059812,0.00016102018909053433
1.0,31.0,84.0,2.113614080316483,0.0001140803164827453,41.5,-0.00026132120126122894,-0.001157975515072812,0.000113631439985662
1.0,32.0,84.0,2.7612108185127324,0.0,41.5,-0.000262631886334526,-0.00044619051563632244,7.005444870587366e-5
1.0,33.0,84.0,2.814169804212059,0.008042961088223777,41.5,-0.0002773193107062551,-0.0003506386365241659,6.677811721410418e-5
1.0,34.0,84.0,2.859335698724533,0.0310574713394014,41.5,-0.0003206042123177669,-0.0002656921710625196,6.272274253710406e-5
1.0,35.0,84.0,2.8951706892935642,0.06689246190843257,41.5,-0.00038800143364037124,-0.0001982949497399152,5.951599332422054e-5
1.0,36.0,84.0,2.918185199544742,0.11205835642090678,41.5,-0.0004729478991020176,-0.00015501004812840344,5.7470139681130944e-5
1.0,37.0,84.0,2.9262281606329656,0.16501734212023322,41.5,-0.0005725513432084812,-0.00013988312274222582,5.677805079679005e-5
1.0,38.0,84.0,2.926114080316483,0.29986408031648293,41.5,-0.0008162928964656908,-0.00013801431455731723,4.871440335716619e-5
1.0,39.0,84.0,2.926114080316483,0.43761408031648275,41.5,-0.0010566868359385125,-0.00013654214606282787,4.36480774139401e-5
1.0,40.0,84.0,2.926114080316483,0.5753640803164828,41.5,-0.001294953040469466,-0.00013536331472699216,4.0246769350958545e-5
1.0,41.0,84.0,2.926114080316483,0.7131140803164828,41.5,-0.00153468856274355,-0.00013423615345085042,3.725315756347104e-5
2.0,1.0,84.0,5.9261140803164825,2.213114080316483,41.5,-0.0025671668309964362,-0.009672949937631296,0.0023101429648615997
2.0,2.0,84.0,5.9261140803164825,2.350864080316483,41.5,-0.0021199581047352807,-0.00967689844772389,0.0017985493680043208
2.0,3.0,84.0,5.9261140803164825,2.488614080316483,41.5,-0.0016728646333026532,-0.009679886816914831,0.0012876778136445795
2.0,4.0,84.0,5.9261140803164825,2.626364080316483,41.5,-0.0012259774091690249,-0.009681920647221504,0.0007772848737163199
2.0,5.0,84.0,5.926228160632966,2.7612108185127324,41.5,-0.0007884683613890015,-0.009683341443312989,0.00027783743338977255
2.0,6.0,84.0,5.918185199544742,2.8141698042120584,41.5,-0.0006164715735407525,-0.00965737687049801,8.676416387624424e-5
2.0,7.0,84.0,5.895170689293565,2.859335698724533,41.5,-0.00046969882969689073,-0.00958260342727097,-6.886870837280576e-5
2.0,8.0,84.0,5.859335698724533,2.8951706892935642,41.5,-0.00035319101434376884,-0.009465961143109589,-0.00018683461735569443
2.0,9.0,84.0,5.814169804212058,2.918185199544742,41.5,-0.0002783571120034654,-0.00931871893960453,-0.0002578707296391282
2.0,10.0,84.0,5.7612108185127315,2.9262281606329656,41.5,-0.0002523178162277154,-0.009145758612992126,-0.00027751459177066055
2.0,11.0,84.0,5.1136140803164825,2.926114080316483,41.5,-0.00025537329459534707,-0.006998528371731026,-0.00020157135350360516
2.0,12.0,84.0,4.463114080316483,2.926114080316483,41.5,-0.0002577438745980745,-0.004693956475943515,-0.00012411007963380772
2.0,13.0,84.0,3.8126140803164827,2.926114080316483,41.5,-0.0002606110974428006,-0.0022816269323677773,-4.531819187410836e-5
2.0,14.0,84.0,3.1650173421202332,2.9262281606329656,41.5,-0.0002647921632984121,-0.0003186544088379637,3.360411121594673e-5
2.0,15.0,84.0,3.112058356420907,2.918185199544742,41.5,-0.0002802147369088871,-0.00021710426501346698,3.840702998984587e-5
2.0,16.0,84.0,3.0668924619084326,2.8951706892935642,41.5,-0.00032434562036889956,-0.0001304975631830326,4.2503572623425534e-5
2.0,17.0,84.0,3.0310574713394014,2.859335698724533,41.5,-0.0003930600868221512,-6.178309672978099e-5,4.57542266780338e-5
2.0,18.0,84.0,3.0080429610882238,2.8141698042120584,41.5,-0.0004796667886525864,-1.7652213269768534e-5,4.784244663739683e-5
2.0,19.0,84.0,3.0,2.7612108185127324,41.5,-0.0005849428380208473,-1.963360301283725e-6,4.617773417092476e-5
2.0,20.0,84.0,3.0001140803164827,2.113614080316483,41.5,-0.001775221568750638,-2.496420458669239e-6,5.036392391033794e-5
2.0,21.0,84.0,3.0001140803164827,1.4631140803164828,41.5,-0.00224587881212014,-1.4556352674844501e-6,5.3038560958963657e-5
2.0,22.0,84.0,3.0001140803164827,0.8126140803164827,41.5,-0.001751636382430982,-5.183091894081919e-7,5.0921824362205325e-5
2.0,23.0,84.0,3.0,0.16501734212023322,41.5,-0.0005725513432084812,-1.1355772219408688e-6,5.013105444174415e-5
2.0,24.0,84.0,3.0080429610882238,0.11205835642090678,41.5,-0.0004729478991020176,1.3991348164236745e-5,4.937376823944217e-5
2.0,25.0,84.0,3.0310574713394014,0.06689246190843257,41.5,-0.00038800143364037124,5.7276249775748504e-5,4.727231128094458e-5
2.0,26.0,84.0,3.0668924619084326,0.0310574713394014,41.5,-0.0003206042123177669,0.0001246734710983529,4.402144594228164e-5
2.0,27.0,84.0,3.112058356420907,0.008042961088223777,41.5,-0.0002773193107062551,0.00020961993655999923,3.993773831436205e-5
2.0,28.0,84.0,3.1650173421202332,0.0,41.5,-0.0002621923853200775,0.0003092233806664628,3.5161072609502426e-5
2.0,29.0,84.0,3.8126140803164827,0.0001140803164827453,41.5,-0.0002581506705202465,0.002244146026099092,-4.302262444434545e-5
2.0,30.0,84.0,4.463114080316483,0.0001140803164827453,41.5,-0.00025531775688121235,0.004632665859803683,-0.0001213031553139291
2.0,31.0,84.0,5.1136140803164825,0.0001140803164827453,41.5,-0.0002529918018452287,0.006923688151557379,-0.00019817146451477845
2.0,32.0,84.0,5.761210818512732,0.0,41.5,-0.0002500044371325484,0.009065285175114669,-0.00027349701508927064
2.0,33.0,84.0,5.814169804212058,0.008042961088223777,41.5,-0.00027599527938402586,0.009237883014237388,-0.0002540161597091473
2.0,34.0,84.0,5.859335698724533,0.0310574713394014,41.5,-0.00035067536134794034,0.009384812131333306,-0.00018356407389487377
2.0,35.0,84.0,5.895170689293565,0.06689246190843257,41.5,-0.0004669331761845526,0.009501199713953842,-6.656384765389951e-5
2.0,36.0,84.0,5.918185199544742,0.11205835642090678,41.5,-0.0006133779217294334,0.009575804736367198,8.780034151167721e-5
2.0,37.0,84.0,5.926228160632966,0.16501734212023322,41.5,-0.0007849748804530123,0.009601709797916238,0.00027732396113586393
2.0,38.0,84.0,5.9261140803164825,0.29986408031648293,41.5,-0.0012214236233332697,0.00960030238026144,0.0007727338746026647
2.0,39.0,84.0,5.9261140803164825,0.43761408031648275,41.5,-0.0016671852637020752,0.00959829480753005,0.0012790000951713705
2.0,40.0,84.0,5.9261140803164825,0.5753640803164828,41.5,-0.0021131316047851363,0.00959534658774144,0.00178573888388825
2.0,41.0,84.0,5.9261140803164825,0.7131140803164828,41.5,-0.002559200515561925,0.009591452673650967,0.0022931907441311587
1.0,1.0,85.0,2.926114080316483,2.213114080316483,42.0,-0.001270003179189591,0.00011879735478892634,1.8913743622693275e-5
1.0,2.0,85.0,2.926114080316483,2.350864080316483,42.0,-0.0010678542816233156,0.00011991125275371458,2.3678181388434698e-5
1.0,3.0,85.0,2.926114080316483,2.488614080316483,42.0,-0.0008658027529598336,0.00012090139404560826,2.8179346266830485e-5
1.0,4.0,85.0,2.926114080316483,2.626364080316483,42.0,-0.0006623240388419071,0.00012186083003653774,3.246476884529395e-5
1.0,5.0,85.0,2.9262281606329656,2.7612108185127324,42.0,-0.00046133089034866716,0.00012282155308735977,3.43788478298e-5
1.0,6.0,85.0,2.918185199544742,2.8141698042120584,42.0,-0.0003819672896181456,0.0001354105780420768,3.611143017900788e-5
1.0,7.0,85.0,2.8951706892935642,2.859335698724533,42.0,-0.00031424598899474536,0.00017069148718568125,4.3414530680065004e-5
1.0,8.0,85.0,2.859335698724533,2.8951706892935642,42.0,-0.0002609757445339901,0.0002245699653567544,5.177828334935271e-5
1.0,9.0,85.0,2.814169804212059,2.918185199544742,42.0,-0.00022769097950840162,0.00029027518077505524,5.9229279593561856e-5
1.0,10.0,85.0,2.761210818512732,2.9262281606329656,42.0,-0.0002164614926859967,0.000364388407454264,6.50509064628508e-5
1.0,11.0,85.0,2.113614080316483,2.926114080316483,42.0,-0.00021523545754860361,0.0009900238656354386,0.00011241360062924802
1.0,12.0,85.0,1.4631140803164828,2.926114080316483,42.0,-0.00021352868017654553,0.0010472094759650353,0.0001617920283100363
1.0,13.0,85.0,0.8126140803164827,2.926114080316483,42.0,-0.00021203684004583248,0.0006782327428706266,0.00021290236018147498
1.0,14.0,85.0,0.16501734212023322,2.9262281606329656,42.0,-0.00021042194798704146,0.00012800046160408568,0.0002662290550491387
1.0,15.0,85.0,0.11205835642090678,2.918185199544742,42.0,-0.00020370946822558973,8.482057018328407e-5,0.0002703433987754515
1.0,16.0,85.0,0.06689246190843257,2.8951706892935642,42.0,-0.00018524943025130758,4.887801891713361e-5,0.0002732990558787333
1.0,17.0,85.0,0.0310574713394014,2.859335698724533,42.0,-0.000157422209468344,2.120802367629851e-5,0.00027521379408396027
1.0,18.0,85.0,0.008042961088223777,2.8141698042120584,42.0,-0.00012360477522663102,4.082020466294398e-6,0.0002760458152015648
1.0,19.0,85.0,0.0,2.7612108185127324,42.0,-8.557514348967981e-5,-1.6049420927558972e-6,0.00027584868389010094
1.0,20.0,85.0,0.0001140803164827453,2.113614080316483,42.0,0.0002645858044969428,-5.438748937764254e-7,0.0002701936701164665
1.0,21.0,85.0,0.0001140803164827453,1.4631140803164828,42.0,0.0003856375522310102,4.21187281261729e-7,0.0002681739681219772
1.0,22.0,85.0,0.0001140803164827453,0.8126140803164827,42.0,0.000265199638293543,1.382842085236669e-6,0.00027000763343587385
1.0,23.0,85.0,0.0,0.16501734212023322,42.0,-8.378337464976489e-5,2.4289180088412615e-6,0.0002754826562078095
1.0,24.0,85.0,0.008042961088223777,0.11205835642090678,42.0,-0.00012167361429306044,-3.238839975791017e-6,0.0002756630339575572
1.0,25.0,85.0,0.0310574713394014,0.06689246190843257,42.0,-0.00015536503763758993,-2.030278675039773e-5,0.0002748163361712463
1.0,26.0,85.0,0.06689246190843257,0.0310574713394014,42.0,-0.00018308710756580467,-4.787037397432851e-5,0.0002728961075773779
1.0,27.0,85.0,0.11205835642090678,0.008042961088223777,42.0,-0.0002014763904184519,-8.367828473482508e-5,0.00026995178494234435
1.0,28.0,85.0,0.16501734212023322,0.0,42.0,-0.00020816212729969462,-0.00012669517091961217,0.0002658757710130959
1.0,29.0,85.0,0.8126140803164827,0.0001140803164827453,42.0,-0.00020975271536839395,-0.0006747914583785557,0.00021317201724362932
1.0,30.0,85.0,1.4631140803164828,0.0001140803164827453,42.0,-0.00021121396071730952,-0.0010422278424779784,0.00016266047881516993
1.0,31.0,85.0,2.113614080316483,0.0001140803164827453,42.0,-0.0002128652821529742,-0.0009861355923898962,0.00011385492864217577
1.0,32.0,85.0,2.7612108185127324,0.0,42.0,-0.00021410852071366133,-0.000366055800195494,6.712161652654197e-5
1.0,33.0,85.0,2.814169804212059,0.008042961088223777,42.0,-0.00022529204711842834,-0.000292375069759863,6.153448173493337e-5
1.0,34.0,85.0,2.859335698724533,0.0310574713394014,42.0,-0.0002584976249882338,-0.00022692936144779534,5.449708223855389e-5
1.0,35.0,85.0,2.8951706892935642,0.06689246190843257,42.0,-0.0003118056379783759,-0.00017311322324408405,4.687710156403184e-5
1.0,36.0,85.0,2.918185199544742,0.11205835642090678,42.0,-0.0003798668524001282,-0.00013775343420387065,4.038982111888443e-5
1.0,37.0,85.0,2.9262281606329656,0.16501734212023322,42.0,-0.0004595604378633634,-0.0001248006509014574,3.6650945608322435e-5
1.0,38.0,85.0,2.926114080316483,0.29986408031648293,42.0,-0.0006614314952941563,-0.00012359308658258658,3.579314627590077e-5
1.0,39.0,85.0,2.926114080316483,0.43761408031648275,42.0,-0.0008661480678705012,-0.000122530324761939,3.190743472925738e-5
1.0,40.0,85.0,2.926114080316483,0.5753640803164828,42.0,-0.0010693202766670332,-0.00012151155024866748,2.7263776237995102e-5
1.0,41.0,85.0,2.926114080316483,0.7131140803164828,42.0,-0.0012726244253701967,-0.00012036730131740035,2.2593243655697447e-5
2.0,1.0,85.0,5.9261140803164825,2.213114080316483,42.0,-0.001530449561222247,-0.007794220594836386,0.002360566377832889
2.0,2.0,85.0,5.9261140803164825,2.350864080316483,42.0,-0.001269695308273675,-0.007797698826412562,0.001838085597307412
2.0,3.0,85.0,5.9261140803164825,2.488614080316483,42.0,-0.0010081442429701987,-0.007800391497088044,0.001316560363802172
2.0,4.0,85.0,5.9261140803164825,2.626364080316483,42.0,-0.0007487010832454491,-0.007802330564958192,0.0007955305189375191
2.0,5.0,85.0,5.926228160632966,2.7612108185127324,42.0,-0.000498988599272514,-0.007803738184970291,0.0002856491819151281
2.0,6.0,85.0,5.918185199544742,2.8141698042120584,42.0,-0.00040257686308151525,-0.007789368449792715,9.015852345482433e-5
2.0,7.0,85.0,5.895170689293565,2.859335698724533,42.0,-0.00032148915249561775,-0.0077481793359037866,-6.961704860790148e-5
2.0,8.0,85.0,5.859335698724533,2.8951706892935642,42.0,-0.00025806142791541894,-0.0076847127062081464,-0.0001910810241540634
2.0,9.0,85.0,5.814169804212058,2.918185199544742,42.0,-0.00021790619610707697,-0.007605577054578259,-0.00026446073380916274
2.0,10.0,85.0,5.7612108185127315,2.9262281606329656,42.0,-0.00020418262351856893,-0.007513606861014193,-0.0002849086002733073
2.0,11.0,85.0,5.1136140803164825,2.926114080316483,42.0,-0.0002065809751155943,-0.006366773529657934,-0.00020737525179232626
2.0,12.0,85.0,4.463114080316483,2.926114080316483,42.0,-0.00020743827708299644,-0.0047964274422382875,-0.0001286460204735307
2.0,13.0,85.0,3.8126140803164827,2.926114080316483,42.0,-0.0002087794338010796,-0.002672732882939961,-5.066924159537321e-5
2.0,14.0,85.0,3.1650173421202332,2.9262281606329656,42.0,-0.00020871500466246345,-0.0004732742534041374,3.372094483474727e-5
2.0,15.0,85.0,3.112058356420907,2.918185199544742,42.0,-0.00023247833874072036,-0.00031627006510798173,4.007399851597605e-5
2.0,16.0,85.0,3.0668924619084326,2.8951706892935642,42.0,-0.0002987406112855895,-0.00018621942925311623,4.096978155314505e-5
2.0,17.0,85.0,3.0310574713394014,2.859335698724533,42.0,-0.00039983775735520774,-8.535461077939554e-5,3.916664029023775e-5
2.0,18.0,85.0,3.0080429610882238,2.8141698042120584,42.0,-0.0005255402062369571,-2.1674052060507993e-5,3.742220762365189e-5
2.0,19.0,85.0,3.0,2.7612108185127324,42.0,-0.0006713518474556796,1.7696516146965317e-7,3.960244032955484e-5
2.0,20.0,85.0,3.0001140803164827,2.113614080316483,42.0,-0.0022274895386616223,-1.3322525446999524e-6,5.0902091627759005e-5
2.0,21.0,85.0,3.0001140803164827,1.4631140803164828,42.0,-0.00283709260155051,-1.1815953450193613e-6,5.264596372421308e-5
2.0,22.0,85.0,3.0001140803164827,0.8126140803164827,42.0,-0.0022045440156659843,-7.94571525731311e-7,5.198267579333525e-5
2.0,23.0,85.0,3.0,0.16501734212023322,42.0,-0.0006595496530216352,-2.656857467690896e-6,4.127194351201407e-5
2.0,24.0,85.0,3.0080429610882238,0.11205835642090678,42.0,-0.0005168444425703582,1.8601633845432345e-5,4.02130069841596e-5
2.0,25.0,85.0,3.0310574713394014,0.06689246190843257,42.0,-0.0003939206743392939,8.090222783668975e-5,4.1660738934877274e-5
2.0,26.0,85.0,3.0668924619084326,0.0310574713394014,42.0,-0.00029488402313212846,0.00017976178571553502,4.322020978383959e-5
2.0,27.0,85.0,3.112058356420907,0.008042961088223777,42.0,-0.00022986283096083064,0.0003074571342880434,4.221738993684626e-5
2.0,28.0,85.0,3.1650173421202332,0.0,42.0,-0.00020652363659991524,0.00046187272396202325,3.5825840294127123e-5
2.0,29.0,85.0,3.8126140803164827,0.0001140803164827453,42.0,-0.00020672150596307966,0.0026336035988733897,-4.8304661240704055e-5
2.0,30.0,85.0,4.463114080316483,0.0001140803164827453,42.0,-0.00020540614448755605,0.004737253273864286,-0.0001257207537337371
2.0,31.0,85.0,5.1136140803164825,0.0001140803164827453,42.0,-0.00020458921196389316,0.006299390011450441,-0.0002038286538548671
2.0,32.0,85.0,5.761210818512732,0.0,42.0,-0.00020224829778570574,0.0074470012451404504,-0.00028067479997027927
2.0,33.0,85.0,5.814169804212058,0.008042961088223777,42.0,-0.0002159992113773103,0.007539112601670031,-0.0002604021111658014
2.0,34.0,85.0,5.859335698724533,0.0310574713394014,42.0,-0.0002562127799797186,0.0076183533593138925,-0.00018765116424084163
2.0,35.0,85.0,5.895170689293565,0.06689246190843257,42.0,-0.0003197118919082064,0.007681888172268284,-6.721832289858529e-5
2.0,36.0,85.0,5.918185199544742,0.11205835642090678,42.0,-0.0004008652782366897,0.00772311072648859,9.121502936908988e-5
2.0,37.0,85.0,5.926228160632966,0.16501734212023322,42.0,-0.0004973263009768281,0.007737490160184057,0.00028508460259832894
2.0,38.0,85.0,5.9261140803164825,0.29986408031648293,42.0,-0.0007470845526743828,0.0077360955676041634,0.0007907710196203299
2.0,39.0,85.0,5.9261140803164825,0.43761408031648275,42.0,-0.001006501872015406,0.007734180596460119,0.0013075111545663945
2.0,40.0,85.0,5.9261140803164825,0.5753640803164828,42.0,-0.001267995244573033,0.007731523683367568,0.001824737759391093
2.0,41.0,85.0,5.9261140803164825,0.7131140803164828,42.0,-0.001528706262033968,0.007728093666282838,0.002342906119048403
1.0,1.0,86.0,2.926114080316483,2.213114080316483,42.5,-0.0009180306197432716,9.802428782582706e-5,5.352873313767612e-6
1.0,2.0,86.0,2.926114080316483,2.350864080316483,42.5,-0.0007699684597845189,9.900908302530012e-5,1.1746835406608017e-5
1.0,3.0,86.0,2.926114080316483,2.488614080316483,42.5,-0.0006216703229929131,9.990576777941917e-5,1.7665793980755503e-5
1.0,4.0,86.0,2.926114080316483,2.626364080316483,42.5,-0.0004739413602531827,0.00010073712201248382,2.270472216594941e-5
1.0,5.0,86.0,2.9262281606329656,2.7612108185127324,42.5,-0.0003313838154443368,0.0001011856700258858,2.777699272541589e-5
1.0,6.0,86.0,2.918185199544742,2.8141698042120584,42.5,-0.0002763111569383523,0.00010963764813514438,3.245688634875441e-5
1.0,7.0,86.0,2.8951706892935642,2.859335698724533,42.5,-0.00022976597110511916,0.00013334467040376592,3.829580318017421e-5
1.0,8.0,86.0,2.859335698724533,2.8951706892935642,42.5,-0.0001933673094994863,0.00016986051442473667,4.580530805838483e-5
1.0,9.0,86.0,2.814169804212059,2.918185199544742,42.5,-0.0001704400691792793,0.00021519307536599935,5.3629467702576345e-5
1.0,10.0,86.0,2.761210818512732,2.9262281606329656,42.5,-0.00016274656898172148,0.0002670080755096438,5.986743711363521e-5
1.0,11.0,86.0,2.113614080316483,2.926114080316483,42.5,-0.00016337779755856217,0.0007369199486630039,0.0001121780584183534
1.0,12.0,86.0,1.4631140803164828,2.926114080316483,42.5,-0.00016215945096861238,0.0007987519686574895,0.00016313090525523147
1.0,13.0,86.0,0.8126140803164827,2.926114080316483,42.5,-0.0001607990876738738,0.0005234162894128558,0.0002155397760585257
1.0,14.0,86.0,0.16501734212023322,2.9262281606329656,42.5,-0.0001594229164126171,0.00010064909544723939,0.0002704231396798313
1.0,15.0,86.0,0.11205835642090678,2.918185199544742,42.5,-0.00015417714715316918,6.693648924964012e-5,0.00027455726603362447
1.0,16.0,86.0,0.06689246190843257,2.8951706892935642,42.5,-0.00013968613003931694,3.8733066263326914e-5,0.00027736022443301404
1.0,17.0,86.0,0.0310574713394014,2.859335698724533,42.5,-0.00011773036970529538,1.6909280413085317e-5,0.0002790475170903156
1.0,18.0,86.0,0.008042961088223777,2.8141698042120584,42.5,-9.091087737173461e-5,3.3332724166225724e-6,0.0002796648398480128
1.0,19.0,86.0,0.0,2.7612108185127324,42.5,-6.0601467763512214e-5,-1.195008700370563e-6,0.0002793569600472207
1.0,20.0,86.0,0.0001140803164827453,2.113614080316483,42.5,0.0002236234180232681,-3.6570516512407836e-7,0.0002735601202426068
1.0,21.0,86.0,0.0001140803164827453,1.4631140803164828,42.5,0.0003235844022989552,3.3162265778949125e-7,0.00027148299331416044
1.0,22.0,86.0,0.0001140803164827453,0.8126140803164827,42.5,0.0002248112073418079,1.0250744341969952e-6,0.00027334656269995314
1.0,23.0,86.0,0.0,0.16501734212023322,42.5,-5.8747755210818414e-5,1.8335011707809935e-6,0.00027892049610910474
1.0,24.0,86.0,0.008042961088223777,0.11205835642090678,42.5,-8.906454552459719e-5,-2.6988209870610002e-6,0.00027921036600442973
1.0,25.0,86.0,0.0310574713394014,0.06689246190843257,42.5,-0.00011590612968376537,-1.628917030932841e-5,0.0002785831841041721
1.0,26.0,86.0,0.06689246190843257,0.0310574713394014,42.5,-0.0001378926576086682,-3.814727072599006e-5,0.00027689875194457337
1.0,27.0,86.0,0.11205835642090678,0.008042961088223777,42.5,-0.00015241189723965643,-6.641079971240434e-5,0.00027411601739676857
1.0,28.0,86.0,0.16501734212023322,0.0,42.5,-0.00015766948921691108,-0.0001002139658627045,0.00027002622476509443
1.0,29.0,86.0,0.8126140803164827,0.0001140803164827453,42.5,-0.00015901845487981662,-0.0005249285126939094,0.00021580232325914048
1.0,30.0,86.0,1.4631140803164828,0.0001140803164827453,42.5,-0.0001603416824038871,-0.0008019435318732109,0.0001640356348745703
1.0,31.0,86.0,2.113614080316483,0.0001140803164827453,42.5,-0.00016155009833890491,-0.0007409856417556432,0.00011375187185422643
1.0,32.0,86.0,2.7612108185127324,0.0,42.5,-0.00016109876633777133,-0.00027013541531388367,6.247293070070598e-5
1.0,33.0,86.0,2.814169804212059,0.008042961088223777,42.5,-0.00016886314750805324,-0.000217995656300794,5.638520623690526e-5
1.0,34.0,86.0,2.859335698724533,0.0310574713394014,42.5,-0.0001919608083202358,-0.00017231998046118657,4.863798996513124e-5
1.0,35.0,86.0,2.8951706892935642,0.06689246190843257,42.5,-0.00022860825752552165,-0.0001355001399542419,4.0866633451456204e-5
1.0,36.0,86.0,2.918185199544742,0.11205835642090678,42.5,-0.00027539606734490414,-0.00011158450565957275,3.460626664374263e-5
1.0,37.0,86.0,2.9262281606329656,0.16501734212023322,42.5,-0.0003307673955294769,-0.00010315069273204652,3.112252668636718e-5
1.0,38.0,86.0,2.926114080316483,0.29986408031648293,42.5,-0.0004740275849699853,-0.0001027788135768389,2.5609859222332184e-5
1.0,39.0,86.0,2.926114080316483,0.43761408031648275,42.5,-0.0006225678067600958,-0.00010190312389503121,2.059448247522814e-5
1.0,40.0,86.0,2.926114080316483,0.5753640803164828,42.5,-0.0007718144460582255,-0.00010093542741887793,1.4866909417614463e-5
1.0,41.0,86.0,2.926114080316483,0.7131140803164828,42.5,-0.0009208439915072473,-9.989652519194231e-5,8.48933450761976e-6
2.0,1.0,86.0,5.9261140803164825,2.213114080316483,42.5,-0.000673261956563352,-0.005879402654050526,0.002403298005327244
2.0,2.0,86.0,5.9261140803164825,2.350864080316483,42.5,-0.0005642609139405688,-0.00588225490030926,0.0018721450944005709
2.0,3.0,86.0,5.9261140803164825,2.488614080316483,42.5,-0.00045360952968763333,-0.00588452234268703,0.0013420461859134864
2.0,4.0,86.0,5.9261140803164825,2.626364080316483,42.5,-0.0003467709034347013,-0.005886295501995228,0.0008127977543304064
2.0,5.0,86.0,5.926228160632966,2.7612108185127324,42.5,-0.00025059536627673073,-0.005887685135283064,0.0002950549710445451
2.0,6.0,86.0,5.918185199544742,2.8141698042120584,42.5,-0.00021633688869875106,-0.005882869888442738,9.539482914529274e-5
2.0,7.0,86.0,5.895170689293565,2.859335698724533,42.5,-0.00018949827762809924,-0.005869443835985099,-6.93590325580562e-5
2.0,8.0,86.0,5.859335698724533,2.8951706892935642,42.5,-0.00017012406585727424,-0.005850140103131595,-0.00019561438751122557
2.0,9.0,86.0,5.814169804212058,2.918185199544742,42.5,-0.00015890163990873936,-0.005827867954524488,-0.00027250038021960993
2.0,10.0,86.0,5.7612108185127315,2.9262281606329656,42.5,-0.00015549653632544348,-0.005803893004458251,-0.00029410895141457403
2.0,11.0,86.0,5.1136140803164825,2.926114080316483,42.5,-0.00015695000327888326,-0.005520336093890219,-0.00021231463594783634
2.0,12.0,86.0,4.463114080316483,2.926114080316483,42.5,-0.00015616568992586876,-0.004645693237609817,-0.00013222818715161267
2.0,13.0,86.0,3.8126140803164827,2.926114080316483,42.5,-0.00015485688748033977,-0.0028736940935888008,-5.4088493827438815e-5
2.0,14.0,86.0,3.1650173421202332,2.9262281606329656,42.5,-0.0001563024649146814,-0.0005673390313217376,2.5432642297069182e-5
2.0,15.0,86.0,3.112058356420907,2.918185199544742,42.5,-0.00018476243630224636,-0.0003828341240371858,3.106581456633151e-5
2.0,16.0,86.0,3.0668924619084326,2.8951706892935642,42.5,-0.00026455580073066643,-0.0002268476511368127,3.586214869071027e-5
2.0,17.0,86.0,3.0310574713394014,2.859335698724533,42.5,-0.0003869385430174452,-0.00010446100090752583,3.980191042886894e-5
2.0,18.0,86.0,3.0080429610882238,2.8141698042120584,42.5,-0.0005385684934982472,-2.688338961752528e-5,4.2423588626364864e-5
2.0,19.0,86.0,3.0,2.7612108185127324,42.5,-0.0007129065122085932,-2.833154829893928e-8,4.2885806640814115e-5
2.0,20.0,86.0,3.0001140803164827,2.113614080316483,42.5,-0.0025262308812550906,7.870433428610573e-7,5.07210675758049e-5
2.0,21.0,86.0,3.0001140803164827,1.4631140803164828,42.5,-0.0032227781421452642,-8.03995498687169e-7,5.2647101753654255e-5
2.0,22.0,86.0,3.0001140803164827,0.8126140803164827,42.5,-0.0025128144858913445,-2.5216537173971844e-6,5.161006159887048e-5
2.0,23.0,86.0,3.0,0.16501734212023322,42.5,-0.0007056528183972221,-1.757412082544792e-6,4.448475955076791e-5
2.0,24.0,86.0,3.0080429610882238,0.11205835642090678,42.5,-0.0005328591574344018,2.4859006523341163e-5,4.359707494237766e-5
2.0,25.0,86.0,3.0310574713394014,0.06689246190843257,42.5,-0.00038267855539542503,0.00010163405170349418,4.145624798825455e-5
2.0,26.0,86.0,3.0668924619084326,0.0310574713394014,42.5,-0.00026157228922834137,0.0002226919134474207,3.792999419834332e-5
2.0,27.0,86.0,3.112058356420907,0.008042961088223777,42.5,-0.00018264077968025764,0.00037695550536246645,3.333129949267923e-5
2.0,28.0,86.0,3.1650173421202332,0.0,42.5,-0.00015449245872483643,0.0005594401730870511,2.7732618416825905e-5
2.0,29.0,86.0,3.8126140803164827,0.0001140803164827453,42.5,-0.00015317879138265395,0.0028417784245603874,-5.1608396873445855e-5
2.0,30.0,86.0,4.463114080316483,0.0001140803164827453,42.5,-0.0001545681749599702,0.004596290868633499,-0.00012920723993830658
2.0,31.0,86.0,5.1136140803164825,0.0001140803164827453,42.5,-0.00015539247961310335,0.005465461002654985,-0.00020863885002817733
2.0,32.0,86.0,5.761210818512732,0.0,42.5,-0.00015399066653972043,0.0057525497151494145,-0.00028966849761913896
2.0,33.0,86.0,5.814169804212058,0.008042961088223777,42.5,-0.00015745689876822222,0.005776893024466005,-0.0002682469225615045
2.0,34.0,86.0,5.859335698724533,0.0310574713394014,42.5,-0.00016883622188855823,0.0057994649848109375,-0.00019203590414609446
2.0,35.0,86.0,5.895170689293565,0.06689246190843257,42.5,-0.00018843620321592523,0.005818991835449938,-6.687791355405473e-5
2.0,36.0,86.0,5.918185199544742,0.11205835642090678,42.5,-0.0002155358319636858,0.005832551055443933,9.646258334676615e-5
2.0,37.0,86.0,5.926228160632966,0.16501734212023322,42.5,-0.00025007316599835554,0.005837410763967053,0.00029443825408387823
2.0,38.0,86.0,5.9261140803164825,0.29986408031648293,42.5,-0.00034687954389660714,0.005836031898993732,0.0008078568571648737
2.0,39.0,86.0,5.9261140803164825,0.43761408031648275,42.5,-0.00045429050623134053,0.005834278702374329,0.0013326798895355772
2.0,40.0,86.0,5.9261140803164825,0.5753640803164828,42.5,-0.0005654825514197065,0.005832040329743538,0.001858339388189415
2.0,41.0,86.0,5.9261140803164825,0.7131140803164828,42.5,-0.0006750383176247097,0.005829227271858531,0.002385036112390275
1.0,1.0,87.0,2.926114080316483,2.213114080316483,43.0,-0.0005775309436172844,7.028513896707142e-5,-5.7283597588059984e-6
1.0,2.0,87.0,2.926114080316483,2.350864080316483,43.0,-0.0004854016524728184,7.097943260832156e-5,2.5117806707244882e-6
1.0,3.0,87.0,2.926114080316483,2.488614080316483,43.0,-0.0003931038860639442,7.153876995694399e-5,1.009622445820065e-5
1.0,4.0,87.0,2.926114080316483,2.626364080316483,43.0,-0.00030153662922626444,7.193962992383993e-5,1.7415640743168926e-5
1.0,5.0,87.0,2.9262281606329656,2.7612108185127324,43.0,-0.00021336367781853863,7.216491255993277e-5,2.4061500252525008e-5
1.0,6.0,87.0,2.918185199544742,2.8141698042120584,43.0,-0.00017927434478548512,7.748264072090851e-5,2.802127620118782e-5
1.0,7.0,87.0,2.8951706892935642,2.859335698724533,43.0,-0.00015048100043245336,9.232027292467855e-5,3.514361452400089e-5
1.0,8.0,87.0,2.859335698724533,2.8951706892935642,43.0,-0.0001279084590324734,0.00011502901331671566,4.312455522173268e-5
1.0,9.0,87.0,2.814169804212059,2.918185199544742,43.0,-0.00011367609702949106,0.00014310956726228376,5.0511425215198485e-5
1.0,10.0,87.0,2.761210818512732,2.9262281606329656,43.0,-0.0001088591594149768,0.00017529985959695188,5.659984422290181e-5
1.0,11.0,87.0,2.113614080316483,2.926114080316483,43.0,-0.00010939564483106183,0.0004738237965254578,0.0001112494790293024
1.0,12.0,87.0,1.4631140803164828,2.926114080316483,43.0,-0.0001090106950718264,0.0005202026658942722,0.00016404980207535482
1.0,13.0,87.0,0.8126140803164827,2.926114080316483,43.0,-0.00010804510237640611,0.0003437577055431031,0.00021751756348373046
1.0,14.0,87.0,0.16501734212023322,2.9262281606329656,43.0,-0.00010701192844228868,6.78373082904123e-5,0.0002734138988559118
1.0,15.0,87.0,0.11205835642090678,2.918185199544742,43.0,-0.00010350222386644434,4.5329449593042556e-5,0.00027757352122250817
1.0,16.0,87.0,0.06689246190843257,2.8951706892935642,43.0,-9.374438283032026e-5,2.635468130725552e-5,0.00028031854152105846
1.0,17.0,87.0,0.0310574713394014,2.859335698724533,43.0,-7.884379275537304e-5,1.1555419048977227e-5,0.0002819003471343153
1.0,18.0,87.0,0.008042961088223777,2.8141698042120584,43.0,-6.0498932948496326e-5,2.278710883537571e-6,0.0002824044686071887
1.0,19.0,87.0,0.0,2.7612108185127324,43.0,-3.960630240736716e-5,-8.349733852152108e-7,0.00028201706322402223
1.0,20.0,87.0,0.0001140803164827453,2.113614080316483,43.0,0.0001614894840150385,-2.2632349641814333e-7,0.00027599073645421206
1.0,21.0,87.0,0.0001140803164827453,1.4631140803164828,43.0,0.0002340515531214217,2.2940499003403918e-7,0.00027385247337980844
1.0,22.0,87.0,0.0001140803164827453,0.8126140803164827,43.0,0.00016279506089690498,6.816227561366012e-7,0.0002757523017758477
1.0,23.0,87.0,0.0,0.16501734212023322,43.0,-3.8019162766533124e-5,1.2694967240065828e-6,0.0002815103230388426
1.0,24.0,87.0,0.008042961088223777,0.11205835642090678,43.0,-5.8997204087533986e-5,-1.860134020464515e-6,0.0002818806390901027
1.0,25.0,87.0,0.0310574713394014,0.06689246190843257,43.0,-7.744062164334408e-5,-1.1190140897136914e-5,0.00028137734785855167
1.0,26.0,87.0,0.06689246190843257,0.0310574713394014,43.0,-9.244053299390222e-5,-2.609209704968801e-5,0.00027981395877051514
1.0,27.0,87.0,0.11205835642090678,0.008042961088223777,43.0,-0.00010227557940948928,-4.522250130538593e-5,0.0002771037275930888
1.0,28.0,87.0,0.16501734212023322,0.0,43.0,-0.00010581610037707548,-6.794304296211958e-5,0.00027299552134284313
1.0,29.0,87.0,0.8126140803164827,0.0001140803164827453,43.0,-0.00010682674586984409,-0.00034767937796831706,0.00021777430332569245
1.0,30.0,87.0,1.4631140803164828,0.0001140803164827453,43.0,-0.00010776947497293291,-0.0005270663639222289,0.0001649890528680285
1.0,31.0,87.0,2.113614080316483,0.0001140803164827453,43.0,-0.00010818887863789325,-0.000480522665734265,0.00011299698625421125
1.0,32.0,87.0,2.7612108185127324,0.0,43.0,-0.0001076622756280785,-0.00017799462600893396,5.933703667422639e-5
1.0,33.0,87.0,2.814169804212059,0.008042961088223777,43.0,-0.00011252496602012068,-0.0001454641806679065,5.3257242746485566e-5
1.0,34.0,87.0,2.859335698724533,0.0310574713394014,43.0,-0.00012688744754580866,-0.00011712953232515915,4.5855642370331814e-5
1.0,35.0,87.0,2.8951706892935642,0.06689246190843257,43.0,-0.00014965078869798125,-9.425435713096542e-5,3.8097680120521416e-5
1.0,36.0,87.0,2.918185199544742,0.11205835642090678,43.0,-0.0001786818098360937,-7.934018221958755e-5,3.130187417429947e-5
1.0,37.0,87.0,2.9262281606329656,0.16501734212023322,43.0,-0.00021301107397595057,-7.396966431781877e-5,2.664979355224235e-5
1.0,38.0,87.0,2.926114080316483,0.29986408031648293,43.0,-0.00030174728034740815,-7.368812030028063e-5,2.0253463179155238e-5
1.0,39.0,87.0,2.926114080316483,0.43761408031648275,43.0,-0.0003938060148653334,-7.328296710760161e-5,1.2845209940947327e-5
1.0,40.0,87.0,2.926114080316483,0.5753640803164828,43.0,-0.00048655655162683543,-7.271076904703978e-5,5.102029087160295e-6
1.0,41.0,87.0,2.926114080316483,0.7131140803164828,43.0,-0.0005791506927121751,-7.197702686002665e-5,-3.221152151892159e-6
2.0,1.0,87.0,5.9261140803164825,2.213114080316483,43.0,-0.00013582670374018434,-0.003936096950341783,0.002436689202035733
2.0,2.0,87.0,5.9261140803164825,2.350864080316483,43.0,-0.00011974934851151889,-0.0039381956993071714,0.0018988184994908816
2.0,3.0,87.0,5.9261140803164825,2.488614080316483,43.0,-0.00010165228669247405,-0.003939947346819436,0.0013628002746246884
2.0,4.0,87.0,5.9261140803164825,2.626364080316483,43.0,-8.772376623853324e-5,-0.003941375260662306,0.0008279026926482495
2.0,5.0,87.0,5.926228160632966,2.7612108185127324,43.0,-8.368982757153825e-5,-0.00394255030323565,0.00030498091107749095
2.0,6.0,87.0,5.918185199544742,2.8141698042120584,43.0,-8.622798214819907e-5,-0.003943330021007615,0.00010172469271587377
2.0,7.0,87.0,5.895170689293565,2.859335698724533,43.0,-9.119310900754638e-5,-0.003946147670234885,-6.825062402551809e-5
2.0,8.0,87.0,5.859335698724533,2.8951706892935642,43.0,-9.74302078590844e-5,-0.003952525085163493,-0.00019995214896890393
2.0,9.0,87.0,5.814169804212058,2.918185199544742,43.0,-0.00010291031274612895,-0.0039631490698710465,-0.00028095474271401375
2.0,10.0,87.0,5.7612108185127315,2.9262281606329656,43.0,-0.00010540920702945474,-0.003978383458748285,-0.00030380934326175804
2.0,11.0,87.0,5.1136140803164825,2.926114080316483,43.0,-0.00010603462698806304,-0.004199196369715753,-0.00021608223089090504
2.0,12.0,87.0,4.463114080316483,2.926114080316483,43.0,-0.00010414801239451492,-0.003835256602035402,-0.00013420232377686267
2.0,13.0,87.0,3.8126140803164827,2.926114080316483,43.0,-0.00010237693742649394,-0.0025197878151616633,-5.735854000217667e-5
2.0,14.0,87.0,3.1650173421202332,2.9262281606329656,43.0,-0.0001041924374770392,-0.0005169771051415281,1.4040348014488661e-5
2.0,15.0,87.0,3.112058356420907,2.918185199544742,43.0,-0.0001299871049201871,-0.00034965474205922025,2.2197072926533486e-5
2.0,16.0,87.0,3.0668924619084326,2.8951706892935642,43.0,-0.00020262801124565287,-0.000207558731378146,3.1745467055585276e-5
2.0,17.0,87.0,3.0310574713394014,2.859335698724533,43.0,-0.00031454082695445514,-9.569362902198414e-5,4.087526558373184e-5
2.0,18.0,87.0,3.0080429610882238,2.8141698042120584,43.0,-0.0004537106571372856,-2.4624835134684616e-5,4.7822458380019824e-5
2.0,19.0,87.0,3.0,2.7612108185127324,43.0,-0.0006140795843611842,5.209061166002125e-8,5.128113681525492e-5
2.0,20.0,87.0,3.0001140803164827,2.113614080316483,43.0,-0.0022909631894130946,1.4886378663187097e-6,5.133014043913027e-5
2.0,21.0,87.0,3.0001140803164827,1.4631140803164828,43.0,-0.002935154361802823,-5.619024151719805e-7,5.185702373965883e-5
2.0,22.0,87.0,3.0001140803164827,0.8126140803164827,43.0,-0.002285496365654541,-2.6287968139728316e-6,5.214206405482555e-5
2.0,23.0,87.0,3.0,0.16501734212023322,43.0,-0.0006104084041593234,-1.28067789051222e-6,5.2697076115409325e-5
2.0,24.0,87.0,3.0080429610882238,0.11205835642090678,43.0,-0.00045076837297371717,2.3288413670078692e-5,4.961340252882367e-5
2.0,25.0,87.0,3.0310574713394014,0.06689246190843257,43.0,-0.0003122633400573801,9.404285381906676e-5,4.262182327310448e-5
2.0,26.0,87.0,3.0668924619084326,0.0310574713394014,43.0,-0.0002009119601122925,0.00020535653077358466,3.3557615490709625e-5
2.0,27.0,87.0,3.112058356420907,0.008042961088223777,43.0,-0.00012865447989389575,0.0003466911276893483,2.4195554641025424e-5
2.0,28.0,87.0,3.1650173421202332,0.0,43.0,-0.00010299626985687559,0.0005130469686283082,1.618222651153403e-5
2.0,29.0,87.0,3.8126140803164827,0.0001140803164827453,43.0,-0.00010117055257979484,0.0025008657931871775,-5.477496806504612e-5
2.0,30.0,87.0,4.463114080316483,0.0001140803164827453,43.0,-0.0001030283393477606,0.00380252260243132,-0.00013109348438977584
2.0,31.0,87.0,5.1136140803164825,0.0001140803164827453,43.0,-0.00010496281416477857,0.0041615817926715,-0.00021230215808140128
2.0,32.0,87.0,5.761210818512732,0.0,43.0,-0.00010438167648909403,0.003943577973319901,-0.0002992033074737602
2.0,33.0,87.0,5.814169804212058,0.008042961088223777,43.0,-0.00010193661085836813,0.003928669998565825,-0.00027654488472089007
2.0,34.0,87.0,5.859335698724533,0.0310574713394014,43.0,-9.66001362068135e-5,0.0039183209321345626,-0.00019625230812609094
2.0,35.0,87.0,5.895170689293565,0.06689246190843257,43.0,-9.05783787466478e-5,0.003912156139689058,-6.56987130042573e-5
2.0,36.0,87.0,5.918185199544742,0.11205835642090678,43.0,-8.587332203525871e-5,0.003909470422678464,0.00010280835458695512
2.0,37.0,87.0,5.926228160632966,0.16501734212023322,43.0,-8.362593898350167e-5,0.0039087357514621555,0.00030433028499130693
2.0,38.0,87.0,5.9261140803164825,0.29986408031648293,43.0,-8.835848600476798e-5,0.003907567237731367,0.0008228253861114246
2.0,39.0,87.0,5.9261140803164825,0.43761408031648275,43.0,-0.00010295878480539084,0.0039061533413044295,0.0013531914680881172
2.0,40.0,87.0,5.9261140803164825,0.5753640803164828,43.0,-0.00012170668104404804,0.003904422770814892,0.0018846623555344466
2.0,41.0,87.0,5.9261140803164825,0.7131140803164828,43.0,-0.00013844232234596534,0.003902352183371828,0.0024179614126055805
1.0,1.0,88.0,2.926114080316483,2.213114080316483,43.5,-0.00027628142901115046,3.665029166020379e-5,-1.265486922851743e-5
1.0,2.0,88.0,2.926114080316483,2.350864080316483,43.5,-0.0002327113666011064,3.699666771427866e-5,-3.1644003281465033e-6
1.0,3.0,88.0,2.926114080316483,2.488614080316483,43.5,-0.00018910503316169153,3.727273414019326e-5,5.751668474552842e-6
1.0,4.0,88.0,2.926114080316483,2.626364080316483,43.5,-0.00014581517790250237,3.7500593060380214e-5,1.39978533761339e-5
1.0,5.0,88.0,2.9262281606329656,2.7612108185127324,43.5,-0.00010409971742903216,3.7629608182676714e-5,2.173613807086698e-5
1.0,6.0,88.0,2.918185199544742,2.8141698042120584,43.5,-8.794988999501584e-5,4.011517340647274e-5,2.677407308568943e-5
1.0,7.0,88.0,2.8951706892935642,2.859335698724533,43.5,-7.428911909170254e-5,4.7097029090977904e-5,3.331438061228365e-5
1.0,8.0,88.0,2.859335698724533,2.8951706892935642,43.5,-6.358368667759764e-5,5.7854122577763205e-5,4.1066663798217446e-5
1.0,9.0,88.0,2.814169804212059,2.918185199544742,43.5,-5.683110166479986e-5,7.120356338254273e-5,4.8751523920876634e-5
1.0,10.0,88.0,2.761210818512732,2.9262281606329656,43.5,-5.455942918386906e-5,8.643476350857266e-5,5.492607486396934e-5
1.0,11.0,88.0,2.113614080316483,2.926114080316483,43.5,-5.484550174474488e-5,0.00022850253876032227,0.0001105363342529115
1.0,12.0,88.0,1.4631140803164828,2.926114080316483,43.5,-5.471696921850308e-5,0.00025154794773768105,0.0001644732061162757
1.0,13.0,88.0,0.8126140803164827,2.926114080316483,43.5,-5.427044879802871e-5,0.0001659053477322906,0.0002187485110490928
1.0,14.0,88.0,0.16501734212023322,2.9262281606329656,43.5,-5.3711136190460034e-5,3.358532788593782e-5,0.0002751646986661839
1.0,15.0,88.0,0.11205835642090678,2.918185199544742,43.5,-5.199075042199122e-5,2.2583296784124793e-5,0.00027934824454732023
1.0,16.0,88.0,0.06689246190843257,2.8951706892935642,43.5,-4.714810875092035e-5,1.3180176756419015e-5,0.0002821031334319237
1.0,17.0,88.0,0.0310574713394014,2.859335698724533,43.5,-3.967739925200897e-5,5.7716507049281915e-6,0.0002836777489456974
1.0,18.0,88.0,0.008042961088223777,2.8141698042120584,43.5,-3.0405515406191814e-5,1.0933249729474764e-6,0.0002841514777169911
1.0,19.0,88.0,0.0,2.7612108185127324,43.5,-1.9825225768229128e-5,-4.7347238657699783e-7,0.0002837246328111514
1.0,20.0,88.0,0.0001140803164827453,2.113614080316483,43.5,8.442719890114001e-5,-1.0802861161610784e-7,0.0002774717337040215
1.0,21.0,88.0,0.0001140803164827453,1.4631140803164828,43.5,0.00012324544181970717,1.1738466749093294e-7,0.0002752747800228885
1.0,22.0,88.0,0.0001140803164827453,0.8126140803164827,43.5,8.527843904220558e-5,3.406607730211878e-7,0.00027721570989940264
1.0,23.0,88.0,0.0,0.16501734212023322,43.5,-1.8900459515459644e-5,6.938058020652596e-7,0.00028316567104485195
1.0,24.0,88.0,0.008042961088223777,0.11205835642090678,43.5,-2.9553841656040384e-5,-8.858349701598659e-7,0.00028357704392209174
1.0,25.0,88.0,0.0310574713394014,0.06689246190843257,43.5,-3.8907176232989165e-5,-5.607442799772644e-6,0.00028311448842077854
1.0,26.0,88.0,0.06689246190843257,0.0310574713394014,43.5,-4.645740167226406e-5,-1.3097374156300042e-5,0.00028157268905147165
1.0,27.0,88.0,0.11205835642090678,0.008042961088223777,43.5,-5.1360468507117395e-5,-2.262127670576652e-5,0.0002788658141301653
1.0,28.0,88.0,0.16501734212023322,0.0,43.5,-5.310477098912103e-5,-3.3785775183227466e-5,0.00027473951058889725
1.0,29.0,88.0,0.8126140803164827,0.0001140803164827453,43.5,-5.365260460938966e-5,-0.000168940435643491,0.0002190026052194225
1.0,30.0,88.0,1.4631140803164828,0.0001140803164827453,43.5,-5.409585984094207e-5,-0.00025670115561872057,0.00016545011567350757
1.0,31.0,88.0,2.113614080316483,0.0001140803164827453,43.5,-5.421989494209123e-5,-0.0002332347626481355,0.00011235573168281562
1.0,32.0,88.0,2.7612108185127324,0.0,43.5,-5.3943541134037016e-5,-8.810098252728491e-5,5.77647951479626e-5
1.0,33.0,88.0,2.814169804212059,0.008042961088223777,43.5,-5.6255234411868845e-5,-7.263375575168406e-5,5.171465532387315e-5
1.0,34.0,88.0,2.859335698724533,0.0310574713394014,43.5,-6.310441742814293e-5,-5.9099929569804904e-5,4.412831468058258e-5
1.0,35.0,88.0,2.8951706892935642,0.06689246190843257,43.5,-7.393603541438822e-5,-4.820875318290456e-5,3.622433672131098e-5
1.0,36.0,88.0,2.918185199544742,0.11205835642090678,43.5,-8.772109976137183e-5,-4.114389313848265e-5,2.9400517648137618e-5
1.0,37.0,88.0,2.9262281606329656,0.16501734212023322,43.5,-0.00010399535800819238,-3.864119812048649e-5,2.4749822775030795e-5
1.0,38.0,88.0,2.926114080316483,0.29986408031648293,43.5,-0.00014591885064383993,-3.8526181351679676e-5,1.6645561464660396e-5
1.0,39.0,88.0,2.926114080316483,0.43761408031648275,43.5,-0.00018940834250719856,-3.8281895317987705e-5,8.255598775364679e-6
1.0,40.0,88.0,2.926114080316483,0.5753640803164828,43.5,-0.00023321307650959653,-3.798668763805685e-5,-8.205947214448142e-7
1.0,41.0,88.0,2.926114080316483,0.7131140803164828,43.5,-0.0002769697026089052,-3.762197778927295e-5,-1.0575687971447027e-5
2.0,1.0,88.0,5.9261140803164825,2.213114080316483,43.5,4.824400085275572e-5,-0.0019733872913637257,0.0024578163356719874
2.0,2.0,88.0,5.9261140803164825,2.350864080316483,43.5,3.55909948944531e-5,-0.0019745463706749107,0.0019166078801822106
2.0,3.0,88.0,5.9261140803164825,2.488614080316483,43.5,2.4169799068451908e-5,-0.0019754365429908442,0.0013767062155519139
2.0,4.0,88.0,5.9261140803164825,2.626364080316483,43.5,9.947376778738507e-6,-0.0019761941254532204,0.0008384396100929035
2.0,5.0,88.0,5.926228160632966,2.7612108185127324,43.5,-1.036183888600257e-5,-0.0019768560705373797,0.00031269074615558785
2.0,6.0,88.0,5.918185199544742,2.8141698042120584,43.5,-2.1130519336226393e-5,-0.0019787342796650496,0.00010692948503970352
2.0,7.0,88.0,5.895170689293565,2.859335698724533,43.5,-3.224890701432648e-5,-0.0019845788375665173,-6.712077440538031e-5
2.0,8.0,88.0,5.859335698724533,2.8951706892935642,43.5,-4.2662603351324e-5,-0.0019950780911679403,-0.0002032261292488933
2.0,9.0,88.0,5.814169804212058,2.918185199544742,43.5,-5.0377298005858816e-5,-0.0020101337606333583,-0.00028766292472777607
2.0,10.0,88.0,5.7612108185127315,2.9262281606329656,43.5,-5.34708078550367e-5,-0.002029782310309622,-0.00031160322835246924
2.0,11.0,88.0,5.1136140803164825,2.926114080316483,43.5,-5.355318343743968e-5,-0.002300800933189934,-0.00021831781155547475
2.0,12.0,88.0,4.463114080316483,2.926114080316483,43.5,-5.211344170189315e-5,-0.0022050231778583057,-0.00013516753991605143
2.0,13.0,88.0,3.8126140803164827,2.926114080316483,43.5,-5.088189566465626e-5,-0.001490890248206585,-5.9790308965904925e-5
2.0,14.0,88.0,3.1650173421202332,2.9262281606329656,43.5,-5.160922324415223e-5,-0.0003121511110053113,4.880862286688133e-6
2.0,15.0,88.0,3.112058356420907,2.918185199544742,43.5,-6.70982053832638e-5,-0.00021160924155985372,1.3900401538196735e-5
2.0,16.0,88.0,3.0668924619084326,2.8951706892935642,43.5,-0.00011107284094043894,-0.00012559073003966332,2.7883336765738892e-5
2.0,17.0,88.0,3.0310574713394014,2.859335698724533,43.5,-0.00017893476995156464,-5.771046890179511e-5,4.287026589807286e-5
2.0,18.0,88.0,3.0080429610882238,2.8141698042120584,43.5,-0.0002632416632706433,-1.457855808406389e-5,5.45815089851784e-5
2.0,19.0,88.0,3.0,2.7612108185127324,43.5,-0.0003597926787589079,3.2007016554759986e-7,5.865376333510661e-5
2.0,20.0,88.0,3.0001140803164827,2.113614080316483,43.5,-0.0013762659954300064,1.0552466627476522e-6,5.2149413572434056e-5
2.0,21.0,88.0,3.0001140803164827,1.4631140803164828,43.5,-0.0017723560475366943,-2.8212121969719135e-7,5.1148475405501355e-5
2.0,22.0,88.0,3.0001140803164827,0.8126140803164827,43.5,-0.001374676959513735,-1.6432554708587157e-6,5.289820065644575e-5
2.0,23.0,88.0,3.0,0.16501734212023322,43.5,-0.00035849836861359235,-8.962355365405648e-7,6.0153009272554104e-5
2.0,24.0,88.0,3.0080429610882238,0.11205835642090678,43.5,-0.00026208687473209093,1.3979461219988662e-5,5.599875580317072e-5
2.0,25.0,88.0,3.0310574713394014,0.06689246190843257,43.5,-0.00017795602190631273,5.701319337919966e-5,4.455246983039759e-5
2.0,26.0,88.0,3.0668924619084326,0.0310574713394014,43.5,-0.000110269592868343,0.00012471491961653228,2.9768819396922797e-5
2.0,27.0,88.0,3.112058356420907,0.008042961088223777,43.5,-6.642400132472263e-5,0.00021048037211532123,1.5866688539422367e-5
2.0,28.0,88.0,3.1650173421202332,0.0,43.5,-5.098388735966248e-5,0.00031070581364190584,6.896384634941795e-6
2.0,29.0,88.0,3.8126140803164827,0.0001140803164827453,43.5,-5.026706558296685e-5,0.0014835085632185316,-5.7179730635971174e-5
2.0,30.0,88.0,4.463114080316483,0.0001140803164827453,43.5,-5.1531234614155826e-5,0.0021899885026804657,-0.00013199216719991973
2.0,31.0,88.0,5.1136140803164825,0.0001140803164827453,43.5,-5.300592122865199e-5,0.002282229905137784,-0.00021446567239736766
2.0,32.0,88.0,5.761210818512732,0.0,43.5,-5.295201362514029e-5,0.002012258347774385,-0.0003068949104044944
2.0,33.0,88.0,5.814169804212058,0.008042961088223777,43.5,-4.988583862663966e-5,0.001992773105368904,-0.0002831565974529443
2.0,34.0,88.0,5.859335698724533,0.0310574713394014,43.5,-4.224664043173185e-5,0.0019778609686596843,-0.00019944741842319806
2.0,35.0,88.0,5.895170689293565,0.06689246190843257,43.5,-3.195037533258923e-5,0.0019674769208739263,-6.45161134577204e-5
2.0,36.0,88.0,5.918185199544742,0.11205835642090678,43.5,-2.097872580282059e-5,0.0019617061528720337,0.00010803518622045502
2.0,37.0,88.0,5.926228160632966,0.16501734212023322,43.5,-1.0379204648809348e-5,0.0019598535270999857,0.00031203063292786103
2.0,38.0,88.0,5.9261140803164825,0.29986408031648293,43.5,9.508425223458132e-6,0.001959193959382106,0.0008332823540596892
2.0,39.0,88.0,5.9261140803164825,0.43761408031648275,43.5,2.331293001404145e-5,0.0019584430028236066,0.00136694580368139
2.0,40.0,88.0,5.9261140803164825,0.5753640803164828,43.5,3.4325205123011764e-5,0.001957563253363183,0.0019022264708405392
2.0,41.0,88.0,5.9261140803164825,0.7131140803164828,43.5,4.656776603865392e-5,0.001956419270607792,0.0024387946634817728
1.0,1.0,89.0,2.926114080316483,2.213114080316483,44.0,0.0,0.0,-1.4979433706281062e-5
1.0,2.0,89.0,2.926114080316483,2.350864080316483,44.0,0.0,0.0,-5.0542025585688445e-6
1.0,3.0,89.0,2.926114080316483,2.488614080316483,44.0,0.0,0.0,4.165621617769478e-6
1.0,4.0,89.0,2.926114080316483,2.626364080316483,44.0,0.0,0.0,1.2950459482148659e-5
1.0,5.0,89.0,2.9262281606329656,2.7612108185127324,44.0,0.0,0.0,2.1170985530616848e-5
1.0,6.0,89.0,2.918185199544742,2.8141698042120584,44.0,0.0,0.0,2.5761039866621028e-5
1.0,7.0,89.0,2.8951706892935642,2.859335698724533,44.0,0.0,0.0,3.288695739500648e-5
1.0,8.0,89.0,2.859335698724533,2.8951706892935642,44.0,0.0,0.0,4.0807444394980054e-5
1.0,9.0,89.0,2.814169804212059,2.918185199544742,44.0,0.0,0.0,4.819142733283327e-5
1.0,10.0,89.0,2.761210818512732,2.9262281606329656,44.0,0.0,0.0,5.432421714101202e-5
1.0,11.0,89.0,2.113614080316483,2.926114080316483,44.0,0.0,0.0,0.00011031205800587244
1.0,12.0,89.0,1.4631140803164828,2.926114080316483,44.0,0.0,0.0,0.00016459552927330503
1.0,13.0,89.0,0.8126140803164827,2.926114080316483,44.0,0.0,0.0,0.00021916701509420796
1.0,14.0,89.0,0.16501734212023322,2.9262281606329656,44.0,0.0,0.0,0.0002757452418696118
1.0,15.0,89.0,0.11205835642090678,2.918185199544742,44.0,0.0,0.0,0.0002799404345071291
1.0,16.0,89.0,0.06689246190843257,2.8951706892935642,44.0,0.0,0.0,0.0002827130351058102
1.0,17.0,89.0,0.0310574713394014,2.859335698724533,44.0,0.0,0.0,0.0002842931085258565
1.0,18.0,89.0,0.008042961088223777,2.8141698042120584,44.0,0.0,0.0,0.00028476664687411237
1.0,19.0,89.0,0.0,2.7612108185127324,44.0,0.0,0.0,0.00028432755815121624
1.0,20.0,89.0,0.0001140803164827453,2.113614080316483,44.0,0.0,0.0,0.00027797115242518013
1.0,21.0,89.0,0.0001140803164827453,1.4631140803164828,44.0,0.0,0.0,0.00027574831935828307
1.0,22.0,89.0,0.0001140803164827453,0.8126140803164827,44.0,0.0,0.0,0.000277708779732863
1.0,23.0,89.0,0.0,0.16501734212023322,44.0,0.0,0.0,0.00028374934960682984
1.0,24.0,89.0,0.008042961088223777,0.11205835642090678,44.0,0.0,0.0,0.0002841735556147455
1.0,25.0,89.0,0.0310574713394014,0.06689246190843257,44.0,0.0,0.0,0.0002837152110912073
1.0,26.0,89.0,0.06689246190843257,0.0310574713394014,44.0,0.0,0.0,0.0002821736276732271
1.0,27.0,89.0,0.11205835642090678,0.008042961088223777,44.0,0.0,0.0,0.00027945402755526574
1.0,28.0,89.0,0.16501734212023322,0.0,44.0,0.0,0.0,0.00027531809187399597
1.0,29.0,89.0,0.8126140803164827,0.0001140803164827453,44.0,0.0,0.0,0.00021942249656028997
1.0,30.0,89.0,1.4631140803164828,0.0001140803164827453,44.0,0.0,0.0,0.00016558449765261422
1.0,31.0,89.0,2.113614080316483,0.0001140803164827453,44.0,0.0,0.0,0.00011214640312264897
1.0,32.0,89.0,2.7612108185127324,0.0,44.0,0.0,0.0,5.723050980201423e-5
1.0,33.0,89.0,2.814169804212059,0.008042961088223777,44.0,0.0,0.0,5.112676948610876e-5
1.0,34.0,89.0,2.859335698724533,0.0310574713394014,44.0,0.0,0.0,4.3688295709957544e-5
1.0,35.0,89.0,2.8951706892935642,0.06689246190843257,44.0,0.0,0.0,3.586850084734706e-5
1.0,36.0,89.0,2.918185199544742,0.11205835642090678,44.0,0.0,0.0,2.890995703027373e-5
1.0,37.0,89.0,2.9262281606329656,0.16501734212023322,44.0,0.0,0.0,2.3868440475326676e-5
1.0,38.0,89.0,2.926114080316483,0.29986408031648293,44.0,0.0,0.0,1.5638109614439672e-5
1.0,39.0,89.0,2.926114080316483,0.43761408031648275,44.0,0.0,0.0,6.621809151120137e-6
1.0,40.0,89.0,2.926114080316483,0.5753640803164828,44.0,0.0,0.0,-2.8515754197143095e-6
1.0,41.0,89.0,2.926114080316483,0.7131140803164828,44.0,0.0,0.0,-1.300517094514812e-5
2.0,1.0,89.0,5.9261140803164825,2.213114080316483,44.0,0.0,0.0,0.0024670605819129246
2.0,2.0,89.0,5.9261140803164825,2.350864080316483,44.0,0.0,0.0,0.0019228096874819862
2.0,3.0,89.0,5.9261140803164825,2.488614080316483,44.0,0.0,0.0,0.0013815661170559295
2.0,4.0,89.0,5.9261140803164825,2.626364080316483,44.0,0.0,0.0,0.000842205865308506
2.0,5.0,89.0,5.926228160632966,2.7612108185127324,44.0,0.0,0.0,0.0003154891969660926
2.0,6.0,89.0,5.918185199544742,2.8141698042120584,44.0,0.0,0.0,0.00010874405646129662
2.0,7.0,89.0,5.895170689293565,2.859335698724533,44.0,0.0,0.0,-6.69659692717553e-5
2.0,8.0,89.0,5.859335698724533,2.8951706892935642,44.0,0.0,0.0,-0.00020487101668965486
2.0,9.0,89.0,5.814169804212058,2.918185199544742,44.0,0.0,0.0,-0.00029060968666949107
2.0,10.0,89.0,5.7612108185127315,2.9262281606329656,44.0,0.0,0.0,-0.00031474732148644346
2.0,11.0,89.0,5.1136140803164825,2.926114080316483,44.0,0.0,0.0,-0.00021902457627154595
2.0,12.0,89.0,4.463114080316483,2.926114080316483,44.0,0.0,0.0,-0.00013548984446799158
2.0,13.0,89.0,3.8126140803164827,2.926114080316483,44.0,0.0,0.0,-6.05881423972977e-5
2.0,14.0,89.0,3.1650173421202332,2.9262281606329656,44.0,0.0,0.0,1.2020685268749097e-6
2.0,15.0,89.0,3.112058356420907,2.918185199544742,44.0,0.0,0.0,1.1027502215637361e-5
2.0,16.0,89.0,3.0668924619084326,2.8951706892935642,44.0,0.0,0.0,2.6733818712506115e-5
2.0,17.0,89.0,3.0310574713394014,2.859335698724533,44.0,0.0,0.0,4.3574697279484084e-5
2.0,18.0,89.0,3.0080429610882238,2.8141698042120584,44.0,0.0,0.0,5.672864060488431e-5
2.0,19.0,89.0,3.0,2.7612108185127324,44.0,0.0,0.0,6.179234322593317e-5
2.0,20.0,89.0,3.0001140803164827,2.113614080316483,44.0,0.0,0.0,5.2412935720072e-5
2.0,21.0,89.0,3.0001140803164827,1.4631140803164828,44.0,0.0,0.0,5.092019889148691e-5
2.0,22.0,89.0,3.0001140803164827,0.8126140803164827,44.0,0.0,0.0,5.316347931914523e-5
2.0,23.0,89.0,3.0,0.16501734212023322,44.0,0.0,0.0,6.326730196061769e-5
2.0,24.0,89.0,3.0080429610882238,0.11205835642090678,44.0,0.0,0.0,5.842532388765948e-5
2.0,25.0,89.0,3.0310574713394014,0.06689246190843257,44.0,0.0,0.0,4.5246334506673364e-5
2.0,26.0,89.0,3.0668924619084326,0.0310574713394014,44.0,0.0,0.0,2.84565844064544e-5
2.0,27.0,89.0,3.112058356420907,0.008042961088223777,44.0,0.0,0.0,1.2895993807093639e-5
2.0,28.0,89.0,3.1650173421202332,0.0,44.0,0.0,0.0,3.188483516404664e-6
2.0,29.0,89.0,3.8126140803164827,0.0001140803164827453,44.0,0.0,0.0,-5.797504988416462e-5
2.0,30.0,89.0,4.463114080316483,0.0001140803164827453,44.0,0.0,0.0,-0.00013229303773515928
2.0,31.0,89.0,5.1136140803164825,0.0001140803164827453,44.0,0.0,0.0,-0.00021514542234124745
2.0,32.0,89.0,5.761210818512732,0.0,44.0,0.0,0.0,-0.00031000442461835573
2.0,33.0,89.0,5.814169804212058,0.008042961088223777,44.0,0.0,0.0,-0.00028606859140545754
2.0,34.0,89.0,5.859335698724533,0.0310574713394014,44.0,0.0,0.0,-0.0002010615190156991
2.0,35.0,89.0,5.895170689293565,0.06689246190843257,44.0,0.0,0.0,-6.433836051152346e-5
2.0,36.0,89.0,5.918185199544742,0.11205835642090678,44.0,0.0,0.0,0.00010986253100821205
2.0,37.0,89.0,5.926228160632966,0.16501734212023322,44.0,0.0,0.0,0.0003148303474184669
2.0,38.0,89.0,5.9261140803164825,0.29986408031648293,44.0,0.0,0.0,0.0008370232592299851
2.0,39.0,89.0,5.9261140803164825,0.43761408031648275,44.0,0.0,0.0,0.0013717547697406228
2.0,40.0,89.0,5.9261140803164825,0.5753640803164828,44.0,0.0,0.0,0.0019083510416804833
2.0,41.0,89.0,5.9261140803164825,0.7131140803164828,44.0,0.0,0.0,0.0024479211972457957
