shape,i,j,x,y,z,ux,uy,uz
1.0,1.0,1.0,2.926114080316483,2.213114080316483,0.0,0.0,0.0,0.001474162320296773
1.0,2.0,1.0,2.926114080316483,2.350864080316483,0.0,0.0,0.0,0.0014842537533084992
1.0,3.0,1.0,2.926114080316483,2.488614080316483,0.0,0.0,0.0,0.0015028679027189488
1.0,4.0,1.0,2.926114080316483,2.626364080316483,0.0,0.0,0.0,0.00152821091388089
1.0,5.0,1.0,2.9262281606329656,2.7612108185127324,0.0,0.0,0.0,0.0015606654221343211
1.0,6.0,1.0,2.918185199544742,2.8141698042120584,0.0,0.0,0.0,0.001532196557781016
1.0,7.0,1.0,2.8951706892935642,2.859335698724533,0.0,0.0,0.0,0.0014046234351819868
1.0,8.0,1.0,2.859335698724533,2.8951706892935642,0.0,0.0,0.0,0.001202643130418873
1.0,9.0,1.0,2.814169804212059,2.918185199544742,0.0,0.0,0.0,0.0009477109252309131
1.0,10.0,1.0,2.761210818512732,2.9262281606329656,0.0,0.0,0.0,0.0006443689706454626
1.0,11.0,1.0,2.113614080316483,2.926114080316483,0.0,0.0,0.0,-0.0029945190553437796
1.0,12.0,1.0,1.4631140803164828,2.926114080316483,0.0,0.0,0.0,-0.006586664032990762
1.0,13.0,1.0,0.8126140803164827,2.926114080316483,0.0,0.0,0.0,-0.010183361132903256
1.0,14.0,1.0,0.16501734212023322,2.9262281606329656,0.0,0.0,0.0,-0.013819479435318912
1.0,15.0,1.0,0.11205835642090678,2.918185199544742,0.0,0.0,0.0,-0.014120830611181991
1.0,16.0,1.0,0.06689246190843257,2.8951706892935642,0.0,0.0,0.0,-0.014377660822948574
1.0,17.0,1.0,0.0310574713394014,2.859335698724533,0.0,0.0,0.0,-0.014579263190056771
1.0,18.0,1.0,0.008042961088223777,2.8141698042120584,0.0,0.0,0.0,-0.01470436880738541
1.0,19.0,1.0,0.0,2.7612108185127324,0.0,0.0,0.0,-0.014739303658007633
1.0,20.0,1.0,0.0001140803164827453,2.113614080316483,0.0,0.0,0.0,-0.014628146726718024
1.0,21.0,1.0,0.0001140803164827453,1.4631140803164828,0.0,0.0,0.0,-0.014609799350760599
1.0,22.0,1.0,0.0001140803164827453,0.8126140803164827,0.0,0.0,0.0,-0.01468396700899022
1.0,23.0,1.0,0.0,0.16501734212023322,0.0,0.0,0.0,-0.014851689808610876
1.0,24.0,1.0,0.008042961088223777,0.11205835642090678,0.0,0.0,0.0,-0.014821480413976431
1.0,25.0,1.0,0.0310574713394014,0.06689246190843257,0.0,0.0,0.0,-0.014700451011534882
1.0,26.0,1.0,0.06689246190843257,0.0310574713394014,0.0,0.0,0.0,-0.014502115535100583
1.0,27.0,1.0,0.11205835642090678,0.008042961088223777,0.0,0.0,0.0,-0.014247414269490388
1.0,28.0,1.0,0.16501734212023322,0.0,0.0,0.0,0.0,-0.01394685537304075
1.0,29.0,1.0,0.8126140803164827,0.0001140803164827453,0.0,0.0,0.0,-0.010312590764800398
1.0,30.0,1.0,1.4631140803164828,0.0001140803164827453,0.0,0.0,0.0,-0.0067197020851054445
1.0,31.0,1.0,2.113614080316483,0.0001140803164827453,0.0,0.0,0.0,-0.003133244288494999
1.0,32.0,1.0,2.7612108185127324,0.0,0.0,0.0,0.0,0.0004987307788348129
1.0,33.0,1.0,2.814169804212059,0.008042961088223777,0.0,0.0,0.0,0.0008026836092811548
1.0,34.0,1.0,2.859335698724533,0.0310574713394014,0.0,0.0,0.0,0.0010597679885731902
1.0,35.0,1.0,2.8951706892935642,0.06689246190843257,0.0,0.0,0.0,0.0012622701355290353
1.0,36.0,1.0,2.918185199544742,0.11205835642090678,0.0,0.0,0.0,0.0013905330379401575
1.0,37.0,1.0,2.9262281606329656,0.16501734212023322,0.0,0.0,0.0,0.0014298339135330011
1.0,38.0,1.0,2.926114080316483,0.29986408031648293,0.0,0.0,0.0,0.001404533496427156
1.0,39.0,1.0,2.926114080316483,0.43761408031648275,0.0,0.0,0.0,0.0013910162527790918
1.0,40.0,1.0,2.926114080316483,0.5753640803164828,0.0,0.0,0.0,0.0013842902566752206
1.0,41.0,1.0,2.926114080316483,0.7131140803164828,0.0,0.0,0.0,0.0013854005090675142
2.0,1.0,1.0,5.9261140803164825,2.213114080316483,0.0,0.0,0.0,0.017207520196500254
2.0,2.0,1.0,5.9261140803164825,2.350864080316483,0.0,0.0,0.0,0.01721583279836723
2.0,3.0,1.0,5.9261140803164825,2.488614080316483,0.0,0.0,0.0,0.01722929811417344
2.0,4.0,1.0,5.9261140803164825,2.626364080316483,0.0,0.0,0.0,0.017248225698969433
2.0,5.0,1.0,5.926228160632966,2.7612108185127324,0.0,0.0,0.0,0.017272631760835672
2.0,6.0,1.0,5.918185199544742,2.8141698042120584,0.0,0.0,0.0,0.017234827134765943
2.0,7.0,1.0,5.895170689293565,2.859335698724533,0.0,0.0,0.0,0.017106502424784346
2.0,8.0,1.0,5.859335698724533,2.8951706892935642,0.0,0.0,0.0,0.016901024056703233
2.0,9.0,1.0,5.814169804212058,2.918185199544742,0.0,0.0,0.0,0.01663927910363531
2.0,10.0,1.0,5.7612108185127315,2.9262281606329656,0.0,0.0,0.0,0.016331433777888
2.0,11.0,1.0,5.1136140803164825,2.926114080316483,0.0,0.0,0.0,0.01261600932666133
2.0,12.0,1.0,4.463114080316483,2.926114080316483,0.0,0.0,0.0,0.00895363051880684
2.0,13.0,1.0,3.8126140803164827,2.926114080316483,0.0,0.0,0.0,0.005315916930675701
2.0,14.0,1.0,3.1650173421202332,2.9262281606329656,0.0,0.0,0.0,0.001661465578981221
2.0,15.0,1.0,3.112058356420907,2.918185199544742,0.0,0.0,0.0,0.0013592097961984983
2.0,16.0,1.0,3.0668924619084326,2.8951706892935642,0.0,0.0,0.0,0.00110211844748424
2.0,17.0,1.0,3.0310574713394014,2.859335698724533,0.0,0.0,0.0,0.0008978717970972384
2.0,18.0,1.0,3.0080429610882238,2.8141698042120584,0.0,0.0,0.0,0.0007686610894292128
2.0,19.0,1.0,3.0,2.7612108185127324,0.0,0.0,0.0,0.0007368140567343699
2.0,20.0,1.0,3.0001140803164827,2.113614080316483,0.0,0.0,0.0,0.0008336494785168743
2.0,21.0,1.0,3.0001140803164827,1.4631140803164828,0.0,0.0,0.0,0.0008489985008277814
2.0,22.0,1.0,3.0001140803164827,0.8126140803164827,0.0,0.0,0.0,0.0007897530707767415
2.0,23.0,1.0,3.0,0.16501734212023322,0.0,0.0,0.0,0.0006459132460327296
2.0,24.0,1.0,3.0080429610882238,0.11205835642090678,0.0,0.0,0.0,0.0006776443412738365
2.0,25.0,1.0,3.0310574713394014,0.06689246190843257,0.0,0.0,0.0,0.0008002478734173432
2.0,26.0,1.0,3.0668924619084326,0.0310574713394014,0.0,0.0,0.0,0.0010003375612759938
2.0,27.0,1.0,3.112058356420907,0.008042961088223777,0.0,0.0,0.0,0.0012566805750147906
2.0,28.0,1.0,3.1650173421202332,0.0,0.0,0.0,0.0,0.001559064632995246
2.0,29.0,1.0,3.8126140803164827,0.0001140803164827453,0.0,0.0,0.0,0.005215369700301148
2.0,30.0,1.0,4.463114080316483,0.0001140803164827453,0.0,0.0,0.0,0.008853056556281613
2.0,31.0,1.0,5.1136140803164825,0.0001140803164827453,0.0,0.0,0.0,0.012514196191979628
2.0,32.0,1.0,5.761210818512732,0.0,0.0,0.0,0.0,0.016227291321691
2.0,33.0,1.0,5.814169804212058,0.008042961088223777,0.0,0.0,0.0,0.01653553537341116
2.0,34.0,1.0,5.859335698724533,0.0310574713394014,0.0,0.0,0.0,0.016798903279401613
2.0,35.0,1.0,5.895170689293565,0.06689246190843257,0.0,0.0,0.0,0.0170070561929053
2.0,36.0,1.0,5.918185199544742,0.11205835642090678,0.0,0.0,0.0,0.0171388342538024
2.0,37.0,1.0,5.926228160632966,0.16501734212023322,0.0,0.0,0.0,0.017180747000179384
2.0,38.0,1.0,5.9261140803164825,0.29986408031648293,0.0,0.0,0.0,0.017166856511314745
2.0,39.0,1.0,5.9261140803164825,0.43761408031648275,0.0,0.0,0.0,0.017158702583443677
2.0,40.0,1.0,5.9261140803164825,0.5753640803164828,0.0,0.0,0.0,0.017156090117208412
2.0,41.0,1.0,5.9261140803164825,0.7131140803164828,0.0,0.0,0.0,0.017158761767053086
1.0,1.0,2.0,2.926114080316483,2.213114080316483,0.5,-0.00302151357920743,-2.1498183762011362e-5,0.0014554746717737378
1.0,2.0,2.0,2.926114080316483,2.350864080316483,0.5,-0.0030215842094430314,-2.1498183762011362e-5,0.0014656326709625669
1.0,3.0,2.0,2.926114080316483,2.488614080316483,0.5,-0.003021654839678633,-2.1498183762011362e-5,0.0014828599674212035
1.0,4.0,2.0,2.926114080316483,2.626364080316483,0.5,-0.0030217254699142345,-2.1498183762011362e-5,0.001510088291861077
1.0,5.0,2.0,2.9262281606329656,2.7612108185127324,0.5,-0.0030217946115250437,-2.149812526822094e-5,0.0015453886116471702
1.0,6.0,2.0,2.918185199544742,2.8141698042120584,0.5,-0.0030218217658309395,-2.1502249233640872e-5,0.0015061983661979748
1.0,7.0,2.0,2.8951706892935642,2.859335698724533,0.5,-0.003021844924290254,-2.1514049743849923e-5,0.0013866184040480147
1.0,8.0,2.0,2.859335698724533,2.8951706892935642,0.5,-0.0030218632984015184,-2.1532423855114333e-5,0.0011875055190579686
1.0,9.0,2.0,2.814169804212059,2.918185199544742,0.5,-0.0030218750989117276,-2.1555582314428847e-5,0.0009291037967648619
1.0,10.0,2.0,2.761210818512732,2.9262281606329656,0.5,-0.003021879222877147,-2.158273662032479e-5,0.0006285836361219013
1.0,11.0,2.0,2.113614080316483,2.926114080316483,0.5,-0.003021879164383357,-2.1914786785069933e-5,-0.0030013551275492305
1.0,12.0,2.0,1.4631140803164828,2.926114080316483,0.5,-0.003021879164383357,-2.2248325574607904e-5,-0.006585440136109868
1.0,13.0,2.0,0.8126140803164827,2.926114080316483,0.5,-0.003021879164383357,-2.2581864364145877e-5,-0.010176997134390972
1.0,14.0,2.0,0.16501734212023322,2.9262281606329656,0.5,-0.003021879222877147,-2.291391452889102e-5,-0.013808870572266848
1.0,15.0,2.0,0.11205835642090678,2.918185199544742,0.5,-0.0030218750989117276,-2.2941068834786964e-5,-0.014109889022726101
1.0,16.0,2.0,0.06689246190843257,2.8951706892935642,0.5,-0.0030218632984015184,-2.2964227294101477e-5,-0.014366463739248764
1.0,17.0,2.0,0.0310574713394014,2.859335698724533,0.5,-0.003021844924290254,-2.2982601405365888e-5,-0.014567890063573839
1.0,18.0,2.0,0.008042961088223777,2.8141698042120584,0.5,-0.0030218217658309395,-2.299440191557494e-5,-0.014692916240274944
1.0,19.0,2.0,0.0,2.7612108185127324,0.5,-0.0030217946115250437,-2.299852588099487e-5,-0.014727887309918733
1.0,20.0,2.0,0.0001140803164827453,2.113614080316483,0.5,-0.0030214625613602985,-2.299846738720445e-5,-0.014618327320634212
1.0,21.0,2.0,0.0001140803164827453,1.4631140803164828,0.5,-0.0030211290225707604,-2.299846738720445e-5,-0.014600530478171963
1.0,22.0,2.0,0.0001140803164827453,0.8126140803164827,0.5,-0.0030207954837812223,-2.299846738720445e-5,-0.014674043449545657
1.0,23.0,2.0,0.0,0.16501734212023322,0.5,-0.003020463433616477,-2.299852588099487e-5,-0.014840034851763747
1.0,24.0,2.0,0.008042961088223777,0.11205835642090678,0.5,-0.003020436279310581,-2.299440191557494e-5,-0.014809778260760234
1.0,25.0,2.0,0.0310574713394014,0.06689246190843257,0.5,-0.003020413120851267,-2.2982601405365888e-5,-0.014688823043544248
1.0,26.0,2.0,0.06689246190843257,0.0310574713394014,0.5,-0.0030203947467400023,-2.2964227294101477e-5,-0.014490662693779237
1.0,27.0,2.0,0.11205835642090678,0.008042961088223777,0.5,-0.003020382946229793,-2.2941068834786964e-5,-0.014236218877108024
1.0,28.0,2.0,0.16501734212023322,0.0,0.5,-0.0030203788222643736,-2.291391452889102e-5,-0.013935995696446149
1.0,29.0,2.0,0.8126140803164827,0.0001140803164827453,0.5,-0.0030203788807581637,-2.2581864364145877e-5,-0.010306030314119738
1.0,30.0,2.0,1.4631140803164828,0.0001140803164827453,0.5,-0.0030203788807581637,-2.2248325574607904e-5,-0.006718278432741336
1.0,31.0,2.0,2.113614080316483,0.0001140803164827453,0.5,-0.0030203788807581637,-2.1914786785069933e-5,-0.003139892216026661
1.0,32.0,2.0,2.7612108185127324,0.0,0.5,-0.0030203788222643736,-2.158273662032479e-5,0.0004828875092376475
1.0,33.0,2.0,2.814169804212059,0.008042961088223777,0.5,-0.003020382946229793,-2.1555582314428847e-5,0.0007830253114317758
1.0,34.0,2.0,2.859335698724533,0.0310574713394014,0.5,-0.0030203947467400023,-2.1532423855114333e-5,0.0010422599981290504
1.0,35.0,2.0,2.8951706892935642,0.06689246190843257,0.5,-0.003020413120851267,-2.1514049743849923e-5,0.0012462770160233318
1.0,36.0,2.0,2.918185199544742,0.11205835642090678,0.5,-0.003020436279310581,-2.1502249233640872e-5,0.0013723583513657218
1.0,37.0,2.0,2.9262281606329656,0.16501734212023322,0.5,-0.003020463433616477,-2.149812526822094e-5,0.0014078834351844403
1.0,38.0,2.0,2.926114080316483,0.29986408031648293,0.5,-0.003020532575227286,-2.1498183762011362e-5,0.0013875893307463598
1.0,39.0,2.0,2.926114080316483,0.43761408031648275,0.5,-0.0030206032054628878,-2.1498183762011362e-5,0.0013708203683757733
1.0,40.0,2.0,2.926114080316483,0.5753640803164828,0.5,-0.0030206738356984893,-2.1498183762011362e-5,0.0013643696557495638
1.0,41.0,2.0,2.926114080316483,0.7131140803164828,0.5,-0.003020744465934091,-2.1498183762011362e-5,0.001366413808704041
2.0,1.0,2.0,5.9261140803164825,2.213114080316483,0.5,-0.00302151357920743,-1.9959957215333554e-5,0.017195278370356483
2.0,2.0,2.0,5.9261140803164825,2.350864080316483,0.5,-0.0030215842094430314,-1.9959957215333554e-5,0.017203481619237838
2.0,3.0,2.0,5.9261140803164825,2.488614080316483,0.5,-0.003021654839678633,-1.9959957215333554e-5,0.017216771641036202
2.0,4.0,2.0,5.9261140803164825,2.626364080316483,0.5,-0.0030217254699142345,-1.9959957215333554e-5,0.01723543322959823
2.0,5.0,2.0,5.926228160632966,2.7612108185127324,0.5,-0.0030217946115250437,-1.9959898721543132e-5,0.017259560920128113
2.0,6.0,2.0,5.918185199544742,2.8141698042120584,0.5,-0.0030218217658309395,-1.9964022686963064e-5,0.017221740393798677
2.0,7.0,2.0,5.895170689293565,2.859335698724533,0.5,-0.003021844924290254,-1.9975823197172115e-5,0.017093511748105257
2.0,8.0,2.0,5.859335698724533,2.8951706892935642,0.5,-0.0030218632984015184,-1.9994197308436525e-5,0.01688822133373129
2.0,9.0,2.0,5.814169804212058,2.918185199544742,0.5,-0.0030218750989117276,-2.001735576775104e-5,0.016626764412380094
2.0,10.0,2.0,5.7612108185127315,2.9262281606329656,0.5,-0.003021879222877147,-2.0044510073646982e-5,0.016319327980805612
2.0,11.0,2.0,5.1136140803164825,2.926114080316483,0.5,-0.003021879164383357,-2.0376560238392125e-5,0.012608297054496146
2.0,12.0,2.0,4.463114080316483,2.926114080316483,0.5,-0.003021879164383357,-2.0710099027930096e-5,0.008950519766751801
2.0,13.0,2.0,3.8126140803164827,2.926114080316483,0.5,-0.003021879164383357,-2.104363781746807e-5,0.005319574177693125
2.0,14.0,2.0,3.1650173421202332,2.9262281606329656,0.5,-0.003021879222877147,-2.1375687982213213e-5,0.0016723659113388975
2.0,15.0,2.0,3.112058356420907,2.918185199544742,0.5,-0.0030218750989117276,-2.1402842288109156e-5,0.0013701970462002238
2.0,16.0,2.0,3.0668924619084326,2.8951706892935642,0.5,-0.0030218632984015184,-2.142600074742367e-5,0.0011119861298707421
2.0,17.0,2.0,3.0310574713394014,2.859335698724533,0.5,-0.003021844924290254,-2.144437485868808e-5,0.000911456974336863
2.0,18.0,2.0,3.0080429610882238,2.8141698042120584,0.5,-0.0030218217658309395,-2.145617536889713e-5,0.0007888327166955945
2.0,19.0,2.0,3.0,2.7612108185127324,0.5,-0.0030217946115250437,-2.1460299334317063e-5,0.000747558864674447
2.0,20.0,2.0,3.0001140803164827,2.113614080316483,0.5,-0.0030214625613602985,-2.146024084052664e-5,0.000842756227067959
2.0,21.0,2.0,3.0001140803164827,1.4631140803164828,0.5,-0.0030211290225707604,-2.146024084052664e-5,0.0008553399987895334
2.0,22.0,2.0,3.0001140803164827,0.8126140803164827,0.5,-0.0030207954837812223,-2.146024084052664e-5,0.0007988667569620652
2.0,23.0,2.0,3.0,0.16501734212023322,0.5,-0.003020463433616477,-2.1460299334317063e-5,0.0006583277473741218
2.0,24.0,2.0,3.0080429610882238,0.11205835642090678,0.5,-0.003020436279310581,-2.145617536889713e-5,0.000690965560832531
2.0,25.0,2.0,3.0310574713394014,0.06689246190843257,0.5,-0.003020413120851267,-2.144437485868808e-5,0.0008137740746776713
2.0,26.0,2.0,3.0668924619084326,0.0310574713394014,0.5,-0.0030203947467400023,-2.142600074742367e-5,0.001013348726310061
2.0,27.0,2.0,3.112058356420907,0.008042961088223777,0.5,-0.003020382946229793,-2.1402842288109156e-5,0.0012690815128257394
2.0,28.0,2.0,3.1650173421202332,0.0,0.5,-0.0030203788222643736,-2.1375687982213213e-5,0.0015703098833994382
2.0,29.0,2.0,3.8126140803164827,0.0001140803164827453,0.5,-0.0030203788807581637,-2.104363781746807e-5,0.005219219428292159
2.0,30.0,2.0,4.463114080316483,0.0001140803164827453,0.5,-0.0030203788807581637,-2.0710099027930096e-5,0.0088500423616713
2.0,31.0,2.0,5.1136140803164825,0.0001140803164827453,0.5,-0.0030203788807581637,-2.0376560238392125e-5,0.012506598183139097
2.0,32.0,2.0,5.761210818512732,0.0,0.5,-0.0030203788222643736,-2.0044510073646982e-5,0.016215337851516142
2.0,33.0,2.0,5.814169804212058,0.008042961088223777,0.5,-0.003020382946229793,-2.001735576775104e-5,0.016523171294282116
2.0,34.0,2.0,5.859335698724533,0.0310574713394014,0.5,-0.0030203947467400023,-1.9994197308436525e-5,0.01678623147712797
2.0,35.0,2.0,5.895170689293565,0.06689246190843257,0.5,-0.003020413120851267,-1.9975823197172115e-5,0.016994165785847795
2.0,36.0,2.0,5.918185199544742,0.11205835642090678,0.5,-0.003020436279310581,-1.9964022686963064e-5,0.017125812338803646
2.0,37.0,2.0,5.926228160632966,0.16501734212023322,0.5,-0.003020463433616477,-1.9959898721543132e-5,0.01716770277623153
2.0,38.0,2.0,5.9261140803164825,0.29986408031648293,0.5,-0.003020532575227286,-1.9959957215333554e-5,0.01715399462806985
2.0,39.0,2.0,5.9261140803164825,0.43761408031648275,0.5,-0.0030206032054628878,-1.9959957215333554e-5,0.017146004216588344
2.0,40.0,2.0,5.9261140803164825,0.5753640803164828,0.5,-0.0030206738356984893,-1.9959957215333554e-5,0.017143457062878266
2.0,41.0,2.0,5.9261140803164825,0.7131140803164828,0.5,-0.003020744465934091,-1.9959957215333554e-5,0.017146099396315045
1.0,1.0,3.0,2.926114080316483,2.213114080316483,1.0,-0.0060327790934326785,-4.271853082066412e-5,0.0013985023987482417
1.0,2.0,3.0,2.926114080316483,2.350864080316483,1.0,-0.0060329286710040534,-4.271853082066412e-5,0.0014087755947342726
1.0,3.0,3.0,2.926114080316483,2.488614080316483,1.0,-0.006033078248575428,-4.271853082066412e-5,0.0014277027506614428
1.0,4.0,3.0,2.926114080316483,2.626364080316483,1.0,-0.006033227826146804,-4.271853082066412e-5,0.0014516022357019185
1.0,5.0,3.0,2.9262281606329656,2.7612108185127324,1.0,-0.006033374251174806,-4.271840694511652e-5,0.0014846683379347678
1.0,6.0,3.0,2.918185199544742,2.8141698042120584,1.0,-0.006033431757356028,-4.272714049565185e-5,0.0014608941378696817
1.0,7.0,3.0,2.8951706892935642,2.859335698724533,1.0,-0.006033480801311093,-4.2752131091294375e-5,0.001333045728535271
1.0,8.0,3.0,2.859335698724533,2.8951706892935642,1.0,-0.006033519713186661,-4.2791042966862914e-5,0.0011323266772865091
1.0,9.0,3.0,2.814169804212059,2.918185199544742,1.0,-0.006033544703782304,-4.28400869219276e-5,0.0008800526010418331
1.0,10.0,3.0,2.761210818512732,2.9262281606329656,1.0,-0.006033553437332839,-4.289759310315007e-5,0.0005782913189248412
1.0,11.0,3.0,2.113614080316483,2.926114080316483,1.0,-0.006033553313457292,-4.36007941726952e-5,-0.0030205615425640733
1.0,12.0,3.0,1.4631140803164828,2.926114080316483,1.0,-0.006033553313457292,-4.430714778561363e-5,-0.006581210208930632
1.0,13.0,3.0,0.8126140803164827,2.926114080316483,1.0,-0.006033553313457292,-4.501350139853205e-5,-0.010157720544021281
1.0,14.0,3.0,0.16501734212023322,2.9262281606329656,1.0,-0.006033553437332839,-4.571670246807719e-5,-0.013777298338631262
1.0,15.0,3.0,0.11205835642090678,2.918185199544742,1.0,-0.006033544703782304,-4.577420864929965e-5,-0.0140772201913855
1.0,16.0,3.0,0.06689246190843257,2.8951706892935642,1.0,-0.006033519713186661,-4.5823252604364345e-5,-0.014332871449019952
1.0,17.0,3.0,0.0310574713394014,2.859335698724533,1.0,-0.006033480801311093,-4.586216447993288e-5,-0.014533669685865126
1.0,18.0,3.0,0.008042961088223777,2.8141698042120584,1.0,-0.006033431757356028,-4.588715507557541e-5,-0.014658498429121864
1.0,19.0,3.0,0.0,2.7612108185127324,1.0,-0.006033374251174806,-4.589588862611074e-5,-0.014693805039092145
1.0,20.0,3.0,0.0001140803164827453,2.113614080316483,1.0,-0.00603267105010526,-4.589576475056314e-5,-0.014589109514604471
1.0,21.0,3.0,0.0001140803164827453,1.4631140803164828,1.0,-0.006031964696492342,-4.589576475056314e-5,-0.014572981509317651
1.0,22.0,3.0,0.0001140803164827453,0.8126140803164827,1.0,-0.006031258342879424,-4.589576475056314e-5,-0.014644520030714153
1.0,23.0,3.0,0.0,0.16501734212023322,1.0,-0.006030555141809878,-4.589588862611074e-5,-0.014805250569460172
1.0,24.0,3.0,0.008042961088223777,0.11205835642090678,1.0,-0.006030497635628656,-4.588715507557541e-5,-0.014774621555403874
1.0,25.0,3.0,0.0310574713394014,0.06689246190843257,1.0,-0.006030448591673591,-4.586216447993288e-5,-0.014653836213813633
1.0,26.0,3.0,0.06689246190843257,0.0310574713394014,1.0,-0.006030409679798023,-4.5823252604364345e-5,-0.014456288794531449
1.0,27.0,3.0,0.11205835642090678,0.008042961088223777,1.0,-0.00603038468920238,-4.577420864929965e-5,-0.01420276887242493
1.0,28.0,3.0,0.16501734212023322,0.0,1.0,-0.006030375955651845,-4.571670246807719e-5,-0.013903661963391344
1.0,29.0,3.0,0.8126140803164827,0.0001140803164827453,1.0,-0.006030376079527392,-4.501350139853205e-5,-0.010286209292610586
1.0,30.0,3.0,1.4631140803164828,0.0001140803164827453,1.0,-0.006030376079527392,-4.430714778561363e-5,-0.0067134108126922195
1.0,31.0,3.0,2.113614080316483,0.0001140803164827453,1.0,-0.006030376079527392,-4.36007941726952e-5,-0.0031585639911981297
1.0,32.0,3.0,2.7612108185127324,0.0,1.0,-0.006030375955651845,-4.289759310315007e-5,0.0004326615926471376
1.0,33.0,3.0,2.814169804212059,0.008042961088223777,1.0,-0.00603038468920238,-4.28400869219276e-5,0.0007347577181295754
1.0,34.0,3.0,2.859335698724533,0.0310574713394014,1.0,-0.006030409679798023,-4.2791042966862914e-5,0.0009886027096898252
1.0,35.0,3.0,2.8951706892935642,0.06689246190843257,1.0,-0.006030448591673591,-4.2752131091294375e-5,0.0011886650850721067
1.0,36.0,3.0,2.918185199544742,0.11205835642090678,1.0,-0.006030497635628656,-4.272714049565185e-5,0.0013157822477740941
1.0,37.0,3.0,2.9262281606329656,0.16501734212023322,1.0,-0.006030555141809878,-4.271840694511652e-5,0.001355160634517808
1.0,38.0,3.0,2.926114080316483,0.29986408031648293,1.0,-0.00603070156683788,-4.271853082066412e-5,0.0013256762572391387
1.0,39.0,3.0,2.926114080316483,0.43761408031648275,1.0,-0.006030851144409256,-4.271853082066412e-5,0.0013130289687427704
1.0,40.0,3.0,2.926114080316483,0.5753640803164828,1.0,-0.0060310007219806306,-4.271853082066412e-5,0.0013061454423367906
1.0,41.0,3.0,2.926114080316483,0.7131140803164828,1.0,-0.0060311502995520055,-4.271853082066412e-5,0.0013065704416726728
2.0,1.0,3.0,5.9261140803164825,2.213114080316483,1.0,-0.0060327790934326785,-3.946094305931856e-5,0.01715890055878985
2.0,2.0,3.0,5.9261140803164825,2.350864080316483,1.0,-0.0060329286710040534,-3.946094305931856e-5,0.017166800619576324
2.0,3.0,3.0,5.9261140803164825,2.488614080316483,1.0,-0.006033078248575428,-3.946094305931856e-5,0.01717954859721849
2.0,4.0,3.0,5.9261140803164825,2.626364080316483,1.0,-0.006033227826146804,-3.946094305931856e-5,0.017197447876053117
2.0,5.0,3.0,5.926228160632966,2.7612108185127324,1.0,-0.006033374251174806,-3.946081918377097e-5,0.017220554887425327
2.0,6.0,3.0,5.918185199544742,2.8141698042120584,1.0,-0.006033431757356028,-3.9469552734306294e-5,0.017182507469615162
2.0,7.0,3.0,5.895170689293565,2.859335698724533,1.0,-0.006033480801311093,-3.949454332994883e-5,0.017054584178841856
2.0,8.0,3.0,5.859335698724533,2.8951706892935642,1.0,-0.006033519713186661,-3.9533455205517366e-5,0.016850038632999945
2.0,9.0,3.0,5.814169804212058,2.918185199544742,1.0,-0.006033544703782304,-3.958249916058205e-5,0.01658960853051178
2.0,10.0,3.0,5.7612108185127315,2.9262281606329656,1.0,-0.006033553437332839,-3.964000534180452e-5,0.016283333670036655
2.0,11.0,3.0,5.1136140803164825,2.926114080316483,1.0,-0.006033553313457292,-4.034320641134965e-5,0.012585189226766005
2.0,12.0,3.0,4.463114080316483,2.926114080316483,1.0,-0.006033553313457292,-4.1049560024268075e-5,0.008940699062769552
2.0,13.0,3.0,3.8126140803164827,2.926114080316483,1.0,-0.006033553313457292,-4.1755913637186504e-5,0.005329579622658676
2.0,14.0,3.0,3.1650173421202332,2.9262281606329656,1.0,-0.006033553437332839,-4.2459114706731636e-5,0.001707422248455298
2.0,15.0,3.0,3.112058356420907,2.918185199544742,1.0,-0.006033544703782304,-4.2516620887954105e-5,0.0014067120342268651
2.0,16.0,3.0,3.0668924619084326,2.8951706892935642,1.0,-0.006033519713186661,-4.256566484301879e-5,0.0011506109874292402
2.0,17.0,3.0,3.0310574713394014,2.859335698724533,1.0,-0.006033480801311093,-4.260457671858733e-5,0.0009463150790244179
2.0,18.0,3.0,3.0080429610882238,2.8141698042120584,1.0,-0.006033431757356028,-4.262956731422986e-5,0.0008161828126264005
2.0,19.0,3.0,3.0,2.7612108185127324,1.0,-0.006033374251174806,-4.2638300864765184e-5,0.0007882214296461484
2.0,20.0,3.0,3.0001140803164827,2.113614080316483,1.0,-0.00603267105010526,-4.2638176989217594e-5,0.0008675800521647978
2.0,21.0,3.0,3.0001140803164827,1.4631140803164828,1.0,-0.006031964696492342,-4.2638176989217594e-5,0.0008735153007686909
2.0,22.0,3.0,3.0001140803164827,0.8126140803164827,1.0,-0.006031258342879424,-4.2638176989217594e-5,0.0008252099042965252
2.0,23.0,3.0,3.0,0.16501734212023322,1.0,-0.006030555141809878,-4.2638300864765184e-5,0.0006985150482665203
2.0,24.0,3.0,3.0080429610882238,0.11205835642090678,1.0,-0.006030497635628656,-4.262956731422986e-5,0.000729999129409601
2.0,25.0,3.0,3.0310574713394014,0.06689246190843257,1.0,-0.006030448591673591,-4.260457671858733e-5,0.0008518019257116485
2.0,26.0,3.0,3.0668924619084326,0.0310574713394014,1.0,-0.006030409679798023,-4.256566484301879e-5,0.0010508007355644652
2.0,27.0,3.0,3.112058356420907,0.008042961088223777,1.0,-0.00603038468920238,-4.2516620887954105e-5,0.0013057571682979375
2.0,28.0,3.0,3.1650173421202332,0.0,1.0,-0.006030375955651845,-4.2459114706731636e-5,0.0016065146215730212
2.0,29.0,3.0,3.8126140803164827,0.0001140803164827453,1.0,-0.006030376079527392,-4.1755913637186504e-5,0.005229756198927741
2.0,30.0,3.0,4.463114080316483,0.0001140803164827453,1.0,-0.006030376079527392,-4.1049560024268075e-5,0.008840476292513546
2.0,31.0,3.0,5.1136140803164825,0.0001140803164827453,1.0,-0.006030376079527392,-4.034320641134965e-5,0.012483847758685442
2.0,32.0,3.0,5.761210818512732,0.0,1.0,-0.006030375955651845,-3.964000534180452e-5,0.016179787433871284
2.0,33.0,3.0,5.814169804212058,0.008042961088223777,1.0,-0.00603038468920238,-3.958249916058205e-5,0.016486445470025653
2.0,34.0,3.0,5.859335698724533,0.0310574713394014,1.0,-0.006030409679798023,-3.9533455205517366e-5,0.016748434621781855
2.0,35.0,3.0,5.895170689293565,0.06689246190843257,1.0,-0.006030448591673591,-3.949454332994883e-5,0.016955550878379275
2.0,36.0,3.0,5.918185199544742,0.11205835642090678,1.0,-0.006030497635628656,-3.9469552734306294e-5,0.01708679703067983
2.0,37.0,3.0,5.926228160632966,0.16501734212023322,1.0,-0.006030555141809878,-3.946081918377097e-5,0.017128803266222885
2.0,38.0,3.0,5.9261140803164825,0.29986408031648293,1.0,-0.00603070156683788,-3.946094305931856e-5,0.017115828253531057
2.0,39.0,3.0,5.9261140803164825,0.43761408031648275,1.0,-0.006030851144409256,-3.946094305931856e-5,0.01710828904453638
2.0,40.0,3.0,5.9261140803164825,0.5753640803164828,1.0,-0.0060310007219806306,-3.946094305931856e-5,0.017105957237554984
2.0,41.0,3.0,5.9261140803164825,0.7131140803164828,1.0,-0.0060311502995520055,-3.946094305931856e-5,0.017108572892682562
1.0,1.0,4.0,2.926114080316483,2.213114080316483,1.5,-0.009022255991730973,-6.334388278193352e-5,0.001305162466386516
1.0,2.0,4.0,2.926114080316483,2.350864080316483,1.5,-0.009022496125711803,-6.334388278193352e-5,0.0013141484495193757
1.0,3.0,4.0,2.926114080316483,2.488614080316483,1.5,-0.009022736259692634,-6.334388278193352e-5,0.0013303040148619919
1.0,4.0,4.0,2.926114080316483,2.626364080316483,1.5,-0.009022976393673464,-6.334388278193352e-5,0.0013608274130423362
1.0,5.0,4.0,2.9262281606329656,2.7612108185127324,1.5,-0.009023211466515897,-6.334368391035072e-5,0.0013937416346150669
1.0,6.0,4.0,2.918185199544742,2.8141698042120584,1.5,-0.009023303787764947,-6.335770487778287e-5,0.001345472901432455
1.0,7.0,4.0,2.8951706892935642,2.859335698724533,1.5,-0.009023382523634617,-6.339782513886075e-5,0.0012319187428002614
1.0,8.0,4.0,2.859335698724533,2.8951706892935642,1.5,-0.00902344499331838,-6.346029482262383e-5,0.0010388866975326952
1.0,9.0,4.0,2.814169804212059,2.918185199544742,1.5,-0.009023485113579458,-6.353903069229386e-5,0.0007863070977635173
1.0,10.0,4.0,2.761210818512732,2.9262281606329656,1.5,-0.00902349913454689,-6.363135194134446e-5,0.0004965492587178601
1.0,11.0,4.0,2.113614080316483,2.926114080316483,1.5,-0.009023498935675308,-6.476028103547051e-5,-0.0030516933723934254
1.0,12.0,4.0,1.4631140803164828,2.926114080316483,1.5,-0.009023498935675308,-6.58942712679946e-5,-0.006570682307289986
1.0,13.0,4.0,0.8126140803164827,2.926114080316483,1.5,-0.009023498935675308,-6.702826150051868e-5,-0.010125854920655564
1.0,14.0,4.0,0.16501734212023322,2.9262281606329656,1.5,-0.00902349913454689,-6.815719059464473e-5,-0.013725003167126559
1.0,15.0,4.0,0.11205835642090678,2.918185199544742,1.5,-0.009023485113579458,-6.824951184369533e-5,-0.014023221104122676
1.0,16.0,4.0,0.06689246190843257,2.8951706892935642,1.5,-0.00902344499331838,-6.832824771336536e-5,-0.01427750319348524
1.0,17.0,4.0,0.0310574713394014,2.859335698724533,1.5,-0.009023382523634617,-6.839071739712844e-5,-0.014477362958392415
1.0,18.0,4.0,0.008042961088223777,2.8141698042120584,1.5,-0.009023303787764947,-6.843083765820631e-5,-0.01460184089320961
1.0,19.0,4.0,0.0,2.7612108185127324,1.5,-0.009023211466515897,-6.844485862563847e-5,-0.014637526291254723
1.0,20.0,4.0,0.0001140803164827453,2.113614080316483,1.5,-0.009022082537421771,-6.844465975405567e-5,-0.014541262325361858
1.0,21.0,4.0,0.0001140803164827453,1.4631140803164828,1.5,-0.009020948547189246,-6.844465975405567e-5,-0.014527892943424431
1.0,22.0,4.0,0.0001140803164827453,0.8126140803164827,1.5,-0.009019814556956721,-6.844465975405567e-5,-0.014596190021874155
1.0,23.0,4.0,0.0,0.16501734212023322,1.5,-0.009018685627862595,-6.844485862563847e-5,-0.014747838924884606
1.0,24.0,4.0,0.008042961088223777,0.11205835642090678,1.5,-0.009018593306613545,-6.843083765820631e-5,-0.014716774418431042
1.0,25.0,4.0,0.0310574713394014,0.06689246190843257,1.5,-0.009018514570743876,-6.839071739712844e-5,-0.014596302124375694
1.0,26.0,4.0,0.06689246190843257,0.0310574713394014,1.5,-0.009018452101060113,-6.832824771336536e-5,-0.014399675259369575
1.0,27.0,4.0,0.11205835642090678,0.008042961088223777,1.5,-0.009018411980799034,-6.824951184369533e-5,-0.01414752848110048
1.0,28.0,4.0,0.16501734212023322,0.0,1.5,-0.009018397959831602,-6.815719059464473e-5,-0.013850150405451478
1.0,29.0,4.0,0.8126140803164827,0.0001140803164827453,1.5,-0.009018398158703185,-6.702826150051868e-5,-0.010253446905253316
1.0,30.0,4.0,1.4631140803164828,0.0001140803164827453,1.5,-0.009018398158703185,-6.58942712679946e-5,-0.006702055348414364
1.0,31.0,4.0,2.113614080316483,0.0001140803164827453,1.5,-0.009018398158703185,-6.476028103547051e-5,-0.0031880753907723913
1.0,32.0,4.0,2.7612108185127324,0.0,1.5,-0.009018397959831602,-6.363135194134446e-5,0.000349998928805024
1.0,33.0,4.0,2.814169804212059,0.008042961088223777,1.5,-0.009018411980799034,-6.353903069229386e-5,0.0006397458600746422
1.0,34.0,4.0,2.859335698724533,0.0310574713394014,1.5,-0.009018452101060113,-6.346029482262383e-5,0.0008940241864053368
1.0,35.0,4.0,2.8951706892935642,0.06689246190843257,1.5,-0.009018514570743876,-6.339782513886075e-5,0.0010935389596489326
1.0,36.0,4.0,2.918185199544742,0.11205835642090678,1.5,-0.009018593306613545,-6.335770487778287e-5,0.001215432448754841
1.0,37.0,4.0,2.9262281606329656,0.16501734212023322,1.5,-0.009018685627862595,-6.334368391035072e-5,0.00124742052276709
1.0,38.0,4.0,2.926114080316483,0.29986408031648293,1.5,-0.009018920700705028,-6.334388278193352e-5,0.001235097318702278
1.0,39.0,4.0,2.926114080316483,0.43761408031648275,1.5,-0.009019160834685859,-6.334388278193352e-5,0.0012143132334543158
1.0,40.0,4.0,2.926114080316483,0.5753640803164828,1.5,-0.009019400968666689,-6.334388278193352e-5,0.0012061590416240855
1.0,41.0,4.0,2.926114080316483,0.7131140803164828,1.5,-0.009019641102647519,-6.334388278193352e-5,0.0012085809005725958
2.0,1.0,4.0,5.9261140803164825,2.213114080316483,1.5,-0.009022255991730973,-5.811410461502771e-5,0.01709970501540892
2.0,2.0,4.0,5.9261140803164825,2.350864080316483,1.5,-0.009022496125711803,-5.811410461502771e-5,0.01710702312000995
2.0,3.0,4.0,5.9261140803164825,2.488614080316483,1.5,-0.009022736259692634,-5.811410461502771e-5,0.017118723285339255
2.0,4.0,4.0,5.9261140803164825,2.626364080316483,1.5,-0.009022976393673464,-5.811410461502771e-5,0.017135164824627434
2.0,5.0,4.0,5.926228160632966,2.7612108185127324,1.5,-0.009023211466515897,-5.811390574344491e-5,0.017156627067058092
2.0,6.0,4.0,5.918185199544742,2.8141698042120584,1.5,-0.009023303787764947,-5.8127926710877064e-5,0.0171182920468005
2.0,7.0,4.0,5.895170689293565,2.859335698724533,1.5,-0.009023382523634617,-5.816804697195494e-5,0.016990801337332814
2.0,8.0,4.0,5.859335698724533,2.8951706892935642,1.5,-0.00902344499331838,-5.823051665571801e-5,0.01678728412090347
2.0,9.0,4.0,5.814169804212058,2.918185199544742,1.5,-0.009023485113579458,-5.8309252525388045e-5,0.01652838691603789
2.0,10.0,4.0,5.7612108185127315,2.9262281606329656,1.5,-0.00902349913454689,-5.840157377443865e-5,0.016224117789261226
2.0,11.0,4.0,5.1136140803164825,2.926114080316483,1.5,-0.009023498935675308,-5.953050286856471e-5,0.012547435645806754
2.0,12.0,4.0,4.463114080316483,2.926114080316483,1.5,-0.009023498935675308,-6.0664493101088784e-5,0.008921682409280745
2.0,13.0,4.0,3.8126140803164827,2.926114080316483,1.5,-0.009023498935675308,-6.179848333361286e-5,0.005344788895732024
2.0,14.0,4.0,3.1650173421202332,2.9262281606329656,1.5,-0.00902349913454689,-6.292741242773892e-5,0.0017668826523128674
2.0,15.0,4.0,3.112058356420907,2.918185199544742,1.5,-0.009023485113579458,-6.301973367678952e-5,0.0014718073864767969
2.0,16.0,4.0,3.0668924619084326,2.8951706892935642,1.5,-0.00902344499331838,-6.309846954645956e-5,0.0012195367161043705
2.0,17.0,4.0,3.0310574713394014,2.859335698724533,1.5,-0.009023382523634617,-6.316093923022262e-5,0.0010242272097827603
2.0,18.0,4.0,3.0080429610882238,2.8141698042120584,1.5,-0.009023303787764947,-6.32010594913005e-5,0.0009051438711682893
2.0,19.0,4.0,3.0,2.7612108185127324,1.5,-0.009023211466515897,-6.321508045873265e-5,0.0008517786879764678
2.0,20.0,4.0,3.0001140803164827,2.113614080316483,1.5,-0.009022082537421771,-6.321488158714985e-5,0.0009102275801229892
2.0,21.0,4.0,3.0001140803164827,1.4631140803164828,1.5,-0.009020948547189246,-6.321488158714985e-5,0.0008967046070147489
2.0,22.0,4.0,3.0001140803164827,0.8126140803164827,1.5,-0.009019814556956721,-6.321488158714985e-5,0.0008686920169371301
2.0,23.0,4.0,3.0,0.16501734212023322,1.5,-0.009018685627862595,-6.321508045873265e-5,0.000768521639653326
2.0,24.0,4.0,3.0080429610882238,0.11205835642090678,1.5,-0.009018593306613545,-6.32010594913005e-5,0.0008040466613363145
2.0,25.0,4.0,3.0310574713394014,0.06689246190843257,1.5,-0.009018514570743876,-6.316093923022262e-5,0.0009268478794107239
2.0,26.0,4.0,3.0668924619084326,0.0310574713394014,1.5,-0.009018452101060113,-6.309846954645956e-5,0.0011237162613043942
2.0,27.0,4.0,3.112058356420907,0.008042961088223777,1.5,-0.009018411980799034,-6.301973367678952e-5,0.0013746820621880036
2.0,28.0,4.0,3.1650173421202332,0.0,1.5,-0.009018397959831602,-6.292741242773892e-5,0.0016690881782242934
2.0,29.0,4.0,3.8126140803164827,0.0001140803164827453,1.5,-0.009018398158703185,-6.179848333361286e-5,0.00524510125087774
2.0,30.0,4.0,4.463114080316483,0.0001140803164827453,1.5,-0.009018398158703185,-6.0664493101088784e-5,0.008822081309371477
2.0,31.0,4.0,5.1136140803164825,0.0001140803164827453,1.5,-0.009018398158703185,-5.953050286856471e-5,0.012446610821174816
2.0,32.0,4.0,5.761210818512732,0.0,1.5,-0.009018397959831602,-5.840157377443865e-5,0.016121307897741695
2.0,33.0,4.0,5.814169804212058,0.008042961088223777,1.5,-0.009018411980799034,-5.8309252525388045e-5,0.016425965172185693
2.0,34.0,4.0,5.859335698724533,0.0310574713394014,1.5,-0.009018452101060113,-5.823051665571801e-5,0.016686352679409433
2.0,35.0,4.0,5.895170689293565,0.06689246190843257,1.5,-0.009018514570743876,-5.816804697195494e-5,0.016892319715110852
2.0,36.0,4.0,5.918185199544742,0.11205835642090678,1.5,-0.009018593306613545,-5.8127926710877064e-5,0.017022981425112788
2.0,37.0,4.0,5.926228160632966,0.16501734212023322,1.5,-0.009018685627862595,-5.811390574344491e-5,0.017065103540905523
2.0,38.0,4.0,5.9261140803164825,0.29986408031648293,1.5,-0.009018920700705028,-5.811410461502771e-5,0.017053341260734246
2.0,39.0,4.0,5.9261140803164825,0.43761408031648275,1.5,-0.009019160834685859,-5.811410461502771e-5,0.017046783823758824
2.0,40.0,4.0,5.9261140803164825,0.5753640803164828,1.5,-0.009019400968666689,-5.811410461502771e-5,0.017044956495568277
2.0,41.0,4.0,5.9261140803164825,0.7131140803164828,1.5,-0.009019641102647519,-5.811410461502771e-5,0.01704754672834751
1.0,1.0,5.0,2.926114080316483,2.213114080316483,2.0,-0.011980440738652827,-8.308932075759256e-5,0.001187748130733113
1.0,2.0,5.0,2.926114080316483,2.350864080316483,2.0,-0.011980799680023494,-8.308932075759256e-5,0.0011929740301349096
1.0,3.0,5.0,2.926114080316483,2.488614080316483,2.0,-0.011981158621394164,-8.308932075759256e-5,0.0011984402509996144
1.0,4.0,5.0,2.926114080316483,2.626364080316483,2.0,-0.011981517562764834,-8.308932075759256e-5,0.0012032811328218304
1.0,5.0,5.0,2.9262281606329656,2.7612108185127324,2.0,-0.011981868938975638,-8.308902349338084e-5,0.0012422593902933583
1.0,6.0,5.0,2.918185199544742,2.8141698042120584,2.0,-0.011982006936586645,-8.310998139884177e-5,0.0012400637122366818
1.0,7.0,5.0,2.8951706892935642,2.859335698724533,2.0,-0.01198212462738943,-8.316995134334146e-5,0.0011090972347230802
1.0,8.0,5.0,2.859335698724533,2.8951706892935642,2.0,-0.01198221800423613,-8.326332819004023e-5,0.0009074799061121581
1.0,9.0,5.0,2.814169804212059,2.918185199544742,2.0,-0.01198227797418063,-8.33810189928264e-5,0.0006564012510576194
1.0,10.0,5.0,2.761210818512732,2.9262281606329656,2.0,-0.01198229893208609,-8.351901660383294e-5,0.0003507511056072684
1.0,11.0,5.0,2.113614080316483,2.926114080316483,2.0,-0.011982298634821878,-8.520648855191919e-5,-0.003077902194996329
1.0,12.0,5.0,1.4631140803164828,2.926114080316483,2.0,-0.011982298634821878,-8.690152565986931e-5,-0.006552890502964529
1.0,13.0,5.0,0.8126140803164827,2.926114080316483,2.0,-0.011982298634821878,-8.859656276781944e-5,-0.01008131034532152
1.0,14.0,5.0,0.16501734212023322,2.9262281606329656,2.0,-0.01198229893208609,-9.028403471590568e-5,-0.013652989645115656
1.0,15.0,5.0,0.11205835642090678,2.918185199544742,2.0,-0.01198227797418063,-9.042203232691223e-5,-0.01394858267091491
1.0,16.0,5.0,0.06689246190843257,2.8951706892935642,2.0,-0.01198221800423613,-9.05397231296984e-5,-0.014200680466094568
1.0,17.0,5.0,0.0310574713394014,2.859335698724533,2.0,-0.01198212462738943,-9.063309997639717e-5,-0.014399098778091098
1.0,18.0,5.0,0.008042961088223777,2.8141698042120584,2.0,-0.011982006936586645,-9.069306992089685e-5,-0.014523197279903005
1.0,19.0,5.0,0.0,2.7612108185127324,2.0,-0.011981868938975638,-9.07140278263578e-5,-0.014559810796663979
1.0,20.0,5.0,0.0001140803164827453,2.113614080316483,2.0,-0.011980181467027552,-9.071373056214607e-5,-0.014476363631853282
1.0,21.0,5.0,0.0001140803164827453,1.4631140803164828,2.0,-0.011978486429919602,-9.071373056214607e-5,-0.01446619567129105
1.0,22.0,5.0,0.0001140803164827453,0.8126140803164827,2.0,-0.011976791392811652,-9.071373056214607e-5,-0.01453066704750557
1.0,23.0,5.0,0.0,0.16501734212023322,2.0,-0.011975103920863565,-9.07140278263578e-5,-0.01466864033195793
1.0,24.0,5.0,0.008042961088223777,0.11205835642090678,2.0,-0.011974965923252558,-9.069306992089685e-5,-0.01463655878888781
1.0,25.0,5.0,0.0310574713394014,0.06689246190843257,2.0,-0.011974848232449773,-9.063309997639717e-5,-0.014516404814754623
1.0,26.0,5.0,0.06689246190843257,0.0310574713394014,2.0,-0.011974754855603073,-9.05397231296984e-5,-0.014321189304837773
1.0,27.0,5.0,0.11205835642090678,0.008042961088223777,2.0,-0.011974694885658574,-9.042203232691223e-5,-0.014071229744751002
1.0,28.0,5.0,0.16501734212023322,0.0,2.0,-0.011974673927753114,-9.028403471590568e-5,-0.013776513378580432
1.0,29.0,5.0,0.8126140803164827,0.0001140803164827453,2.0,-0.011974674225017325,-8.859656276781944e-5,-0.01020772965628255
1.0,30.0,5.0,1.4631140803164828,0.0001140803164827453,2.0,-0.011974674225017325,-8.690152565986931e-5,-0.006683208841303292
1.0,31.0,5.0,2.113614080316483,0.0001140803164827453,2.0,-0.011974674225017325,-8.520648855191919e-5,-0.00321252588298171
1.0,32.0,5.0,2.7612108185127324,0.0,2.0,-0.011974673927753114,-8.351901660383294e-5,0.0002077832734592202
1.0,33.0,5.0,2.814169804212059,0.008042961088223777,2.0,-0.011974694885658574,-8.33810189928264e-5,0.0005102398350001782
1.0,34.0,5.0,2.859335698724533,0.0310574713394014,2.0,-0.011974754855603073,-8.326332819004023e-5,0.0007585217844298758
1.0,35.0,5.0,2.8951706892935642,0.06689246190843257,2.0,-0.011974848232449773,-8.316995134334146e-5,0.0009552192705841238
1.0,36.0,5.0,2.918185199544742,0.11205835642090678,2.0,-0.011974965923252558,-8.310998139884177e-5,0.0010813206099422885
1.0,37.0,5.0,2.9262281606329656,0.16501734212023322,2.0,-0.011975103920863565,-8.308902349338084e-5,0.0011222075337159586
1.0,38.0,5.0,2.926114080316483,0.29986408031648293,2.0,-0.01197545529707437,-8.308932075759256e-5,0.0010708227885892869
1.0,39.0,5.0,2.926114080316483,0.43761408031648275,2.0,-0.01197581423844504,-8.308932075759256e-5,0.0010712119466177584
1.0,40.0,5.0,2.926114080316483,0.5753640803164828,2.0,-0.011976173179815709,-8.308932075759256e-5,0.0010790464757654216
1.0,41.0,5.0,2.926114080316483,0.7131140803164828,2.0,-0.011976532121186377,-8.308932075759256e-5,0.0010838334334623135
2.0,1.0,5.0,5.9261140803164825,2.213114080316483,2.0,-0.011980440738652827,-7.527208582469423e-5,0.017019918117650416
2.0,2.0,5.0,5.9261140803164825,2.350864080316483,2.0,-0.011980799680023494,-7.527208582469423e-5,0.017026406823095797
2.0,3.0,5.0,5.9261140803164825,2.488614080316483,2.0,-0.011981158621394164,-7.527208582469423e-5,0.017036580249196773
2.0,4.0,5.0,5.9261140803164825,2.626364080316483,2.0,-0.011981517562764834,-7.527208582469423e-5,0.01705061573747799
2.0,5.0,5.0,5.926228160632966,2.7612108185127324,2.0,-0.011981868938975638,-7.527178856048251e-5,0.017068852249197804
2.0,6.0,5.0,5.918185199544742,2.8141698042120584,2.0,-0.011982006936586645,-7.529274646594344e-5,0.017029755307435918
2.0,7.0,5.0,5.895170689293565,2.859335698724533,2.0,-0.01198212462738943,-7.535271641044313e-5,0.01690283154773439
2.0,8.0,5.0,5.859335698724533,2.8951706892935642,2.0,-0.01198221800423613,-7.54460932571419e-5,0.016700966334696452
2.0,9.0,5.0,5.814169804212058,2.918185199544742,2.0,-0.01198227797418063,-7.556378405992808e-5,0.016444417639374785
2.0,10.0,5.0,5.7612108185127315,2.9262281606329656,2.0,-0.01198229893208609,-7.570178167093462e-5,0.01614282167232618
2.0,11.0,5.0,5.1136140803164825,2.926114080316483,2.0,-0.011982298634821878,-7.738925361902086e-5,0.012496068419742204
2.0,12.0,5.0,4.463114080316483,2.926114080316483,2.0,-0.011982298634821878,-7.908429072697098e-5,0.00889307669340489
2.0,13.0,5.0,3.8126140803164827,2.926114080316483,2.0,-0.011982298634821878,-8.077932783492111e-5,0.0053505183480240075
2.0,14.0,5.0,3.1650173421202332,2.9262281606329656,2.0,-0.01198229893208609,-8.246679978300735e-5,0.001876269614518236
2.0,15.0,5.0,3.112058356420907,2.918185199544742,2.0,-0.01198227797418063,-8.26047973940139e-5,0.0015766003004899312
2.0,16.0,5.0,3.0668924619084326,2.8951706892935642,2.0,-0.01198221800423613,-8.272248819680007e-5,0.0013197778163815217
2.0,17.0,5.0,3.0310574713394014,2.859335698724533,2.0,-0.01198212462738943,-8.281586504349884e-5,0.0011141793471158867
2.0,18.0,5.0,3.0080429610882238,2.8141698042120584,2.0,-0.011982006936586645,-8.287583498799853e-5,0.000982664250109279
2.0,19.0,5.0,3.0,2.7612108185127324,2.0,-0.011981868938975638,-8.289679289345945e-5,0.000977440772327584
2.0,20.0,5.0,3.0001140803164827,2.113614080316483,2.0,-0.011980181467027552,-8.289649562924774e-5,0.0009578865333451186
2.0,21.0,5.0,3.0001140803164827,1.4631140803164828,2.0,-0.011978486429919602,-8.289649562924774e-5,0.0009169116834455006
2.0,22.0,5.0,3.0001140803164827,0.8126140803164827,2.0,-0.011976791392811652,-8.289649562924774e-5,0.0009222831880204153
2.0,23.0,5.0,3.0,0.16501734212023322,2.0,-0.011975103920863565,-8.289679289345945e-5,0.0008884643036825868
2.0,24.0,5.0,3.0080429610882238,0.11205835642090678,2.0,-0.011974965923252558,-8.287583498799853e-5,0.0009173992763453904
2.0,25.0,5.0,3.0310574713394014,0.06689246190843257,2.0,-0.011974848232449773,-8.281586504349884e-5,0.0010352567060214635
2.0,26.0,5.0,3.0668924619084326,0.0310574713394014,2.0,-0.011974754855603073,-8.272248819680007e-5,0.0012304111964377515
2.0,27.0,5.0,3.112058356420907,0.008042961088223777,2.0,-0.011974694885658574,-8.26047973940139e-5,0.0014814484283961116
2.0,28.0,5.0,3.1650173421202332,0.0,2.0,-0.011974673927753114,-8.246679978300735e-5,0.0017776657884837844
2.0,29.0,5.0,3.8126140803164827,0.0001140803164827453,2.0,-0.011974674225017325,-8.077932783492111e-5,0.005251701628906408
2.0,30.0,5.0,4.463114080316483,0.0001140803164827453,2.0,-0.011974674225017325,-7.908429072697098e-5,0.008794288876630535
2.0,31.0,5.0,5.1136140803164825,0.0001140803164827453,2.0,-0.011974674225017325,-7.738925361902086e-5,0.012395890310902751
2.0,32.0,5.0,5.761210818512732,0.0,2.0,-0.011974673927753114,-7.570178167093462e-5,0.01604092599571512
2.0,33.0,5.0,5.814169804212058,0.008042961088223777,2.0,-0.011974694885658574,-7.556378405992808e-5,0.016342909990809194
2.0,34.0,5.0,5.859335698724533,0.0310574713394014,2.0,-0.011974754855603073,-7.54460932571419e-5,0.016600877310721383
2.0,35.0,5.0,5.895170689293565,0.06689246190843257,2.0,-0.011974848232449773,-7.535271641044313e-5,0.01680505843610912
2.0,36.0,5.0,5.918185199544742,0.11205835642090678,2.0,-0.011974965923252558,-7.529274646594344e-5,0.01693498004290261
2.0,37.0,5.0,5.926228160632966,0.16501734212023322,2.0,-0.011975103920863565,-7.527178856048251e-5,0.01697767333763997
2.0,38.0,5.0,5.9261140803164825,0.29986408031648293,2.0,-0.01197545529707437,-7.527208582469423e-5,0.01696868402880934
2.0,39.0,5.0,5.9261140803164825,0.43761408031648275,2.0,-0.01197581423844504,-7.527208582469423e-5,0.016964050480261776
2.0,40.0,5.0,5.9261140803164825,0.5753640803164828,2.0,-0.011976173179815709,-7.527208582469423e-5,0.01696317543937299
2.0,41.0,5.0,5.9261140803164825,0.7131140803164828,2.0,-0.011976532121186377,-7.527208582469423e-5,0.016965785637054618
1.0,1.0,6.0,2.926114080316483,2.213114080316483,2.5,-0.014877360155485084,-0.00010174575055581163,0.0010732448726347504
1.0,2.0,6.0,2.926114080316483,2.350864080316483,2.5,-0.014877841632244626,-0.00010174575055581163,0.0010738865725001738
1.0,3.0,6.0,2.926114080316483,2.488614080316483,2.5,-0.014878323109004167,-0.00010174575055581163,0.0010651413430627905
1.0,4.0,6.0,2.926114080316483,2.626364080316483,2.5,-0.014878804585763709,-0.00010174575055581163,0.0010455098364771564
1.0,5.0,6.0,2.9262281606329656,2.7612108185127324,2.5,-0.014879275914769455,-0.00010174535181155676,0.0009747073369211437
1.0,6.0,6.0,2.918185199544742,2.8141698042120584,2.5,-0.014879461021998662,-0.00010177346432583535,0.000871680534443244
1.0,7.0,6.0,2.8951706892935642,2.859335698724533,2.5,-0.014879618890082375,-0.000101853906807274,0.0007721384784673564
1.0,8.0,6.0,2.859335698724533,2.8951706892935642,2.5,-0.014879744143912774,-0.00010197916063767239,0.000613022435169266
1.0,9.0,6.0,2.814169804212059,2.918185199544742,2.5,-0.014879824586394213,-0.0001021370287213868,0.00040982696940488115
1.0,10.0,6.0,2.761210818512732,2.9262281606329656,2.5,-0.01487985269890849,-0.00010232213595059274,0.00019178514501346205
1.0,11.0,6.0,2.113614080316483,2.926114080316483,2.5,-0.014879852300164236,-0.00010458567699593863,-0.0030896057676443964
1.0,12.0,6.0,1.4631140803164828,2.926114080316483,2.5,-0.014879852300164236,-0.00010685936579508032,-0.006526430606271958
1.0,13.0,6.0,0.8126140803164827,2.926114080316483,2.5,-0.014879852300164236,-0.00010913305459422199,-0.010023418945752503
1.0,14.0,6.0,0.16501734212023322,2.9262281606329656,2.5,-0.01487985269890849,-0.00011139659563956789,-0.013564907312106802
1.0,15.0,6.0,0.11205835642090678,2.918185199544742,2.5,-0.014879824586394213,-0.00011158170286877383,-0.01385709960653137
1.0,16.0,6.0,0.06689246190843257,2.8951706892935642,2.5,-0.014879744143912774,-0.00011173957095248825,-0.01410628344320698
1.0,17.0,6.0,0.0310574713394014,2.859335698724533,2.5,-0.014879618890082375,-0.00011186482478288664,-0.014302825120929093
1.0,18.0,6.0,0.008042961088223777,2.8141698042120584,2.5,-0.014879461021998662,-0.00011194526726432527,-0.014426600998713188
1.0,19.0,6.0,0.0,2.7612108185127324,2.5,-0.014879275914769455,-0.00011197337977860386,-0.014464808390729939
1.0,20.0,6.0,0.0001140803164827453,2.113614080316483,2.5,-0.01487701237372411,-0.000111972981034349,-0.014396097258820654
1.0,21.0,6.0,0.0001140803164827453,1.4631140803164828,2.5,-0.014874738684924968,-0.000111972981034349,-0.014389035123687829
1.0,22.0,6.0,0.0001140803164827453,0.8126140803164827,2.5,-0.014872464996125826,-0.000111972981034349,-0.01444966178064015
1.0,23.0,6.0,0.0,0.16501734212023322,2.5,-0.01487020145508048,-0.00011197337977860386,-0.014571971906176186
1.0,24.0,6.0,0.008042961088223777,0.11205835642090678,2.5,-0.014870016347851274,-0.00011194526726432527,-0.014538183872843863
1.0,25.0,6.0,0.0310574713394014,0.06689246190843257,2.5,-0.01486985847976756,-0.00011186482478288664,-0.014418246595730736
1.0,26.0,6.0,0.06689246190843257,0.0310574713394014,2.5,-0.014869733225937161,-0.00011173957095248825,-0.014224833735143052
1.0,27.0,6.0,0.11205835642090678,0.008042961088223777,2.5,-0.014869652783455723,-0.00011158170286877383,-0.013977771011424682
1.0,28.0,6.0,0.16501734212023322,0.0,2.5,-0.014869624670941444,-0.00011139659563956789,-0.013686516204594186
1.0,29.0,6.0,0.8126140803164827,0.0001140803164827453,2.5,-0.014869625069685699,-0.00010913305459422199,-0.01014850933097389
1.0,30.0,6.0,1.4631140803164828,0.0001140803164827453,2.5,-0.014869625069685699,-0.00010685936579508032,-0.006655390716074591
1.0,31.0,6.0,2.113614080316483,0.0001140803164827453,2.5,-0.014869625069685699,-0.00010458567699593863,-0.0032230946193287503
1.0,32.0,6.0,2.7612108185127324,0.0,2.5,-0.014869624670941444,-0.00010232213595059274,5.744029286235061e-5
1.0,33.0,6.0,2.814169804212059,0.008042961088223777,2.5,-0.014869652783455723,-0.0001021370287213868,0.00027948022617995175
1.0,34.0,6.0,2.859335698724533,0.0310574713394014,2.5,-0.014869733225937161,-0.00010197916063767239,0.00048697915739287983
1.0,35.0,6.0,2.8951706892935642,0.06689246190843257,2.5,-0.01486985847976756,-0.000101853906807274,0.0006501276274860277
1.0,36.0,6.0,2.918185199544742,0.11205835642090678,2.5,-0.014870016347851274,-0.00010177346432583535,0.0007530383978214623
1.0,37.0,6.0,2.9262281606329656,0.16501734212023322,2.5,-0.01487020145508048,-0.00010174535181155676,0.0007858664038010727
1.0,38.0,6.0,2.926114080316483,0.29986408031648293,2.5,-0.014870672784086226,-0.00010174575055581163,0.0008908176635341455
1.0,39.0,6.0,2.926114080316483,0.43761408031648275,2.5,-0.014871154260845768,-0.00010174575055581163,0.0009350822153330333
1.0,40.0,6.0,2.926114080316483,0.5753640803164828,2.5,-0.01487163573760531,-0.00010174575055581163,0.0009536182619243226
1.0,41.0,6.0,2.926114080316483,0.7131140803164828,2.5,-0.014872117214364851,-0.00010174575055581163,0.0009646916553112456
2.0,1.0,6.0,5.9261140803164825,2.213114080316483,2.5,-0.014877360155485084,-9.125986831534267e-5,0.01692239113114957
2.0,2.0,6.0,5.9261140803164825,2.350864080316483,2.5,-0.014877841632244626,-9.125986831534267e-5,0.016928290112964747
2.0,3.0,6.0,5.9261140803164825,2.488614080316483,2.5,-0.014878323109004167,-9.125986831534267e-5,0.016936953876113648
2.0,4.0,6.0,5.9261140803164825,2.626364080316483,2.5,-0.014878804585763709,-9.125986831534267e-5,0.016948314671948173
2.0,5.0,6.0,5.926228160632966,2.7612108185127324,2.5,-0.014879275914769455,-9.125946957108781e-5,0.016962228688660867
2.0,6.0,6.0,5.918185199544742,2.8141698042120584,2.5,-0.014879461021998662,-9.128758208536641e-5,0.016921913504939174
2.0,7.0,6.0,5.895170689293565,2.859335698724533,2.5,-0.014879618890082375,-9.136802456680505e-5,0.01679569440877396
2.0,8.0,6.0,5.859335698724533,2.8951706892935642,2.5,-0.014879744143912774,-9.149327839720344e-5,0.016596025842858124
2.0,9.0,6.0,5.814169804212058,2.918185199544742,2.5,-0.014879824586394213,-9.165114648091786e-5,0.01634281158881678
2.0,10.0,6.0,5.7612108185127315,2.9262281606329656,2.5,-0.01487985269890849,-9.18362537101238e-5,0.016045264962199195
2.0,11.0,6.0,5.1136140803164825,2.926114080316483,2.5,-0.014879852300164236,-9.409979475546968e-5,0.012428467068491425
2.0,12.0,6.0,4.463114080316483,2.926114080316483,2.5,-0.014879852300164236,-9.637348355461136e-5,0.008861716745721563
2.0,13.0,6.0,3.8126140803164827,2.926114080316483,2.5,-0.014879852300164236,-9.864717235375305e-5,0.005325291598440142
2.0,14.0,6.0,3.1650173421202332,2.9262281606329656,2.5,-0.01487985269890849,-0.00010091071339909894,0.0020105763713872825
2.0,15.0,6.0,3.112058356420907,2.918185199544742,2.5,-0.014879824586394213,-0.00010109582062830487,0.0017681335466072435
2.0,16.0,6.0,3.0668924619084326,2.8951706892935642,2.5,-0.014879744143912774,-0.0001012536887120193,0.001559435832008589
2.0,17.0,6.0,3.0310574713394014,2.859335698724533,2.5,-0.014879618890082375,-0.00010137894254241768,0.0013917524530195553
2.0,18.0,6.0,3.0080429610882238,2.8141698042120584,2.5,-0.014879461021998662,-0.00010145938502385632,0.0012814122532762032
2.0,19.0,6.0,3.0,2.7612108185127324,2.5,-0.014879275914769455,-0.00010148749753813492,0.0011707033594844812
2.0,20.0,6.0,3.0001140803164827,2.113614080316483,2.5,-0.01487701237372411,-0.00010148709879388006,0.0009827715381406173
2.0,21.0,6.0,3.0001140803164827,1.4631140803164828,2.5,-0.014874738684924968,-0.00010148709879388006,0.0009431943379083266
2.0,22.0,6.0,3.0001140803164827,0.8126140803164827,2.5,-0.014872464996125826,-0.00010148709879388006,0.0009388767324465573
2.0,23.0,6.0,3.0,0.16501734212023322,2.5,-0.01487020145508048,-0.00010148749753813492,0.0011279570484428187
2.0,24.0,6.0,3.0080429610882238,0.11205835642090678,2.5,-0.014870016347851274,-0.00010145938502385632,0.0011697217804810284
2.0,25.0,6.0,3.0310574713394014,0.06689246190843257,2.5,-0.01486985847976756,-0.00010137894254241768,0.0012802542078614303
2.0,26.0,6.0,3.0668924619084326,0.0310574713394014,2.5,-0.014869733225937161,-0.0001012536887120193,0.0014494497630676904
2.0,27.0,6.0,3.112058356420907,0.008042961088223777,2.5,-0.014869652783455723,-0.00010109582062830487,0.0016608323482209587
2.0,28.0,6.0,3.1650173421202332,0.0,2.5,-0.014869624670941444,-0.00010091071339909894,0.0019070894097283568
2.0,29.0,6.0,3.8126140803164827,0.0001140803164827453,2.5,-0.014869625069685699,-9.864717235375305e-5,0.005229152690626741
2.0,30.0,6.0,4.463114080316483,0.0001140803164827453,2.5,-0.014869625069685699,-9.637348355461136e-5,0.00876337242935192
2.0,31.0,6.0,5.1136140803164825,0.0001140803164827453,2.5,-0.014869625069685699,-9.409979475546968e-5,0.012329301821750991
2.0,32.0,6.0,5.761210818512732,0.0,2.5,-0.014869624670941444,-9.18362537101238e-5,0.015944088426987215
2.0,33.0,6.0,5.814169804212058,0.008042961088223777,2.5,-0.014869652783455723,-9.165114648091786e-5,0.01624202974658918
2.0,34.0,6.0,5.859335698724533,0.0310574713394014,2.5,-0.014869733225937161,-9.149327839720344e-5,0.016496623547611514
2.0,35.0,6.0,5.895170689293565,0.06689246190843257,2.5,-0.01486985847976756,-9.136802456680505e-5,0.016698532575450894
2.0,36.0,6.0,5.918185199544742,0.11205835642090678,2.5,-0.014870016347851274,-9.128758208536641e-5,0.016827647742608365
2.0,37.0,6.0,5.926228160632966,0.16501734212023322,2.5,-0.01487020145508048,-9.125946957108781e-5,0.01687142941099783
2.0,38.0,6.0,5.9261140803164825,0.29986408031648293,2.5,-0.014870672784086226,-9.125986831534267e-5,0.016866428508166807
2.0,39.0,6.0,5.9261140803164825,0.43761408031648275,2.5,-0.014871154260845768,-9.125986831534267e-5,0.016864148812658887
2.0,40.0,6.0,5.9261140803164825,0.5753640803164828,2.5,-0.01487163573760531,-9.125986831534267e-5,0.016864487190731893
2.0,41.0,6.0,5.9261140803164825,0.7131140803164828,2.5,-0.014872117214364851,-9.125986831534267e-5,0.016867435381155416
1.0,1.0,7.0,2.926114080316483,2.213114080316483,3.0,-0.01771736135169527,-0.00011982516017204185,0.0009892227249031448
1.0,2.0,7.0,2.926114080316483,2.350864080316483,3.0,-0.017717928705401145,-0.00011982516017204185,0.0009886295736309426
1.0,3.0,7.0,2.926114080316483,2.488614080316483,3.0,-0.017718496059107018,-0.00011982516017204185,0.0009771980035272081
1.0,4.0,7.0,2.926114080316483,2.626364080316483,3.0,-0.01771906341281289,-0.00011982516017204185,0.0009486322426864668
1.0,5.0,7.0,2.9262281606329656,2.7612108185127324,3.0,-0.017719618808795762,-0.00011982469030713931,0.0009140151584672309
1.0,6.0,7.0,2.918185199544742,2.8141698042120584,3.0,-0.01771983693203929,-0.0001198578170133433,0.000871680534443244
1.0,7.0,7.0,2.8951706892935642,2.859335698724533,3.0,-0.017720022957720818,-0.0001199526073413278,0.0007721384784673564
1.0,8.0,7.0,2.859335698724533,2.8951706892935642,3.0,-0.017720170552019906,-0.0001201002016404151,0.000613022435169266
1.0,9.0,7.0,2.814169804212059,2.918185199544742,3.0,-0.017720265342347892,-0.00012028622732194495,0.00040982696940488115
1.0,10.0,7.0,2.761210818512732,2.9262281606329656,3.0,-0.017720298469054097,-0.00012050435056547167,0.00014772692786792994
1.0,11.0,7.0,2.113614080316483,2.926114080316483,3.0,-0.017720297999189193,-0.00012317162032465223,-0.0030990763137978467
1.0,12.0,7.0,1.4631140803164828,2.926114080316483,3.0,-0.017720297999189193,-0.00012585084780683444,-0.006484647098506915
1.0,13.0,7.0,0.8126140803164827,2.926114080316483,3.0,-0.017720297999189193,-0.00012853007528901666,-0.009952458399017466
1.0,14.0,7.0,0.16501734212023322,2.9262281606329656,3.0,-0.017720298469054097,-0.0001311973450481972,-0.013465258492632677
1.0,15.0,7.0,0.11205835642090678,2.918185199544742,3.0,-0.017720265342347892,-0.00013141546829172394,-0.013754971143466918
1.0,16.0,7.0,0.06689246190843257,2.8951706892935642,3.0,-0.017720170552019906,-0.00013160149397325378,-0.014002105336847943
1.0,17.0,7.0,0.0310574713394014,2.859335698724533,3.0,-0.017720022957720818,-0.00013174908827234106,-0.014197230545845423
1.0,18.0,7.0,0.008042961088223777,2.8141698042120584,3.0,-0.01771983693203929,-0.00013184387860032558,-0.014320497695748226
1.0,19.0,7.0,0.0,2.7612108185127324,3.0,-0.017719618808795762,-0.00013187700530652955,-0.014359317008022726
1.0,20.0,7.0,0.0001140803164827453,2.113614080316483,3.0,-0.01771695153903658,-0.00013187653544162703,-0.014301739804727457
1.0,21.0,7.0,0.0001140803164827453,1.4631140803164828,3.0,-0.0177142723115544,-0.00013187653544162703,-0.014297827143451153
1.0,22.0,7.0,0.0001140803164827453,0.8126140803164827,3.0,-0.01771159308407222,-0.00013187653544162703,-0.014354467656575205
1.0,23.0,7.0,0.0,0.16501734212023322,3.0,-0.017708925814313038,-0.00013187700530652955,-0.014464777553107627
1.0,24.0,7.0,0.008042961088223777,0.11205835642090678,3.0,-0.01770870769106951,-0.00013184387860032558,-0.014430300229020834
1.0,25.0,7.0,0.0310574713394014,0.06689246190843257,3.0,-0.017708521665387982,-0.00013174908827234106,-0.014310796029835909
1.0,26.0,7.0,0.06689246190843257,0.0310574713394014,3.0,-0.017708374071088894,-0.00013160149397325378,-0.014118739676555324
1.0,27.0,7.0,0.11205835642090678,0.008042961088223777,3.0,-0.017708279280760908,-0.00013141546829172394,-0.013873699970657799
1.0,28.0,7.0,0.16501734212023322,0.0,3.0,-0.017708246154054703,-0.0001311973450481972,-0.013584945769470808
1.0,29.0,7.0,0.8126140803164827,0.0001140803164827453,3.0,-0.017708246623919607,-0.00012853007528901666,-0.010076040631751633
1.0,30.0,7.0,1.4631140803164828,0.0001140803164827453,3.0,-0.017708246623919607,-0.00012585084780683444,-0.006612370189674585
1.0,31.0,7.0,2.113614080316483,0.0001140803164827453,3.0,-0.017708246623919607,-0.00012317162032465223,-0.003230579644209554
1.0,32.0,7.0,2.7612108185127324,0.0,3.0,-0.017708246154054703,-0.00012050435056547167,1.6509193504246613e-5
1.0,33.0,7.0,2.814169804212059,0.008042961088223777,3.0,-0.017708279280760908,-0.00012028622732194495,0.00027948022617995175
1.0,34.0,7.0,2.859335698724533,0.0310574713394014,3.0,-0.017708374071088894,-0.0001201002016404151,0.00048697915739287983
1.0,35.0,7.0,2.8951706892935642,0.06689246190843257,3.0,-0.017708521665387982,-0.0001199526073413278,0.0006501276274860277
1.0,36.0,7.0,2.918185199544742,0.11205835642090678,3.0,-0.01770870769106951,-0.0001198578170133433,0.0007530383978214623
1.0,37.0,7.0,2.9262281606329656,0.16501734212023322,3.0,-0.017708925814313038,-0.00011982469030713931,0.0007858664038010727
1.0,38.0,7.0,2.926114080316483,0.29986408031648293,3.0,-0.01770948121029591,-0.00011982516017204185,0.0008054271306260707
1.0,39.0,7.0,2.926114080316483,0.43761408031648275,3.0,-0.017710048564001782,-0.00011982516017204185,0.0008454448021056938
1.0,40.0,7.0,2.926114080316483,0.5753640803164828,3.0,-0.017710615917707655,-0.00011982516017204185,0.000869487899067773
1.0,41.0,7.0,2.926114080316483,0.7131140803164828,3.0,-0.01771118327141353,-0.00011982516017204185,0.0008795946137218001
2.0,1.0,7.0,5.9261140803164825,2.213114080316483,3.0,-0.01771736135169527,-0.0001074689996085574,0.01681095539793372
2.0,2.0,7.0,5.9261140803164825,2.350864080316483,3.0,-0.017717928705401145,-0.0001074689996085574,0.01681659971180574
2.0,3.0,7.0,5.9261140803164825,2.488614080316483,3.0,-0.017718496059107018,-0.0001074689996085574,0.016824237095161513
2.0,4.0,7.0,5.9261140803164825,2.626364080316483,3.0,-0.01771906341281289,-0.0001074689996085574,0.016833840209552534
2.0,5.0,7.0,5.926228160632966,2.7612108185127324,3.0,-0.017719618808795762,-0.00010746852974365486,0.016845497453523896
2.0,6.0,7.0,5.918185199544742,2.8141698042120584,3.0,-0.01771983693203929,-0.00010750165644985884,0.016804805066743703
2.0,7.0,7.0,5.895170689293565,2.859335698724533,3.0,-0.017720022957720818,-0.00010759644677784334,0.016679334078002754
2.0,8.0,7.0,5.859335698724533,2.8951706892935642,3.0,-0.017720170552019906,-0.00010774404107693065,0.016481336872340678
2.0,9.0,7.0,5.814169804212058,2.918185199544742,3.0,-0.017720265342347892,-0.00010793006675846049,0.01623033039721219
2.0,10.0,7.0,5.7612108185127315,2.9262281606329656,3.0,-0.017720298469054097,-0.00010814819000198722,0.01593531242447941
2.0,11.0,7.0,5.1136140803164825,2.926114080316483,3.0,-0.017720297999189193,-0.00011081545976116776,0.012349485362814272
2.0,12.0,7.0,4.463114080316483,2.926114080316483,3.0,-0.017720297999189193,-0.00011349468724334998,0.00881005219722206
2.0,13.0,7.0,3.8126140803164827,2.926114080316483,3.0,-0.017720297999189193,-0.00011617391472553219,0.005317196898204148
2.0,14.0,7.0,3.1650173421202332,2.9262281606329656,3.0,-0.017720298469054097,-0.00011884118448471275,0.0020105763713872825
2.0,15.0,7.0,3.112058356420907,2.918185199544742,3.0,-0.017720265342347892,-0.00011905930772823947,0.0017681335466072435
2.0,16.0,7.0,3.0668924619084326,2.8951706892935642,3.0,-0.017720170552019906,-0.00011924533340976932,0.001559435832008589
2.0,17.0,7.0,3.0310574713394014,2.859335698724533,3.0,-0.017720022957720818,-0.0001193929277088566,0.0013917524530195553
2.0,18.0,7.0,3.0080429610882238,2.8141698042120584,3.0,-0.01771983693203929,-0.00011948771803684112,0.0012814122532762032
2.0,19.0,7.0,3.0,2.7612108185127324,3.0,-0.017719618808795762,-0.0001195208447430451,0.0012286301188743221
2.0,20.0,7.0,3.0001140803164827,2.113614080316483,3.0,-0.01771695153903658,-0.00011952037487814257,0.0010152380341703234
2.0,21.0,7.0,3.0001140803164827,1.4631140803164828,3.0,-0.0177142723115544,-0.00011952037487814257,0.0009453570302351584
2.0,22.0,7.0,3.0001140803164827,0.8126140803164827,3.0,-0.01771159308407222,-0.00011952037487814257,0.0009828805365969123
2.0,23.0,7.0,3.0,0.16501734212023322,3.0,-0.017708925814313038,-0.0001195208447430451,0.0011279570484428187
2.0,24.0,7.0,3.0080429610882238,0.11205835642090678,3.0,-0.01770870769106951,-0.00011948771803684112,0.0011697217804810284
2.0,25.0,7.0,3.0310574713394014,0.06689246190843257,3.0,-0.017708521665387982,-0.0001193929277088566,0.0012802542078614303
2.0,26.0,7.0,3.0668924619084326,0.0310574713394014,3.0,-0.017708374071088894,-0.00011924533340976932,0.0014494497630676904
2.0,27.0,7.0,3.112058356420907,0.008042961088223777,3.0,-0.017708279280760908,-0.00011905930772823947,0.0016608323482209587
2.0,28.0,7.0,3.1650173421202332,0.0,3.0,-0.017708246154054703,-0.00011884118448471275,0.0019070894097283568
2.0,29.0,7.0,3.8126140803164827,0.0001140803164827453,3.0,-0.017708246623919607,-0.00011617391472553219,0.005222055177050231
2.0,30.0,7.0,4.463114080316483,0.0001140803164827453,3.0,-0.017708246623919607,-0.00011349468724334998,0.008712950717942442
2.0,31.0,7.0,5.1136140803164825,0.0001140803164827453,3.0,-0.017708246623919607,-0.00011081545976116776,0.012251372316835362
2.0,32.0,7.0,5.761210818512732,0.0,3.0,-0.017708246154054703,-0.00010814819000198722,0.01583475944128233
2.0,33.0,7.0,5.814169804212058,0.008042961088223777,3.0,-0.017708279280760908,-0.00010793006675846049,0.01613008231086436
2.0,34.0,7.0,5.859335698724533,0.0310574713394014,3.0,-0.017708374071088894,-0.00010774404107693065,0.016382410339877935
2.0,35.0,7.0,5.895170689293565,0.06689246190843257,3.0,-0.017708521665387982,-0.00010759644677784334,0.016582606691163067
2.0,36.0,7.0,5.918185199544742,0.11205835642090678,3.0,-0.01770870769106951,-0.00010750165644985884,0.016710927160157773
2.0,37.0,7.0,5.926228160632966,0.16501734212023322,3.0,-0.017708925814313038,-0.00010746852974365486,0.016755019477552025
2.0,38.0,7.0,5.9261140803164825,0.29986408031648293,3.0,-0.01770948121029591,-0.0001074689996085574,0.016752082136088996
2.0,39.0,7.0,5.9261140803164825,0.43761408031648275,3.0,-0.017710048564001782,-0.0001074689996085574,0.01675140318024848
2.0,40.0,7.0,5.9261140803164825,0.5753640803164828,3.0,-0.017710615917707655,-0.0001074689996085574,0.016752720398661717
2.0,41.0,7.0,5.9261140803164825,0.7131140803164828,3.0,-0.01771118327141353,-0.0001074689996085574,0.0167561126692491
1.0,1.0,8.0,2.926114080316483,2.213114080316483,3.5,-0.020534379850745223,-0.00013787650869068622,0.0009479528142717217
1.0,2.0,8.0,2.926114080316483,2.350864080316483,3.5,-0.020535018524343238,-0.00013787650869068622,0.000948819023064482
1.0,3.0,8.0,2.926114080316483,2.488614080316483,3.5,-0.02053565719794125,-0.00013787650869068622,0.0009416574530806553
1.0,4.0,8.0,2.926114080316483,2.626364080316483,3.5,-0.02053629587153926,-0.00013787650869068622,0.0009333637293666114
1.0,5.0,8.0,2.9262281606329656,2.7612108185127324,3.5,-0.020536921084254065,-0.00013787597976084093,0.0009246396653694066
1.0,6.0,8.0,2.918185199544742,2.8141698042120584,3.5,-0.02053716662694694,-0.0001379132707002013,0.000871680534443244
1.0,7.0,8.0,2.8951706892935642,2.859335698724533,3.5,-0.020537376037214495,-0.00013801997676240544,0.0007721384784673564
1.0,8.0,8.0,2.859335698724533,2.8951706892935642,3.5,-0.02053754218503563,-0.00013818612458354137,0.000613022435169266
1.0,9.0,8.0,2.814169804212059,2.918185199544742,3.5,-0.020537648891097837,-0.00013839553485109669,0.00040982696940488115
1.0,10.0,8.0,2.761210818512732,2.9262281606329656,3.5,-0.020537686182037197,-0.00013864107754397285,0.00015713135314248351
1.0,11.0,8.0,2.113614080316483,2.926114080316483,3.5,-0.020537685653107353,-0.00014164363971344714,-0.0030858375851729723
1.0,12.0,8.0,1.4631140803164828,2.926114080316483,3.5,-0.020537685653107353,-0.00014465966276613144,-0.006427799454795952
1.0,13.0,8.0,0.8126140803164827,2.926114080316483,3.5,-0.020537685653107353,-0.00014767568581881572,-0.00986742882734029
1.0,14.0,8.0,0.16501734212023322,2.9262281606329656,3.5,-0.020537686182037197,-0.00015067824798829001,-0.013356414569435015
1.0,15.0,8.0,0.11205835642090678,2.918185199544742,3.5,-0.020537648891097837,-0.0001509237906811662,-0.013644339175131625
1.0,16.0,8.0,0.06689246190843257,2.8951706892935642,3.5,-0.02053754218503563,-0.0001511332009487215,-0.01389005126737748
1.0,17.0,8.0,0.0310574713394014,2.859335698724533,3.5,-0.020537376037214495,-0.00015129934876985743,-0.014084137740279827
1.0,18.0,8.0,0.008042961088223777,2.8141698042120584,3.5,-0.02053716662694694,-0.00015140605483206156,-0.014206843932845587
1.0,19.0,8.0,0.0,2.7612108185127324,3.5,-0.020536921084254065,-0.00015144334577142193,-0.014245692848746402
1.0,20.0,8.0,0.0001140803164827453,2.113614080316483,3.5,-0.02053391852208459,-0.00015144281684157664,-0.014195021466444647
1.0,21.0,8.0,0.0001140803164827453,1.4631140803164828,3.5,-0.020530902499031906,-0.00015144281684157664,-0.014193783488491034
1.0,22.0,8.0,0.0001140803164827453,0.8126140803164827,3.5,-0.020527886475979223,-0.00015144281684157664,-0.014246828836151212
1.0,23.0,8.0,0.0,0.16501734212023322,3.5,-0.020524883913809747,-0.00015144334577142193,-0.014349413115137762
1.0,24.0,8.0,0.008042961088223777,0.11205835642090678,3.5,-0.02052463837111687,-0.00015140605483206156,-0.014314858259374022
1.0,25.0,8.0,0.0310574713394014,0.06689246190843257,3.5,-0.020524428960849318,-0.00015129934876985743,-0.0141958787396846
1.0,26.0,8.0,0.06689246190843257,0.0310574713394014,3.5,-0.02052426281302818,-0.0001511332009487215,-0.014004832721294273
1.0,27.0,8.0,0.11205835642090678,0.008042961088223777,3.5,-0.020524156106965976,-0.0001509237906811662,-0.013761193163129924
1.0,28.0,8.0,0.16501734212023322,0.0,3.5,-0.020524118816026615,-0.00015067824798829001,-0.01347421246816812
1.0,29.0,8.0,0.8126140803164827,0.0001140803164827453,3.5,-0.02052411934495646,-0.00014767568581881572,-0.009989427054416626
1.0,30.0,8.0,1.4631140803164828,0.0001140803164827453,3.5,-0.02052411934495646,-0.00014465966276613144,-0.006554259184574625
1.0,31.0,8.0,2.113614080316483,0.0001140803164827453,3.5,-0.02052411934495646,-0.00014164363971344714,-0.003215628121260122
1.0,32.0,8.0,2.7612108185127324,0.0,3.5,-0.020524118816026615,-0.00013864107754397285,2.5423197009810762e-5
1.0,33.0,8.0,2.814169804212059,0.008042961088223777,3.5,-0.020524156106965976,-0.00013839553485109669,0.00027948022617995175
1.0,34.0,8.0,2.859335698724533,0.0310574713394014,3.5,-0.02052426281302818,-0.00013818612458354137,0.00048697915739287983
1.0,35.0,8.0,2.8951706892935642,0.06689246190843257,3.5,-0.020524428960849318,-0.00013801997676240544,0.0006501276274860277
1.0,36.0,8.0,2.918185199544742,0.11205835642090678,3.5,-0.02052463837111687,-0.0001379132707002013,0.0007530383978214623
1.0,37.0,8.0,2.9262281606329656,0.16501734212023322,3.5,-0.020524883913809747,-0.00013787597976084093,0.0007858664038010727
1.0,38.0,8.0,2.926114080316483,0.29986408031648293,3.5,-0.020525509126524552,-0.00013787650869068622,0.0008035059043386645
1.0,39.0,8.0,2.926114080316483,0.43761408031648275,3.5,-0.020526147800122563,-0.00013787650869068622,0.0008173593224534969
1.0,40.0,8.0,2.926114080316483,0.5753640803164828,3.5,-0.020526786473720575,-0.00013787650869068622,0.0008310878397856556
1.0,41.0,8.0,2.926114080316483,0.7131140803164828,3.5,-0.02052742514731859,-0.00013787650869068622,0.000840642644759963
2.0,1.0,8.0,5.9261140803164825,2.213114080316483,3.5,-0.020534379850745223,-0.00012396710183741513,0.01668929642541362
2.0,2.0,8.0,5.9261140803164825,2.350864080316483,3.5,-0.020535018524343238,-0.00012396710183741513,0.016694714205808345
2.0,3.0,8.0,5.9261140803164825,2.488614080316483,3.5,-0.02053565719794125,-0.00012396710183741513,0.016701759769046035
2.0,4.0,8.0,5.9261140803164825,2.626364080316483,3.5,-0.02053629587153926,-0.00012396710183741513,0.016710518976812663
2.0,5.0,8.0,5.926228160632966,2.7612108185127324,3.5,-0.020536921084254065,-0.00012396657290756984,0.016721464324824267
2.0,6.0,8.0,5.918185199544742,2.8141698042120584,3.5,-0.02053716662694694,-0.0001240038638469302,0.016680890001147176
2.0,7.0,8.0,5.895170689293565,2.859335698724533,3.5,-0.020537376037214495,-0.00012411056990913435,0.01655608786388245
2.0,8.0,8.0,5.859335698724533,2.8951706892935642,3.5,-0.02053754218503563,-0.00012427671773027028,0.016359237845940303
2.0,9.0,8.0,5.814169804212058,2.918185199544742,3.5,-0.020537648891097837,-0.00012448612799782557,0.01610985256778947
2.0,10.0,8.0,5.7612108185127315,2.9262281606329656,3.5,-0.020537686182037197,-0.00012473167069070176,0.015816897657739044
2.0,11.0,8.0,5.1136140803164825,2.926114080316483,3.5,-0.020537685653107353,-0.00012773423286017605,0.012256503962793649
2.0,12.0,8.0,4.463114080316483,2.926114080316483,3.5,-0.020537685653107353,-0.00013075025591286033,0.008745712578507652
2.0,13.0,8.0,3.8126140803164827,2.926114080316483,3.5,-0.020537685653107353,-0.00013376627896554463,0.005289460638133517
2.0,14.0,8.0,3.1650173421202332,2.9262281606329656,3.5,-0.020537686182037197,-0.00013676884113501893,0.0020105763713872825
2.0,15.0,8.0,3.112058356420907,2.918185199544742,3.5,-0.020537648891097837,-0.00013701438382789509,0.0017681335466072435
2.0,16.0,8.0,3.0668924619084326,2.8951706892935642,3.5,-0.02053754218503563,-0.0001372237940954504,0.001559435832008589
2.0,17.0,8.0,3.0310574713394014,2.859335698724533,3.5,-0.020537376037214495,-0.00013738994191658634,0.0013917524530195553
2.0,18.0,8.0,3.0080429610882238,2.8141698042120584,3.5,-0.02053716662694694,-0.00013749664797879047,0.0012814122532762032
2.0,19.0,8.0,3.0,2.7612108185127324,3.5,-0.020536921084254065,-0.00013753393891815084,0.0012181903368302391
2.0,20.0,8.0,3.0001140803164827,2.113614080316483,3.5,-0.02053391852208459,-0.00013753340998830555,0.001023461285295153
2.0,21.0,8.0,3.0001140803164827,1.4631140803164828,3.5,-0.020530902499031906,-0.00013753340998830555,0.0009355978010983905
2.0,22.0,8.0,3.0001140803164827,0.8126140803164827,3.5,-0.020527886475979223,-0.00013753340998830555,0.0009857218119844531
2.0,23.0,8.0,3.0,0.16501734212023322,3.5,-0.020524883913809747,-0.00013753393891815084,0.0011279570484428187
2.0,24.0,8.0,3.0080429610882238,0.11205835642090678,3.5,-0.02052463837111687,-0.00013749664797879047,0.0011697217804810284
2.0,25.0,8.0,3.0310574713394014,0.06689246190843257,3.5,-0.020524428960849318,-0.00013738994191658634,0.0012802542078614303
2.0,26.0,8.0,3.0668924619084326,0.0310574713394014,3.5,-0.02052426281302818,-0.0001372237940954504,0.0014494497630676904
2.0,27.0,8.0,3.112058356420907,0.008042961088223777,3.5,-0.020524156106965976,-0.00013701438382789509,0.0016608323482209587
2.0,28.0,8.0,3.1650173421202332,0.0,3.5,-0.020524118816026615,-0.00013676884113501893,0.0019070894097283568
2.0,29.0,8.0,3.8126140803164827,0.0001140803164827453,3.5,-0.02052411934495646,-0.00013376627896554463,0.005195405877475549
2.0,30.0,8.0,4.463114080316483,0.0001140803164827453,3.5,-0.02052411934495646,-0.00013075025591286033,0.008650159468683086
2.0,31.0,8.0,5.1136140803164825,0.0001140803164827453,3.5,-0.02052411934495646,-0.00012773423286017605,0.012159698192049997
2.0,32.0,8.0,5.761210818512732,0.0,3.5,-0.020524118816026615,-0.00012473167069070176,0.015716991860738265
2.0,33.0,8.0,5.814169804212058,0.008042961088223777,3.5,-0.020524156106965976,-0.00012448612799782557,0.016010187311008683
2.0,34.0,8.0,5.859335698724533,0.0310574713394014,3.5,-0.02052426281302818,-0.00012427671773027028,0.0162608205394109
2.0,35.0,8.0,5.895170689293565,0.06689246190843257,3.5,-0.020524428960849318,-0.00012411056990913435,0.016459787120532587
2.0,36.0,8.0,5.918185199544742,0.11205835642090678,3.5,-0.02052463837111687,-0.0001240038638469302,0.016587357343757245
2.0,37.0,8.0,5.926228160632966,0.16501734212023322,3.5,-0.020524883913809747,-0.00012396657290756984,0.016631247556127743
2.0,38.0,8.0,5.9261140803164825,0.29986408031648293,3.5,-0.020525509126524552,-0.00012396710183741513,0.016628814617389864
2.0,39.0,8.0,5.9261140803164825,0.43761408031648275,3.5,-0.020526147800122563,-0.00012396710183741513,0.016628802317362894
2.0,40.0,8.0,5.9261140803164825,0.5753640803164828,3.5,-0.020526786473720575,-0.00012396710183741513,0.016630612586594352
2.0,41.0,8.0,5.9261140803164825,0.7131140803164828,3.5,-0.02052742514731859,-0.00012396710183741513,0.01663418325335165
1.0,1.0,9.0,2.926114080316483,2.213114080316483,4.0,-0.023329458839255628,-0.00015572752745368818,0.000945146225440182
1.0,2.0,9.0,2.926114080316483,2.350864080316483,4.0,-0.02333017076086236,-0.00015572752745368818,0.0009466535983063279
1.0,3.0,9.0,2.926114080316483,2.488614080316483,4.0,-0.023330882682469092,-0.00015572752745368818,0.0009437029887414983
1.0,4.0,9.0,2.926114080316483,2.626364080316483,4.0,-0.02333159460407582,-0.00015572752745368818,0.0009330554442403387
1.0,5.0,9.0,2.9262281606329656,2.7612108185127324,4.0,-0.023332291521001552,-0.0001557269378620932,0.0009141210782439761
1.0,6.0,9.0,2.918185199544742,2.8141698042120584,4.0,-0.023332565224422168,-0.00015576850561367805,0.000871680534443244
1.0,7.0,9.0,2.8951706892935642,2.859335698724533,4.0,-0.023332798651472555,-0.00015588744954918556,0.0007721384784673564
1.0,8.0,9.0,2.859335698724533,2.8951706892935642,4.0,-0.023332983854405864,-0.00015607265248249316,0.000613022435169266
1.0,9.0,9.0,2.814169804212059,2.918185199544742,4.0,-0.02333310279834137,-0.00015630607953288006,0.00040982696940488115
1.0,10.0,9.0,2.761210818512732,2.9262281606329656,4.0,-0.023333144366092955,-0.00015657978295349672,0.00015679425296924286
1.0,11.0,9.0,2.113614080316483,2.926114080316483,4.0,-0.02333314377650136,-0.00015992670208504582,-0.003041460135310815
1.0,12.0,9.0,1.4631140803164828,2.926114080316483,4.0,-0.02333314377650136,-0.00016328862589759738,-0.006352357098914054
1.0,13.0,9.0,0.8126140803164827,2.926114080316483,4.0,-0.02333314377650136,-0.00016665054971014897,-0.009768610347142046
1.0,14.0,9.0,0.16501734212023322,2.9262281606329656,4.0,-0.023333144366092955,-0.00016999746884169807,-0.013238130354816349
1.0,15.0,9.0,0.11205835642090678,2.918185199544742,4.0,-0.02333310279834137,-0.00017027117226231473,-0.013524304900318465
1.0,16.0,9.0,0.06689246190843257,2.8951706892935642,4.0,-0.023332983854405864,-0.00017050459931270163,-0.013768517385130675
1.0,17.0,9.0,0.0310574713394014,2.859335698724533,4.0,-0.023332798651472555,-0.00017068980224600923,-0.013961529446512957
1.0,18.0,9.0,0.008042961088223777,2.8141698042120584,4.0,-0.023332565224422168,-0.00017080874618151674,-0.014083790245623945
1.0,19.0,9.0,0.0,2.7612108185127324,4.0,-0.023332291521001552,-0.00017085031393310158,-0.014122958229721148
1.0,20.0,9.0,0.0001140803164827453,2.113614080316483,4.0,-0.023328944601870003,-0.0001708497243415066,-0.014077602046150299
1.0,21.0,9.0,0.0001140803164827453,1.4631140803164828,4.0,-0.02332558267805745,-0.0001708497243415066,-0.014077941437804036
1.0,22.0,9.0,0.0001140803164827453,0.8126140803164827,4.0,-0.0233222207542449,-0.0001708497243415066,-0.014128408123301763
1.0,23.0,9.0,0.0,0.16501734212023322,4.0,-0.02331887383511335,-0.00017085031393310158,-0.014224800334436757
1.0,24.0,9.0,0.008042961088223777,0.11205835642090678,4.0,-0.023318600131692735,-0.00017080874618151674,-0.014189869319127142
1.0,25.0,9.0,0.0310574713394014,0.06689246190843257,4.0,-0.023318366704642348,-0.00017068980224600923,-0.014071290654062976
1.0,26.0,9.0,0.06689246190843257,0.0310574713394014,4.0,-0.02331818150170904,-0.00017050459931270163,-0.013881287320308685
1.0,27.0,9.0,0.11205835642090678,0.008042961088223777,4.0,-0.023318062557773533,-0.00017027117226231473,-0.013639133010204524
1.0,28.0,9.0,0.16501734212023322,0.0,4.0,-0.023318020990021948,-0.00016999746884169807,-0.013353910946131075
1.0,29.0,9.0,0.8126140803164827,0.0001140803164827453,4.0,-0.023318021579613542,-0.00016665054971014897,-0.00988897118361087
1.0,30.0,9.0,1.4631140803164828,0.0001140803164827453,4.0,-0.023318021579613542,-0.00016328862589759738,-0.006477570400489425
1.0,31.0,9.0,2.113614080316483,0.0001140803164827453,4.0,-0.023318021579613542,-0.00015992670208504582,-0.003170527971410321
1.0,32.0,9.0,2.7612108185127324,0.0,4.0,-0.023318020990021948,-0.00015657978295349672,2.5349228190565026e-5
1.0,33.0,9.0,2.814169804212059,0.008042961088223777,4.0,-0.023318062557773533,-0.00015630607953288006,0.00027948022617995175
1.0,34.0,9.0,2.859335698724533,0.0310574713394014,4.0,-0.02331818150170904,-0.00015607265248249316,0.00048697915739287983
1.0,35.0,9.0,2.8951706892935642,0.06689246190843257,4.0,-0.023318366704642348,-0.00015588744954918556,0.0006501276274860277
1.0,36.0,9.0,2.918185199544742,0.11205835642090678,4.0,-0.023318600131692735,-0.00015576850561367805,0.0007530383978214623
1.0,37.0,9.0,2.9262281606329656,0.16501734212023322,4.0,-0.02331887383511335,-0.0001557269378620932,0.0007858664038010727
1.0,38.0,9.0,2.926114080316483,0.29986408031648293,4.0,-0.02331957075203908,-0.00015572752745368818,0.0007972058944468333
1.0,39.0,9.0,2.926114080316483,0.43761408031648275,4.0,-0.02332028267364581,-0.00015572752745368818,0.0008178336457090148
1.0,40.0,9.0,2.926114080316483,0.5753640803164828,4.0,-0.023320994595252543,-0.00015572752745368818,0.0008290485167529051
1.0,41.0,9.0,2.926114080316483,0.7131140803164828,4.0,-0.023321706516859275,-0.00015572752745368818,0.0008352321133218912
2.0,1.0,9.0,5.9261140803164825,2.213114080316483,4.0,-0.023329458839255628,-0.00014022288266098303,0.016559746990031817
2.0,2.0,9.0,5.9261140803164825,2.350864080316483,4.0,-0.02333017076086236,-0.00014022288266098303,0.016564869862724856
2.0,3.0,9.0,5.9261140803164825,2.488614080316483,4.0,-0.023330882682469092,-0.00014022288266098303,0.016571323835642603
2.0,4.0,9.0,5.9261140803164825,2.626364080316483,4.0,-0.02333159460407582,-0.00014022288266098303,0.016579261815242642
2.0,5.0,9.0,5.926228160632966,2.7612108185127324,4.0,-0.023332291521001552,-0.00014022229306938805,0.01658908005906908
2.0,6.0,9.0,5.918185199544742,2.8141698042120584,4.0,-0.023332565224422168,-0.0001402638608209729,0.016548327581272983
2.0,7.0,9.0,5.895170689293565,2.859335698724533,4.0,-0.023332798651472555,-0.0001403828047564804,0.016424118327203693
2.0,8.0,9.0,5.859335698724533,2.8951706892935642,4.0,-0.023332983854405864,-0.000140568007689788,0.016228487043077843
2.0,9.0,9.0,5.814169804212058,2.918185199544742,4.0,-0.02333310279834137,-0.0001408014347401749,0.015980654702180734
2.0,10.0,9.0,5.7612108185127315,2.9262281606329656,4.0,-0.023333144366092955,-0.00014107513816079156,0.015689469236289867
2.0,11.0,9.0,5.1136140803164825,2.926114080316483,4.0,-0.02333314377650136,-0.00014442205729234067,0.012150669443324255
2.0,12.0,9.0,4.463114080316483,2.926114080316483,4.0,-0.02333314377650136,-0.00014778398110489222,0.008663771841495131
2.0,13.0,9.0,3.8126140803164827,2.926114080316483,4.0,-0.02333314377650136,-0.0001511459049174438,0.005245654310594718
2.0,14.0,9.0,3.1650173421202332,2.9262281606329656,4.0,-0.023333144366092955,-0.0001544928240489929,0.0020105763713872825
2.0,15.0,9.0,3.112058356420907,2.918185199544742,4.0,-0.02333310279834137,-0.00015476652746960958,0.0017681335466072435
2.0,16.0,9.0,3.0668924619084326,2.8951706892935642,4.0,-0.023332983854405864,-0.00015499995451999647,0.001559435832008589
2.0,17.0,9.0,3.0310574713394014,2.859335698724533,4.0,-0.023332798651472555,-0.00015518515745330407,0.0013917524530195553
2.0,18.0,9.0,3.0080429610882238,2.8141698042120584,4.0,-0.023332565224422168,-0.00015530410138881161,0.0012814122532762032
2.0,19.0,9.0,3.0,2.7612108185127324,4.0,-0.023332291521001552,-0.00015534566914039642,0.0012202725912898425
2.0,20.0,9.0,3.0001140803164827,2.113614080316483,4.0,-0.023328944601870003,-0.00015534507954880145,0.0009956384815066048
2.0,21.0,9.0,3.0001140803164827,1.4631140803164828,4.0,-0.02332558267805745,-0.00015534507954880145,0.0008988456579920192
2.0,22.0,9.0,3.0001140803164827,0.8126140803164827,4.0,-0.0233222207542449,-0.00015534507954880145,0.0009617653493387719
2.0,23.0,9.0,3.0,0.16501734212023322,4.0,-0.02331887383511335,-0.00015534566914039642,0.0011279570484428187
2.0,24.0,9.0,3.0080429610882238,0.11205835642090678,4.0,-0.023318600131692735,-0.00015530410138881161,0.0011697217804810284
2.0,25.0,9.0,3.0310574713394014,0.06689246190843257,4.0,-0.023318366704642348,-0.00015518515745330407,0.0012802542078614303
2.0,26.0,9.0,3.0668924619084326,0.0310574713394014,4.0,-0.02331818150170904,-0.00015499995451999647,0.0014494497630676904
2.0,27.0,9.0,3.112058356420907,0.008042961088223777,4.0,-0.023318062557773533,-0.00015476652746960958,0.0016608323482209587
2.0,28.0,9.0,3.1650173421202332,0.0,4.0,-0.023318020990021948,-0.0001544928240489929,0.0019070894097283568
2.0,29.0,9.0,3.8126140803164827,0.0001140803164827453,4.0,-0.023318021579613542,-0.0001511459049174438,0.005153038357994717
2.0,30.0,9.0,4.463114080316483,0.0001140803164827453,4.0,-0.023318021579613542,-0.00014778398110489222,0.008570201466142265
2.0,31.0,9.0,5.1136140803164825,0.0001140803164827453,4.0,-0.023318021579613542,-0.00014442205729234067,0.01205546617990159
2.0,32.0,9.0,5.761210818512732,0.0,4.0,-0.023318020990021948,-0.00014107513816079156,0.015590410184456942
2.0,33.0,9.0,5.814169804212058,0.008042961088223777,4.0,-0.023318062557773533,-0.0001408014347401749,0.01588173949549646
2.0,34.0,9.0,5.859335698724533,0.0310574713394014,4.0,-0.02331818150170904,-0.000140568007689788,0.016130707917144587
2.0,35.0,9.0,5.895170689293565,0.06689246190843257,4.0,-0.023318366704642348,-0.0001403828047564804,0.016328329631203498
2.0,36.0,9.0,5.918185199544742,0.11205835642090678,4.0,-0.023318600131692735,-0.0001402638608209729,0.016455162863762827
2.0,37.0,9.0,5.926228160632966,0.16501734212023322,4.0,-0.02331887383511335,-0.00014022229306938805,0.01649907014140898
2.0,38.0,9.0,5.9261140803164825,0.29986408031648293,4.0,-0.02331957075203908,-0.00014022288266098303,0.01649737493142967
2.0,39.0,9.0,5.9261140803164825,0.43761408031648275,4.0,-0.02332028267364581,-0.00014022288266098303,0.016497814659709197
2.0,40.0,9.0,5.9261140803164825,0.5753640803164828,4.0,-0.023320994595252543,-0.00014022288266098303,0.01649986920773142
2.0,41.0,9.0,5.9261140803164825,0.7131140803164828,4.0,-0.023321706516859275,-0.00014022288266098303,0.016503460126997535
1.0,1.0,10.0,2.926114080316483,2.213114080316483,4.5,-0.02610099623467316,-0.00017306420854657056,0.000984057457773096
1.0,2.0,10.0,2.926114080316483,2.350864080316483,4.5,-0.02610179042223552,-0.00017306420854657056,0.0009817586411544378
1.0,3.0,10.0,2.926114080316483,2.488614080316483,4.5,-0.02610258460979788,-0.00017306420854657056,0.0009668949387538114
1.0,4.0,10.0,2.926114080316483,2.626364080316483,4.5,-0.026103378797360244,-0.00017306420854657056,0.0009497855341620364
1.0,5.0,10.0,2.9262281606329656,2.7612108185127324,4.5,-0.026104156246378758,-0.00017306355082483946,0.0009311639659233342
1.0,6.0,10.0,2.918185199544742,2.8141698042120584,4.5,-0.026104461577542152,-0.00017310992192945515,0.000871680534443244
1.0,7.0,10.0,2.8951706892935642,2.859335698724533,4.5,-0.026104721978207592,-0.00017324261040709793,0.0007721384784673564
1.0,8.0,10.0,2.859335698724533,2.8951706892935642,4.5,-0.026104928582227974,-0.000173449214427477,0.000613022435169266
1.0,9.0,10.0,2.814169804212059,2.918185199544742,4.5,-0.026105061270705613,-0.00017370961509291925,0.00040982696940488115
1.0,10.0,10.0,2.761210818512732,2.9262281606329656,4.5,-0.02610510764181023,-0.00017401494625631387,0.00016788492847246306
1.0,11.0,10.0,2.113614080316483,2.926114080316483,4.5,-0.026105106984088498,-0.000177748617943431,-0.0029720941766644537
1.0,12.0,10.0,1.4631140803164828,2.926114080316483,4.5,-0.026105106984088498,-0.00018149902817439433,-0.006252129945522514
1.0,13.0,10.0,0.8126140803164827,2.926114080316483,4.5,-0.026105106984088498,-0.00018524943840535766,-0.009657159248007734
1.0,14.0,10.0,0.16501734212023322,2.9262281606329656,4.5,-0.02610510764181023,-0.0001889831100924748,-0.013110570465017967
1.0,15.0,10.0,0.11205835642090678,2.918185199544742,4.5,-0.026105061270705613,-0.0001892884412558694,-0.013395214938039345
1.0,16.0,10.0,0.06689246190843257,2.8951706892935642,4.5,-0.026104928582227974,-0.0001895488419213117,-0.013638182269064443
1.0,17.0,10.0,0.0310574713394014,2.859335698724533,4.5,-0.026104721978207592,-0.00018975544594169072,-0.013830315384763914
1.0,18.0,10.0,0.008042961088223777,2.8141698042120584,4.5,-0.026104461577542152,-0.0001898881344193335,-0.01395218335381483
1.0,19.0,10.0,0.0,2.7612108185127324,4.5,-0.026104156246378758,-0.0001899345055239492,-0.013991551297764464
1.0,20.0,10.0,0.0001140803164827453,2.113614080316483,4.5,-0.02610042257469164,-0.0001899338478022181,-0.013950473313298867
1.0,21.0,10.0,0.0001140803164827453,1.4631140803164828,4.5,-0.026096672164460676,-0.0001899338478022181,-0.013951064198271258
1.0,22.0,10.0,0.0001140803164827453,0.8126140803164827,4.5,-0.02609292175422971,-0.0001899338478022181,-0.014000182613740258
1.0,23.0,10.0,0.0,0.16501734212023322,4.5,-0.026089188082542594,-0.0001899345055239492,-0.01409129534031979
1.0,24.0,10.0,0.008042961088223777,0.11205835642090678,4.5,-0.0260888827513792,-0.0001898881344193335,-0.014056089003841726
1.0,25.0,10.0,0.0310574713394014,0.06689246190843257,4.5,-0.02608862235071376,-0.00018975544594169072,-0.013937850112792985
1.0,26.0,10.0,0.06689246190843257,0.0310574713394014,4.5,-0.026088415746693377,-0.0001895488419213117,-0.013748696679687148
1.0,27.0,10.0,0.11205835642090678,0.008042961088223777,4.5,-0.026088283058215738,-0.0001892884412558694,-0.01350778486862478
1.0,28.0,10.0,0.16501734212023322,0.0,4.5,-0.026088236687111122,-0.0001889831100924748,-0.013224117563903626
1.0,29.0,10.0,0.8126140803164827,0.0001140803164827453,4.5,-0.026088237344832853,-0.00018524943840535766,-0.009775757295419357
1.0,30.0,10.0,1.4631140803164828,0.0001140803164827453,4.5,-0.026088237344832853,-0.00018149902817439433,-0.0063763555339217655
1.0,31.0,10.0,2.113614080316483,0.0001140803164827453,4.5,-0.026088237344832853,-0.000177748617943431,-0.0031008219648231664
1.0,32.0,10.0,2.7612108185127324,0.0,4.5,-0.026088236687111122,-0.00017401494625631387,3.6206742257010784e-5
1.0,33.0,10.0,2.814169804212059,0.008042961088223777,4.5,-0.026088283058215738,-0.00017370961509291925,0.00027948022617995175
1.0,34.0,10.0,2.859335698724533,0.0310574713394014,4.5,-0.026088415746693377,-0.000173449214427477,0.00048697915739287983
1.0,35.0,10.0,2.8951706892935642,0.06689246190843257,4.5,-0.02608862235071376,-0.00017324261040709793,0.0006501276274860277
1.0,36.0,10.0,2.918185199544742,0.11205835642090678,4.5,-0.0260888827513792,-0.00017310992192945515,0.0007530383978214623
1.0,37.0,10.0,2.9262281606329656,0.16501734212023322,4.5,-0.026089188082542594,-0.00017306355082483946,0.0007858664038010727
1.0,38.0,10.0,2.926114080316483,0.29986408031648293,4.5,-0.026089965531561107,-0.00017306420854657056,0.000814278587790396
1.0,39.0,10.0,2.926114080316483,0.43761408031648275,4.5,-0.02609075971912347,-0.00017306420854657056,0.0008344801165602895
1.0,40.0,10.0,2.926114080316483,0.5753640803164828,4.5,-0.02609155390668583,-0.00017306420854657056,0.000853781038318509
1.0,41.0,10.0,2.926114080316483,0.7131140803164828,4.5,-0.02609234809424819,-0.00017306420854657056,0.0008659607130721421
2.0,1.0,10.0,5.9261140803164825,2.213114080316483,4.5,-0.02610099623467316,-0.0001557679276966244,0.01642401110444727
2.0,2.0,10.0,5.9261140803164825,2.350864080316483,4.5,-0.02610179042223552,-0.0001557679276966244,0.016428676144969324
2.0,3.0,10.0,5.9261140803164825,2.488614080316483,4.5,-0.02610258460979788,-0.0001557679276966244,0.01643432300009025
2.0,4.0,10.0,5.9261140803164825,2.626364080316483,4.5,-0.026103378797360244,-0.0001557679276966244,0.01644099259033812
2.0,5.0,10.0,5.926228160632966,2.7612108185127324,4.5,-0.026104156246378758,-0.00015576726997489329,0.016449264662220752
2.0,6.0,10.0,5.918185199544742,2.8141698042120584,4.5,-0.026104461577542152,-0.00015581364107950898,0.016408226508920404
2.0,7.0,10.0,5.895170689293565,2.859335698724533,4.5,-0.026104721978207592,-0.00015594632955715174,0.016284355005004702
2.0,8.0,10.0,5.859335698724533,2.8951706892935642,4.5,-0.026104928582227974,-0.0001561529335775308,0.016089592077520448
2.0,9.0,10.0,5.814169804212058,2.918185199544742,4.5,-0.026105061270705613,-0.00015641333424297306,0.015843175490401748
2.0,10.0,10.0,5.7612108185127315,2.9262281606329656,4.5,-0.02610510764181023,-0.00015671866540636767,0.015553791494801489
2.0,11.0,10.0,5.1136140803164825,2.926114080316483,4.5,-0.026105106984088498,-0.0001604523370934848,0.01203216028446283
2.0,12.0,10.0,4.463114080316483,2.926114080316483,4.5,-0.026105106984088498,-0.00016420274732444813,0.008560976123742632
2.0,13.0,10.0,3.8126140803164827,2.926114080316483,4.5,-0.026105106984088498,-0.00016795315755541146,0.0051816176785539425
2.0,14.0,10.0,3.1650173421202332,2.9262281606329656,4.5,-0.02610510764181023,-0.00017168682924252862,0.0020105763713872825
2.0,15.0,10.0,3.112058356420907,2.918185199544742,4.5,-0.026105061270705613,-0.00017199216040592323,0.0017681335466072435
2.0,16.0,10.0,3.0668924619084326,2.8951706892935642,4.5,-0.026104928582227974,-0.0001722525610713655,0.001559435832008589
2.0,17.0,10.0,3.0310574713394014,2.859335698724533,4.5,-0.026104721978207592,-0.00017245916509174453,0.0013917524530195553
2.0,18.0,10.0,3.0080429610882238,2.8141698042120584,4.5,-0.026104461577542152,-0.0001725918535693873,0.0012814122532762032
2.0,19.0,10.0,3.0,2.7612108185127324,4.5,-0.026104156246378758,-0.000172638224674003,0.001209573244856273
2.0,20.0,10.0,3.0001140803164827,2.113614080316483,4.5,-0.02610042257469164,-0.0001726375669522719,0.0009388937612761448
2.0,21.0,10.0,3.0001140803164827,1.4631140803164828,4.5,-0.026096672164460676,-0.0001726375669522719,0.0008239003212433047
2.0,22.0,10.0,3.0001140803164827,0.8126140803164827,4.5,-0.02609292175422971,-0.0001726375669522719,0.0009103983091487503
2.0,23.0,10.0,3.0,0.16501734212023322,4.5,-0.026089188082542594,-0.000172638224674003,0.0011279570484428187
2.0,24.0,10.0,3.0080429610882238,0.11205835642090678,4.5,-0.0260888827513792,-0.0001725918535693873,0.0011697217804810284
2.0,25.0,10.0,3.0310574713394014,0.06689246190843257,4.5,-0.02608862235071376,-0.00017245916509174453,0.0012802542078614303
2.0,26.0,10.0,3.0668924619084326,0.0310574713394014,4.5,-0.026088415746693377,-0.0001722525610713655,0.0014494497630676904
2.0,27.0,10.0,3.112058356420907,0.008042961088223777,4.5,-0.026088283058215738,-0.00017199216040592323,0.0016608323482209587
2.0,28.0,10.0,3.1650173421202332,0.0,4.5,-0.026088236687111122,-0.00017168682924252862,0.0019070894097283568
2.0,29.0,10.0,3.8126140803164827,0.0001140803164827453,4.5,-0.026088237344832853,-0.00016795315755541146,0.005091151148321391
2.0,30.0,10.0,4.463114080316483,0.0001140803164827453,4.5,-0.026088237344832853,-0.00016420274732444813,0.008469991484078686
2.0,31.0,10.0,5.1136140803164825,0.0001140803164827453,4.5,-0.026088237344832853,-0.0001604523370934848,0.01193890864396115
2.0,32.0,10.0,5.761210818512732,0.0,4.5,-0.026088236687111122,-0.00015671866540636767,0.015455834332059411
2.0,33.0,10.0,5.814169804212058,0.008042961088223777,4.5,-0.026088283058215738,-0.00015641333424297306,0.015745264065640616
2.0,34.0,10.0,5.859335698724533,0.0310574713394014,4.5,-0.026088415746693377,-0.0001561529335775308,0.015992653360742792
2.0,35.0,10.0,5.895170689293565,0.06689246190843257,4.5,-0.02608862235071376,-0.00015594632955715174,0.016189184867292147
2.0,36.0,10.0,5.918185199544742,0.11205835642090678,4.5,-0.0260888827513792,-0.00015581364107950898,0.016315431172137355
2.0,37.0,10.0,5.926228160632966,0.16501734212023322,4.5,-0.026089188082542594,-0.00015576726997489329,0.016359353144085043
2.0,38.0,10.0,5.9261140803164825,0.29986408031648293,4.5,-0.026089965531561107,-0.0001557679276966244,0.01635853323341351
2.0,39.0,10.0,5.9261140803164825,0.43761408031648275,4.5,-0.02609075971912347,-0.0001557679276966244,0.016359589797107558
2.0,40.0,10.0,5.9261140803164825,0.5753640803164828,4.5,-0.02609155390668583,-0.0001557679276966244,0.016361874345803527
2.0,41.0,10.0,5.9261140803164825,0.7131140803164828,4.5,-0.02609234809424819,-0.0001557679276966244,0.01636534645868917
1.0,1.0,11.0,2.926114080316483,2.213114080316483,5.0,-0.02884742035816991,-0.000189649449308187,0.0010869046598006439
1.0,2.0,11.0,2.926114080316483,2.350864080316483,5.0,-0.02884831192722603,-0.000189649449308187,0.0010800936404456835
1.0,3.0,11.0,2.926114080316483,2.488614080316483,5.0,-0.028849203496282155,-0.000189649449308187,0.001050850746208993
1.0,4.0,11.0,2.926114080316483,2.626364080316483,5.0,-0.02885009506533828,-0.000189649449308187,0.0009888456282842433
1.0,5.0,11.0,2.9262281606329656,2.7612108185127324,5.0,-0.028850967843407932,-0.0001896487109380956,0.00091743075041606
1.0,6.0,11.0,2.918185199544742,2.8141698042120584,5.0,-0.028851310613592276,-0.00018970076796332873,0.000871680534443244
1.0,7.0,11.0,2.8951706892935642,2.859335698724533,5.0,-0.028851602944002,-0.00018984972640384985,0.0007721384784673564
1.0,8.0,11.0,2.859335698724533,2.8951706892935642,5.0,-0.028851834881342964,-0.00019008166374481406,0.000613022435169266
1.0,9.0,11.0,2.814169804212059,2.918185199544742,5.0,-0.028851983839783484,-0.00019037399415453786,0.00040982696940488115
1.0,10.0,11.0,2.761210818512732,2.9262281606329656,5.0,-0.028852035896808716,-0.0001907167643388805,0.00015603362426818925
1.0,11.0,11.0,2.113614080316483,2.926114080316483,5.0,-0.028852035158438625,-0.00019490825045592,-0.0028500255842709393
1.0,12.0,11.0,1.4631140803164828,2.926114080316483,5.0,-0.028852035158438625,-0.00019911852755942814,-0.006131772500334681
1.0,13.0,11.0,0.8126140803164827,2.926114080316483,5.0,-0.028852035158438625,-0.00020332880466293623,-0.009532199543826317
1.0,14.0,11.0,0.16501734212023322,2.9262281606329656,5.0,-0.028852035896808716,-0.00020752029077997575,-0.012976149098436475
1.0,15.0,11.0,0.11205835642090678,2.918185199544742,5.0,-0.028851983839783484,-0.0002078630609643184,-0.01325948695615944
1.0,16.0,11.0,0.06689246190843257,2.8951706892935642,5.0,-0.028851834881342964,-0.0002081553913740422,-0.013501225721242831
1.0,17.0,11.0,0.0310574713394014,2.859335698724533,5.0,-0.028851602944002,-0.00020838732871500642,-0.013692497510277169
1.0,18.0,11.0,0.008042961088223777,2.8141698042120584,5.0,-0.028851310613592276,-0.00020853628715552752,-0.013814141488720125
1.0,19.0,11.0,0.0,2.7612108185127324,5.0,-0.028850967843407932,-0.00020858834418076066,-0.013854049338416278
1.0,20.0,11.0,0.0001140803164827453,2.113614080316483,5.0,-0.028846776357290892,-0.00020858760581066928,-0.013814184682311765
1.0,21.0,11.0,0.0001140803164827453,1.4631140803164828,5.0,-0.028842566080187385,-0.00020858760581066928,-0.013813215797170934
1.0,22.0,11.0,0.0001140803164827453,0.8126140803164827,5.0,-0.028838355803083877,-0.00020858760581066928,-0.01386268946981461
1.0,23.0,11.0,0.0,0.16501734212023322,5.0,-0.028834164316966837,-0.00020858834418076066,-0.01395141596390211
1.0,24.0,11.0,0.008042961088223777,0.11205835642090678,5.0,-0.028833821546782493,-0.00020853628715552752,-0.013915596867627583
1.0,25.0,11.0,0.0310574713394014,0.06689246190843257,5.0,-0.02883352921637277,-0.00020838732871500642,-0.013797532224466232
1.0,26.0,11.0,0.06689246190843257,0.0310574713394014,5.0,-0.028833297279031805,-0.0002081553913740422,-0.013609214204188468
1.0,27.0,11.0,0.11205835642090678,0.008042961088223777,5.0,-0.028833148320591286,-0.0002078630609643184,-0.013369535508298013
1.0,28.0,11.0,0.16501734212023322,0.0,5.0,-0.028833096263566053,-0.00020752029077997575,-0.013087215926960088
1.0,29.0,11.0,0.8126140803164827,0.0001140803164827453,5.0,-0.028833097001936144,-0.00020332880466293623,-0.009648942889586025
1.0,30.0,11.0,1.4631140803164828,0.0001140803164827453,5.0,-0.028833097001936144,-0.00019911852755942814,-0.006254938275446031
1.0,31.0,11.0,2.113614080316483,0.0001140803164827453,5.0,-0.028833097001936144,-0.00019490825045592,-0.002979642960833689
1.0,32.0,11.0,2.7612108185127324,0.0,5.0,-0.028833096263566053,-0.0001907167643388805,2.5208637035579808e-5
1.0,33.0,11.0,2.814169804212059,0.008042961088223777,5.0,-0.028833148320591286,-0.00019037399415453786,0.00027948022617995175
1.0,34.0,11.0,2.859335698724533,0.0310574713394014,5.0,-0.028833297279031805,-0.00019008166374481406,0.00048697915739287983
1.0,35.0,11.0,2.8951706892935642,0.06689246190843257,5.0,-0.02883352921637277,-0.00018984972640384985,0.0006501276274860277
1.0,36.0,11.0,2.918185199544742,0.11205835642090678,5.0,-0.028833821546782493,-0.00018970076796332873,0.0007530383978214623
1.0,37.0,11.0,2.9262281606329656,0.16501734212023322,5.0,-0.028834164316966837,-0.0001896487109380956,0.0007858664038010727
1.0,38.0,11.0,2.926114080316483,0.29986408031648293,5.0,-0.02883503709503649,-0.000189649449308187,0.0008249740891420726
1.0,39.0,11.0,2.926114080316483,0.43761408031648275,5.0,-0.028835928664092614,-0.000189649449308187,0.000897518553844244
1.0,40.0,11.0,2.926114080316483,0.5753640803164828,5.0,-0.02883682023314874,-0.000189649449308187,0.0009407123051140777
1.0,41.0,11.0,2.926114080316483,0.7131140803164828,5.0,-0.02883771180220486,-0.000189649449308187,0.0009560582837856024
2.0,1.0,11.0,5.9261140803164825,2.213114080316483,5.0,-0.02884742035816991,-0.0001702323373780958,0.016283487256290995
2.0,2.0,11.0,5.9261140803164825,2.350864080316483,5.0,-0.02884831192722603,-0.0001702323373780958,0.016287716718161625
2.0,3.0,11.0,5.9261140803164825,2.488614080316483,5.0,-0.028849203496282155,-0.0001702323373780958,0.016292592624801826
2.0,4.0,11.0,5.9261140803164825,2.626364080316483,5.0,-0.02885009506533828,-0.0001702323373780958,0.016298033678768517
2.0,5.0,11.0,5.926228160632966,2.7612108185127324,5.0,-0.028850967843407932,-0.0001702315990080044,0.016304218606905865
2.0,6.0,11.0,5.918185199544742,2.8141698042120584,5.0,-0.028851310613592276,-0.00017028365603323755,0.016262500823359713
2.0,7.0,11.0,5.895170689293565,2.859335698724533,5.0,-0.028851602944002,-0.00017043261447375864,0.01613879721591767
2.0,8.0,11.0,5.859335698724533,2.8951706892935642,5.0,-0.028851834881342964,-0.00017066455181472285,0.01594483995899771
2.0,9.0,11.0,5.814169804212058,2.918185199544742,5.0,-0.028851983839783484,-0.00017095688222444668,0.015699459195880276
2.0,10.0,11.0,5.7612108185127315,2.9262281606329656,5.0,-0.028852035896808716,-0.00017129965240878932,0.015411213460720906
2.0,11.0,11.0,5.1136140803164825,2.926114080316483,5.0,-0.028852035158438625,-0.00017549113852582883,0.011902065187566379
2.0,12.0,11.0,4.463114080316483,2.926114080316483,5.0,-0.028852035158438625,-0.00017970141562933693,0.00843486207660779
2.0,13.0,11.0,3.8126140803164827,2.926114080316483,5.0,-0.028852035158438625,-0.00018391169273284503,0.005083445683528472
2.0,14.0,11.0,3.1650173421202332,2.9262281606329656,5.0,-0.028852035896808716,-0.00018810317884988457,0.0020105763713872825
2.0,15.0,11.0,3.112058356420907,2.918185199544742,5.0,-0.028851983839783484,-0.00018844594903422718,0.0017681335466072435
2.0,16.0,11.0,3.0668924619084326,2.8951706892935642,5.0,-0.028851834881342964,-0.000188738279443951,0.001559435832008589
2.0,17.0,11.0,3.0310574713394014,2.859335698724533,5.0,-0.028851602944002,-0.00018897021678491522,0.0013917524530195553
2.0,18.0,11.0,3.0080429610882238,2.8141698042120584,5.0,-0.028851310613592276,-0.00018911917522543634,0.0012814122532762032
2.0,19.0,11.0,3.0,2.7612108185127324,5.0,-0.028850967843407932,-0.00018917123225066946,0.001223549517339192
2.0,20.0,11.0,3.0001140803164827,2.113614080316483,5.0,-0.028846776357290892,-0.00018917049388057807,0.0008244459936592016
2.0,21.0,11.0,3.0001140803164827,1.4631140803164828,5.0,-0.028842566080187385,-0.00018917049388057807,0.0007143370169871662
2.0,22.0,11.0,3.0001140803164827,0.8126140803164827,5.0,-0.028838355803083877,-0.00018917049388057807,0.0008160219584824754
2.0,23.0,11.0,3.0,0.16501734212023322,5.0,-0.028834164316966837,-0.00018917123225066946,0.0011279570484428187
2.0,24.0,11.0,3.0080429610882238,0.11205835642090678,5.0,-0.028833821546782493,-0.00018911917522543634,0.0011697217804810284
2.0,25.0,11.0,3.0310574713394014,0.06689246190843257,5.0,-0.02883352921637277,-0.00018897021678491522,0.0012802542078614303
2.0,26.0,11.0,3.0668924619084326,0.0310574713394014,5.0,-0.028833297279031805,-0.000188738279443951,0.0014494497630676904
2.0,27.0,11.0,3.112058356420907,0.008042961088223777,5.0,-0.028833148320591286,-0.00018844594903422718,0.0016608323482209587
2.0,28.0,11.0,3.1650173421202332,0.0,5.0,-0.028833096263566053,-0.00018810317884988457,0.0019070894097283568
2.0,29.0,11.0,3.8126140803164827,0.0001140803164827453,5.0,-0.028833097001936144,-0.00018391169273284503,0.004996619134065674
2.0,30.0,11.0,4.463114080316483,0.0001140803164827453,5.0,-0.028833097001936144,-0.00017970141562933693,0.008347137740182076
2.0,31.0,11.0,5.1136140803164825,0.0001140803164827453,5.0,-0.028833097001936144,-0.00017549113852582883,0.011811059441629782
2.0,32.0,11.0,5.761210818512732,0.0,5.0,-0.028833096263566053,-0.00017129965240878932,0.015314879633116934
2.0,33.0,11.0,5.814169804212058,0.008042961088223777,5.0,-0.028833148320591286,-0.00017095688222444668,0.015602966236416084
2.0,34.0,11.0,5.859335698724533,0.0310574713394014,5.0,-0.028833297279031805,-0.00017066455181472285,0.015849054110364816
2.0,35.0,11.0,5.895170689293565,0.06689246190843257,5.0,-0.02883352921637277,-0.00017043261447375864,0.016044469853167206
2.0,36.0,11.0,5.918185199544742,0.11205835642090678,5.0,-0.028833821546782493,-0.00017028365603323755,0.016170188186291293
2.0,37.0,11.0,5.926228160632966,0.16501734212023322,5.0,-0.028834164316966837,-0.0001702315990080044,0.01621437509565689
2.0,38.0,11.0,5.9261140803164825,0.29986408031648293,5.0,-0.02883503709503649,-0.0001702323373780958,0.01621454843450466
2.0,39.0,11.0,5.9261140803164825,0.43761408031648275,5.0,-0.028835928664092614,-0.0001702323373780958,0.016215687098716822
2.0,40.0,11.0,5.9261140803164825,0.5753640803164828,5.0,-0.02883682023314874,-0.0001702323373780958,0.016217666026754108
2.0,41.0,11.0,5.9261140803164825,0.7131140803164828,5.0,-0.02883771180220486,-0.0001702323373780958,0.016220823144275948
1.0,1.0,12.0,2.926114080316483,2.213114080316483,5.5,-0.03157277318061432,-0.0002050121536910268,0.0012791230802835993
1.0,2.0,12.0,2.926114080316483,2.350864080316483,5.5,-0.031573816356987014,-0.0002050121536910268,0.001271879459173792
1.0,3.0,12.0,2.926114080316483,2.488614080316483,5.5,-0.031574859533359714,-0.0002050121536910268,0.0012420604987706258
1.0,4.0,12.0,2.926114080316483,2.626364080316483,5.5,-0.03157590270973241,-0.0002050121536910268,0.001185028436887373
1.0,5.0,12.0,2.9262281606329656,2.7612108185127324,5.5,-0.03157692389979572,-0.00020501128976441524,0.0010308236978835681
1.0,6.0,12.0,2.918185199544742,2.8141698042120584,5.5,-0.031577324956511534,-0.00020507219885315382,0.000871680534443244
1.0,7.0,12.0,2.8951706892935642,2.859335698724533,5.5,-0.03157766699639543,-0.00020524648700794997,0.0007721384784673564
1.0,8.0,12.0,2.859335698724533,2.8951706892935642,5.5,-0.03157793837364028,-0.00020551786425279466,0.000613022435169266
1.0,9.0,12.0,2.814169804212059,2.918185199544742,5.5,-0.031578112661795076,-0.0002058599041366933,0.00040982696940488115
1.0,10.0,12.0,2.761210818512732,2.9262281606329656,5.5,-0.031578173570883813,-0.0002062609608525076,0.0002740488460598409
1.0,11.0,12.0,2.113614080316483,2.926114080316483,5.5,-0.0315781727069572,-0.00021116519037207602,-0.0026825828807222805
1.0,12.0,12.0,1.4631140803164828,2.926114080316483,5.5,-0.0315781727069572,-0.0002160914062010268,-0.005993321769397338
1.0,13.0,12.0,0.8126140803164827,2.926114080316483,5.5,-0.0315781727069572,-0.00022101762202997758,-0.009392722655370335
1.0,14.0,12.0,0.16501734212023322,2.9262281606329656,5.5,-0.031578173570883813,-0.000225921851549546,-0.012838439842952791
1.0,15.0,12.0,0.11205835642090678,2.918185199544742,5.5,-0.031578112661795076,-0.0002263229082653603,-0.01312165804661954
1.0,16.0,12.0,0.06689246190843257,2.8951706892935642,5.5,-0.03157793837364028,-0.00022666494814925896,-0.013363224764345148
1.0,17.0,12.0,0.0310574713394014,2.859335698724533,5.5,-0.03157766699639543,-0.00022693632539410363,-0.013554302644186094
1.0,18.0,12.0,0.008042961088223777,2.8141698042120584,5.5,-0.031577324956511534,-0.0002271106135488998,-0.013675673710858628
1.0,19.0,12.0,0.0,2.7612108185127324,5.5,-0.03157692389979572,-0.00022717152263763835,-0.013715181669054983
1.0,20.0,12.0,0.0001140803164827453,2.113614080316483,5.5,-0.031572019670276154,-0.00022717065871102679,-0.013668029301163096
1.0,21.0,12.0,0.0001140803164827453,1.4631140803164828,5.5,-0.0315670934544472,-0.00022717065871102679,-0.013664118868364144
1.0,22.0,12.0,0.0001140803164827453,0.8126140803164827,5.5,-0.031562167238618245,-0.00022717065871102679,-0.013715238477407405
1.0,23.0,12.0,0.0,0.16501734212023322,5.5,-0.03155726300909868,-0.00022717152263763835,-0.013809827209271808
1.0,24.0,12.0,0.008042961088223777,0.11205835642090678,5.5,-0.031556861952382866,-0.0002271106135488998,-0.013774309376807755
1.0,25.0,12.0,0.0310574713394014,0.06689246190843257,5.5,-0.03155651991249897,-0.00022693632539410363,-0.01365648464538708
1.0,26.0,12.0,0.06689246190843257,0.0310574713394014,5.5,-0.03155624853525412,-0.00022666494814925896,-0.013468374398258348
1.0,27.0,12.0,0.11205835642090678,0.008042961088223777,5.5,-0.031556074247099324,-0.0002263229082653603,-0.013228907717861157
1.0,28.0,12.0,0.16501734212023322,0.0,5.5,-0.031556013338010586,-0.000225921851549546,-0.012946757801041847
1.0,29.0,12.0,0.8126140803164827,0.0001140803164827453,5.5,-0.031556014201937196,-0.00022101762202997758,-0.009507510993092518
1.0,30.0,12.0,1.4631140803164828,0.0001140803164827453,5.5,-0.031556014201937196,-0.0002160914062010268,-0.006115308245270362
1.0,31.0,12.0,2.113614080316483,0.0001140803164827453,5.5,-0.031556014201937196,-0.00021116519037207602,-0.0028131931605482603
1.0,32.0,12.0,2.7612108185127324,0.0,5.5,-0.031556013338010586,-0.0002062609608525076,0.0001387825214451494
1.0,33.0,12.0,2.814169804212059,0.008042961088223777,5.5,-0.031556074247099324,-0.0002058599041366933,0.00027948022617995175
1.0,34.0,12.0,2.859335698724533,0.0310574713394014,5.5,-0.03155624853525412,-0.00020551786425279466,0.00048697915739287983
1.0,35.0,12.0,2.8951706892935642,0.06689246190843257,5.5,-0.03155651991249897,-0.00020524648700794997,0.0006501276274860277
1.0,36.0,12.0,2.918185199544742,0.11205835642090678,5.5,-0.031556861952382866,-0.00020507219885315382,0.0007530383978214623
1.0,37.0,12.0,2.9262281606329656,0.16501734212023322,5.5,-0.03155726300909868,-0.00020501128976441524,0.0007858664038010727
1.0,38.0,12.0,2.926114080316483,0.29986408031648293,5.5,-0.03155828419916199,-0.0002050121536910268,0.0009941510585268639
1.0,39.0,12.0,2.926114080316483,0.43761408031648275,5.5,-0.031559327375534685,-0.0002050121536910268,0.0010857584486000883
1.0,40.0,12.0,2.926114080316483,0.5753640803164828,5.5,-0.031560370551907385,-0.0002050121536910268,0.0011231599438888593
1.0,41.0,12.0,2.926114080316483,0.7131140803164828,5.5,-0.03156141372828008,-0.0002050121536910268,0.0011410960242443328
2.0,1.0,12.0,5.9261140803164825,2.213114080316483,5.5,-0.03157277318061432,-0.00018229324902253744,0.01613900640752404
2.0,2.0,12.0,5.9261140803164825,2.350864080316483,5.5,-0.031573816356987014,-0.00018229324902253744,0.016142342817757664
2.0,3.0,12.0,5.9261140803164825,2.488614080316483,5.5,-0.031574859533359714,-0.00018229324902253744,0.01614692838720463
2.0,4.0,12.0,5.9261140803164825,2.626364080316483,5.5,-0.03157590270973241,-0.00018229324902253744,0.016152582360591295
2.0,5.0,12.0,5.926228160632966,2.7612108185127324,5.5,-0.03157692389979572,-0.00018229238509592587,0.016159069258586203
2.0,6.0,12.0,5.918185199544742,2.8141698042120584,5.5,-0.031577324956511534,-0.00018235329418466443,0.016117340587057372
2.0,7.0,12.0,5.895170689293565,2.859335698724533,5.5,-0.03157766699639543,-0.0001825275823394606,0.015993560164688485
2.0,8.0,12.0,5.859335698724533,2.8951706892935642,5.5,-0.03157793837364028,-0.00018279895958430527,0.015799507664314705
2.0,9.0,12.0,5.814169804212058,2.918185199544742,5.5,-0.031578112661795076,-0.00018314099946820393,0.015554327990302099
2.0,10.0,12.0,5.7612108185127315,2.9262281606329656,5.5,-0.031578173570883813,-0.0001835420561840182,0.015266353801729941
2.0,11.0,12.0,5.1136140803164825,2.926114080316483,5.5,-0.0315781727069572,-0.00018844628570358665,0.011755587434836309
2.0,12.0,12.0,4.463114080316483,2.926114080316483,5.5,-0.0315781727069572,-0.0001933725015325374,0.008298885283343257
2.0,13.0,12.0,3.8126140803164827,2.926114080316483,5.5,-0.0315781727069572,-0.0001982987173614882,0.0049089902425059
2.0,14.0,12.0,3.1650173421202332,2.9262281606329656,5.5,-0.031578173570883813,-0.00020320294688105662,0.0020105763713872825
2.0,15.0,12.0,3.112058356420907,2.918185199544742,5.5,-0.031578112661795076,-0.00020360400359687093,0.0017681335466072435
2.0,16.0,12.0,3.0668924619084326,2.8951706892935642,5.5,-0.03157793837364028,-0.00020394604348076956,0.001559435832008589
2.0,17.0,12.0,3.0310574713394014,2.859335698724533,5.5,-0.03157766699639543,-0.00020421742072561426,0.0013917524530195553
2.0,18.0,12.0,3.0080429610882238,2.8141698042120584,5.5,-0.031577324956511534,-0.0002043917088804104,0.0012814122532762032
2.0,19.0,12.0,3.0,2.7612108185127324,5.5,-0.03157692389979572,-0.00020445261796914898,0.0010959113557314384
2.0,20.0,12.0,3.0001140803164827,2.113614080316483,5.5,-0.031572019670276154,-0.00020445175404253742,0.0006579991782199043
2.0,21.0,12.0,3.0001140803164827,1.4631140803164828,5.5,-0.0315670934544472,-0.00020445175404253742,0.0005896183757622908
2.0,22.0,12.0,3.0001140803164827,0.8126140803164827,5.5,-0.031562167238618245,-0.00020445175404253742,0.0006304704610022775
2.0,23.0,12.0,3.0,0.16501734212023322,5.5,-0.03155726300909868,-0.00020445261796914898,0.0011279570484428187
2.0,24.0,12.0,3.0080429610882238,0.11205835642090678,5.5,-0.031556861952382866,-0.0002043917088804104,0.0011697217804810284
2.0,25.0,12.0,3.0310574713394014,0.06689246190843257,5.5,-0.03155651991249897,-0.00020421742072561426,0.0012802542078614303
2.0,26.0,12.0,3.0668924619084326,0.0310574713394014,5.5,-0.03155624853525412,-0.00020394604348076956,0.0014494497630676904
2.0,27.0,12.0,3.112058356420907,0.008042961088223777,5.5,-0.031556074247099324,-0.00020360400359687093,0.0016608323482209587
2.0,28.0,12.0,3.1650173421202332,0.0,5.5,-0.031556013338010586,-0.00020320294688105662,0.0019070894097283568
2.0,29.0,12.0,3.8126140803164827,0.0001140803164827453,5.5,-0.031556014201937196,-0.0001982987173614882,0.0048295909342043735
2.0,30.0,12.0,4.463114080316483,0.0001140803164827453,5.5,-0.031556014201937196,-0.0001933725015325374,0.008214137379625975
2.0,31.0,12.0,5.1136140803164825,0.0001140803164827453,5.5,-0.031556014201937196,-0.00018844628570358665,0.011667352299233092
2.0,32.0,12.0,5.761210818512732,0.0,5.5,-0.031556013338010586,-0.0001835420561840182,0.015172291818232127
2.0,33.0,12.0,5.814169804212058,0.008042961088223777,5.5,-0.031556074247099324,-0.00018314099946820393,0.01546005298728615
2.0,34.0,12.0,5.859335698724533,0.0310574713394014,5.5,-0.03155624853525412,-0.00018279895958430527,0.015705652608647935
2.0,35.0,12.0,5.895170689293565,0.06689246190843257,5.5,-0.03155651991249897,-0.0001825275823394606,0.015900677664583186
2.0,36.0,12.0,5.918185199544742,0.11205835642090678,5.5,-0.031556861952382866,-0.00018235329418466443,0.016025885155324104
2.0,37.0,12.0,5.926228160632966,0.16501734212023322,5.5,-0.03155726300909868,-0.00018229238509592587,0.01606944535205646
2.0,38.0,12.0,5.9261140803164825,0.29986408031648293,5.5,-0.03155828419916199,-0.00018229324902253744,0.016067759899257315
2.0,39.0,12.0,5.9261140803164825,0.43761408031648275,5.5,-0.031559327375534685,-0.00018229324902253744,0.016067000423467225
2.0,40.0,12.0,5.9261140803164825,0.5753640803164828,5.5,-0.031560370551907385,-0.00018229324902253744,0.016067352567027588
2.0,41.0,12.0,5.9261140803164825,0.7131140803164828,5.5,-0.03156141372828008,-0.00018229324902253744,0.016069145455296883
1.0,1.0,13.0,2.926114080316483,2.213114080316483,6.0,-0.03433521160533319,-0.00021765971097052124,0.0015524587977876236
1.0,2.0,13.0,2.926114080316483,2.350864080316483,6.0,-0.034336549523808324,-0.00021765971097052124,0.0015514775321110678
1.0,3.0,13.0,2.926114080316483,2.488614080316483,6.0,-0.034337887442283464,-0.00021765971097052124,0.0015429683453931909
1.0,4.0,13.0,2.926114080316483,2.626364080316483,6.0,-0.0343392253607586,-0.00021765971097052124,0.0015246227759222305
1.0,5.0,13.0,2.9262281606329656,2.7612108185127324,6.0,-0.034340535080848215,-0.00021765860294755885,0.0015534623134995317
1.0,6.0,13.0,2.918185199544742,2.8141698042120584,6.0,-0.034341049453301145,-0.00021773672146831917,0.0015663590639400477
1.0,7.0,13.0,2.8951706892935642,2.859335698724533,6.0,-0.03434148813413392,-0.00021796025350796539,0.0014307806863517551
1.0,8.0,13.0,2.859335698724533,2.8951706892935642,6.0,-0.03434183618709899,-0.00021830830647303717,0.001238904019945017
1.0,9.0,13.0,2.814169804212059,2.918185199544742,6.0,-0.03434205971913864,-0.00021874698730580883,0.0010099029890554404
1.0,10.0,13.0,2.761210818512732,2.9262281606329656,6.0,-0.034342137837659395,-0.00021926135975874246,0.0006898107602923751
1.0,11.0,13.0,2.113614080316483,2.926114080316483,6.0,-0.03434213672963644,-0.00022555124462604373,-0.002514460498086084
1.0,12.0,13.0,1.4631140803164828,2.926114080316483,6.0,-0.03434213672963644,-0.00023186932787886514,-0.005829227114787331
1.0,13.0,13.0,0.8126140803164827,2.926114080316483,6.0,-0.03434213672963644,-0.00023818741113168653,-0.009241089980852343
1.0,14.0,13.0,0.16501734212023322,2.9262281606329656,6.0,-0.034342137837659395,-0.0002444772959989878,-0.012695844822882949
1.0,15.0,13.0,0.11205835642090678,2.918185199544742,6.0,-0.03434205971913864,-0.00024499166845192143,-0.012981181191186679
1.0,16.0,13.0,0.06689246190843257,2.8951706892935642,6.0,-0.03434183618709899,-0.0002454303492846931,-0.013224556029179373
1.0,17.0,13.0,0.0310574713394014,2.859335698724533,6.0,-0.03434148813413392,-0.0002457784022497649,-0.01341647311293746
1.0,18.0,13.0,0.008042961088223777,2.8141698042120584,6.0,-0.034341049453301145,-0.0002460019342894111,-0.013537277844489758
1.0,19.0,13.0,0.0,2.7612108185127324,6.0,-0.034340535080848215,-0.0002460800528101714,-0.013574487096582816
1.0,20.0,13.0,0.0001140803164827453,2.113614080316483,6.0,-0.03433424519598091,-0.000246078944787209,-0.013510717510552621
1.0,21.0,13.0,0.0001140803164827453,1.4631140803164828,6.0,-0.03432792711272809,-0.000246078944787209,-0.013503116632352789
1.0,22.0,13.0,0.0001140803164827453,0.8126140803164827,6.0,-0.03432160902947527,-0.000246078944787209,-0.013556548505122779
1.0,23.0,13.0,0.0,0.16501734212023322,6.0,-0.03431531914460797,-0.0002460800528101714,-0.013666179553461002
1.0,24.0,13.0,0.008042961088223777,0.11205835642090678,6.0,-0.03431480477215504,-0.0002460019342894111,-0.013632822720898281
1.0,25.0,13.0,0.0310574713394014,0.06689246190843257,6.0,-0.03431436609132226,-0.0002457784022497649,-0.01351550866311996
1.0,26.0,13.0,0.06689246190843257,0.0310574713394014,6.0,-0.034314018038357194,-0.0002454303492846931,-0.01332657029508013
1.0,27.0,13.0,0.11205835642090678,0.008042961088223777,6.0,-0.034313794506317545,-0.00024499166845192143,-0.013085356854233787
1.0,28.0,13.0,0.16501734212023322,0.0,6.0,-0.03431371638779679,-0.0002444772959989878,-0.012801177079921766
1.0,29.0,13.0,0.8126140803164827,0.0001140803164827453,6.0,-0.03431371749581975,-0.00023818741113168653,-0.009353708560127176
1.0,30.0,13.0,1.4631140803164828,0.0001140803164827453,6.0,-0.03431371749581975,-0.00023186932787886514,-0.005950172780363097
1.0,31.0,13.0,2.113614080316483,0.0001140803164827453,6.0,-0.03431371749581975,-0.00022555124462604373,-0.002644492114866045
1.0,32.0,13.0,2.7612108185127324,0.0,6.0,-0.03431371638779679,-0.00021926135975874246,0.0005426946550221557
1.0,33.0,13.0,2.814169804212059,0.008042961088223777,6.0,-0.034313794506317545,-0.00021874698730580883,0.0008567408234418615
1.0,34.0,13.0,2.859335698724533,0.0310574713394014,6.0,-0.034314018038357194,-0.00021830830647303717,0.0010792560078356059
1.0,35.0,13.0,2.8951706892935642,0.06689246190843257,6.0,-0.03431436609132226,-0.00021796025350796539,0.0012596479972153505
1.0,36.0,13.0,2.918185199544742,0.11205835642090678,6.0,-0.03431480477215504,-0.00021773672146831917,0.0013826891654809008
1.0,37.0,13.0,2.9262281606329656,0.16501734212023322,6.0,-0.03431531914460797,-0.00021765860294755885,0.0014328349743250046
1.0,38.0,13.0,2.926114080316483,0.29986408031648293,6.0,-0.034316628864697586,-0.00021765971097052124,0.0013706903580687861
1.0,39.0,13.0,2.926114080316483,0.43761408031648275,6.0,-0.03431796678317272,-0.00021765971097052124,0.0013871165361158196
1.0,40.0,13.0,2.926114080316483,0.5753640803164828,6.0,-0.03431930470164786,-0.00021765971097052124,0.0014075263713838127
1.0,41.0,13.0,2.926114080316483,0.7131140803164828,6.0,-0.03432064262012299,-0.00021765971097052124,0.0014141020820694877
2.0,1.0,13.0,5.9261140803164825,2.213114080316483,6.0,-0.03433521160533319,-0.0001885217405501305,0.01598733756440895
2.0,2.0,13.0,5.9261140803164825,2.350864080316483,6.0,-0.034336549523808324,-0.0001885217405501305,0.015989739893152624
2.0,3.0,13.0,5.9261140803164825,2.488614080316483,6.0,-0.034337887442283464,-0.0001885217405501305,0.01599485505907608
2.0,4.0,13.0,5.9261140803164825,2.626364080316483,6.0,-0.0343392253607586,-0.0001885217405501305,0.01600259728641758
2.0,5.0,13.0,5.926228160632966,2.7612108185127324,6.0,-0.034340535080848215,-0.00018852063252716808,0.016013343988359758
2.0,6.0,13.0,5.918185199544742,2.8141698042120584,6.0,-0.034341049453301145,-0.00018859875104792844,0.015973079823069485
2.0,7.0,13.0,5.895170689293565,2.859335698724533,6.0,-0.03434148813413392,-0.00018882228308757462,0.015849099329459302
2.0,8.0,13.0,5.859335698724533,2.8951706892935642,6.0,-0.03434183618709899,-0.00018917033605264644,0.015653647641554084
2.0,9.0,13.0,5.814169804212058,2.918185199544742,6.0,-0.03434205971913864,-0.0001896090168854181,0.015406082063826513
2.0,10.0,13.0,5.7612108185127315,2.9262281606329656,6.0,-0.034342137837659395,-0.0001901233893383517,0.015115598024550205
2.0,11.0,13.0,5.1136140803164825,2.926114080316483,6.0,-0.03434213672963644,-0.000196413274205653,0.011598790513573255
2.0,12.0,13.0,4.463114080316483,2.926114080316483,6.0,-0.03434213672963644,-0.00020273135745847438,0.008126463826696427
2.0,13.0,13.0,3.8126140803164827,2.926114080316483,6.0,-0.03434213672963644,-0.00020904944071129577,0.004775521468445513
2.0,14.0,13.0,3.1650173421202332,2.9262281606329656,6.0,-0.034342137837659395,-0.00021533932557859706,0.0015202494925451503
2.0,15.0,13.0,3.112058356420907,2.918185199544742,6.0,-0.03434205971913864,-0.0002158536980315307,0.0012378512001794963
2.0,16.0,13.0,3.0668924619084326,2.8951706892935642,6.0,-0.03434183618709899,-0.00021629237886430235,0.000988858725213905
2.0,17.0,13.0,3.0310574713394014,2.859335698724533,6.0,-0.03434148813413392,-0.00021664043182937414,0.0007810996288020131
2.0,18.0,13.0,3.0080429610882238,2.8141698042120584,6.0,-0.034341049453301145,-0.00021686396386902035,0.0006371768887910545
2.0,19.0,13.0,3.0,2.7612108185127324,6.0,-0.034340535080848215,-0.00021694208238978068,0.0006502870314476126
2.0,20.0,13.0,3.0001140803164827,2.113614080316483,6.0,-0.03433424519598091,-0.0002169409743668183,0.0004970387017885116
2.0,21.0,13.0,3.0001140803164827,1.4631140803164828,6.0,-0.03432792711272809,-0.0002169409743668183,0.000414221523034451
2.0,22.0,13.0,3.0001140803164827,0.8126140803164827,6.0,-0.03432160902947527,-0.0002169409743668183,0.0004887104781369341
2.0,23.0,13.0,3.0,0.16501734212023322,6.0,-0.03431531914460797,-0.00021694208238978068,0.0005888235070014367
2.0,24.0,13.0,3.0080429610882238,0.11205835642090678,6.0,-0.03431480477215504,-0.00021686396386902035,0.0006300089642723785
2.0,25.0,13.0,3.0310574713394014,0.06689246190843257,6.0,-0.03431436609132226,-0.00021664043182937414,0.0007493066217014103
2.0,26.0,13.0,3.0668924619084326,0.0310574713394014,6.0,-0.034314018038357194,-0.00021629237886430235,0.0009381760172108347
2.0,27.0,13.0,3.112058356420907,0.008042961088223777,6.0,-0.034313794506317545,-0.0002158536980315307,0.0011764787118222128
2.0,28.0,13.0,3.1650173421202332,0.0,6.0,-0.03431371638779679,-0.00021533932557859706,0.0014517655461583098
2.0,29.0,13.0,3.8126140803164827,0.0001140803164827453,6.0,-0.03431371749581975,-0.00020904944071129577,0.004697518010733002
2.0,30.0,13.0,4.463114080316483,0.0001140803164827453,6.0,-0.03431371749581975,-0.00020273135745847438,0.008046760568422196
2.0,31.0,13.0,5.1136140803164825,0.0001140803164827453,6.0,-0.03431371749581975,-0.000196413274205653,0.011513184160055551
2.0,32.0,13.0,5.761210818512732,0.0,6.0,-0.03431371638779679,-0.0001901233893383517,0.01502424453929448
2.0,33.0,13.0,5.814169804212058,0.008042961088223777,6.0,-0.034313794506317545,-0.0001896090168854181,0.015314454214729514
2.0,34.0,13.0,5.859335698724533,0.0310574713394014,6.0,-0.034314018038357194,-0.00018917033605264644,0.015562089231488215
2.0,35.0,13.0,5.895170689293565,0.06689246190843257,6.0,-0.03431436609132226,-0.00018882228308757462,0.015757958895679332
2.0,36.0,13.0,5.918185199544742,0.11205835642090678,6.0,-0.03431480477215504,-0.00018859875104792844,0.015882694672019134
2.0,37.0,13.0,5.926228160632966,0.16501734212023322,6.0,-0.03431531914460797,-0.00018852063252716808,0.015924076980055955
2.0,38.0,13.0,5.9261140803164825,0.29986408031648293,6.0,-0.034316628864697586,-0.0001885217405501305,0.015916458367876484
2.0,39.0,13.0,5.9261140803164825,0.43761408031648275,6.0,-0.03431796678317272,-0.0001885217405501305,0.01591182363322591
2.0,40.0,13.0,5.9261140803164825,0.5753640803164828,6.0,-0.03431930470164786,-0.0001885217405501305,0.015909547792322922
2.0,41.0,13.0,5.9261140803164825,0.7131140803164828,6.0,-0.03432064262012299,-0.0001885217405501305,0.015909341261194962
1.0,1.0,14.0,2.926114080316483,2.213114080316483,6.5,-0.03716076714547045,-0.00022818779100787582,0.001864641043235866
1.0,2.0,14.0,2.926114080316483,2.350864080316483,6.5,-0.03716247842789488,-0.00022818779100787582,0.0018693825725924955
1.0,3.0,14.0,2.926114080316483,2.488614080316483,6.5,-0.0371641897103193,-0.00022818779100787582,0.0018796305349292974
1.0,4.0,14.0,2.926114080316483,2.626364080316483,6.5,-0.03716590099274372,-0.00022818779100787582,0.001907201007106919
1.0,5.0,14.0,2.9262281606329656,2.7612108185127324,6.5,-0.03716757620764802,-0.00022818637377636531,0.0019346019730182272
1.0,6.0,14.0,2.918185199544742,2.8141698042120584,6.5,-0.03716823412257682,-0.00022828629230958207,0.0018782750465770072
1.0,7.0,14.0,2.8951706892935642,2.859335698724533,6.5,-0.0371687952231319,-0.0002285722039386171,0.0017746480224977896
1.0,8.0,14.0,2.859335698724533,2.8951706892935642,6.5,-0.03716924040490715,-0.00022901738571386352,0.0015877995495732176
1.0,9.0,14.0,2.814169804212059,2.918185199544742,6.5,-0.03716952631653618,-0.00022957848626894596,0.0013376807009525943
1.0,10.0,14.0,2.761210818512732,2.9262281606329656,6.5,-0.0371696262350694,-0.00023023640119774886,0.0010752298926508868
1.0,11.0,14.0,2.113614080316483,2.926114080316483,6.5,-0.037169624817837886,-0.00023828156211382724,-0.002298362421390417
1.0,12.0,14.0,1.4631140803164828,2.926114080316483,6.5,-0.037169624817837886,-0.0002463627905500382,-0.005654420285937005
1.0,13.0,14.0,0.8126140803164827,2.926114080316483,6.5,-0.037169624817837886,-0.0002544440189862492,-0.009075209384069909
1.0,14.0,14.0,0.16501734212023322,2.9262281606329656,6.5,-0.0371696262350694,-0.0002624891799023276,-0.01254300930405189
1.0,15.0,14.0,0.11205835642090678,2.918185199544742,6.5,-0.03716952631653618,-0.0002631470948311305,-0.012829998045897179
1.0,16.0,14.0,0.06689246190843257,2.8951706892935642,6.5,-0.03716924040490715,-0.0002637081953862129,-0.013074711386677427
1.0,17.0,14.0,0.0310574713394014,2.859335698724533,6.5,-0.0371687952231319,-0.00026415337716145933,-0.013267258171557687
1.0,18.0,14.0,0.008042961088223777,2.8141698042120584,6.5,-0.03716823412257682,-0.00026443928879049433,-0.013387605019155683
1.0,19.0,14.0,0.0,2.7612108185127324,6.5,-0.03716757620764802,-0.0002645392073237111,-0.013423003219272691
1.0,20.0,14.0,0.0001140803164827453,2.113614080316483,6.5,-0.03715953104673193,-0.0002645377900922006,-0.013341259297533463
1.0,21.0,14.0,0.0001140803164827453,1.4631140803164828,6.5,-0.037151449818295726,-0.0002645377900922006,-0.013328969822384499
1.0,22.0,14.0,0.0001140803164827453,0.8126140803164827,6.5,-0.03714336858985952,-0.0002645377900922006,-0.013385622919027057
1.0,23.0,14.0,0.0,0.16501734212023322,6.5,-0.037135323428943434,-0.0002645392073237111,-0.013511722386596993
1.0,24.0,14.0,0.008042961088223777,0.11205835642090678,6.5,-0.037134665514014634,-0.00026443928879049433,-0.01348006835723349
1.0,25.0,14.0,0.0310574713394014,0.06689246190843257,6.5,-0.03713410441345955,-0.00026415337716145933,-0.013363132906927344
1.0,26.0,14.0,0.06689246190843257,0.0310574713394014,6.5,-0.0371336592316843,-0.0002637081953862129,-0.01317352050694099
1.0,27.0,14.0,0.11205835642090678,0.008042961088223777,6.5,-0.03713337332005527,-0.0002631470948311305,-0.012930969245930518
1.0,28.0,14.0,0.16501734212023322,0.0,6.5,-0.03713327340152205,-0.0002624891799023276,-0.012645191283570265
1.0,29.0,14.0,0.8126140803164827,0.0001140803164827453,6.5,-0.037133274818753566,-0.0002544440189862492,-0.009185517237433459
1.0,30.0,14.0,1.4631140803164828,0.0001140803164827453,6.5,-0.037133274818753566,-0.0002463627905500382,-0.0057738266046123915
1.0,31.0,14.0,2.113614080316483,0.0001140803164827453,6.5,-0.037133274818753566,-0.00023828156211382724,-0.0024286670438368576
1.0,32.0,14.0,2.7612108185127324,0.0,6.5,-0.03713327340152205,-0.00023023640119774883,0.0009254933207328134
1.0,33.0,14.0,2.814169804212059,0.008042961088223777,6.5,-0.03713337332005527,-0.00022957848626894596,0.0011870362943240387
1.0,34.0,14.0,2.859335698724533,0.0310574713394014,6.5,-0.0371336592316843,-0.00022901738571386352,0.001437766870351983
1.0,35.0,14.0,2.8951706892935642,0.06689246190843257,6.5,-0.03713410441345955,-0.0002285722039386171,0.0016320678892029295
1.0,36.0,14.0,2.918185199544742,0.11205835642090678,6.5,-0.037134665514014634,-0.00022828629230958207,0.0017456778682300648
1.0,37.0,14.0,2.9262281606329656,0.16501734212023322,6.5,-0.037135323428943434,-0.00022818637377636531,0.0017692961820332106
1.0,38.0,14.0,2.926114080316483,0.29986408031648293,6.5,-0.03713699864384773,-0.00022818779100787582,0.0017649551674474874
1.0,39.0,14.0,2.926114080316483,0.43761408031648275,6.5,-0.037138709926272155,-0.00022818779100787582,0.0017412429193231155
1.0,40.0,14.0,2.926114080316483,0.5753640803164828,6.5,-0.037140421208696574,-0.00022818779100787582,0.0017316257593474242
1.0,41.0,14.0,2.926114080316483,0.7131140803164828,6.5,-0.037142132491121,-0.00022818779100787582,0.0017330146888398371
2.0,1.0,14.0,5.9261140803164825,2.213114080316483,6.5,-0.03716076714547045,-0.0001909184823089782,0.015822149982727976
2.0,2.0,14.0,5.9261140803164825,2.350864080316483,6.5,-0.03716247842789488,-0.0001909184823089782,0.015824664589737393
2.0,3.0,14.0,5.9261140803164825,2.488614080316483,6.5,-0.0371641897103193,-0.0001909184823089782,0.01583087333266746
2.0,4.0,14.0,5.9261140803164825,2.626364080316483,6.5,-0.03716590099274372,-0.0001909184823089782,0.01584109591775719
2.0,5.0,14.0,5.926228160632966,2.7612108185127324,6.5,-0.03716757620764802,-0.00019091706507746772,0.015855790560726415
2.0,6.0,14.0,5.918185199544742,2.8141698042120584,6.5,-0.03716823412257682,-0.00019101698361068445,0.015816731737351774
2.0,7.0,14.0,5.895170689293565,2.859335698724533,6.5,-0.0371687952231319,-0.00019130289523971948,0.01569263817249459
2.0,8.0,14.0,5.859335698724533,2.8951706892935642,6.5,-0.03716924040490715,-0.00019174807701496593,0.015496084049284946
2.0,9.0,14.0,5.814169804212058,2.918185199544742,6.5,-0.03716952631653618,-0.00019230917757004834,0.015246971761698406
2.0,10.0,14.0,5.7612108185127315,2.9262281606329656,6.5,-0.0371696262350694,-0.00019296709249885124,0.014954788088025658
2.0,11.0,14.0,5.1136140803164825,2.926114080316483,6.5,-0.037169624817837886,-0.00020101225341492964,0.01142377571588534
2.0,12.0,14.0,4.463114080316483,2.926114080316483,6.5,-0.037169624817837886,-0.0002090934818511406,0.007951259674199958
2.0,13.0,14.0,3.8126140803164827,2.926114080316483,6.5,-0.037169624817837886,-0.00021717471028735158,0.004555963492597374
2.0,14.0,14.0,3.1650173421202332,2.9262281606329656,6.5,-0.0371696262350694,-0.00022521987120342998,0.0011587006992308628
2.0,15.0,14.0,3.112058356420907,2.918185199544742,6.5,-0.03716952631653618,-0.00022587778613223286,0.000873298810451027
2.0,16.0,14.0,3.0668924619084326,2.8951706892935642,6.5,-0.03716924040490715,-0.0002264388866873153,0.0006311265798333951
2.0,17.0,14.0,3.0310574713394014,2.859335698724533,6.5,-0.0371687952231319,-0.00022688406846256172,0.00044755513699656707
2.0,18.0,14.0,3.0080429610882238,2.8141698042120584,6.5,-0.03716823412257682,-0.00022716998009159674,0.0003402334346416931
2.0,19.0,14.0,3.0,2.7612108185127324,6.5,-0.03716757620764802,-0.0002272698986248135,0.0002740191651873737
2.0,20.0,14.0,3.0001140803164827,2.113614080316483,6.5,-0.03715953104673193,-0.000227268481393303,0.00027731603798488206
2.0,21.0,14.0,3.0001140803164827,1.4631140803164828,6.5,-0.037151449818295726,-0.000227268481393303,0.00023939980146382906
2.0,22.0,14.0,3.0001140803164827,0.8126140803164827,6.5,-0.03714336858985952,-0.000227268481393303,0.0002585124032058071
2.0,23.0,14.0,3.0,0.16501734212023322,6.5,-0.037135323428943434,-0.0002272698986248135,0.00023468488602390952
2.0,24.0,14.0,3.0080429610882238,0.11205835642090678,6.5,-0.037134665514014634,-0.00022716998009159674,0.0002696282537347565
2.0,25.0,14.0,3.0310574713394014,0.06689246190843257,6.5,-0.03713410441345955,-0.00022688406846256172,0.00038888763681752496
2.0,26.0,14.0,3.0668924619084326,0.0310574713394014,6.5,-0.0371336592316843,-0.0002264388866873153,0.0005788748730974988
2.0,27.0,14.0,3.112058356420907,0.008042961088223777,6.5,-0.03713337332005527,-0.00022587778613223286,0.000820244344955563
2.0,28.0,14.0,3.1650173421202332,0.0,6.5,-0.03713327340152205,-0.00022521987120342998,0.0011038456815076693
2.0,29.0,14.0,3.8126140803164827,0.0001140803164827453,6.5,-0.037133274818753566,-0.00021717471028735158,0.004485715780592988
2.0,30.0,14.0,4.463114080316483,0.0001140803164827453,6.5,-0.037133274818753566,-0.0002090934818511406,0.007875398055263782
2.0,31.0,14.0,5.1136140803164825,0.0001140803164827453,6.5,-0.037133274818753566,-0.00020101225341492964,0.011341442829146677
2.0,32.0,14.0,5.761210818512732,0.0,6.5,-0.03713327340152205,-0.00019296709249885124,0.014865567166054016
2.0,33.0,14.0,5.814169804212058,0.008042961088223777,6.5,-0.03713337332005527,-0.00019230917757004834,0.015157307955255567
2.0,34.0,14.0,5.859335698724533,0.0310574713394014,6.5,-0.0371336592316843,-0.00019174807701496593,0.015406215990552198
2.0,35.0,14.0,5.895170689293565,0.06689246190843257,6.5,-0.03713410441345955,-0.00019130289523971948,0.015602814158223625
2.0,36.0,14.0,5.918185199544742,0.11205835642090678,6.5,-0.037134665514014634,-0.00019101698361068445,0.015727221747886617
2.0,37.0,14.0,5.926228160632966,0.16501734212023322,6.5,-0.037135323428943434,-0.00019091706507746772,0.015766889884700805
2.0,38.0,14.0,5.9261140803164825,0.29986408031648293,6.5,-0.03713699864384773,-0.0001909184823089782,0.01575399416677279
2.0,39.0,14.0,5.9261140803164825,0.43761408031648275,6.5,-0.037138709926272155,-0.0001909184823089782,0.015745486387969514
2.0,40.0,14.0,5.9261140803164825,0.5753640803164828,6.5,-0.037140421208696574,-0.0001909184823089782,0.015740758158580306
2.0,41.0,14.0,5.9261140803164825,0.7131140803164828,6.5,-0.037142132491121,-0.0001909184823089782,0.015739459949296285
1.0,1.0,15.0,2.926114080316483,2.213114080316483,7.0,-0.04001734872240144,-0.00023806232695779893,0.002168700125678816
1.0,2.0,15.0,2.926114080316483,2.350864080316483,7.0,-0.04001943582360556,-0.00023806232695779893,0.002175682434412745
1.0,3.0,15.0,2.926114080316483,2.488614080316483,7.0,-0.04002152292480968,-0.00023806232695779893,0.002191016742063043
1.0,4.0,15.0,2.926114080316483,2.626364080316483,7.0,-0.040023610026013796,-0.00023806232695779893,0.002209151623321539
1.0,5.0,15.0,2.9262281606329656,2.7612108185127324,7.0,-0.040025653138824405,-0.00023806059848472525,0.0022369164333655594
1.0,6.0,15.0,2.918185199544742,2.8141698042120584,7.0,-0.04002645554000641,-0.00023818246036328724,0.002217040613910349
1.0,7.0,15.0,2.8951706892935642,2.859335698724533,7.0,-0.040027139865181166,-0.00023853116172123598,0.0020901520739121716
1.0,8.0,15.0,2.859335698724533,2.8951706892935642,7.0,-0.04002768281437874,-0.00023907411091881288,0.0018988606450087867
1.0,9.0,15.0,2.814169804212059,2.918185199544742,7.0,-0.04002803151573669,-0.00023975843609356492,0.0016630160530962093
1.0,10.0,15.0,2.761210818512732,2.9262281606329656,7.0,-0.040028153377615255,-0.00024056083727557568,0.0013678974877716881
1.0,11.0,15.0,2.113614080316483,2.926114080316483,7.0,-0.040028151649142175,-0.00025037281500387256,-0.002063184178353484
1.0,12.0,15.0,1.4631140803164828,2.926114080316483,7.0,-0.040028151649142175,-0.0002602287811256829,-0.005466438495302536
1.0,13.0,15.0,0.8126140803164827,2.926114080316483,7.0,-0.040028151649142175,-0.00027008474724749324,-0.008897344437036523
1.0,14.0,15.0,0.16501734212023322,2.9262281606329656,7.0,-0.040028153377615255,-0.0002798967249757901,-0.012373448469746487
1.0,15.0,15.0,0.11205835642090678,2.918185199544742,7.0,-0.04002803151573669,-0.00028069912615780087,-0.012661279520073196
1.0,16.0,15.0,0.06689246190843257,2.8951706892935642,7.0,-0.04002768281437874,-0.0002813834513325529,-0.012906542401894072
1.0,17.0,15.0,0.0310574713394014,2.859335698724533,7.0,-0.040027139865181166,-0.0002819264005301298,-0.013099231856627327
1.0,18.0,15.0,0.008042961088223777,2.8141698042120584,7.0,-0.04002645554000641,-0.00028227510188807856,-0.013219208147729193
1.0,19.0,15.0,0.0,2.7612108185127324,7.0,-0.040025653138824405,-0.0002823969637666405,-0.01325357624810515
1.0,20.0,15.0,0.0001140803164827453,2.113614080316483,7.0,-0.040015841161096105,-0.00028239523529356687,-0.013157753324931366
1.0,21.0,15.0,0.0001140803164827453,1.4631140803164828,7.0,-0.040005985194974295,-0.00028239523529356687,-0.013140447180067474
1.0,22.0,15.0,0.0001140803164827453,0.8126140803164827,7.0,-0.039996129228852484,-0.00028239523529356687,-0.013200579481820645
1.0,23.0,15.0,0.0,0.16501734212023322,7.0,-0.039986317251124184,-0.0002823969637666405,-0.013339300997731632
1.0,24.0,15.0,0.008042961088223777,0.11205835642090678,7.0,-0.03998551484994218,-0.00028227510188807856,-0.013308580234600591
1.0,25.0,15.0,0.0310574713394014,0.06689246190843257,7.0,-0.03998483052476742,-0.0002819264005301298,-0.013191944342403825
1.0,26.0,15.0,0.06689246190843257,0.0310574713394014,7.0,-0.03998428757556985,-0.0002813834513325529,-0.01300214321398759
1.0,27.0,15.0,0.11205835642090678,0.008042961088223777,7.0,-0.0399839388742119,-0.00028069912615780087,-0.012759024120341134
1.0,28.0,15.0,0.16501734212023322,0.0,7.0,-0.039983817012333334,-0.0002798967249757901,-0.012472420841140955
1.0,29.0,15.0,0.8126140803164827,0.0001140803164827453,7.0,-0.039983818740806414,-0.00027008474724749324,-0.009005098470086109
1.0,30.0,15.0,1.4631140803164828,0.0001140803164827453,7.0,-0.039983818740806414,-0.0002602287811256829,-0.005584020028390245
1.0,31.0,15.0,2.113614080316483,0.0001140803164827453,7.0,-0.039983818740806414,-0.00025037281500387256,-0.0021932918879465284
1.0,32.0,15.0,2.7612108185127324,0.0,7.0,-0.039983817012333334,-0.00024056083727557568,0.0012225333460397358
1.0,33.0,15.0,2.814169804212059,0.008042961088223777,7.0,-0.0399839388742119,-0.00023975843609356492,0.0015170704897595187
1.0,34.0,15.0,2.859335698724533,0.0310574713394014,7.0,-0.03998428757556985,-0.00023907411091881288,0.0017528619838853724
1.0,35.0,15.0,2.8951706892935642,0.06689246190843257,7.0,-0.03998483052476742,-0.00023853116172123598,0.0019397468628692773
1.0,36.0,15.0,2.918185199544742,0.11205835642090678,7.0,-0.03998551484994218,-0.00023818246036328724,0.002061284710743819
1.0,37.0,15.0,2.9262281606329656,0.16501734212023322,7.0,-0.039986317251124184,-0.00023806059848472525,0.002101263517279957
1.0,38.0,15.0,2.926114080316483,0.29986408031648293,7.0,-0.03998836036393479,-0.00023806232695779893,0.002066730171791676
1.0,39.0,15.0,2.926114080316483,0.43761408031648275,7.0,-0.03999044746513891,-0.00023806232695779893,0.0020538044569630848
1.0,40.0,15.0,2.926114080316483,0.5753640803164828,7.0,-0.03999253456634303,-0.00023806232695779893,0.002044853729412672
1.0,41.0,15.0,2.926114080316483,0.7131140803164828,7.0,-0.03999462166754715,-0.00023806232695779893,0.002041899277947962
2.0,1.0,15.0,5.9261140803164825,2.213114080316483,7.0,-0.04001734872240144,-0.00019260821724921936,0.015639404544366943
2.0,2.0,15.0,5.9261140803164825,2.350864080316483,7.0,-0.04001943582360556,-0.00019260821724921936,0.015642101935406917
2.0,3.0,15.0,5.9261140803164825,2.488614080316483,7.0,-0.04002152292480968,-0.00019260821724921936,0.01564921754036109
2.0,4.0,15.0,5.9261140803164825,2.626364080316483,7.0,-0.040023610026013796,-0.00019260821724921936,0.01566106517885873
2.0,5.0,15.0,5.926228160632966,2.7612108185127324,7.0,-0.040025653138824405,-0.0001926064887761457,0.015677842014555105
2.0,6.0,15.0,5.918185199544742,2.8141698042120584,7.0,-0.04002645554000641,-0.00019272835065470766,0.01563935652139847
2.0,7.0,15.0,5.895170689293565,2.859335698724533,7.0,-0.040027139865181166,-0.0001930770520126564,0.015515245712534499
2.0,8.0,15.0,5.859335698724533,2.8951706892935642,7.0,-0.04002768281437874,-0.0001936200012102333,0.015318203222044502
2.0,9.0,15.0,5.814169804212058,2.918185199544742,7.0,-0.04002803151573669,-0.00019430432638498535,0.015068134839764925
2.0,10.0,15.0,5.7612108185127315,2.9262281606329656,7.0,-0.040028153377615255,-0.0001951067275669961,0.014774718717639614
2.0,11.0,15.0,5.1136140803164825,2.926114080316483,7.0,-0.040028151649142175,-0.00020491870529529299,0.011235890128405705
2.0,12.0,15.0,4.463114080316483,2.926114080316483,7.0,-0.040028151649142175,-0.0002147746714171033,0.007756510046648865
2.0,13.0,15.0,3.8126140803164827,2.926114080316483,7.0,-0.040028151649142175,-0.00022463063753891367,0.004321936821793248
2.0,14.0,15.0,3.1650173421202332,2.9262281606329656,7.0,-0.040028153377615255,-0.00023444261526721054,0.000870077918974673
2.0,15.0,15.0,3.112058356420907,2.918185199544742,7.0,-0.04002803151573669,-0.0002352450164492213,0.0005838939096649064
2.0,16.0,15.0,3.0668924619084326,2.8951706892935642,7.0,-0.04002768281437874,-0.00023592934162397334,0.0003390534092721518
2.0,17.0,15.0,3.0310574713394014,2.859335698724533,7.0,-0.040027139865181166,-0.00023647229082155021,0.00014101889712528102
2.0,18.0,15.0,3.0080429610882238,2.8141698042120584,7.0,-0.04002645554000641,-0.00023682099217949896,1.1542353713953913e-5
2.0,19.0,15.0,3.0,2.7612108185127324,7.0,-0.040025653138824405,-0.00023694285405806095,-9.664213368774988e-6
2.0,20.0,15.0,3.0001140803164827,2.113614080316483,7.0,-0.040015841161096105,-0.0002369411255849873,4.5298418198252e-5
2.0,21.0,15.0,3.0001140803164827,1.4631140803164828,7.0,-0.040005985194974295,-0.0002369411255849873,4.4772810705611425e-5
2.0,22.0,15.0,3.0001140803164827,0.8126140803164827,7.0,-0.039996129228852484,-0.0002369411255849873,2.7692570339590258e-5
2.0,23.0,15.0,3.0,0.16501734212023322,7.0,-0.039986317251124184,-0.00023694285405806095,-5.3663484736434976e-5
2.0,24.0,15.0,3.0080429610882238,0.11205835642090678,7.0,-0.03998551484994218,-0.00023682099217949896,-2.012694146330664e-5
2.0,25.0,15.0,3.0310574713394014,0.06689246190843257,7.0,-0.03998483052476742,-0.00023647229082155021,9.792777359968297e-5
2.0,26.0,15.0,3.0668924619084326,0.0310574713394014,7.0,-0.03998428757556985,-0.00023592934162397334,0.0002889525248274574
2.0,27.0,15.0,3.112058356420907,0.008042961088223777,7.0,-0.0399839388742119,-0.0002352450164492213,0.0005327769417287424
2.0,28.0,15.0,3.1650173421202332,0.0,7.0,-0.039983817012333334,-0.00023444261526721054,0.0008186800553776153
2.0,29.0,15.0,3.8126140803164827,0.0001140803164827453,7.0,-0.039983818740806414,-0.00022463063753891367,0.00425942135040708
2.0,30.0,15.0,4.463114080316483,0.0001140803164827453,7.0,-0.039983818740806414,-0.0002147746714171033,0.00768503135627655
2.0,31.0,15.0,5.1136140803164825,0.0001140803164827453,7.0,-0.039983818740806414,-0.00020491870529529299,0.01115679689334696
2.0,32.0,15.0,5.761210818512732,0.0,7.0,-0.039983817012333334,-0.0001951067275669961,0.014687461982320767
2.0,33.0,15.0,5.814169804212058,0.008042961088223777,7.0,-0.0399839388742119,-0.00019430432638498535,0.014980215176982437
2.0,34.0,15.0,5.859335698724533,0.0310574713394014,7.0,-0.03998428757556985,-0.0001936200012102333,0.015229820472927341
2.0,35.0,15.0,5.895170689293565,0.06689246190843257,7.0,-0.03998483052476742,-0.0001930770520126564,0.015426611639967091
2.0,36.0,15.0,5.918185199544742,0.11205835642090678,7.0,-0.03998551484994218,-0.00019272835065470766,0.015550705501159046
2.0,37.0,15.0,5.926228160632966,0.16501734212023322,7.0,-0.039986317251124184,-0.0001926064887761457,0.015589428016266758
2.0,38.0,15.0,5.9261140803164825,0.29986408031648293,7.0,-0.03998836036393479,-0.00019260821724921936,0.015573484226489522
2.0,39.0,15.0,5.9261140803164825,0.43761408031648275,7.0,-0.03999044746513891,-0.00019260821724921936,0.01556239542658219
2.0,40.0,15.0,5.9261140803164825,0.5753640803164828,7.0,-0.03999253456634303,-0.00019260821724921936,0.015555961846969125
2.0,41.0,15.0,5.9261140803164825,0.7131140803164828,7.0,-0.03999462166754715,-0.00019260821724921936,0.015553920680221897
1.0,1.0,16.0,2.926114080316483,2.213114080316483,7.5,-0.042892801912879384,-0.00024704826454699535,0.00244182855944046
1.0,2.0,16.0,2.926114080316483,2.350864080316483,7.5,-0.042895288843877506,-0.00024704826454699535,0.0024480135650046574
1.0,3.0,16.0,2.926114080316483,2.488614080316483,7.5,-0.04289777577487563,-0.00024704826454699535,0.002460573021463352
1.0,4.0,16.0,2.926114080316483,2.626364080316483,7.5,-0.04290026270587375,-0.00024704826454699535,0.0024830958296927627
1.0,5.0,16.0,2.9262281606329656,2.7612108185127324,7.5,-0.04290269722154138,-0.0002470462049471744,0.0025131104868219636
1.0,6.0,16.0,2.918185199544742,2.8141698042120584,7.5,-0.04290365334018505,-0.0002471914121286408,0.0024729074714765456
1.0,7.0,16.0,2.8951706892935642,2.859335698724533,7.5,-0.042904468762784836,-0.00024760691484334316,0.002359272671374673
1.0,8.0,16.0,2.859335698724533,2.8951706892935642,7.5,-0.04290511572575299,-0.0002482538778114995,0.002167149335344373
1.0,9.0,16.0,2.814169804212059,2.918185199544742,7.5,-0.04290553122846769,-0.00024906930041128887,0.001916420609372929
1.0,10.0,16.0,2.761210818512732,2.9262281606329656,7.5,-0.04290567643564916,-0.00025002541905495325,0.0016323742342668583
1.0,11.0,16.0,2.113614080316483,2.926114080316483,7.5,-0.04290567437604934,-0.0002617170952981694,-0.0018386900269157153
1.0,12.0,16.0,1.4631140803164828,2.926114080316483,7.5,-0.04290567437604934,-0.0002734611868718785,-0.0052677336092532496
1.0,13.0,16.0,0.8126140803164827,2.926114080316483,7.5,-0.04290567437604934,-0.0002852052784455877,-0.008707438566605951
1.0,14.0,16.0,0.16501734212023322,2.9262281606329656,7.5,-0.04290567643564916,-0.0002968969546888038,-0.012185315135547766
1.0,15.0,16.0,0.11205835642090678,2.918185199544742,7.5,-0.04290553122846769,-0.00029785307333246813,-0.01247336030002929
1.0,16.0,16.0,0.06689246190843257,2.8951706892935642,7.5,-0.04290511572575299,-0.0002986684959322575,-0.012718743266133472
1.0,17.0,16.0,0.0310574713394014,2.859335698724533,7.5,-0.042904468762784836,-0.00029931545890041385,-0.01291131022864791
1.0,18.0,16.0,0.008042961088223777,2.8141698042120584,7.5,-0.04290365334018505,-0.0002997309616151162,-0.013030800223250405
1.0,19.0,16.0,0.0,2.7612108185127324,7.5,-0.04290269722154138,-0.0002998761687965826,-0.013064213777882498
1.0,20.0,16.0,0.0001140803164827453,2.113614080316483,7.5,-0.042891005545298164,-0.00029987410919676165,-0.012957887367344706
1.0,21.0,16.0,0.0001140803164827453,1.4631140803164828,7.5,-0.042879261453724456,-0.00029987410919676165,-0.012936301885556582
1.0,22.0,16.0,0.0001140803164827453,0.8126140803164827,7.5,-0.04286751736215075,-0.00029987410919676165,-0.01299912019919232
1.0,23.0,16.0,0.0,0.16501734212023322,7.5,-0.04285582568590753,-0.0002998761687965826,-0.013146818245617057
1.0,24.0,16.0,0.008042961088223777,0.11205835642090678,7.5,-0.042854869567263865,-0.0002997309616151162,-0.013116936609631685
1.0,25.0,16.0,0.0310574713394014,0.06689246190843257,7.5,-0.042854054144664075,-0.00029931545890041385,-0.013000703879096662
1.0,26.0,16.0,0.06689246190843257,0.0310574713394014,7.5,-0.04285340718169592,-0.0002986684959322575,-0.012810975008650843
1.0,27.0,16.0,0.11205835642090678,0.008042961088223777,7.5,-0.04285299167898122,-0.00029785307333246813,-0.01256772344945199
1.0,28.0,16.0,0.16501734212023322,0.0,7.5,-0.04285284647179975,-0.0002968969546888038,-0.012280932503797453
1.0,29.0,16.0,0.8126140803164827,0.0001140803164827453,7.5,-0.04285284853139957,-0.0002852052784455877,-0.00881238980364593
1.0,30.0,16.0,1.4631140803164828,0.0001140803164827453,7.5,-0.04285284853139957,-0.0002734611868718785,-0.005383312726090155
1.0,31.0,16.0,2.113614080316483,0.0001140803164827453,7.5,-0.04285284853139957,-0.0002617170952981694,-0.0019668170486823425
1.0,32.0,16.0,2.7612108185127324,0.0,7.5,-0.04285284647179975,-0.0002500254190549532,0.0014896686169209817
1.0,33.0,16.0,2.814169804212059,0.008042961088223777,7.5,-0.04285299167898122,-0.00024906930041128887,0.0017722208759477257
1.0,34.0,16.0,2.859335698724533,0.0310574713394014,7.5,-0.04285340718169592,-0.0002482538778114995,0.00202204295180969
1.0,35.0,16.0,2.8951706892935642,0.06689246190843257,7.5,-0.042854054144664075,-0.00024760691484334316,0.002217506441201732
1.0,36.0,16.0,2.918185199544742,0.11205835642090678,7.5,-0.042854869567263865,-0.0002471914121286408,0.002336040014809564
1.0,37.0,16.0,2.9262281606329656,0.16501734212023322,7.5,-0.04285582568590753,-0.0002470462049471744,0.002367196426624708
1.0,38.0,16.0,2.926114080316483,0.29986408031648293,7.5,-0.04285826020157516,-0.00024704826454699535,0.0023470104687928904
1.0,39.0,16.0,2.926114080316483,0.43761408031648275,7.5,-0.04286074713257328,-0.00024704826454699535,0.002327853864615889
1.0,40.0,16.0,2.926114080316483,0.5753640803164828,7.5,-0.042863234063571405,-0.00024704826454699535,0.002318852764862894
1.0,41.0,16.0,2.926114080316483,0.7131140803164828,7.5,-0.04286572099456953,-0.00024704826454699535,0.0023179466897032277
2.0,1.0,16.0,5.9261140803164825,2.213114080316483,7.5,-0.042892801912879384,-0.000192886427927276,0.01543591195367549
2.0,2.0,16.0,5.9261140803164825,2.350864080316483,7.5,-0.042895288843877506,-0.000192886427927276,0.015438463167589166
2.0,3.0,16.0,5.9261140803164825,2.488614080316483,7.5,-0.04289777577487563,-0.000192886427927276,0.01544597157816686
2.0,4.0,16.0,5.9261140803164825,2.626364080316483,7.5,-0.04290026270587375,-0.000192886427927276,0.015458687563494507
2.0,5.0,16.0,5.926228160632966,2.7612108185127324,7.5,-0.04290269722154138,-0.00019288436832745506,0.015476794171492874
2.0,6.0,16.0,5.918185199544742,2.8141698042120584,7.5,-0.04290365334018505,-0.00019302957550892144,0.015438756090616132
2.0,7.0,16.0,5.895170689293565,2.859335698724533,7.5,-0.042904468762784836,-0.0001934450782236238,0.015314681327488828
2.0,8.0,16.0,5.859335698724533,2.8951706892935642,7.5,-0.04290511572575299,-0.00019409204119178017,0.015117381182562983
2.0,9.0,16.0,5.814169804212058,2.918185199544742,7.5,-0.04290553122846769,-0.00019490746379156952,0.01486695732404291
2.0,10.0,16.0,5.7612108185127315,2.9262281606329656,7.5,-0.04290567643564916,-0.00019586358243523386,0.014573206705311342
2.0,11.0,16.0,5.1136140803164825,2.926114080316483,7.5,-0.04290567437604934,-0.00020755525867845,0.011032662611012205
2.0,12.0,16.0,4.463114080316483,2.926114080316483,7.5,-0.04290567437604934,-0.00021929935025215912,0.007548082737703998
2.0,13.0,16.0,3.8126140803164827,2.926114080316483,7.5,-0.04290567437604934,-0.0002310434418258683,0.004093015488542988
2.0,14.0,16.0,3.1650173421202332,2.9262281606329656,7.5,-0.04290567643564916,-0.00024273511806908446,0.0006165073285412784
2.0,15.0,16.0,3.112058356420907,2.918185199544742,7.5,-0.04290553122846769,-0.00024369123671274878,0.00032712175613429004
2.0,16.0,16.0,3.0668924619084326,2.8951706892935642,7.5,-0.04290511572575299,-0.0002445066593125381,8.050761978039212e-5
2.0,17.0,16.0,3.0310574713394014,2.859335698724533,7.5,-0.042904468762784836,-0.0002451536222806945,-0.00010951503163355351
2.0,18.0,16.0,3.0080429610882238,2.8141698042120584,7.5,-0.04290365334018505,-0.00024556912499539685,-0.00022390344078354024
2.0,19.0,16.0,3.0,2.7612108185127324,7.5,-0.04290269722154138,-0.00024571433217686323,-0.00026540989294049637
2.0,20.0,16.0,3.0001140803164827,2.113614080316483,7.5,-0.042891005545298164,-0.0002457122725770423,-0.00017317062622850666
2.0,21.0,16.0,3.0001140803164827,1.4631140803164828,7.5,-0.042879261453724456,-0.0002457122725770423,-0.00015610301660552706
2.0,22.0,16.0,3.0001140803164827,0.8126140803164827,7.5,-0.04286751736215075,-0.0002457122725770423,-0.00019093809540884454
2.0,23.0,16.0,3.0,0.16501734212023322,7.5,-0.04285582568590753,-0.00024571433217686323,-0.0003016667970404747
2.0,24.0,16.0,3.0080429610882238,0.11205835642090678,7.5,-0.042854869567263865,-0.00024556912499539685,-0.00026964567691603917
2.0,25.0,16.0,3.0310574713394014,0.06689246190843257,7.5,-0.042854054144664075,-0.0002451536222806945,-0.00015147039107780763
2.0,26.0,16.0,3.0668924619084326,0.0310574713394014,7.5,-0.04285340718169592,-0.0002445066593125381,3.955975864458172e-5
2.0,27.0,16.0,3.112058356420907,0.008042961088223777,7.5,-0.04285299167898122,-0.00024369123671274878,0.00028357288706367447
2.0,28.0,16.0,3.1650173421202332,0.0,7.5,-0.04285284647179975,-0.00024273511806908446,0.0005708991455456963
2.0,29.0,16.0,3.8126140803164827,0.0001140803164827453,7.5,-0.04285284853139957,-0.0002310434418258683,0.00403616970782668
2.0,30.0,16.0,4.463114080316483,0.0001140803164827453,7.5,-0.04285284853139957,-0.00021929935025215912,0.0074813471965826306
2.0,31.0,16.0,5.1136140803164825,0.0001140803164827453,7.5,-0.04285284853139957,-0.00020755525867845,0.010956833854881085
2.0,32.0,16.0,5.761210818512732,0.0,7.5,-0.04285284647179975,-0.00019586358243523386,0.014488069015766065
2.0,33.0,16.0,5.814169804212058,0.008042961088223777,7.5,-0.04285299167898122,-0.00019490746379156952,0.014781029077255078
2.0,34.0,16.0,5.859335698724533,0.0310574713394014,7.5,-0.04285340718169592,-0.00019409204119178017,0.015030773126223893
2.0,35.0,16.0,5.895170689293565,0.06689246190843257,7.5,-0.042854054144664075,-0.0001934450782236238,0.015227531919321649
2.0,36.0,16.0,5.918185199544742,0.11205835642090678,7.5,-0.042854869567263865,-0.00019302957550892144,0.015351260284010041
2.0,37.0,16.0,5.926228160632966,0.16501734212023322,7.5,-0.04285582568590753,-0.00019288436832745506,0.015389178746549137
2.0,38.0,16.0,5.9261140803164825,0.29986408031648293,7.5,-0.04285826020157516,-0.000192886427927276,0.015371047400152157
2.0,39.0,16.0,5.9261140803164825,0.43761408031648275,7.5,-0.04286074713257328,-0.000192886427927276,0.01535825422290806
2.0,40.0,16.0,5.9261140803164825,0.5753640803164828,7.5,-0.042863234063571405,-0.000192886427927276,0.01535061645541866
2.0,41.0,16.0,5.9261140803164825,0.7131140803164828,7.5,-0.04286572099456953,-0.000192886427927276,0.015347851321561468
1.0,1.0,17.0,2.926114080316483,2.213114080316483,8.0,-0.04577540852211983,-0.0002550360269944175,0.002679601933470758
1.0,2.0,17.0,2.926114080316483,2.350864080316483,8.0,-0.045778311432349464,-0.0002550360269944175,0.002685367418149418
1.0,3.0,17.0,2.926114080316483,2.488614080316483,8.0,-0.0457812143425791,-0.0002550360269944175,0.002698664209563902
1.0,4.0,17.0,2.926114080316483,2.626364080316483,8.0,-0.04578411725280873,-0.0002550360269944175,0.0027181512975861673
1.0,5.0,17.0,2.9262281606329656,2.7612108185127324,8.0,-0.045786958980400326,-0.00025503362289338146,0.002744274376921803
1.0,6.0,17.0,2.918185199544742,2.8141698042120584,8.0,-0.04578807502527392,-0.000255203118312761,0.0027140413031454575
1.0,7.0,17.0,2.8951706892935642,2.859335698724533,8.0,-0.045789026840426086,-0.00025568812054316476,0.0025901834312804946
1.0,8.0,17.0,2.859335698724533,2.8951706892935642,8.0,-0.04578978201836221,-0.0002564432984792925,0.002396524325278648
1.0,9.0,17.0,2.814169804212059,2.918185199544742,8.0,-0.045790267020592614,-0.0002573951136314576,0.002153191971261996
1.0,10.0,17.0,2.761210818512732,2.9262281606329656,8.0,-0.045790436516011994,-0.0002585111585050511,0.0018610312520645292
1.0,11.0,17.0,2.113614080316483,2.926114080316483,8.0,-0.04579043411191096,-0.0002721584557535895,-0.0016246006545334122
1.0,12.0,17.0,1.4631140803164828,2.926114080316483,8.0,-0.04579043411191096,-0.0002858669356401635,-0.005065210252225339
1.0,13.0,17.0,0.8126140803164827,2.926114080316483,8.0,-0.04579043411191096,-0.00029957541552673753,-0.00850540567842302
1.0,14.0,17.0,0.16501734212023322,2.9262281606329656,8.0,-0.045790436516011994,-0.0003132227127752759,-0.011978061175109174
1.0,15.0,17.0,0.11205835642090678,2.918185199544742,8.0,-0.045790267020592614,-0.0003143387576488694,-0.012265585806791237
1.0,16.0,17.0,0.06689246190843257,2.8951706892935642,8.0,-0.04578978201836221,-0.0003152905728010345,-0.012510427299424521
1.0,17.0,17.0,0.0310574713394014,2.859335698724533,8.0,-0.045789026840426086,-0.0003160457507371623,-0.012702409571057113
1.0,18.0,17.0,0.008042961088223777,2.8141698042120584,8.0,-0.04578807502527392,-0.000316530752967566,-0.012821281917219056
1.0,19.0,17.0,0.0,2.7612108185127324,8.0,-0.045786958980400326,-0.0003167002483869456,-0.012854010809346565
1.0,20.0,17.0,0.0001140803164827453,2.113614080316483,8.0,-0.04577331168315179,-0.00031669784428590953,-0.01274012003288678
1.0,21.0,17.0,0.0001140803164827453,1.4631140803164828,8.0,-0.04575960320326521,-0.00031669784428590953,-0.01271516643342892
1.0,22.0,17.0,0.0001140803164827453,0.8126140803164827,8.0,-0.04574589472337864,-0.00031669784428590953,-0.012779696616074556
1.0,23.0,17.0,0.0,0.16501734212023322,8.0,-0.0457322474261301,-0.0003167002483869456,-0.012933328012951167
1.0,24.0,17.0,0.008042961088223777,0.11205835642090678,8.0,-0.04573113138125651,-0.000316530752967566,-0.012904004545055234
1.0,25.0,17.0,0.0310574713394014,0.06689246190843257,8.0,-0.04573017956610434,-0.0003160457507371623,-0.01278829190439205
1.0,26.0,17.0,0.06689246190843257,0.0310574713394014,8.0,-0.04572942438816822,-0.0003152905728010345,-0.012599083296062564
1.0,27.0,17.0,0.11205835642090678,0.008042961088223777,8.0,-0.04572893938593781,-0.0003143387576488694,-0.012356349756956382
1.0,28.0,17.0,0.16501734212023322,0.0,8.0,-0.04572876989051843,-0.0003132227127752759,-0.012070103975861106
1.0,29.0,17.0,0.8126140803164827,0.0001140803164827453,8.0,-0.04572877229461947,-0.00029957541552673753,-0.008607365497598059
1.0,30.0,17.0,1.4631140803164828,0.0001140803164827453,8.0,-0.04572877229461947,-0.0002858669356401635,-0.005178299571040848
1.0,31.0,17.0,2.113614080316483,0.0001140803164827453,8.0,-0.04572877229461947,-0.0002721584557535895,-0.0017503267920078631
1.0,32.0,17.0,2.7612108185127324,0.0,8.0,-0.04572876989051843,-0.0002585111585050511,0.001721470395932995
1.0,33.0,17.0,2.814169804212059,0.008042961088223777,8.0,-0.04572893938593781,-0.0002573951136314576,0.0020131562260147767
1.0,34.0,17.0,2.859335698724533,0.0310574713394014,8.0,-0.04572942438816822,-0.0002564432984792925,0.0022568572590169252
1.0,35.0,17.0,2.8951706892935642,0.06689246190843257,8.0,-0.04573017956610434,-0.00025568812054316476,0.0024489483985779756
1.0,36.0,17.0,2.918185199544742,0.11205835642090678,8.0,-0.04573113138125651,-0.000255203118312761,0.002571104163881908
1.0,37.0,17.0,2.9262281606329656,0.16501734212023322,8.0,-0.0457322474261301,-0.00025503362289338146,0.002608501104046243
1.0,38.0,17.0,2.926114080316483,0.29986408031648293,8.0,-0.045735089153721695,-0.0002550360269944175,0.002582797494572282
1.0,39.0,17.0,2.926114080316483,0.43761408031648275,8.0,-0.04573799206395133,-0.0002550360269944175,0.002567652433402852
1.0,40.0,17.0,2.926114080316483,0.5753640803164828,8.0,-0.04574089497418096,-0.0002550360269944175,0.002558639071870388
1.0,41.0,17.0,2.926114080316483,0.7131140803164828,8.0,-0.045743797884410596,-0.0002550360269944175,0.002556458589011239
2.0,1.0,17.0,5.9261140803164825,2.213114080316483,8.0,-0.04577540852211983,-0.00019181475157593628,0.015208886633184955
2.0,2.0,17.0,5.9261140803164825,2.350864080316483,8.0,-0.045778311432349464,-0.00019181475157593628,0.015211233092595195
2.0,3.0,17.0,5.9261140803164825,2.488614080316483,8.0,-0.0457812143425791,-0.00019181475157593628,0.0152188185860145
2.0,4.0,17.0,5.9261140803164825,2.626364080316483,8.0,-0.04578411725280873,-0.00019181475157593628,0.015231936468138536
2.0,5.0,17.0,5.926228160632966,2.7612108185127324,8.0,-0.045786958980400326,-0.00019181234747490022,0.015250673939713091
2.0,6.0,17.0,5.918185199544742,2.8141698042120584,8.0,-0.04578807502527392,-0.0001919818428942798,0.015212903271515848
2.0,7.0,17.0,5.895170689293565,2.859335698724533,8.0,-0.045789026840426086,-0.0001924668451246835,0.015089099611491286
2.0,8.0,17.0,5.859335698724533,2.8951706892935642,8.0,-0.04578978201836221,-0.00019322202306081132,0.01489209920080979
2.0,9.0,17.0,5.814169804212058,2.918185199544742,8.0,-0.045790267020592614,-0.00019417383821297636,0.014641965195239479
2.0,10.0,17.0,5.7612108185127315,2.9262281606329656,8.0,-0.045790436516011994,-0.0001952898830865699,0.014348554986097765
2.0,11.0,17.0,5.1136140803164825,2.926114080316483,8.0,-0.04579043411191096,-0.00020893718033510828,0.010813606380872344
2.0,12.0,17.0,4.463114080316483,2.926114080316483,8.0,-0.04579043411191096,-0.00022264566022168228,0.007331499471171908
2.0,13.0,17.0,3.8126140803164827,2.926114080316483,8.0,-0.04579043411191096,-0.0002363541401082563,0.003871508448435199
2.0,14.0,17.0,3.1650173421202332,2.9262281606329656,8.0,-0.045790436516011994,-0.0002500014373567947,0.0003904482345673612
2.0,15.0,17.0,3.112058356420907,2.918185199544742,8.0,-0.045790267020592614,-0.0002511174822303882,0.00010286575039964547
2.0,16.0,17.0,3.0668924619084326,2.8951706892935642,8.0,-0.04578978201836221,-0.00025206929738255326,-0.00014158992632623524
2.0,17.0,17.0,3.0310574713394014,2.859335698724533,8.0,-0.045789026840426086,-0.0002528244753186811,-0.0003354495160159774
2.0,18.0,17.0,3.0080429610882238,2.8141698042120584,8.0,-0.04578807502527392,-0.0002533094775490848,-0.00045775351810671463
2.0,19.0,17.0,3.0,2.7612108185127324,8.0,-0.045786958980400326,-0.0002534789729684644,-0.0004866559653015511
2.0,20.0,17.0,3.0001140803164827,2.113614080316483,8.0,-0.04577331168315179,-0.0002534765688674283,-0.0003784473185023823
2.0,21.0,17.0,3.0001140803164827,1.4631140803164828,8.0,-0.04575960320326521,-0.0002534765688674283,-0.0003502381232889792
2.0,22.0,17.0,3.0001140803164827,0.8126140803164827,8.0,-0.04574589472337864,-0.0002534765688674283,-0.0003940975030155509
2.0,23.0,17.0,3.0,0.16501734212023322,8.0,-0.0457322474261301,-0.0002534789729684644,-0.0005200571651535511
2.0,24.0,17.0,3.0080429610882238,0.11205835642090678,8.0,-0.04573113138125651,-0.0002533094775490848,-0.0004886660649552058
2.0,25.0,17.0,3.0310574713394014,0.06689246190843257,8.0,-0.04573017956610434,-0.0002528244753186811,-0.00037136921341305137
2.0,26.0,17.0,3.0668924619084326,0.0310574713394014,8.0,-0.04572942438816822,-0.00025206929738255326,-0.0001806605457627904
2.0,27.0,17.0,3.112058356420907,0.008042961088223777,8.0,-0.04572893938593781,-0.0002511174822303882,6.332812974554283e-5
2.0,28.0,17.0,3.1650173421202332,0.0,8.0,-0.04572876989051843,-0.0002500014373567947,0.0003503238003486193
2.0,29.0,17.0,3.8126140803164827,0.0001140803164827453,8.0,-0.04572877229461947,-0.0002363541401082563,0.003820001030390356
2.0,30.0,17.0,4.463114080316483,0.0001140803164827453,8.0,-0.04572877229461947,-0.00022264566022168228,0.007269279588069078
2.0,31.0,17.0,5.1136140803164825,0.0001140803164827453,8.0,-0.04572877229461947,-0.00020893718033510828,0.01074116566475895
2.0,32.0,17.0,5.761210818512732,0.0,8.0,-0.04572876989051843,-0.0001952898830865699,0.014265749301311357
2.0,33.0,17.0,5.814169804212058,0.008042961088223777,8.0,-0.04572893938593781,-0.00019417383821297636,0.014558235355785888
2.0,34.0,17.0,5.859335698724533,0.0310574713394014,8.0,-0.04572942438816822,-0.00019322202306081132,0.014807487892720073
2.0,35.0,17.0,5.895170689293565,0.06689246190843257,8.0,-0.04573017956610434,-0.0001924668451246835,0.015003685380674023
2.0,36.0,17.0,5.918185199544742,0.11205835642090678,8.0,-0.04573113138125651,-0.0001919818428942798,0.015126836192993726
2.0,37.0,17.0,5.926228160632966,0.16501734212023322,8.0,-0.0457322474261301,-0.00019181234747490022,0.015164142311535081
2.0,38.0,17.0,5.9261140803164825,0.29986408031648293,8.0,-0.045735089153721695,-0.00019181475157593628,0.01514451869955936
2.0,39.0,17.0,5.9261140803164825,0.43761408031648275,8.0,-0.04573799206395133,-0.00019181475157593628,0.015130455038911916
2.0,40.0,17.0,5.9261140803164825,0.5753640803164828,8.0,-0.04574089497418096,-0.00019181475157593628,0.015121888848813651
2.0,41.0,17.0,5.9261140803164825,0.7131140803164828,8.0,-0.045743797884410596,-0.00019181475157593628,0.015118565363730073
1.0,1.0,18.0,2.926114080316483,2.213114080316483,8.5,-0.048655235531303236,-0.00026192621637752153,0.0028840893708990396
1.0,2.0,18.0,2.926114080316483,2.350864080316483,8.5,-0.04865857552588501,-0.00026192621637752153,0.002889538945317256
1.0,3.0,18.0,2.926114080316483,2.488614080316483,8.5,-0.04866191552046678,-0.00026192621637752153,0.0029013118905576877
1.0,4.0,18.0,2.926114080316483,2.626364080316483,8.5,-0.04866525551504856,-0.00026192621637752153,0.0029205121279272167
1.0,5.0,18.0,2.9262281606329656,2.7612108185127324,8.5,-0.048668525114866676,-0.0002619234502966581,0.0029467594185143037
1.0,6.0,18.0,2.918185199544742,2.8141698042120584,8.5,-0.048669809199986765,-0.0002621184662418929,0.002910006780322543
1.0,7.0,18.0,2.8951706892935642,2.859335698724533,8.5,-0.048670904327703296,-0.0002626764941151498,0.0027918162574669465
1.0,8.0,18.0,2.859335698724533,2.8951706892935642,8.5,-0.04867177321100158,-0.00026354537741343304,0.00259850039698139
1.0,9.0,18.0,2.814169804212059,2.918185199544742,8.5,-0.048672331238874836,-0.0002646405051299679,0.002349908359962881
1.0,10.0,18.0,2.761210818512732,2.9262281606329656,8.5,-0.04867252625482007,-0.00026592459025005533,0.002061607930604336
1.0,11.0,18.0,2.113614080316483,2.926114080316483,8.5,-0.04867252348873921,-0.00028162672888345315,-0.0014240380827101882
1.0,12.0,18.0,1.4631140803164828,2.926114080316483,8.5,-0.04867252348873921,-0.0002973992622805098,-0.0048615128145547155
1.0,13.0,18.0,0.8126140803164827,2.926114080316483,8.5,-0.04867252348873921,-0.0003131717956775664,-0.008292467621844091
1.0,14.0,18.0,0.16501734212023322,2.9262281606329656,8.5,-0.04867252625482007,-0.00032887393431096424,-0.011751305914382238
1.0,15.0,18.0,0.11205835642090678,2.918185199544742,8.5,-0.048672331238874836,-0.0003301580194310517,-0.012037597073660707
1.0,16.0,18.0,0.06689246190843257,2.8951706892935642,8.5,-0.04867177321100158,-0.00033125314714758654,-0.012281331426951713
1.0,17.0,18.0,0.0310574713394014,2.859335698724533,8.5,-0.048670904327703296,-0.0003321220304458698,-0.012472329959398053
1.0,18.0,18.0,0.008042961088223777,2.8141698042120584,8.5,-0.048669809199986765,-0.0003326800583191267,-0.012590387661139107
1.0,19.0,18.0,0.0,2.7612108185127324,8.5,-0.048668525114866676,-0.0003328750742643615,-0.012622486141112959
1.0,20.0,18.0,0.0001140803164827453,2.113614080316483,8.5,-0.04865282297623328,-0.00033287230818349804,-0.012503444025654986
1.0,21.0,18.0,0.0001140803164827453,1.4631140803164828,8.5,-0.04863705044283622,-0.00033287230818349804,-0.01247592957856235
1.0,22.0,18.0,0.0001140803164827453,0.8126140803164827,8.5,-0.04862127790943916,-0.00033287230818349804,-0.01254129595478907
1.0,23.0,18.0,0.0,0.16501734212023322,8.5,-0.048605575770805765,-0.0003328750742643615,-0.012698344578855797
1.0,24.0,18.0,0.008042961088223777,0.11205835642090678,8.5,-0.048604291685685676,-0.0003326800583191267,-0.012669513100304626
1.0,25.0,18.0,0.0310574713394014,0.06689246190843257,8.5,-0.048603196557969144,-0.0003321220304458698,-0.012554511108160664
1.0,26.0,18.0,0.06689246190843257,0.0310574713394014,8.5,-0.04860232767467086,-0.00033125314714758654,-0.01236621929284764
1.0,27.0,18.0,0.11205835642090678,0.008042961088223777,8.5,-0.048601769646797605,-0.0003301580194310517,-0.012124569254918442
1.0,28.0,18.0,0.16501734212023322,0.0,8.5,-0.04860157463085237,-0.00032887393431096424,-0.011839580854017267
1.0,29.0,18.0,0.8126140803164827,0.0001140803164827453,8.5,-0.04860157739693323,-0.0003131717956775664,-0.008391200780724148
1.0,30.0,18.0,1.4631140803164828,0.0001140803164827453,8.5,-0.04860157739693323,-0.0002973992622805098,-0.004971776053649418
1.0,31.0,18.0,2.113614080316483,0.0001140803164827453,8.5,-0.04860157739693323,-0.00028162672888345315,-0.0015470121532671897
1.0,32.0,18.0,2.7612108185127324,0.0,8.5,-0.04860157463085237,-0.00026592459025005533,0.0019252126185270258
1.0,33.0,18.0,2.814169804212059,0.008042961088223777,8.5,-0.048601769646797605,-0.0002646405051299679,0.002212351015038216
1.0,34.0,18.0,2.859335698724533,0.0310574713394014,8.5,-0.04860232767467086,-0.00026354537741343304,0.0024600936097855046
1.0,35.0,18.0,2.8951706892935642,0.06689246190843257,8.5,-0.048603196557969144,-0.0002626764941151498,0.0026547304960477893
1.0,36.0,18.0,2.918185199544742,0.11205835642090678,8.5,-0.048604291685685676,-0.0002621184662418929,0.0027751076982200367
1.0,37.0,18.0,2.9262281606329656,0.16501734212023322,8.5,-0.048605575770805765,-0.0002619234502966581,0.0028096289964868607
1.0,38.0,18.0,2.926114080316483,0.29986408031648293,8.5,-0.048608845370623883,-0.00026192621637752153,0.0027883332754093304
1.0,39.0,18.0,2.926114080316483,0.43761408031648275,8.5,-0.04861218536520566,-0.00026192621637752153,0.002772104266037364
1.0,40.0,18.0,2.926114080316483,0.5753640803164828,8.5,-0.04861552535978743,-0.00026192621637752153,0.0027635191870154624
1.0,41.0,18.0,2.926114080316483,0.7131140803164828,8.5,-0.048618865354369205,-0.00026192621637752153,0.002761778830389551
2.0,1.0,18.0,5.9261140803164825,2.213114080316483,8.5,-0.048655235531303236,-0.00018918586250946635,0.014956795437252495
2.0,2.0,18.0,5.9261140803164825,2.350864080316483,8.5,-0.04865857552588501,-0.00018918586250946635,0.014958796066637059
2.0,3.0,18.0,5.9261140803164825,2.488614080316483,8.5,-0.04866191552046678,-0.00018918586250946635,0.0149662471166386
2.0,4.0,18.0,5.9261140803164825,2.626364080316483,8.5,-0.04866525551504856,-0.00018918586250946635,0.014979404570201981
2.0,5.0,18.0,5.926228160632966,2.7612108185127324,8.5,-0.048668525114866676,-0.00018918309642860292,0.014998347288909662
2.0,6.0,18.0,5.918185199544742,2.8141698042120584,8.5,-0.048669809199986765,-0.00018937811237383772,0.014960834095069514
2.0,7.0,18.0,5.895170689293565,2.859335698724533,8.5,-0.048670904327703296,-0.00018993614024709457,0.01483752294552963
2.0,8.0,18.0,5.859335698724533,2.8951706892935642,8.5,-0.04867177321100158,-0.00019080502354537786,0.014641239769524455
2.0,9.0,18.0,5.814169804212058,2.918185199544742,8.5,-0.048672331238874836,-0.00019190015126191272,0.014392040509838298
2.0,10.0,18.0,5.7612108185127315,2.9262281606329656,8.5,-0.04867252625482007,-0.00019318423638200015,0.01409978234692419
2.0,11.0,18.0,5.1136140803164825,2.926114080316483,8.5,-0.04867252348873921,-0.00020888637501539797,0.010579205047835511
2.0,12.0,18.0,4.463114080316483,2.926114080316483,8.5,-0.04867252348873921,-0.00022465890841245458,0.007109324337710861
2.0,13.0,18.0,3.8126140803164827,2.926114080316483,8.5,-0.04867252348873921,-0.00024043144180951125,0.0036580726550353984
2.0,14.0,18.0,3.1650173421202332,2.9262281606329656,8.5,-0.04867252625482007,-0.0002561335804429091,0.0001871647582627987
2.0,15.0,18.0,3.112058356420907,2.918185199544742,8.5,-0.048672331238874836,-0.0002574176655629965,-0.00010024948450069227
2.0,16.0,18.0,3.0668924619084326,2.8951706892935642,8.5,-0.04867177321100158,-0.0002585127932795314,-0.00034507407928490916
2.0,17.0,18.0,3.0310574713394014,2.859335698724533,8.5,-0.048670904327703296,-0.0002593816765778146,-0.0005354032376148074
2.0,18.0,18.0,3.0080429610882238,2.8141698042120584,8.5,-0.048669809199986765,-0.0002599397044510715,-0.0006516097543594047
2.0,19.0,18.0,3.0,2.7612108185127324,8.5,-0.048668525114866676,-0.0002601347203963063,-0.0006858971080372332
2.0,20.0,18.0,3.0001140803164827,2.113614080316483,8.5,-0.04865282297623328,-0.00026013195431544284,-0.00056612767122196
2.0,21.0,18.0,3.0001140803164827,1.4631140803164828,8.5,-0.04863705044283622,-0.00026013195431544284,-0.0005320469890567578
2.0,22.0,18.0,3.0001140803164827,0.8126140803164827,8.5,-0.04862127790943916,-0.00026013195431544284,-0.0005798764001203066
2.0,23.0,18.0,3.0,0.16501734212023322,8.5,-0.048605575770805765,-0.0002601347203963063,-0.0007136534152909392
2.0,24.0,18.0,3.0080429610882238,0.11205835642090678,8.5,-0.048604291685685676,-0.0002599397044510715,-0.000682930987335773
2.0,25.0,18.0,3.0310574713394014,0.06689246190843257,8.5,-0.048603196557969144,-0.0002593816765778146,-0.000566158283175078
2.0,26.0,18.0,3.0668924619084326,0.0310574713394014,8.5,-0.04860232767467086,-0.0002585127932795314,-0.0003763957426705233
2.0,27.0,18.0,3.112058356420907,0.008042961088223777,8.5,-0.048601769646797605,-0.0002574176655629965,-0.00013358342834157827
2.0,28.0,18.0,3.1650173421202332,0.0,8.5,-0.04860157463085237,-0.0002561335804429091,0.00015240343566759706
2.0,29.0,18.0,3.8126140803164827,0.0001140803164827453,8.5,-0.04860157739693323,-0.00024043144180951125,0.003611718460528737
2.0,30.0,18.0,4.463114080316483,0.0001140803164827453,8.5,-0.04860157739693323,-0.00022465890841245458,0.007051480406235658
2.0,31.0,18.0,5.1136140803164825,0.0001140803164827453,8.5,-0.04860157739693323,-0.00020888637501539797,0.010510207153613805
2.0,32.0,18.0,5.761210818512732,0.0,8.5,-0.04860157463085237,-0.00019318423638200015,0.014019520825767285
2.0,33.0,18.0,5.814169804212058,0.008042961088223777,8.5,-0.048601769646797605,-0.00019190015126191272,0.014310744468721603
2.0,34.0,18.0,5.859335698724533,0.0310574713394014,8.5,-0.04860232767467086,-0.00019080502354537786,0.014558862822325717
2.0,35.0,18.0,5.895170689293565,0.06689246190843257,8.5,-0.048603196557969144,-0.00018993614024709457,0.014754068370672238
2.0,36.0,18.0,5.918185199544742,0.11205835642090678,8.5,-0.048604291685685676,-0.00018937811237383772,0.014876406538443234
2.0,37.0,18.0,5.926228160632966,0.16501734212023322,8.5,-0.048605575770805765,-0.00018918309642860292,0.014913101196206232
2.0,38.0,18.0,5.9261140803164825,0.29986408031648293,8.5,-0.048608845370623883,-0.00018918586250946635,0.014892395806120414
2.0,39.0,18.0,5.9261140803164825,0.43761408031648275,8.5,-0.04861218536520566,-0.00018918586250946635,0.014877407270908303
2.0,40.0,18.0,5.9261140803164825,0.5753640803164828,8.5,-0.04861552535978743,-0.00018918586250946635,0.014868104235189946
2.0,41.0,18.0,5.9261140803164825,0.7131140803164828,8.5,-0.048618865354369205,-0.00018918586250946635,0.014864218645640139
1.0,1.0,19.0,2.926114080316483,2.213114080316483,9.0,-0.051522531835746906,-0.0002676556127808924,0.003056265637024645
1.0,2.0,19.0,2.926114080316483,2.350864080316483,9.0,-0.05152632928912602,-0.0002676556127808924,0.0030610997809882314
1.0,3.0,19.0,2.926114080316483,2.488614080316483,9.0,-0.051530126742505136,-0.0002676556127808924,0.0030725637464986285
1.0,4.0,19.0,2.926114080316483,2.626364080316483,9.0,-0.05153392419588425,-0.0002676556127808924,0.003090490592732408
1.0,5.0,19.0,2.9262281606329656,2.7612108185127324,9.0,-0.05153764161295594,-0.0002676524678467122,0.0031147527398697047
1.0,6.0,19.0,2.918185199544742,2.8141698042120584,9.0,-0.05153910157142562,-0.000267874193942992,0.0030812136358312737
1.0,7.0,19.0,2.8951706892935642,2.859335698724533,9.0,-0.0515403466921424,-0.00026850865150903155,0.0029596215422063557
1.0,8.0,19.0,2.859335698724533,2.8951706892935642,9.0,-0.05154133458111537,-0.000269496540482003,0.002766728306026619
1.0,9.0,19.0,2.814169804212059,2.918185199544742,9.0,-0.05154196903868141,-0.00027074166119878714,0.00252247385088639
1.0,10.0,19.0,2.761210818512732,2.9262281606329656,9.0,-0.051542190764777694,-0.000272201619668466,0.002233385238486721
1.0,11.0,19.0,2.113614080316483,2.926114080316483,9.0,-0.05154218761984351,-0.00029005438498073716,-0.0012371564052900041
1.0,12.0,19.0,1.4631140803164828,2.926114080316483,9.0,-0.05154218761984351,-0.00030798718660042827,-0.004658580713934724
1.0,13.0,19.0,0.8126140803164827,2.926114080316483,9.0,-0.05154218761984351,-0.0003259199882201194,-0.00806957349772157
1.0,14.0,19.0,0.16501734212023322,2.9262281606329656,9.0,-0.051542190764777694,-0.0003437727535323905,-0.011505165658668957
1.0,15.0,19.0,0.11205835642090678,2.918185199544742,9.0,-0.05154196903868141,-0.00034523271200206934,-0.011789447823202041
1.0,16.0,19.0,0.06689246190843257,2.8951706892935642,9.0,-0.05154133458111537,-0.00034647783271885354,-0.012031411773096684
1.0,17.0,19.0,0.0310574713394014,2.859335698724533,9.0,-0.0515403466921424,-0.000347465721691825,-0.012220936057552577
1.0,18.0,19.0,0.008042961088223777,2.8141698042120584,9.0,-0.05153910157142562,-0.0003481001792578645,-0.012337948788543355
1.0,19.0,19.0,0.0,2.7612108185127324,9.0,-0.05153764161295594,-0.0003483219053541443,-0.01236949777308088
1.0,20.0,19.0,0.0001140803164827453,2.113614080316483,9.0,-0.05151978884764367,-0.00034831876041996416,-0.01224721544403285
1.0,21.0,19.0,0.0001140803164827453,1.4631140803164828,9.0,-0.051501856046023975,-0.00034831876041996416,-0.012217812298188782
1.0,22.0,19.0,0.0001140803164827453,0.8126140803164827,9.0,-0.05148392324440428,-0.00034831876041996416,-0.012283275157663968
1.0,23.0,19.0,0.0,0.16501734212023322,9.0,-0.05146607047909201,-0.0003483219053541443,-0.012441740505818031
1.0,24.0,19.0,0.008042961088223777,0.11205835642090678,9.0,-0.05146461052062233,-0.0003481001792578645,-0.012413312684995658
1.0,25.0,19.0,0.0310574713394014,0.06689246190843257,9.0,-0.05146336539990555,-0.000347465721691825,-0.01229924328145447
1.0,26.0,19.0,0.06689246190843257,0.0310574713394014,9.0,-0.05146237751093258,-0.00034647783271885354,-0.012112351034369489
1.0,27.0,19.0,0.11205835642090678,0.008042961088223777,9.0,-0.05146174305336654,-0.00034523271200206934,-0.011872443178263558
1.0,28.0,19.0,0.16501734212023322,0.0,9.0,-0.051461521327270256,-0.0003437727535323905,-0.011589487746912581
1.0,29.0,19.0,0.8126140803164827,0.0001140803164827453,9.0,-0.05146152447220444,-0.0003259199882201194,-0.008164864205545066
1.0,30.0,19.0,1.4631140803164828,0.0001140803164827453,9.0,-0.05146152447220444,-0.00030798718660042827,-0.004765758120230254
1.0,31.0,19.0,2.113614080316483,0.0001140803164827453,9.0,-0.05146152447220444,-0.00029005438498073716,-0.0013571199327981527
1.0,32.0,19.0,2.7612108185127324,0.0,9.0,-0.051461521327270256,-0.00027220161966846597,0.002099993401894852
1.0,33.0,19.0,2.814169804212059,0.008042961088223777,9.0,-0.05146174305336654,-0.00027074166119878714,0.0023883181507700834
1.0,34.0,19.0,2.859335698724533,0.0310574713394014,9.0,-0.05146237751093258,-0.000269496540482003,0.0026325121847729544
1.0,35.0,19.0,2.8951706892935642,0.06689246190843257,9.0,-0.05146336539990555,-0.00026850865150903155,0.002824723136597677
1.0,36.0,19.0,2.918185199544742,0.11205835642090678,9.0,-0.05146461052062233,-0.000267874193942992,0.0029458409866075608
1.0,37.0,19.0,2.9262281606329656,0.16501734212023322,9.0,-0.05146607047909201,-0.0002676524678467122,0.0029821805653970817
1.0,38.0,19.0,2.926114080316483,0.29986408031648293,9.0,-0.0514697878961637,-0.0002676556127808924,0.0029596051346110134
1.0,39.0,19.0,2.926114080316483,0.43761408031648275,9.0,-0.051473585349542814,-0.0002676556127808924,0.0029446046689253574
1.0,40.0,19.0,2.926114080316483,0.5753640803164828,9.0,-0.05147738280292193,-0.0002676556127808924,0.0029359994813551045
1.0,41.0,19.0,2.926114080316483,0.7131140803164828,9.0,-0.051481180256301044,-0.0002676556127808924,0.0029338186123662492
2.0,1.0,19.0,5.9261140803164825,2.213114080316483,9.0,-0.051522531835746906,-0.00018495245388915779,0.014678589446516788
2.0,2.0,19.0,5.9261140803164825,2.350864080316483,9.0,-0.05152632928912602,-0.00018495245388915779,0.01468020012632017
2.0,3.0,19.0,5.9261140803164825,2.488614080316483,9.0,-0.051530126742505136,-0.00018495245388915779,0.01468734872786498
2.0,4.0,19.0,5.9261140803164825,2.626364080316483,9.0,-0.05153392419588425,-0.00018495245388915779,0.014700305707692422
2.0,5.0,19.0,5.926228160632966,2.7612108185127324,9.0,-0.05153764161295594,-0.00018494930895497763,0.014719117654746901
2.0,6.0,19.0,5.918185199544742,2.8141698042120584,9.0,-0.05153910157142562,-0.00018517103505125745,0.014681840816476149
2.0,7.0,19.0,5.895170689293565,2.859335698724533,9.0,-0.0515403466921424,-0.00018580549261729693,0.014559317858556802
2.0,8.0,19.0,5.859335698724533,2.8951706892935642,9.0,-0.05154133458111537,-0.00018679338159026843,0.014364309596283948
2.0,9.0,19.0,5.814169804212058,2.918185199544742,9.0,-0.05154196903868141,-0.00018803850230705258,0.014116739969564621
2.0,10.0,19.0,5.7612108185127315,2.9262281606329656,9.0,-0.051542190764777694,-0.00018949846077673143,0.013826434034376911
2.0,11.0,19.0,5.1136140803164825,2.926114080316483,9.0,-0.05154218761984351,-0.00020735122608900257,0.010329969407242607
2.0,12.0,19.0,4.463114080316483,2.926114080316483,9.0,-0.05154218761984351,-0.00022528402770869365,0.00688278722023672
2.0,13.0,19.0,3.8126140803164827,2.926114080316483,9.0,-0.05154218761984351,-0.0002432168293283848,0.0034527179194861627
2.0,14.0,19.0,3.1650173421202332,2.9262281606329656,9.0,-0.051542190764777694,-0.00026106959464065595,3.8102790483774476e-6
2.0,15.0,19.0,3.112058356420907,2.918185199544742,9.0,-0.05154196903868141,-0.0002625295531103348,-0.0002810927067018698
2.0,16.0,19.0,3.0668924619084326,2.8951706892935642,9.0,-0.05154133458111537,-0.0002637746738271189,-0.0005230420170766639
2.0,17.0,19.0,3.0310574713394014,2.859335698724533,9.0,-0.0515403466921424,-0.0002647625628000904,-0.0007132323815986722
2.0,18.0,19.0,3.0080429610882238,2.8141698042120584,9.0,-0.05153910157142562,-0.00026539702036612996,-0.0008313348727398605
2.0,19.0,19.0,3.0,2.7612108185127324,9.0,-0.05153764161295594,-0.00026561874646240975,-0.0008615259696115999
2.0,20.0,19.0,3.0001140803164827,2.113614080316483,9.0,-0.05151978884764367,-0.0002656156015282296,-0.0007360719799774471
2.0,21.0,19.0,3.0001140803164827,1.4631140803164828,9.0,-0.051501856046023975,-0.0002656156015282296,-0.0006980214360511129
2.0,22.0,19.0,3.0001140803164827,0.8126140803164827,9.0,-0.05148392324440428,-0.0002656156015282296,-0.000747387266679176
2.0,23.0,19.0,3.0,0.16501734212023322,9.0,-0.05146607047909201,-0.00026561874646240975,-0.0008846678077517853
2.0,24.0,19.0,3.0080429610882238,0.11205835642090678,9.0,-0.05146461052062233,-0.00026539702036612996,-0.0008543665919005399
2.0,25.0,19.0,3.0310574713394014,0.06689246190843257,9.0,-0.05146336539990555,-0.0002647625628000904,-0.0007386786555298953
2.0,26.0,19.0,3.0668924619084326,0.0310574713394014,9.0,-0.05146237751093258,-0.0002637746738271189,-0.0005502925080114517
2.0,27.0,19.0,3.112058356420907,0.008042961088223777,9.0,-0.05146174305336654,-0.0002625295531103348,-0.0003091207556624474
2.0,28.0,19.0,3.1650173421202332,0.0,9.0,-0.051461521327270256,-0.00026106959464065595,-2.5207654080165153e-5
2.0,29.0,19.0,3.8126140803164827,0.0001140803164827453,9.0,-0.05146152447220444,-0.0002432168293283848,0.0034113298677568155
2.0,30.0,19.0,4.463114080316483,0.0001140803164827453,9.0,-0.05146152447220444,-0.00022528402770869365,0.00682924495712486
2.0,31.0,19.0,5.1136140803164825,0.0001140803164827453,9.0,-0.05146152447220444,-0.00020735122608900257,0.01026444777696564
2.0,32.0,19.0,5.761210818512732,0.0,9.0,-0.051461521327270256,-0.00018949846077673143,0.0137488827360312
2.0,33.0,19.0,5.814169804212058,0.008042961088223777,9.0,-0.05146174305336654,-0.00018803850230705258,0.014038041970653148
2.0,34.0,19.0,5.859335698724533,0.0310574713394014,9.0,-0.05146237751093258,-0.00018679338159026843,0.014284332761091917
2.0,35.0,19.0,5.895170689293565,0.06689246190843257,9.0,-0.05146336539990555,-0.00018580549261729693,0.014477993167158702
2.0,36.0,19.0,5.918185199544742,0.11205835642090678,9.0,-0.05146461052062233,-0.00018517103505125745,0.014599222695289953
2.0,37.0,19.0,5.926228160632966,0.16501734212023322,9.0,-0.05146607047909201,-0.00018494930895497763,0.014635320942619266
2.0,38.0,19.0,5.9261140803164825,0.29986408031648293,9.0,-0.0514697878961637,-0.00018495245388915779,0.014613850560426156
2.0,39.0,19.0,5.9261140803164825,0.43761408031648275,9.0,-0.051473585349542814,-0.00018495245388915779,0.014598151985898459
2.0,40.0,19.0,5.9261140803164825,0.5753640803164828,9.0,-0.05147738280292193,-0.00018495245388915779,0.014588237440126953
2.0,41.0,19.0,5.9261140803164825,0.7131140803164828,9.0,-0.051481180256301044,-0.00018495245388915779,0.014583851636152048
1.0,1.0,20.0,2.926114080316483,2.213114080316483,9.5,-0.05436790294623815,-0.0002721788320618098,0.003197253919261081
1.0,2.0,20.0,2.926114080316483,2.350864080316483,9.5,-0.054372179531210915,-0.0002721788320618098,0.0032017573345953514
1.0,3.0,20.0,2.926114080316483,2.488614080316483,9.5,-0.05437645611618368,-0.0002721788320618098,0.0032123696988652
1.0,4.0,20.0,2.926114080316483,2.626364080316483,9.5,-0.05438073270115644,-0.0002721788320618098,0.0032295845903610267
1.0,5.0,20.0,2.9262281606329656,2.7612108185127324,9.5,-0.05438491915149543,-0.0002721752903255691,0.0032532674545734056
1.0,6.0,20.0,2.918185199544742,2.8141698042120584,9.5,-0.05438656331557829,-0.0002724249920063415,0.003217696599909091
1.0,7.0,20.0,2.8951706892935642,2.859335698724533,9.5,-0.05438796553543857,-0.00027313950023643695,0.0030991470311525268
1.0,8.0,20.0,2.859335698724533,2.8951706892935642,9.5,-0.05438907806815847,-0.00027425203295633943,0.002907904670259254
1.0,9.0,20.0,2.814169804212059,2.918185199544742,9.5,-0.05438979257638857,-0.0002756542528166181,0.002663584085177822
1.0,10.0,20.0,2.761210818512732,2.9262281606329656,9.5,-0.05439004227806934,-0.00027729841689948145,0.002378025621660233
1.0,11.0,20.0,2.113614080316483,2.926114080316483,9.5,-0.0543900387363331,-0.0002974036980535971,-0.0010645043916134248
1.0,12.0,20.0,1.4631140803164828,2.926114080316483,9.5,-0.0543900387363331,-0.00031759911384148345,-0.0044574014809981395
1.0,13.0,20.0,0.8126140803164827,2.926114080316483,9.5,-0.0543900387363331,-0.0003377945296293698,-0.007837541088314234
1.0,14.0,20.0,0.16501734212023322,2.9262281606329656,9.5,-0.05439004227806934,-0.00035789981078348544,-0.011239872867220477
1.0,15.0,20.0,0.11205835642090678,2.918185199544742,9.5,-0.05438979257638857,-0.0003595439748663488,-0.011521332390205946
1.0,16.0,20.0,0.06689246190843257,2.8951706892935642,9.5,-0.05438907806815847,-0.0003609461947266274,-0.011760854207821017
1.0,17.0,20.0,0.0310574713394014,2.859335698724533,9.5,-0.05438796553543857,-0.0003620587274465299,-0.011948404050276074
1.0,18.0,20.0,0.008042961088223777,2.8141698042120584,9.5,-0.05438656331557829,-0.0003627732356766254,-0.012064095971693778
1.0,19.0,20.0,0.0,2.7612108185127324,9.5,-0.05438491915149543,-0.0003630229373573978,-0.012095090899942184
1.0,20.0,20.0,0.0001140803164827453,2.113614080316483,9.5,-0.05436481387034131,-0.0003630193956211571,-0.011971083273292663
1.0,21.0,20.0,0.0001140803164827453,1.4631140803164828,9.5,-0.05434461845455343,-0.0003630193956211571,-0.011940328734874784
1.0,22.0,20.0,0.0001140803164827453,0.8126140803164827,9.5,-0.05432442303876554,-0.0003630193956211571,-0.012005290174590845
1.0,23.0,20.0,0.0,0.16501734212023322,9.5,-0.05430431775761142,-0.0003630229373573978,-0.012163582717976698
1.0,24.0,20.0,0.008042961088223777,0.11205835642090678,9.5,-0.05430267359352856,-0.0003627732356766254,-0.012135555341469538
1.0,25.0,20.0,0.0310574713394014,0.06689246190843257,9.5,-0.05430127137366828,-0.0003620587274465299,-0.012022688894277113
1.0,26.0,20.0,0.06689246190843257,0.0310574713394014,9.5,-0.05430015884094838,-0.0003609461947266274,-0.011837692541472626
1.0,27.0,20.0,0.11205835642090678,0.008042961088223777,9.5,-0.054299444332718286,-0.0003595439748663488,-0.011600194989901114
1.0,28.0,20.0,0.16501734212023322,0.0,9.5,-0.054299194631037516,-0.00035789981078348544,-0.011320082253262354
1.0,29.0,20.0,0.8126140803164827,0.0001140803164827453,9.5,-0.054299198172773754,-0.0003377945296293698,-0.007929205634520273
1.0,30.0,20.0,1.4631140803164828,0.0001140803164827453,9.5,-0.054299198172773754,-0.00031759911384148345,-0.004561274242964389
1.0,31.0,20.0,2.113614080316483,0.0001140803164827453,9.5,-0.054299198172773754,-0.0002974036980535971,-0.0011813360281406084
1.0,32.0,20.0,2.7612108185127324,0.0,9.5,-0.054299194631037516,-0.00027729841689948145,0.0022477876657076277
1.0,33.0,20.0,2.814169804212059,0.008042961088223777,9.5,-0.054299444332718286,-0.0002756542528166181,0.0025322890401592415
1.0,34.0,20.0,2.859335698724533,0.0310574713394014,9.5,-0.05430015884094838,-0.00027425203295633943,0.002775800137618013
1.0,35.0,20.0,2.8951706892935642,0.06689246190843257,9.5,-0.05430127137366828,-0.00027313950023643695,0.002967326197511865
1.0,36.0,20.0,2.918185199544742,0.11205835642090678,9.5,-0.05430267359352856,-0.0002724249920063415,0.0030866998164759195
1.0,37.0,20.0,2.9262281606329656,0.16501734212023322,9.5,-0.05430431775761142,-0.0002721752903255691,0.0031218464879966125
1.0,38.0,20.0,2.926114080316483,0.29986408031648293,9.5,-0.054308504207950414,-0.0002721788320618098,0.0031007755663250646
1.0,39.0,20.0,2.926114080316483,0.43761408031648275,9.5,-0.054312780792923177,-0.0002721788320618098,0.003085578619186696
1.0,40.0,20.0,2.926114080316483,0.5753640803164828,9.5,-0.05431705737789594,-0.0002721788320618098,0.0030770543486523657
1.0,41.0,20.0,2.926114080316483,0.7131140803164828,9.5,-0.0543213339628687,-0.0002721788320618098,0.0030747848315508014
2.0,1.0,20.0,5.9261140803164825,2.213114080316483,9.5,-0.05436790294623815,-0.0001790408653229027,0.014373754134161233
2.0,2.0,20.0,5.9261140803164825,2.350864080316483,9.5,-0.054372179531210915,-0.0001790408653229027,0.014374914667605999
2.0,3.0,20.0,5.9261140803164825,2.488614080316483,9.5,-0.05437645611618368,-0.0001790408653229027,0.014381655593816904
2.0,4.0,20.0,5.9261140803164825,2.626364080316483,9.5,-0.05438073270115644,-0.0001790408653229027,0.01439422963844205
2.0,5.0,20.0,5.926228160632966,2.7612108185127324,9.5,-0.05438491915149543,-0.00017903732358666202,0.014412680259411574
2.0,6.0,20.0,5.918185199544742,2.8141698042120584,9.5,-0.05438656331557829,-0.00017928702526743445,0.014375698338987618
2.0,7.0,20.0,5.895170689293565,2.859335698724533,9.5,-0.05438796553543857,-0.0001800015334975299,0.014254281031640127
2.0,8.0,20.0,5.859335698724533,2.8951706892935642,9.5,-0.05438907806815847,-0.00018111406621743243,0.014061082494015473
2.0,9.0,20.0,5.814169804212058,2.918185199544742,9.5,-0.05438979257638857,-0.000182516286077711,0.01381586689165361
2.0,10.0,20.0,5.7612108185127315,2.9262281606329656,9.5,-0.05439004227806934,-0.0001841604501605744,0.013528381344382423
2.0,11.0,20.0,5.1136140803164825,2.926114080316483,9.5,-0.0543900387363331,-0.00020426573131469004,0.010066284486672765
2.0,12.0,20.0,4.463114080316483,2.926114080316483,9.5,-0.0543900387363331,-0.00022446114710257637,0.006652514124769459
2.0,13.0,20.0,3.8126140803164827,2.926114080316483,9.5,-0.0543900387363331,-0.00024465656289046275,0.0032550639649535293
2.0,14.0,20.0,3.1650173421202332,2.9262281606329656,9.5,-0.05439004227806934,-0.0002647618440445784,-0.00016029808309385023
2.0,15.0,20.0,3.112058356420907,2.918185199544742,9.5,-0.05438979257638857,-0.00026640600812744176,-0.00044260126089762624
2.0,16.0,20.0,3.0668924619084326,2.8951706892935642,9.5,-0.05438907806815847,-0.00026780822798772036,-0.0006827861823797153
2.0,17.0,20.0,3.0310574713394014,2.859335698724533,9.5,-0.05438796553543857,-0.00026892076070762284,-0.0008701303152736725
2.0,18.0,20.0,3.0080429610882238,2.8141698042120584,9.5,-0.05438656331557829,-0.00026963526893771834,-0.0009850331600456581
2.0,19.0,20.0,3.0,2.7612108185127324,9.5,-0.05438491915149543,-0.00026988497061849077,-0.0010164273899251923
2.0,20.0,20.0,3.0001140803164827,2.113614080316483,9.5,-0.05436481387034131,-0.00026988142888225005,-0.0008871350899188602
2.0,21.0,20.0,3.0001140803164827,1.4631140803164828,9.5,-0.05434461845455343,-0.00026988142888225005,-0.0008466420204436625
2.0,22.0,20.0,3.0001140803164827,0.8126140803164827,9.5,-0.05432442303876554,-0.00026988142888225005,-0.0008960605470583741
2.0,23.0,20.0,3.0,0.16501734212023322,9.5,-0.05430431775761142,-0.00026988497061849077,-0.0010342525534219652
2.0,24.0,20.0,3.0080429610882238,0.11205835642090678,9.5,-0.05430267359352856,-0.00026963526893771834,-0.0010044268738047318
2.0,25.0,20.0,3.0310574713394014,0.06689246190843257,9.5,-0.05430127137366828,-0.00026892076070762284,-0.0008899029127818483
2.0,26.0,20.0,3.0668924619084326,0.0310574713394014,9.5,-0.05430015884094838,-0.00026780822798772036,-0.0007034671702890275
2.0,27.0,20.0,3.112058356420907,0.008042961088223777,9.5,-0.054299444332718286,-0.00026640600812744176,-0.00046480112284390696
2.0,28.0,20.0,3.1650173421202332,0.0,9.5,-0.054299194631037516,-0.0002647618440445784,-0.00018373355116288074
2.0,29.0,20.0,3.8126140803164827,0.0001140803164827453,9.5,-0.054299198172773754,-0.00024465656289046275,0.003218635310395689
2.0,30.0,20.0,4.463114080316483,0.0001140803164827453,9.5,-0.054299198172773754,-0.00022446114710257637,0.006603192495058791
2.0,31.0,20.0,5.1136140803164825,0.0001140803164827453,9.5,-0.054299198172773754,-0.00020426573131469004,0.010004269054489132
2.0,32.0,20.0,5.761210818512732,0.0,9.5,-0.054299194631037516,-0.0001841604501605744,0.013453661210146796
2.0,33.0,20.0,5.814169804212058,0.008042961088223777,9.5,-0.054299444332718286,-0.000182516286077711,0.013739898691047641
2.0,34.0,20.0,5.859335698724533,0.0310574713394014,9.5,-0.05430015884094838,-0.00018111406621743243,0.013983640610001133
2.0,35.0,20.0,5.895170689293565,0.06689246190843257,9.5,-0.05430127137366828,-0.0001800015334975299,0.014175217788470659
2.0,36.0,20.0,5.918185199544742,0.11205835642090678,9.5,-0.05430267359352856,-0.00017928702526743445,0.014295017920254066
2.0,37.0,20.0,5.926228160632966,0.16501734212023322,9.5,-0.05430431775761142,-0.00017903732358666202,0.014330459260035327
2.0,38.0,20.0,5.9261140803164825,0.29986408031648293,9.5,-0.054308504207950414,-0.0001790408653229027,0.01430844656636733
2.0,39.0,20.0,5.9261140803164825,0.43761408031648275,9.5,-0.054312780792923177,-0.0001790408653229027,0.01429220862290678
2.0,40.0,20.0,5.9261140803164825,0.5753640803164828,9.5,-0.05431705737789594,-0.0001790408653229027,0.014281781965197679
2.0,41.0,20.0,5.9261140803164825,0.7131140803164828,9.5,-0.0543213339628687,-0.0001790408653229027,0.014276908090324617
1.0,1.0,21.0,2.926114080316483,2.213114080316483,10.0,-0.05718209430790576,-0.00027547384984450936,0.0033081891196955543
1.0,2.0,21.0,2.926114080316483,2.350864080316483,10.0,-0.05718687123848785,-0.00027547384984450936,0.0033121802800977042
1.0,3.0,21.0,2.926114080316483,2.488614080316483,10.0,-0.05719164816906994,-0.00027547384984450936,0.003322287429689729
1.0,4.0,21.0,2.926114080316483,2.626364080316483,10.0,-0.05719642509965204,-0.00027547384984450936,0.003338639192879414
1.0,5.0,21.0,2.9262281606329656,2.7612108185127324,10.0,-0.05720110135016082,-0.0002754698937374123,0.003361129592758064
1.0,6.0,21.0,2.918185199544742,2.8141698042120584,10.0,-0.05720293787573892,-0.00027574880964879465,0.0033268889633370274
1.0,7.0,21.0,2.8951706892935642,2.859335698724533,10.0,-0.05720450415045954,-0.00027654691286368207,0.0032081911298525714
1.0,8.0,21.0,2.859335698724533,2.8951706892935642,10.0,-0.057205746845649066,-0.0002777896080532154,0.003018975263744551
1.0,9.0,21.0,2.814169804212059,2.918185199544742,10.0,-0.05720654494886396,-0.00027935588277382676,0.002778724400197929
1.0,10.0,21.0,2.761210818512732,2.9262281606329656,10.0,-0.05720682386477534,-0.0002811924083519301,0.0024958674605550643
1.0,11.0,21.0,2.113614080316483,2.926114080316483,10.0,-0.057206819908668244,-0.00030364993766992117,-0.0009061040034175577
1.0,12.0,21.0,1.4631140803164828,2.926114080316483,10.0,-0.057206819908668244,-0.00032620814706122017,-0.0042586238939392755
1.0,13.0,21.0,0.8126140803164827,2.926114080316483,10.0,-0.057206819908668244,-0.0003487663564525191,-0.0075969758410602654
1.0,14.0,21.0,0.16501734212023322,2.9262281606329656,10.0,-0.05720682386477534,-0.00037122388577051017,-0.010955756220620148
1.0,15.0,21.0,0.11205835642090678,2.918185199544742,10.0,-0.05720654494886396,-0.0003730604113486135,-0.01123355960595063
1.0,16.0,21.0,0.06689246190843257,2.8951706892935642,10.0,-0.057205746845649066,-0.0003746266860692249,-0.011469932648608069
1.0,17.0,21.0,0.0310574713394014,2.859335698724533,10.0,-0.05720450415045954,-0.0003758693812587582,-0.011654968650875895
1.0,18.0,21.0,0.008042961088223777,2.8141698042120584,10.0,-0.05720293787573892,-0.0003766674844736456,-0.011769039342778433
1.0,19.0,21.0,0.0,2.7612108185127324,10.0,-0.05720110135016082,-0.000376946400385028,-0.0117994631227624
1.0,20.0,21.0,0.0001140803164827453,2.113614080316483,10.0,-0.05717864382084283,-0.0003769424442779309,-0.01167491771925129
1.0,21.0,21.0,0.0001140803164827453,1.4631140803164828,10.0,-0.05715608561145153,-0.0003769424442779309,-0.011643242360344851
1.0,22.0,21.0,0.0001140803164827453,0.8126140803164827,10.0,-0.05713352740206023,-0.0003769424442779309,-0.011707221690218877
1.0,23.0,21.0,0.0,0.16501734212023322,10.0,-0.05711106987274224,-0.000376946400385028,-0.011864096146876476
1.0,24.0,21.0,0.008042961088223777,0.11205835642090678,10.0,-0.05710923334716414,-0.0003766674844736456,-0.01183648149343633
1.0,25.0,21.0,0.0310574713394014,0.06689246190843257,10.0,-0.057107667072443524,-0.0003758693812587582,-0.011725113125003154
1.0,26.0,21.0,0.06689246190843257,0.0310574713394014,10.0,-0.057106424377253995,-0.0003746266860692249,-0.011542546918823171
1.0,27.0,21.0,0.11205835642090678,0.008042961088223777,10.0,-0.057105626274039104,-0.0003730604113486135,-0.011308162963299716
1.0,28.0,21.0,0.16501734212023322,0.0,10.0,-0.05710534735812772,-0.00037122388577051017,-0.01103172518598511
1.0,29.0,21.0,0.8126140803164827,0.0001140803164827453,10.0,-0.05710535131423482,-0.0003487663564525191,-0.0076848578610131365
1.0,30.0,21.0,1.4631140803164828,0.0001140803164827453,10.0,-0.05710535131423482,-0.00032620814706122017,-0.004359034047330252
1.0,31.0,21.0,2.113614080316483,0.0001140803164827453,10.0,-0.05710535131423482,-0.00030364993766992117,-0.0010196452761135595
1.0,32.0,21.0,2.7612108185127324,0.0,10.0,-0.05710534735812772,-0.0002811924083519301,0.002368721013231898
1.0,33.0,21.0,2.814169804212059,0.008042961088223777,10.0,-0.057105626274039104,-0.00027935588277382676,0.0026506048967566203
1.0,34.0,21.0,2.859335698724533,0.0310574713394014,10.0,-0.057106424377253995,-0.0002777896080532154,0.0028903620271790525
1.0,35.0,21.0,2.8951706892935642,0.06689246190843257,10.0,-0.057107667072443524,-0.00027654691286368207,0.003078992244181818
1.0,36.0,21.0,2.918185199544742,0.11205835642090678,10.0,-0.05710923334716414,-0.00027574880964879465,0.003197393905630666
1.0,37.0,21.0,2.9262281606329656,0.16501734212023322,10.0,-0.05711106987274224,-0.0002754698937374123,0.003232689795109396
1.0,38.0,21.0,2.926114080316483,0.29986408031648293,10.0,-0.05711574612325102,-0.00027547384984450936,0.003211376633604731
1.0,39.0,21.0,2.926114080316483,0.43761408031648275,10.0,-0.05712052305383312,-0.00027547384984450936,0.003196577138375065
1.0,40.0,21.0,2.926114080316483,0.5753640803164828,10.0,-0.05712529998441521,-0.00027547384984450936,0.0031879811723343372
1.0,41.0,21.0,2.926114080316483,0.7131140803164828,10.0,-0.0571300769149973,-0.00027547384984450936,0.0031854211639492096
2.0,1.0,21.0,5.9261140803164825,2.213114080316483,10.0,-0.05718209430790576,-0.00017143906402760416,0.014042064215355532
2.0,2.0,21.0,5.9261140803164825,2.350864080316483,10.0,-0.05718687123848785,-0.00017143906402760416,0.014042753853819834
2.0,3.0,21.0,5.9261140803164825,2.488614080316483,10.0,-0.05719164816906994,-0.00017143906402760416,0.014049006013806263
2.0,4.0,21.0,5.9261140803164825,2.626364080316483,10.0,-0.05719642509965204,-0.00017143906402760416,0.014061074524998399
2.0,5.0,21.0,5.926228160632966,2.7612108185127324,10.0,-0.05720110135016082,-0.0001714351079205071,0.014078996633229
2.0,6.0,21.0,5.918185199544742,2.8141698042120584,10.0,-0.05720293787573892,-0.00017171402383188945,0.014042371812440958
2.0,7.0,21.0,5.895170689293565,2.859335698724533,10.0,-0.05720450415045954,-0.00017251212704677682,0.013922406110587987
2.0,8.0,21.0,5.859335698724533,2.8951706892935642,10.0,-0.057205746845649066,-0.00017375482223631018,0.01373160306512368
2.0,9.0,21.0,5.814169804212058,2.918185199544742,10.0,-0.05720654494886396,-0.0001753210969569216,0.01348948136951996
2.0,10.0,21.0,5.7612108185127315,2.9262281606329656,10.0,-0.05720682386477534,-0.0001771576225350249,0.01320568168461319
2.0,11.0,21.0,5.1136140803164825,2.926114080316483,10.0,-0.057206819908668244,-0.000199615151853016,0.009788460008967504
2.0,12.0,21.0,4.463114080316483,2.926114080316483,10.0,-0.057206819908668244,-0.0002221733612443149,0.006418757066773136
2.0,13.0,21.0,3.8126140803164827,2.926114080316483,10.0,-0.057206819908668244,-0.0002447315706356139,0.00306498656053954
2.0,14.0,21.0,3.1650173421202332,2.9262281606329656,10.0,-0.05720682386477534,-0.00026718909995360494,-0.0003062023599910733
2.0,15.0,21.0,3.112058356420907,2.918185199544742,10.0,-0.05720654494886396,-0.0002690256255317083,-0.0005846794516092793
2.0,16.0,21.0,3.0668924619084326,2.8951706892935642,10.0,-0.057205746845649066,-0.00027059190025231967,-0.0008211625905402941
2.0,17.0,21.0,3.0310574713394014,2.859335698724533,10.0,-0.05720450415045954,-0.00027183459544185304,-0.0010063611700107597
2.0,18.0,21.0,3.0080429610882238,2.8141698042120584,10.0,-0.05720293787573892,-0.0002726326986567404,-0.0011205921763739442
2.0,19.0,21.0,3.0,2.7612108185127324,10.0,-0.05720110135016082,-0.00027291161456812277,-0.001150263421991079
2.0,20.0,21.0,3.0001140803164827,2.113614080316483,10.0,-0.05717864382084283,-0.0002729076584610257,-0.001019258398031688
2.0,21.0,21.0,3.0001140803164827,1.4631140803164828,10.0,-0.05715608561145153,-0.0002729076584610257,-0.000977026300258553
2.0,22.0,21.0,3.0001140803164827,0.8126140803164827,10.0,-0.05713352740206023,-0.0002729076584610257,-0.0010256764014232194
2.0,23.0,21.0,3.0,0.16501734212023322,10.0,-0.05711106987274224,-0.00027291161456812277,-0.001163061925722127
2.0,24.0,21.0,3.0080429610882238,0.11205835642090678,10.0,-0.05710923334716414,-0.0002726326986567404,-0.0011336733325874042
2.0,25.0,21.0,3.0310574713394014,0.06689246190843257,10.0,-0.057107667072443524,-0.00027183459544185304,-0.0010207305606351415
2.0,26.0,21.0,3.0668924619084326,0.0310574713394014,10.0,-0.057106424377253995,-0.00027059190025231967,-0.0008367568130675402
2.0,27.0,21.0,3.112058356420907,0.008042961088223777,10.0,-0.057105626274039104,-0.0002690256255317083,-0.0006012218477082387
2.0,28.0,21.0,3.1650173421202332,0.0,10.0,-0.05710534735812772,-0.00026718909995360494,-0.0003239191815333026
2.0,29.0,21.0,3.8126140803164827,0.0001140803164827453,10.0,-0.05710535131423482,-0.0002447315706356139,0.003033414398009776
2.0,30.0,21.0,4.463114080316483,0.0001140803164827453,10.0,-0.05710535131423482,-0.0002221733612443149,0.006373614413747416
2.0,31.0,21.0,5.1136140803164825,0.0001140803164827453,10.0,-0.05710535131423482,-0.000199615151853016,0.009729961221390197
2.0,32.0,21.0,5.761210818512732,0.0,10.0,-0.05710534735812772,-0.0001771576225350249,0.013133885283584622
2.0,33.0,21.0,5.814169804212058,0.008042961088223777,10.0,-0.057105626274039104,-0.0001753210969569216,0.01341633728783037
2.0,34.0,21.0,5.859335698724533,0.0310574713394014,10.0,-0.057106424377253995,-0.00017375482223631018,0.013656793844093152
2.0,35.0,21.0,5.895170689293565,0.06689246190843257,10.0,-0.057107667072443524,-0.00017251212704677682,0.013845707376782743
2.0,36.0,21.0,5.918185199544742,0.11205835642090678,10.0,-0.05710923334716414,-0.00017171402383188945,0.013963735643371306
2.0,37.0,21.0,5.926228160632966,0.16501734212023322,10.0,-0.05711106987274224,-0.0001714351079205071,0.01399845928191941
2.0,38.0,21.0,5.9261140803164825,0.29986408031648293,10.0,-0.05711574612325102,-0.00017143906402760416,0.013976074610367402
2.0,39.0,21.0,5.9261140803164825,0.43761408031648275,10.0,-0.05712052305383312,-0.00017143906402760416,0.013959421790288105
2.0,40.0,21.0,5.9261140803164825,0.5753640803164828,10.0,-0.05712529998441521,-0.00017143906402760416,0.01394855721843263
2.0,41.0,21.0,5.9261140803164825,0.7131140803164828,10.0,-0.0571300769149973,-0.00017143906402760416,0.01394322924098472
1.0,1.0,22.0,2.926114080316483,2.213114080316483,10.5,-0.059956035715177304,-0.0002775347423070847,0.0033898205520180966
1.0,2.0,22.0,2.926114080316483,2.350864080316483,10.5,-0.0599613338824242,-0.0002775347423070847,0.0033934304798763333
1.0,3.0,22.0,2.926114080316483,2.488614080316483,10.5,-0.059966632049671106,-0.0002775347423070847,0.003402888752745323
1.0,4.0,22.0,2.926114080316483,2.626364080316483,10.5,-0.059971930216918004,-0.0002775347423070847,0.0034185200930172883
1.0,5.0,22.0,2.9262281606329656,2.7612108185127324,10.5,-0.059977116718345685,-0.00027753035452780117,0.003440236132306367
1.0,6.0,22.0,2.918185199544742,2.8141698042120584,10.5,-0.05997915363713669,-0.00027783970445887713,0.0034056278255635837
1.0,7.0,22.0,2.8951706892935642,2.859335698724533,10.5,-0.05998089081654129,-0.0002787248930208825,0.0032894463029098818
1.0,8.0,22.0,2.859335698724533,2.8951706892935642,10.5,-0.059982269108906625,-0.0002801031853862242,0.003103131646680217
1.0,9.0,22.0,2.814169804212059,2.918185199544742,10.5,-0.05998315429746863,-0.000281840364790819,0.0028657922812904855
1.0,10.0,22.0,2.761210818512732,2.9262281606329656,10.5,-0.05998346364739971,-0.00028387728358182613,0.0025876837860425456
1.0,11.0,22.0,2.113614080316483,2.926114080316483,10.5,-0.059983459259620425,-0.00030878527507010743,-0.0007619426780389379
1.0,12.0,22.0,1.4631140803164828,2.926114080316483,10.5,-0.059983459259620425,-0.0003338049323776106,-0.004062616984531588
1.0,13.0,22.0,0.8126140803164827,2.926114080316483,10.5,-0.059983459259620425,-0.0003588245896851138,-0.007348350993980305
1.0,14.0,22.0,0.16501734212023322,2.9262281606329656,10.5,-0.05998346364739971,-0.0003837325811733951,-0.01065318082742769
1.0,15.0,22.0,0.11205835642090678,2.918185199544742,10.5,-0.05998315429746863,-0.0003857694999644022,-0.010926479556631665
1.0,16.0,22.0,0.06689246190843257,2.8951706892935642,10.5,-0.059982269108906625,-0.00038750667936899707,-0.011158991706701
1.0,17.0,22.0,0.0310574713394014,2.859335698724533,10.5,-0.05998089081654129,-0.00038888497173433876,-0.011340969118599487
1.0,18.0,22.0,0.008042961088223777,2.8141698042120584,10.5,-0.05997915363713669,-0.0003897701602963441,-0.011453099403871495
1.0,19.0,22.0,0.0,2.7612108185127324,10.5,-0.059977116718345685,-0.0003900795102274201,-0.011482901987638629
1.0,20.0,22.0,0.0001140803164827453,2.113614080316483,10.5,-0.0599522087268574,-0.00039007512244813657,-0.011358768180512731
1.0,21.0,22.0,0.0001140803164827453,1.4631140803164828,10.5,-0.0599271890695499,-0.00039007512244813657,-0.01132651676154763
1.0,22.0,22.0,0.0001140803164827453,0.8126140803164827,10.5,-0.0599021694122424,-0.00039007512244813657,-0.011389131773661226
1.0,23.0,22.0,0.0,0.16501734212023322,10.5,-0.05987726142075411,-0.0003900795102274201,-0.01154359818919859
1.0,24.0,22.0,0.008042961088223777,0.11205835642090678,10.5,-0.05987522450196311,-0.0003897701602963441,-0.01151644229636811
1.0,25.0,22.0,0.0310574713394014,0.06689246190843257,10.5,-0.05987348732255851,-0.00038888497173433876,-0.011406887699118677
1.0,26.0,22.0,0.06689246190843257,0.0310574713394014,10.5,-0.059872109030193174,-0.00038750667936899707,-0.011227293240839032
1.0,27.0,22.0,0.11205835642090678,0.008042961088223777,10.5,-0.05987122384163117,-0.0003857694999644022,-0.010996731473444692
1.0,28.0,22.0,0.16501734212023322,0.0,10.5,-0.05987091449170009,-0.0003837325811733951,-0.0107248133263291
1.0,29.0,22.0,0.8126140803164827,0.0001140803164827453,10.5,-0.05987091887947937,-0.0003588245896851138,-0.007432329054196301
1.0,30.0,22.0,1.4631140803164828,0.0001140803164827453,10.5,-0.05987091887947937,-0.0003338049323776106,-0.004159423448780712
1.0,31.0,22.0,2.113614080316483,0.0001140803164827453,10.5,-0.05987091887947937,-0.00030878527507010743,-0.0008720989980277249
1.0,32.0,22.0,2.7612108185127324,0.0,10.5,-0.05987091449170009,-0.00028387728358182613,0.0024637655701304473
1.0,33.0,22.0,2.814169804212059,0.008042961088223777,10.5,-0.05987122384163117,-0.000281840364790819,0.0027407713626868644
1.0,34.0,22.0,2.859335698724533,0.0310574713394014,10.5,-0.059872109030193174,-0.0002801031853862242,0.0029771968966526984
1.0,35.0,22.0,2.8951706892935642,0.06689246190843257,10.5,-0.05987348732255851,-0.0002787248930208825,0.0031631648799794743
1.0,36.0,22.0,2.918185199544742,0.11205835642090678,10.5,-0.05987522450196311,-0.00027783970445887713,0.003279377377361139
1.0,37.0,22.0,2.9262281606329656,0.16501734212023322,10.5,-0.05987726142075411,-0.00027753035452780117,0.003313805454343145
1.0,38.0,22.0,2.926114080316483,0.29986408031648293,10.5,-0.059882447922181795,-0.0002775347423070847,0.0032931147066449446
1.0,39.0,22.0,2.926114080316483,0.43761408031648275,10.5,-0.05988774608942869,-0.0002775347423070847,0.003278307039049822
1.0,40.0,22.0,2.926114080316483,0.5753640803164828,10.5,-0.0598930442566756,-0.0002775347423070847,0.003269667470884082
1.0,41.0,22.0,2.926114080316483,0.7131140803164828,10.5,-0.059898342423922495,-0.0002775347423070847,0.0032668933597770674
2.0,1.0,22.0,5.9261140803164825,2.213114080316483,10.5,-0.059956035715177304,-0.00016214815979746208,0.013683563071330012
2.0,2.0,22.0,5.9261140803164825,2.350864080316483,10.5,-0.0599613338824242,-0.00016214815979746208,0.013683762561854936
2.0,3.0,22.0,5.9261140803164825,2.488614080316483,10.5,-0.059966632049671106,-0.00016214815979746208,0.013689476455942857
2.0,4.0,22.0,5.9261140803164825,2.626364080316483,10.5,-0.059971930216918004,-0.00016214815979746208,0.013700948729776365
2.0,5.0,22.0,5.926228160632966,2.7612108185127324,10.5,-0.059977116718345685,-0.0001621437720181786,0.013718219359947232
2.0,6.0,22.0,5.918185199544742,2.8141698042120584,10.5,-0.05997915363713669,-0.00016245312194925458,0.013682045258487631
2.0,7.0,22.0,5.895170689293565,2.859335698724533,10.5,-0.05998089081654129,-0.0001633383105112599,0.013563886535255
2.0,8.0,22.0,5.859335698724533,2.8951706892935642,10.5,-0.059982269108906625,-0.00016471660287660164,0.013376054910292774
2.0,9.0,22.0,5.814169804212058,2.918185199544742,10.5,-0.05998315429746863,-0.00016645378228119645,0.013137774758570872
2.0,10.0,22.0,5.7612108185127315,2.9262281606329656,10.5,-0.05998346364739971,-0.00016849070107220355,0.012858542841200402
2.0,11.0,22.0,5.1136140803164825,2.926114080316483,10.5,-0.059983459259620425,-0.00019339869256048488,0.009496745945978494
2.0,12.0,22.0,4.463114080316483,2.926114080316483,10.5,-0.059983459259620425,-0.000218418349867988,0.006181679813306739
2.0,13.0,22.0,3.8126140803164827,2.926114080316483,10.5,-0.059983459259620425,-0.0002434380071754912,0.002882223259362203
2.0,14.0,22.0,3.1650173421202332,2.9262281606329656,10.5,-0.05998346364739971,-0.0002683459986637725,-0.0004341362127082072
2.0,15.0,22.0,3.112058356420907,2.918185199544742,10.5,-0.05998315429746863,-0.00027038291745477963,-0.0007080993642176901
2.0,16.0,22.0,3.0668924619084326,2.8951706892935642,10.5,-0.059982269108906625,-0.00027212009685937446,-0.0009409708338343173
2.0,17.0,22.0,3.0310574713394014,2.859335698724533,10.5,-0.05998089081654129,-0.00027349838922471615,-0.0011227796293599877
2.0,18.0,22.0,3.0080429610882238,2.8141698042120584,10.5,-0.05997915363713669,-0.0002743835777867215,-0.0012343784243006276
2.0,19.0,22.0,3.0,2.7612108185127324,10.5,-0.059977116718345685,-0.0002746929277177975,-0.0012639233919067587
2.0,20.0,22.0,3.0001140803164827,2.113614080316483,10.5,-0.0599522087268574,-0.00027468853993851397,-0.0011322378742278777
2.0,21.0,22.0,3.0001140803164827,1.4631140803164828,10.5,-0.0599271890695499,-0.00027468853993851397,-0.0010888670601241664
2.0,22.0,22.0,3.0001140803164827,0.8126140803164827,10.5,-0.0599021694122424,-0.00027468853993851397,-0.001136195073784344
2.0,23.0,22.0,3.0,0.16501734212023322,10.5,-0.05987726142075411,-0.0002746929277177975,-0.0012715758927722162
2.0,24.0,22.0,3.0080429610882238,0.11205835642090678,10.5,-0.05987522450196311,-0.0002743835777867215,-0.0012426939081397873
2.0,25.0,22.0,3.0310574713394014,0.06689246190843257,10.5,-0.05987348732255851,-0.00027349838922471615,-0.0011315777985040393
2.0,26.0,22.0,3.0668924619084326,0.0310574713394014,10.5,-0.059872109030193174,-0.00027212009685937446,-0.0009506304850811109
2.0,27.0,22.0,3.112058356420907,0.008042961088223777,10.5,-0.05987122384163117,-0.00027038291745477963,-0.0007189973260328772
2.0,28.0,22.0,3.1650173421202332,0.0,10.5,-0.05987091449170009,-0.0002683459986637725,-0.00044627774924086236
2.0,29.0,22.0,3.8126140803164827,0.0001140803164827453,10.5,-0.05987091887947937,-0.0002434380071754912,0.002855455740447054
2.0,30.0,22.0,4.463114080316483,0.0001140803164827453,10.5,-0.05987091887947937,-0.000218418349867988,0.006140652540173693
2.0,31.0,22.0,5.1136140803164825,0.0001140803164827453,10.5,-0.05987091887947937,-0.00019339869256048488,0.009441767512644141
2.0,32.0,22.0,5.761210818512732,0.0,10.5,-0.05987091449170009,-0.00016849070107220355,0.012789735930692906
2.0,33.0,22.0,5.814169804212058,0.008042961088223777,10.5,-0.05987122384163117,-0.00016645378228119645,0.01306752795715002
2.0,34.0,22.0,5.859335698724533,0.0310574713394014,10.5,-0.059872109030193174,-0.00016471660287660164,0.013303957807727728
2.0,35.0,22.0,5.895170689293565,0.06689246190843257,10.5,-0.05987348732255851,-0.0001633383105112599,0.013489636882811802
2.0,36.0,22.0,5.918185199544742,0.11205835642090678,10.5,-0.05987522450196311,-0.00016245312194925458,0.013605544007943135
2.0,37.0,22.0,5.926228160632966,0.16501734212023322,10.5,-0.05987726142075411,-0.0001621437720181786,0.01363946351883596
2.0,38.0,22.0,5.9261140803164825,0.29986408031648293,10.5,-0.059882447922181795,-0.00016214815979746208,0.013616845413114375
2.0,39.0,22.0,5.9261140803164825,0.43761408031648275,10.5,-0.05988774608942869,-0.00016214815979746208,0.01359988232857161
2.0,40.0,22.0,5.9261140803164825,0.5753640803164828,10.5,-0.0598930442566756,-0.00016214815979746208,0.013588646092214364
2.0,41.0,22.0,5.9261140803164825,0.7131140803164828,10.5,-0.059898342423922495,-0.00016214815979746208,0.013582886251164742
1.0,1.0,23.0,2.926114080316483,2.213114080316483,11.0,-0.06268081532545128,-0.00027837361088848514,0.0034430321826094995
1.0,2.0,23.0,2.926114080316483,2.350864080316483,11.0,-0.06268665448333628,-0.00027837361088848514,0.0034461944262703416
1.0,3.0,23.0,2.926114080316483,2.488614080316483,11.0,-0.06269249364122127,-0.00027837361088848514,0.003455107124567975
1.0,4.0,23.0,2.926114080316483,2.626364080316483,11.0,-0.06269833279910626,-0.00027837361088848514,0.0034699742171469352
1.0,5.0,23.0,2.9262281606329656,2.7612108185127324,11.0,-0.06270404888908525,-0.0002783687750773816,0.003490728482930824
1.0,6.0,23.0,2.918185199544742,2.8141698042120584,11.0,-0.06270629379564734,-0.0002787097124251639,0.0034570020196068
1.0,7.0,23.0,2.8951706892935642,2.859335698724533,11.0,-0.06270820835672955,-0.0002796852867191929,0.0033423903746189775
1.0,8.0,23.0,2.859335698724533,2.8951706892935642,11.0,-0.0627097273851705,-0.00028120431516013596,0.003159481954434485
1.0,9.0,23.0,2.814169804212059,2.918185199544742,11.0,-0.06271070295946453,-0.0002831188762423531,0.00292707079340601
1.0,10.0,23.0,2.761210818512732,2.9262281606329656,11.0,-0.06271104389681231,-0.000285363782804441,0.0026540210463982896
1.0,11.0,23.0,2.113614080316483,2.926114080316483,11.0,-0.0627110390610012,-0.0003128151047655029,-0.0006318569938448766
1.0,12.0,23.0,1.4631140803164828,2.926114080316483,11.0,-0.0627110390610012,-0.00034038949463257993,-0.0038695959681517536
1.0,13.0,23.0,0.8126140803164827,2.926114080316483,11.0,-0.0627110390610012,-0.0003679638844996569,-0.007092043640115086
1.0,14.0,23.0,0.16501734212023322,2.9262281606329656,11.0,-0.06271104389681231,-0.0003954152064607188,-0.010332543152829297
1.0,15.0,23.0,0.11205835642090678,2.918185199544742,11.0,-0.06271070295946453,-0.0003976601130228067,-0.010600490844213098
1.0,16.0,23.0,0.06689246190843257,2.8951706892935642,11.0,-0.0627097273851705,-0.00039957467410502384,-0.010828424758367495
1.0,17.0,23.0,0.0310574713394014,2.859335698724533,11.0,-0.06270820835672955,-0.0004010937025459669,-0.011006788719573786
1.0,18.0,23.0,0.008042961088223777,2.8141698042120584,11.0,-0.06270629379564734,-0.0004020692768399959,-0.011116650769495041
1.0,19.0,23.0,0.0,2.7612108185127324,11.0,-0.06270404888908525,-0.0004024102141877782,-0.011145772263817563
1.0,20.0,23.0,0.0001140803164827453,2.113614080316483,11.0,-0.06267659756712418,-0.00040240537837667466,-0.011022823439386585
1.0,21.0,23.0,0.0001140803164827453,1.4631140803164828,11.0,-0.06264902317725711,-0.00040240537837667466,-0.01099027860094896
1.0,22.0,23.0,0.0001140803164827453,0.8126140803164827,11.0,-0.06262144878739004,-0.00040240537837667466,-0.01105122291779344
1.0,23.0,23.0,0.0,0.16501734212023322,11.0,-0.06259399746542897,-0.0004024102141877782,-0.011202484223891156
1.0,24.0,23.0,0.008042961088223777,0.11205835642090678,11.0,-0.06259175255886688,-0.0004020692768399959,-0.01117584493067644
1.0,25.0,23.0,0.0310574713394014,0.06689246190843257,11.0,-0.06258983799778467,-0.0004010937025459669,-0.011068429063077808
1.0,26.0,23.0,0.06689246190843257,0.0310574713394014,11.0,-0.06258831896934372,-0.00039957467410502384,-0.010892357774520748
1.0,27.0,23.0,0.11205835642090678,0.008042961088223777,11.0,-0.06258734339504969,-0.0003976601130228067,-0.010666332487542363
1.0,28.0,23.0,0.16501734212023322,0.0,11.0,-0.0625870024577019,-0.0003954152064607188,-0.010399777773839632
1.0,29.0,23.0,0.8126140803164827,0.0001140803164827453,11.0,-0.06258700729351302,-0.0003679638844996569,-0.0071720219814370755
1.0,30.0,23.0,1.4631140803164828,0.0001140803164827453,11.0,-0.06258700729351302,-0.00034038949463257993,-0.003962689784661492
1.0,31.0,23.0,2.113614080316483,0.0001140803164827453,11.0,-0.06258700729351302,-0.0003128151047655029,-0.0007385060636696781
1.0,32.0,23.0,2.7612108185127324,0.0,11.0,-0.0625870024577019,-0.000285363782804441,0.002533378555861887
1.0,33.0,23.0,2.814169804212059,0.008042961088223777,11.0,-0.06258734339504969,-0.0002831188762423531,0.002805303949259868
1.0,34.0,23.0,2.859335698724533,0.0310574713394014,11.0,-0.06258831896934372,-0.00028120431516013596,0.0030368706458730526
1.0,35.0,23.0,2.8951706892935642,0.06689246190843257,11.0,-0.06258983799778467,-0.0002796852867191929,0.003218996144499139
1.0,36.0,23.0,2.918185199544742,0.11205835642090678,11.0,-0.06259175255886688,-0.0002787097124251639,0.003333094698517664
1.0,37.0,23.0,2.9262281606329656,0.16501734212023322,11.0,-0.06259399746542897,-0.0002783687750773816,0.003366972787823782
1.0,38.0,23.0,2.926114080316483,0.29986408031648293,11.0,-0.06259971355540796,-0.00027837361088848514,0.0033463760431886275
1.0,39.0,23.0,2.926114080316483,0.43761408031648275,11.0,-0.06260555271329295,-0.00027837361088848514,0.0033317478330958366
1.0,40.0,23.0,2.926114080316483,0.5753640803164828,11.0,-0.06261139187117794,-0.00027837361088848514,0.0033230298792863563
1.0,41.0,23.0,2.926114080316483,0.7131140803164828,11.0,-0.06261723102906294,-0.00027837361088848514,0.0033200026253200903
2.0,1.0,23.0,5.9261140803164825,2.213114080316483,11.0,-0.06268081532545128,-0.0001512050181118042,0.013298469496353164
2.0,2.0,23.0,5.9261140803164825,2.350864080316483,11.0,-0.06268665448333628,-0.0001512050181118042,0.013298177832317635
2.0,3.0,23.0,5.9261140803164825,2.488614080316483,11.0,-0.06269249364122127,-0.0001512050181118042,0.013303318355290718
2.0,4.0,23.0,5.9261140803164825,2.626364080316483,11.0,-0.06269833279910626,-0.0001512050181118042,0.01331413092728605
2.0,5.0,23.0,5.926228160632966,2.7612108185127324,11.0,-0.06270404888908525,-0.00015120018230070067,0.013330658573355176
2.0,6.0,23.0,5.918185199544742,2.8141698042120584,11.0,-0.06270629379564734,-0.000151541119648483,0.013295031126752828
2.0,7.0,23.0,5.895170689293565,2.859335698724533,11.0,-0.06270820835672955,-0.00015251669394251185,0.013179041343999772
2.0,8.0,23.0,5.859335698724533,2.8951706892935642,11.0,-0.0627097273851705,-0.00015403572238345504,0.012994768883902136
2.0,9.0,23.0,5.814169804212058,2.918185199544742,11.0,-0.06271070295946453,-0.00015595028346567213,0.012761073760599808
2.0,10.0,23.0,5.7612108185127315,2.9262281606329656,11.0,-0.06271104389681231,-0.00015819519002776005,0.012487279940690087
2.0,11.0,23.0,5.1136140803164825,2.926114080316483,11.0,-0.0627110390610012,-0.00018564651198882195,0.009191396577201121
2.0,12.0,23.0,4.463114080316483,2.926114080316483,11.0,-0.0627110390610012,-0.0002132209018558989,0.005941360766296448
2.0,13.0,23.0,3.8126140803164827,2.926114080316483,11.0,-0.0627110390610012,-0.00024079529172297594,0.0027066401052950628
2.0,14.0,23.0,3.1650173421202332,2.9262281606329656,11.0,-0.06271104389681231,-0.00026824661368403787,-0.000544610400630177
2.0,15.0,23.0,3.112058356420907,2.918185199544742,11.0,-0.06271070295946453,-0.00027049152024612573,-0.0008131551983105373
2.0,16.0,23.0,3.0668924619084326,2.8951706892935642,11.0,-0.0627097273851705,-0.00027240608132834287,-0.0010411872278559124
2.0,17.0,23.0,3.0310574713394014,2.859335698724533,11.0,-0.06270820835672955,-0.000273925109769286,-0.0012194584755561434
2.0,18.0,23.0,3.0080429610882238,2.8141698042120584,11.0,-0.06270629379564734,-0.0002749006840633149,-0.0013290687436411347
2.0,19.0,23.0,3.0,2.7612108185127324,11.0,-0.06270404888908525,-0.00027524162141109724,-0.0013575183134803518
2.0,20.0,23.0,3.0001140803164827,2.113614080316483,11.0,-0.06267659756712418,-0.0002752367855999937,-0.0012262287618408547
2.0,21.0,23.0,3.0001140803164827,1.4631140803164828,11.0,-0.06264902317725711,-0.0002752367855999937,-0.0011820997547152931
2.0,22.0,23.0,3.0001140803164827,0.8126140803164827,11.0,-0.06262144878739004,-0.0002752367855999937,-0.0012277477319208136
2.0,23.0,23.0,3.0,0.16501734212023322,11.0,-0.06259399746542897,-0.00027524162141109724,-0.0013602164715950274
2.0,24.0,23.0,3.0080429610882238,0.11205835642090678,11.0,-0.06259175255886688,-0.0002749006840633149,-0.0013318781618139473
2.0,25.0,23.0,3.0310574713394014,0.06689246190843257,11.0,-0.06258983799778467,-0.000273925109769286,-0.0012229533808179812
2.0,26.0,23.0,3.0668924619084326,0.0310574713394014,11.0,-0.06258831896934372,-0.00027240608132834287,-0.0010455703101793833
2.0,27.0,23.0,3.112058356420907,0.008042961088223777,11.0,-0.06258734339504969,-0.00027049152024612573,-0.0008185181952725471
2.0,28.0,23.0,3.1650173421202332,0.0,11.0,-0.0625870024577019,-0.00026824661368403787,-0.0005512460533565437
2.0,29.0,23.0,3.8126140803164827,0.0001140803164827453,11.0,-0.06258700729351302,-0.00024079529172297594,0.0026845593815170874
2.0,30.0,23.0,4.463114080316483,0.0001140803164827453,11.0,-0.06258700729351302,-0.0002132209018558989,0.0059043848701215654
2.0,31.0,23.0,5.1136140803164825,0.0001140803164827453,11.0,-0.06258700729351302,-0.00018564651198882195,0.009139924879712963
2.0,32.0,23.0,5.761210818512732,0.0,11.0,-0.0625870024577019,-0.00015819519002776005,0.012421511919199848
2.0,33.0,23.0,5.814169804212058,0.008042961088223777,11.0,-0.06258734339504969,-0.00015595028346567213,0.012693778409242218
2.0,34.0,23.0,5.859335698724533,0.0310574713394014,11.0,-0.06258831896934372,-0.00015403572238345504,0.012925445914455602
2.0,35.0,23.0,5.895170689293565,0.06689246190843257,11.0,-0.06258983799778467,-0.00015251669394251185,0.013107313526834459
2.0,36.0,23.0,5.918185199544742,0.11205835642090678,11.0,-0.06259175255886688,-0.000151541119648483,0.013220748699411063
2.0,37.0,23.0,5.926228160632966,0.16501734212023322,11.0,-0.06259399746542897,-0.00015120018230070067,0.013253779328797404
2.0,38.0,23.0,5.9261140803164825,0.29986408031648293,11.0,-0.06259971355540796,-0.0001512050181118042,0.013231047030815924
2.0,39.0,23.0,5.9261140803164825,0.43761408031648275,11.0,-0.06260555271329295,-0.0001512050181118042,0.013213865145351519
2.0,40.0,23.0,5.9261140803164825,0.5753640803164828,11.0,-0.06261139187117794,-0.0001512050181118042,0.01320231703557815
2.0,41.0,23.0,5.9261140803164825,0.7131140803164828,11.0,-0.06261723102906294,-0.0001512050181118042,0.013196157513851989
1.0,1.0,24.0,2.926114080316483,2.213114080316483,11.5,-0.0653477062157911,-0.0002780173403861402,0.003468542029560748
1.0,2.0,24.0,2.926114080316483,2.350864080316483,11.5,-0.06535410470365807,-0.0002780173403861402,0.0034713094945180113
1.0,3.0,24.0,2.926114080316483,2.488614080316483,11.5,-0.06536050319152505,-0.0002780173403861402,0.003479632414516441
1.0,4.0,24.0,2.926114080316483,2.626364080316483,11.5,-0.06536690167939202,-0.0002780173403861402,0.003493775821180958
1.0,5.0,24.0,2.9262281606329656,2.7612108185127324,11.5,-0.06537316531074049,-0.0002780120413551357,0.003513678356248564
1.0,6.0,24.0,2.918185199544742,2.8141698042120584,11.5,-0.0653756252557673,-0.0002783856369191107,0.003480316171430446
1.0,7.0,24.0,2.8951706892935642,2.859335698724533,11.5,-0.06537772321168774,-0.0002794546609815901,0.003368500399766409
1.0,8.0,24.0,2.859335698724533,2.8951706892935642,11.5,-0.06537938774709513,-0.0002811191963889885,0.0031896991107992346
1.0,9.0,24.0,2.814169804212059,2.918185199544742,11.5,-0.06538045677115761,-0.00028321715230941795,0.002962250011925364
1.0,10.0,24.0,2.761210818512732,2.9262281606329656,11.5,-0.06538083036672158,-0.00028567709733623805,0.0026955404870656905
1.0,11.0,24.0,2.113614080316483,2.926114080316483,11.5,-0.06538082506769058,-0.0003157579675506959,-0.000515619636524406
1.0,12.0,24.0,1.4631140803164828,2.926114080316483,11.5,-0.06538082506769058,-0.0003459736942836724,-0.0036796672999210482
1.0,13.0,24.0,0.8126140803164827,2.926114080316483,11.5,-0.06538082506769058,-0.000376189421016649,-0.006828369515954761
1.0,14.0,24.0,0.16501734212023322,2.9262281606329656,11.5,-0.06538083036672158,-0.0004062702912311068,-0.0099942691494296
1.0,15.0,24.0,0.11205835642090678,2.918185199544742,11.5,-0.06538045677115761,-0.0004087302362579269,-0.010256024120052491
1.0,16.0,24.0,0.06689246190843257,2.8951706892935642,11.5,-0.06537938774709513,-0.00041082819217835636,-0.010478668658213085
1.0,17.0,24.0,0.0310574713394014,2.859335698724533,11.5,-0.06537772321168774,-0.0004124927275857547,-0.010652868646073854
1.0,18.0,24.0,0.008042961088223777,2.8141698042120584,11.5,-0.0653756252557673,-0.00041356175164823417,-0.010760131086737106
1.0,19.0,24.0,0.0,2.7612108185127324,11.5,-0.06537316531074049,-0.0004139353472122091,-0.010788499711397578
1.0,20.0,24.0,0.0001140803164827453,2.113614080316483,11.5,-0.06534308444052603,-0.0004139300481812046,-0.010667386311882071
1.0,21.0,24.0,0.0001140803164827453,1.4631140803164828,11.5,-0.06531286871379305,-0.0004139300481812046,-0.010634786017676541
1.0,22.0,24.0,0.0001140803164827453,0.8126140803164827,11.5,-0.06528265298706007,-0.0004139300481812046,-0.010693811910946144
1.0,23.0,24.0,0.0,0.16501734212023322,11.5,-0.06525257211684561,-0.0004139353472122091,-0.010841210069275103
1.0,24.0,24.0,0.008042961088223777,0.11205835642090678,11.5,-0.0652501121718188,-0.00041356175164823417,-0.010815158120037329
1.0,25.0,24.0,0.0310574713394014,0.06689246190843257,11.5,-0.06524801421589836,-0.0004124927275857547,-0.010710210646882658
1.0,26.0,24.0,0.06689246190843257,0.0310574713394014,11.5,-0.06524634968049096,-0.00041082819217835636,-0.0105382106795644
1.0,27.0,24.0,0.11205835642090678,0.008042961088223777,11.5,-0.06524528065642848,-0.0004087302362579269,-0.010317429694849068
1.0,28.0,24.0,0.16501734212023322,0.0,11.5,-0.06524490706086451,-0.0004062702912311068,-0.010057075982034655
1.0,29.0,24.0,0.8126140803164827,0.0001140803164827453,11.5,-0.06524491235989552,-0.000376189421016649,-0.006904279744526699
1.0,30.0,24.0,1.4631140803164828,0.0001140803164827453,11.5,-0.06524491235989552,-0.0003459736942836724,-0.003768950260233985
1.0,31.0,24.0,2.113614080316483,0.0001140803164827453,11.5,-0.06524491235989552,-0.0003157579675506959,-0.000618662163203904
1.0,32.0,24.0,2.7612108185127324,0.0,11.5,-0.06524490706086451,-0.000285677097336238,0.002578314492423554
1.0,33.0,24.0,2.814169804212059,0.008042961088223777,11.5,-0.06524528065642848,-0.00028321715230941795,0.0028438264526429555
1.0,34.0,24.0,2.859335698724533,0.0310574713394014,11.5,-0.06524634968049096,-0.0002811191963889885,0.0030701803691062807
1.0,35.0,24.0,2.8951706892935642,0.06689246190843257,11.5,-0.06524801421589836,-0.0002794546609815901,0.003248179430120263
1.0,36.0,24.0,2.918185199544742,0.11205835642090678,11.5,-0.0652501121718188,-0.0002783856369191107,0.0033594690611672686
1.0,37.0,24.0,2.9262281606329656,0.16501734212023322,11.5,-0.06525257211684561,-0.0002780120413551357,0.0033924083891552
1.0,38.0,24.0,2.926114080316483,0.29986408031648293,11.5,-0.06525883574819408,-0.0002780173403861402,0.0033722113994298134
1.0,39.0,24.0,2.926114080316483,0.43761408031648275,11.5,-0.06526523423606105,-0.0002780173403861402,0.003357661841014009
1.0,40.0,24.0,2.926114080316483,0.5753640803164828,11.5,-0.06527163272392802,-0.0002780173403861402,0.0033488912797590897
1.0,41.0,24.0,2.926114080316483,0.7131140803164828,11.5,-0.065278031211795,-0.0002780173403861402,0.00334563989764815
2.0,1.0,24.0,5.9261140803164825,2.213114080316483,11.5,-0.0653477062157911,-0.00013866733239393478,0.012887160569068197
2.0,2.0,24.0,5.9261140803164825,2.350864080316483,11.5,-0.06535410470365807,-0.00013866733239393478,0.012886382001657298
2.0,3.0,24.0,5.9261140803164825,2.488614080316483,11.5,-0.06536050319152505,-0.00013866733239393478,0.012890929979956845
2.0,4.0,24.0,5.9261140803164825,2.626364080316483,11.5,-0.06536690167939202,-0.00013866733239393478,0.012901036297179121
2.0,5.0,24.0,5.926228160632966,2.7612108185127324,11.5,-0.06537316531074049,-0.00013866203336293024,0.012916749527984385
2.0,6.0,24.0,5.918185199544742,2.8141698042120584,11.5,-0.0653756252557673,-0.00013903562892690524,0.012881775734661918
2.0,7.0,24.0,5.895170689293565,2.859335698724533,11.5,-0.06537772321168774,-0.00014010465298938462,0.012768316378751296
2.0,8.0,24.0,5.859335698724533,2.8951706892935642,11.5,-0.06537938774709513,-0.00014176918839678304,0.0125881795356127
2.0,9.0,24.0,5.814169804212058,2.918185199544742,11.5,-0.06538045677115761,-0.00014386714431721247,0.012359805540251751
2.0,10.0,24.0,5.7612108185127315,2.9262281606329656,11.5,-0.06538083036672158,-0.00014632708934403258,0.012092312601491987
2.0,11.0,24.0,5.1136140803164825,2.926114080316483,11.5,-0.06538082506769058,-0.00017640795955849043,0.008872680070771166
2.0,12.0,24.0,4.463114080316483,2.926114080316483,11.5,-0.06538082506769058,-0.00020662368629146692,0.005697881495983711
2.0,13.0,24.0,3.8126140803164827,2.926114080316483,11.5,-0.06538082506769058,-0.0002368394130244435,0.0025380466731847753
2.0,14.0,24.0,3.1650173421202332,2.9262281606329656,11.5,-0.06538083036672158,-0.0002669202832389014,-0.0006379121560137705
2.0,15.0,24.0,3.112058356420907,2.918185199544742,11.5,-0.06538045677115761,-0.00026938022826572143,-0.000900220541267703
2.0,16.0,24.0,3.0668924619084326,2.8951706892935642,11.5,-0.06537938774709513,-0.0002714781841861509,-0.0011230405565580829
2.0,17.0,24.0,3.0310574713394014,2.859335698724533,11.5,-0.06537772321168774,-0.0002731427195935493,-0.0012970062545470877
2.0,18.0,24.0,3.0080429610882238,2.8141698042120584,11.5,-0.0653756252557673,-0.0002742117436560287,-0.0014037444931176274
2.0,19.0,24.0,3.0,2.7612108185127324,11.5,-0.06537316531074049,-0.0002745853392200037,-0.0014315624684542463
2.0,20.0,24.0,3.0001140803164827,2.113614080316483,11.5,-0.06534308444052603,-0.00027458004018899917,-0.0013014167677507383
2.0,21.0,24.0,3.0001140803164827,1.4631140803164828,11.5,-0.06531286871379305,-0.00027458004018899917,-0.001256880682880124
2.0,22.0,24.0,3.0001140803164827,0.8126140803164827,11.5,-0.06528265298706007,-0.00027458004018899917,-0.0013005836759779816
2.0,23.0,24.0,3.0,0.16501734212023322,11.5,-0.06525257211684561,-0.0002745853392200037,-0.001429419990470584
2.0,24.0,24.0,3.0080429610882238,0.11205835642090678,11.5,-0.0652501121718188,-0.0002742117436560287,-0.0014017017033813228
2.0,25.0,24.0,3.0310574713394014,0.06689246190843257,11.5,-0.06524801421589836,-0.0002731427195935493,-0.0012952683876615821
2.0,26.0,24.0,3.0668924619084326,0.0310574713394014,11.5,-0.06524634968049096,-0.0002714781841861509,-0.0011219999103210796
2.0,27.0,24.0,3.112058356420907,0.008042961088223777,11.5,-0.06524528065642848,-0.00026938022826572143,-0.0009002511040500637
2.0,28.0,24.0,3.1650173421202332,0.0,11.5,-0.06524490706086451,-0.0002669202832389014,-0.0006392441717798348
2.0,29.0,24.0,3.8126140803164827,0.0001140803164827453,11.5,-0.06524491235989552,-0.0002368394130244435,0.002520526568654781
2.0,30.0,24.0,4.463114080316483,0.0001140803164827453,11.5,-0.06524491235989552,-0.00020662368629146692,0.005664867967238793
2.0,31.0,24.0,5.1136140803164825,0.0001140803164827453,11.5,-0.06524491235989552,-0.00017640795955849043,0.00882468899958824
2.0,32.0,24.0,5.761210818512732,0.0,11.5,-0.06524490706086451,-0.00014632708934403258,0.012029617435556363
2.0,33.0,24.0,5.814169804212058,0.008042961088223777,11.5,-0.06524528065642848,-0.00014386714431721247,0.012295503330966089
2.0,34.0,24.0,5.859335698724533,0.0310574713394014,11.5,-0.06524634968049096,-0.00014176918839678304,0.012521683030783172
2.0,35.0,24.0,5.895170689293565,0.06689246190843257,11.5,-0.06524801421589836,-0.00014010465298938462,0.012699175563779409
2.0,36.0,24.0,5.918185199544742,0.11205835642090678,11.5,-0.0652501121718188,-0.00013903562892690524,0.012809792216995571
2.0,37.0,24.0,5.926228160632966,0.16501734212023322,11.5,-0.06525257211684561,-0.00013866203336293024,0.012841843473612766
2.0,38.0,24.0,5.9261140803164825,0.29986408031648293,11.5,-0.06525883574819408,-0.00013866733239393478,0.01281910819890837
2.0,39.0,24.0,5.9261140803164825,0.43761408031648275,11.5,-0.06526523423606105,-0.00013866733239393478,0.012801793983454919
2.0,40.0,24.0,5.9261140803164825,0.5753640803164828,11.5,-0.06527163272392802,-0.00013866733239393478,0.012789994266748895
2.0,41.0,24.0,5.9261140803164825,0.7131140803164828,11.5,-0.065278031211795,-0.00013866733239393478,0.01278346765743898
1.0,1.0,25.0,2.926114080316483,2.213114080316483,12.0,-0.0679481782682602,-0.0002765080419011015,0.0034671594864941584
1.0,2.0,25.0,2.926114080316483,2.350864080316483,12.0,-0.06795515247496822,-0.0002765080419011015,0.0034695165690061037
1.0,3.0,25.0,2.926114080316483,2.488614080316483,12.0,-0.06796212668167624,-0.0002765080419011015,0.0034772844591280136
1.0,4.0,25.0,2.926114080316483,2.626364080316483,12.0,-0.06796910088838426,-0.0002765080419011015,0.0034906800036556265
1.0,5.0,25.0,2.9262281606329656,2.7612108185127324,12.0,-0.06797592810454457,-0.0002765022660774465,0.0035096593756802894
1.0,6.0,25.0,2.918185199544742,2.8141698042120584,12.0,-0.06797860938885175,-0.0002769094767719935,0.0034771893621485996
1.0,7.0,25.0,2.8951706892935642,2.859335698724533,12.0,-0.06798089611324001,-0.000278074688763105,0.0033680384039532036
1.0,8.0,25.0,2.859335698724533,2.8951706892935642,12.0,-0.06798271041909562,-0.00027988899461870164,0.0031938855982422843
1.0,9.0,25.0,2.814169804212059,2.918185199544742,12.0,-0.06798387563108672,-0.0002821757190069608,0.0029726078595437295
1.0,10.0,25.0,2.761210818512732,2.9262281606329656,12.0,-0.06798428284178128,-0.00028485700331414254,0.0027128905924265704
1.0,11.0,25.0,2.113614080316483,2.926114080316483,12.0,-0.06798427706595762,-0.0003176444698522287,-0.00041293360936091035
1.0,12.0,25.0,1.4631140803164828,2.926114080316483,12.0,-0.06798427706595762,-0.00035057892693802345,-0.0034928635511567727
1.0,13.0,25.0,0.8126140803164827,2.926114080316483,12.0,-0.06798427706595762,-0.00038351338402381826,-0.006557607960815603
1.0,14.0,25.0,0.16501734212023322,2.9262281606329656,12.0,-0.06798428284178128,-0.0004163008505619044,-0.00963881552319881
1.0,15.0,25.0,0.11205835642090678,2.918185199544742,12.0,-0.06798387563108672,-0.0004189821348690861,-0.009893550530708726
1.0,16.0,25.0,0.06689246190843257,2.8951706892935642,12.0,-0.06798271041909562,-0.0004212688592573453,-0.010110204180214714
1.0,17.0,25.0,0.0310574713394014,2.859335698724533,12.0,-0.06798089611324001,-0.00042308316511294197,-0.01027969459267202
1.0,18.0,25.0,0.008042961088223777,2.8141698042120584,12.0,-0.06797860938885175,-0.0004242483771040534,-0.010384027679646649
1.0,19.0,25.0,0.0,2.7612108185127324,12.0,-0.06797592810454457,-0.0004246555877986004,-0.010411567901150724
1.0,20.0,25.0,0.0001140803164827453,2.113614080316483,12.0,-0.0679431406380065,-0.0004246498119749455,-0.010292853642942358
1.0,21.0,25.0,0.0001140803164827453,1.4631140803164828,12.0,-0.0679102061809207,-0.0004246498119749455,-0.010260405567715826
1.0,22.0,25.0,0.0001140803164827453,0.8126140803164827,12.0,-0.0678772717238349,-0.0004246498119749455,-0.010317309266784402
1.0,23.0,25.0,0.0,0.16501734212023322,12.0,-0.06784448425729682,-0.0004246555877986004,-0.010460288005257405
1.0,24.0,25.0,0.008042961088223777,0.11205835642090678,12.0,-0.06784180297298964,-0.0004242483771040534,-0.01043489929070668
1.0,25.0,25.0,0.0310574713394014,0.06689246190843257,12.0,-0.06783951624860138,-0.00042308316511294197,-0.010332748878823687
1.0,26.0,25.0,0.06689246190843257,0.0310574713394014,12.0,-0.06783770194274577,-0.0004212688592573453,-0.010165363443879928
1.0,27.0,25.0,0.11205835642090678,0.008042961088223777,12.0,-0.06783653673075467,-0.0004189821348690861,-0.009950525119308877
1.0,28.0,25.0,0.16501734212023322,0.0,12.0,-0.06783612952006011,-0.0004163008505619044,-0.00969719577410713
1.0,29.0,25.0,0.8126140803164827,0.0001140803164827453,12.0,-0.06783613529588377,-0.00038351338402381826,-0.0066294031377800286
1.0,30.0,25.0,1.4631140803164828,0.0001140803164827453,12.0,-0.06783613529588377,-0.00035057892693802345,-0.00357825471676517
1.0,31.0,25.0,2.113614080316483,0.0001140803164827453,12.0,-0.06783613529588377,-0.0003176444698522287,-0.0005122561333567025
1.0,32.0,25.0,2.7612108185127324,0.0,12.0,-0.06783612952006011,-0.0002848570033141425,0.002599195415204813
1.0,33.0,25.0,2.814169804212059,0.008042961088223777,12.0,-0.06783653673075467,-0.0002821757190069608,0.0028576695255441535
1.0,34.0,25.0,2.859335698724533,0.0310574713394014,12.0,-0.06783770194274577,-0.00027988899461870164,0.0030778224778668815
1.0,35.0,25.0,2.8951706892935642,0.06689246190843257,12.0,-0.06783951624860138,-0.000278074688763105,0.003250907100334165
1.0,36.0,25.0,2.918185199544742,0.11205835642090678,12.0,-0.06784180297298964,-0.0002769094767719935,0.0033592064591512617
1.0,37.0,25.0,2.9262281606329656,0.16501734212023322,12.0,-0.06784448425729682,-0.0002765022660774465,0.003391226790651497
1.0,38.0,25.0,2.926114080316483,0.29986408031648293,12.0,-0.06785131147345713,-0.0002765080419011015,0.003371293454313235
1.0,39.0,25.0,2.926114080316483,0.43761408031648275,12.0,-0.06785828568016515,-0.0002765080419011015,0.003356910409700556
1.0,40.0,25.0,2.926114080316483,0.5753640803164828,12.0,-0.06786525988687317,-0.0002765080419011015,0.0033480974851433673
1.0,41.0,25.0,2.926114080316483,0.7131140803164828,12.0,-0.06787223409358119,-0.0002765080419011015,0.0033446279110814574
2.0,1.0,25.0,5.9261140803164825,2.213114080316483,12.0,-0.0679481782682602,-0.00012461969254309323,0.012450137109770665
2.0,2.0,25.0,5.9261140803164825,2.350864080316483,12.0,-0.06795515247496822,-0.00012461969254309323,0.012448886241319453
2.0,3.0,25.0,5.9261140803164825,2.488614080316483,12.0,-0.06796212668167624,-0.00012461969254309323,0.012452832004008001
2.0,4.0,25.0,5.9261140803164825,2.626364080316483,12.0,-0.06796910088838426,-0.00012461969254309323,0.01246219947000435
2.0,5.0,25.0,5.926228160632966,2.7612108185127324,12.0,-0.06797592810454457,-0.00012461391671943832,0.01247704305535833
2.0,6.0,25.0,5.918185199544742,2.8141698042120584,12.0,-0.06797860938885175,-0.00012502112741398532,0.012442830247436915
2.0,7.0,25.0,5.895170689293565,2.859335698724533,12.0,-0.06798089611324001,-0.0001261863394050967,0.012332259814486633
2.0,8.0,25.0,5.859335698724533,2.8951706892935642,12.0,-0.06798271041909562,-0.00012800064526069342,0.012156830147180525
2.0,9.0,25.0,5.814169804212058,2.918185199544742,12.0,-0.06798387563108672,-0.0001302873696489526,0.011934499414571875
2.0,10.0,25.0,5.7612108185127315,2.9262281606329656,12.0,-0.06798428284178128,-0.0001329686539561343,0.0116741512445054
2.0,11.0,25.0,5.1136140803164825,2.926114080316483,12.0,-0.06798427706595762,-0.00016575612049422045,0.008540902644313213
2.0,12.0,25.0,4.463114080316483,2.926114080316483,12.0,-0.06798427706595762,-0.0001986905775800152,0.005451313922337775
2.0,13.0,25.0,3.8126140803164827,2.926114080316483,12.0,-0.06798427706595762,-0.00023162503466581005,0.0023762865733901457
2.0,14.0,25.0,3.1650173421202332,2.9262281606329656,12.0,-0.06798428284178128,-0.0002644125012038962,-0.0007144728416824627
2.0,15.0,25.0,3.112058356420907,2.918185199544742,12.0,-0.06798387563108672,-0.0002670937855110779,-0.0009697324326623799
2.0,16.0,25.0,3.0668924619084326,2.8951706892935642,12.0,-0.06798271041909562,-0.0002693805098993371,-0.0011864400444258063
2.0,17.0,25.0,3.0310574713394014,2.859335698724533,12.0,-0.06798089611324001,-0.00027119481575493376,-0.001355698163780673
2.0,18.0,25.0,3.0080429610882238,2.8141698042120584,12.0,-0.06797860938885175,-0.0002723600277460452,-0.0014595806700326024
2.0,19.0,25.0,3.0,2.7612108185127324,12.0,-0.06797592810454457,-0.0002727672384405922,-0.0014864050085277847
2.0,20.0,25.0,3.0001140803164827,2.113614080316483,12.0,-0.0679431406380065,-0.00027276146261693727,-0.0013581491597689456
2.0,21.0,25.0,3.0001140803164827,1.4631140803164828,12.0,-0.0679102061809207,-0.00027276146261693727,-0.0013134953039141792
2.0,22.0,25.0,3.0001140803164827,0.8126140803164827,12.0,-0.0678772717238349,-0.00027276146261693727,-0.0013550605819985348
2.0,23.0,25.0,3.0,0.16501734212023322,12.0,-0.06784448425729682,-0.0002727672384405922,-0.001479662333006121
2.0,24.0,25.0,3.0080429610882238,0.11205835642090678,12.0,-0.06784180297298964,-0.0002723600277460452,-0.0014526285084534624
2.0,25.0,25.0,3.0310574713394014,0.06689246190843257,12.0,-0.06783951624860138,-0.00027119481575493376,-0.0013490248214567337
2.0,26.0,25.0,3.0668924619084326,0.0310574713394014,12.0,-0.06783770194274577,-0.0002693805098993371,-0.001180403468903974
2.0,27.0,25.0,3.112058356420907,0.008042961088223777,12.0,-0.06783653673075467,-0.0002670937855110779,-0.0009646366523890239
2.0,28.0,25.0,3.1650173421202332,0.0,12.0,-0.06783612952006011,-0.0002644125012038962,-0.0007107157580248022
2.0,29.0,25.0,3.8126140803164827,0.0001140803164827453,12.0,-0.06783613529588377,-0.00023162503466581005,0.0023631531209393503
2.0,30.0,25.0,4.463114080316483,0.0001140803164827453,12.0,-0.06783613529588377,-0.0001986905775800152,0.005422156718405117
2.0,31.0,25.0,5.1136140803164825,0.0001140803164827453,12.0,-0.06783613529588377,-0.00016575612049422045,0.008496349601928124
2.0,32.0,25.0,5.761210818512732,0.0,12.0,-0.06783612952006011,-0.0001329686539561343,0.011614551961113223
2.0,33.0,25.0,5.814169804212058,0.008042961088223777,12.0,-0.06783653673075467,-0.0001302873696489526,0.011873220963693443
2.0,34.0,25.0,5.859335698724533,0.0310574713394014,12.0,-0.06783770194274577,-0.00012800064526069342,0.012093203490839043
2.0,35.0,25.0,5.895170689293565,0.06689246190843257,12.0,-0.06783951624860138,-0.0001261863394050967,0.012265766579312921
2.0,36.0,25.0,5.918185199544742,0.11205835642090678,12.0,-0.06784180297298964,-0.00012502112741398532,0.012373225540414376
2.0,37.0,25.0,5.926228160632966,0.16501734212023322,12.0,-0.06784448425729682,-0.00012461391671943832,0.012404210842623088
2.0,38.0,25.0,5.9261140803164825,0.29986408031648293,12.0,-0.06785131147345713,-0.00012461969254309323,0.012381579244374524
2.0,39.0,25.0,5.9261140803164825,0.43761408031648275,12.0,-0.06785828568016515,-0.00012461969254309323,0.012364217866207238
2.0,40.0,25.0,5.9261140803164825,0.5753640803164828,12.0,-0.06786525988687317,-0.00012461969254309323,0.012352227852773446
2.0,41.0,25.0,5.9261140803164825,0.7131140803164828,12.0,-0.06787223409358119,-0.00012461969254309323,0.012345373610776719
1.0,1.0,26.0,2.926114080316483,2.213114080316483,12.5,-0.07047392276818701,-0.00027390127846287776,0.0034396654693649373
1.0,2.0,26.0,2.926114080316483,2.350864080316483,12.5,-0.070481486770934,-0.00027390127846287776,0.00344164090854672
1.0,3.0,26.0,2.926114080316483,2.488614080316483,12.5,-0.07048905077368098,-0.00027390127846287776,0.0034488401658190606
1.0,4.0,26.0,2.926114080316483,2.626364080316483,12.5,-0.07049661477642798,-0.00027390127846287776,0.003461498899115163
1.0,5.0,26.0,2.9262281606329656,2.7612108185127324,12.5,-0.07050401935790267,-0.0002738950141882698,0.003479576314500771
1.0,6.0,26.0,2.918185199544742,2.8141698042120584,12.5,-0.07050692739357096,-0.00027433666195426074,0.003447872159619121
1.0,7.0,26.0,2.8951706892935642,2.859335698724533,12.5,-0.07050940750210209,-0.00027560041381459124,0.0033420814808824274
1.0,8.0,26.0,2.859335698724533,2.8951706892935642,12.5,-0.07051137524052026,-0.00027756815223275815,0.003173189575970286
1.0,9.0,26.0,2.814169804212059,2.918185199544742,12.5,-0.07051263899238058,-0.0002800482607638841,0.0029585168678903533
1.0,10.0,26.0,2.761210818512732,2.9262281606329656,12.5,-0.07051308064014658,-0.000282956296432178,0.0027067830686844283
1.0,11.0,26.0,2.113614080316483,2.926114080316483,12.5,-0.07051307437587197,-0.0003185165396747037,-0.0003234496193076544
1.0,12.0,26.0,1.4631140803164828,2.926114080316483,12.5,-0.07051307437587197,-0.0003542362041895256,-0.0033091660342760318
1.0,13.0,26.0,0.8126140803164827,2.926114080316483,12.5,-0.07051307437587197,-0.00038995586870434743,-0.006280016947208199
1.0,14.0,26.0,0.16501734212023322,2.9262281606329656,12.5,-0.07051308064014658,-0.00042551611194687313,-0.009266673449789936
1.0,15.0,26.0,0.11205835642090678,2.918185199544742,12.5,-0.07051263899238058,-0.00042842414761516705,-0.009513578346543915
1.0,16.0,26.0,0.06689246190843257,2.8951706892935642,12.5,-0.07051137524052026,-0.000430904256146293,-0.009723554871591444
1.0,17.0,26.0,0.0310574713394014,2.859335698724533,12.5,-0.07050940750210209,-0.0004328719945644599,-0.009887801882516027
1.0,18.0,26.0,0.008042961088223777,2.8141698042120584,12.5,-0.07050692739357096,-0.00043413574642479046,-0.00998888066398059
1.0,19.0,26.0,0.0,2.7612108185127324,12.5,-0.07050401935790267,-0.00043457739419078137,-0.010015514038731983
1.0,20.0,26.0,0.0001140803164827453,2.113614080316483,12.5,-0.07046845911466014,-0.0004345711299161734,-0.009899703043458748
1.0,21.0,26.0,0.0001140803164827453,1.4631140803164828,12.5,-0.07043273945014532,-0.0004345711299161734,-0.009867594683628623
1.0,22.0,26.0,0.0001140803164827453,0.8126140803164827,12.5,-0.0703970197856305,-0.0004345711299161734,-0.009922205589013088
1.0,23.0,26.0,0.0,0.16501734212023322,12.5,-0.07036145954238797,-0.00043457739419078137,-0.010060282088648464
1.0,24.0,26.0,0.008042961088223777,0.11205835642090678,12.5,-0.07035855150671967,-0.00043413574642479046,-0.010035636350093512
1.0,25.0,26.0,0.0310574713394014,0.06689246190843257,12.5,-0.07035607139818854,-0.0004328719945644599,-0.009936607657210411
1.0,26.0,26.0,0.06689246190843257,0.0310574713394014,12.5,-0.07035410365977038,-0.000430904256146293,-0.009774368772648947
1.0,27.0,26.0,0.11205835642090678,0.008042961088223777,12.5,-0.07035283990791005,-0.00042842414761516705,-0.009566155943625684
1.0,28.0,26.0,0.16501734212023322,0.0,12.5,-0.07035239826014406,-0.00042551611194687313,-0.009320656241804165
1.0,29.0,26.0,0.8126140803164827,0.0001140803164827453,12.5,-0.07035240452441867,-0.00038995586870434743,-0.006347670992628561
1.0,30.0,26.0,1.4631140803164828,0.0001140803164827453,12.5,-0.07035240452441867,-0.0003542362041895256,-0.0033905925896817093
1.0,31.0,26.0,2.113614080316483,0.0001140803164827453,12.5,-0.07035240452441867,-0.0003185165396747037,-0.00041894581964941675
1.0,32.0,26.0,2.7612108185127324,0.0,12.5,-0.07035239826014406,-0.000282956296432178,0.0025967768076260553
1.0,33.0,26.0,2.814169804212059,0.008042961088223777,12.5,-0.07035283990791005,-0.0002800482607638841,0.0028472181520041856
1.0,34.0,26.0,2.859335698724533,0.0310574713394014,12.5,-0.07035410365977038,-0.00027756815223275815,0.0030605972057551234
1.0,35.0,26.0,2.8951706892935642,0.06689246190843257,12.5,-0.07035607139818854,-0.00027560041381459124,0.003228328098620961
1.0,36.0,26.0,2.918185199544742,0.11205835642090678,12.5,-0.07035855150671967,-0.00027433666195426074,0.00333315674478349
1.0,37.0,26.0,2.9262281606329656,0.16501734212023322,12.5,-0.07036145954238797,-0.0002738950141882698,0.0033640656497015468
1.0,38.0,26.0,2.926114080316483,0.29986408031648293,12.5,-0.07036886412386266,-0.00027390127846287776,0.00334453956557128
1.0,39.0,26.0,2.926114080316483,0.43761408031648275,12.5,-0.07037642812660966,-0.00027390127846287776,0.0033303208087324824
1.0,40.0,26.0,2.926114080316483,0.5753640803164828,12.5,-0.07038399212935664,-0.00027390127846287776,0.0033214989402953936
1.0,41.0,26.0,2.926114080316483,0.7131140803164828,12.5,-0.07039155613210363,-0.00027390127846287776,0.0033178369158695232
2.0,1.0,26.0,5.9261140803164825,2.213114080316483,12.5,-0.07047392276818701,-0.00010916800629613585,0.011988015538012686
2.0,2.0,26.0,5.9261140803164825,2.350864080316483,12.5,-0.070481486770934,-0.00010916800629613585,0.011986312667742544
2.0,3.0,26.0,5.9261140803164825,2.488614080316483,12.5,-0.07048905077368098,-0.00010916800629613585,0.011989656119797423
2.0,4.0,26.0,5.9261140803164825,2.626364080316483,12.5,-0.07049661477642798,-0.00010916800629613585,0.011998262470794782
2.0,5.0,26.0,5.926228160632966,2.7612108185127324,12.5,-0.07050401935790267,-0.00010916174202152787,0.012012192480604577
2.0,6.0,26.0,5.918185199544742,2.8141698042120584,12.5,-0.07050692739357096,-0.00010960338978751883,0.01197885107218221
2.0,7.0,26.0,5.895170689293565,2.859335698724533,12.5,-0.07050940750210209,-0.00011086714164784926,0.011871522056218099
2.0,8.0,26.0,5.859335698724533,2.8951706892935642,12.5,-0.07051137524052026,-0.00011283488006601628,0.011701356672226403
2.0,9.0,26.0,5.814169804212058,2.918185199544742,12.5,-0.07051263899238058,-0.00011531498859714218,0.011485775143003148
2.0,10.0,26.0,5.7612108185127315,2.9262281606329656,12.5,-0.07051308064014658,-0.00011822302426543612,0.011233396362219258
2.0,11.0,26.0,5.1136140803164825,2.926114080316483,12.5,-0.07051307437587197,-0.00015378326750796177,0.00819640993390612
2.0,12.0,26.0,4.463114080316483,2.926114080316483,12.5,-0.07051307437587197,-0.0001895029320227836,0.005201745551469424
2.0,13.0,26.0,3.8126140803164827,2.926114080316483,12.5,-0.07051307437587197,-0.00022522259653760555,0.0022211713921241627
2.0,14.0,26.0,3.1650173421202332,2.9262281606329656,12.5,-0.07051308064014658,-0.0002607828397801312,-0.0007746963169380333
2.0,15.0,26.0,3.112058356420907,2.918185199544742,12.5,-0.07051263899238058,-0.00026369087544842514,-0.0010220980401404905
2.0,16.0,26.0,3.0668924619084326,2.8951706892935642,12.5,-0.07051137524052026,-0.0002661709839795511,-0.0012321561094631923
2.0,17.0,26.0,3.0310574713394014,2.859335698724533,12.5,-0.07050940750210209,-0.000268138722397718,-0.0013961087863392364
2.0,18.0,26.0,3.0080429610882238,2.8141698042120584,12.5,-0.07050692739357096,-0.00026940247425804854,-0.0014966227463921113
2.0,19.0,26.0,3.0,2.7612108185127324,12.5,-0.07050401935790267,-0.00026984412202403946,-0.0015225673887340355
2.0,20.0,26.0,3.0001140803164827,2.113614080316483,12.5,-0.07046845911466014,-0.00026983785774943147,-0.0013968380326016695
2.0,21.0,26.0,3.0001140803164827,1.4631140803164828,12.5,-0.07043273945014532,-0.00026983785774943147,-0.001352348585552122
2.0,22.0,26.0,3.0001140803164827,0.8126140803164827,12.5,-0.0703970197856305,-0.00026983785774943147,-0.0013916255167991853
2.0,23.0,26.0,3.0,0.16501734212023322,12.5,-0.07036145954238797,-0.00026984412202403946,-0.0015114742434232963
2.0,24.0,26.0,3.0080429610882238,0.11205835642090678,12.5,-0.07035855150671967,-0.00026940247425804854,-0.0014852031437239384
2.0,25.0,26.0,3.0310574713394014,0.06689246190843257,12.5,-0.07035607139818854,-0.000268138722397718,-0.001384738757169503
2.0,26.0,26.0,3.0668924619084326,0.0310574713394014,12.5,-0.07035410365977038,-0.0002661709839795511,-0.0012212916316343683
2.0,27.0,26.0,3.112058356420907,0.008042961088223777,12.5,-0.07035283990791005,-0.00026369087544842514,-0.0010121874435910275
2.0,28.0,26.0,3.1650173421202332,0.0,12.5,-0.07035239826014406,-0.0002607828397801312,-0.000766141467051346
2.0,29.0,26.0,3.8126140803164827,0.0001140803164827453,12.5,-0.07035240452441867,-0.00022522259653760555,0.002212223434595081
2.0,30.0,26.0,4.463114080316483,0.0001140803164827453,12.5,-0.07035240452441867,-0.0001895029320227836,0.005176313709524711
2.0,31.0,26.0,5.1136140803164825,0.0001140803164827453,12.5,-0.07035240452441867,-0.00015378326750796177,0.008155237899738786
2.0,32.0,26.0,5.761210818512732,0.0,12.5,-0.07035239826014406,-0.00011822302426543612,0.011176905754190442
2.0,33.0,26.0,5.814169804212058,0.008042961088223777,12.5,-0.07035283990791005,-0.00011531498859714218,0.011427542751191542
2.0,34.0,26.0,5.859335698724533,0.0310574713394014,12.5,-0.07035410365977038,-0.00011283488006601628,0.01164063748316459
2.0,35.0,26.0,5.895170689293565,0.06689246190843257,12.5,-0.07035607139818854,-0.00011086714164784926,0.011807733984392187
2.0,36.0,26.0,5.918185199544742,0.11205835642090678,12.5,-0.07035855150671967,-0.00010960338978751883,0.01191170591767488
2.0,37.0,26.0,5.926228160632966,0.16501734212023322,12.5,-0.07036145954238797,-0.00010916174202152787,0.01194154030590376
2.0,38.0,26.0,5.9261140803164825,0.29986408031648293,12.5,-0.07036886412386266,-0.00010916800629613585,0.01191911885804921
2.0,39.0,26.0,5.9261140803164825,0.43761408031648275,12.5,-0.07037642812660966,-0.00010916800629613585,0.0119017964027653
2.0,40.0,26.0,5.9261140803164825,0.5753640803164828,12.5,-0.07038399212935664,-0.00010916800629613585,0.011889680743197156
2.0,41.0,26.0,5.9261140803164825,0.7131140803164828,12.5,-0.07039155613210363,-0.00010916800629613585,0.011882542105721372
1.0,1.0,27.0,2.926114080316483,2.213114080316483,13.0,-0.07291687334031095,-0.0002702656113470028,0.0033869107364952046
1.0,2.0,27.0,2.926114080316483,2.350864080316483,13.0,-0.0729250384873457,-0.0002702656113470028,0.0033885094048843717
1.0,3.0,27.0,2.926114080316483,2.488614080316483,13.0,-0.07293320363438047,-0.0002702656113470028,0.003395158618708972
1.0,4.0,27.0,2.926114080316483,2.626364080316483,13.0,-0.07294136878141523,-0.0002702656113470028,0.003407065882119201
1.0,5.0,27.0,2.9262281606329656,2.7612108185127324,13.0,-0.0729493618372739,-0.0002702588492231708,0.0034242025646805297
1.0,6.0,27.0,2.918185199544742,2.8141698042120584,13.0,-0.07295250098721978,-0.00027073559666331747,0.003393557125067238
1.0,7.0,27.0,2.8951706892935642,2.859335698724533,13.0,-0.07295517820079256,-0.00027209978439568673,0.0032912559017046032
1.0,8.0,27.0,2.859335698724533,2.8951706892935642,13.0,-0.07295730232396487,-0.0002742239075679944,0.003128155031562464
1.0,9.0,27.0,2.814169804212059,2.918185199544742,13.0,-0.07295866651169725,-0.00027690112114077723,0.002920991896996329
1.0,10.0,27.0,2.761210818512732,2.9262281606329656,13.0,-0.07295914325913738,-0.0002800402710866703,0.0026779662199795757
1.0,11.0,27.0,2.113614080316483,2.926114080316483,13.0,-0.07295913649701355,-0.00031842664195130593,-0.00024677135779793555
1.0,12.0,27.0,1.4631140803164828,2.926114080316483,13.0,-0.07295913649701355,-0.0003569851039920434,-0.003128516550054075
1.0,13.0,27.0,0.8126140803164827,2.926114080316483,13.0,-0.07295913649701355,-0.0003955435660327809,-0.005995844962034114
1.0,14.0,27.0,0.16501734212023322,2.9262281606329656,13.0,-0.07295914325913738,-0.0004339299368974166,-0.008878369560663454
1.0,15.0,27.0,0.11205835642090678,2.918185199544742,13.0,-0.07295866651169725,-0.00043706908684330967,-0.009116657057834357
1.0,16.0,27.0,0.06689246190843257,2.8951706892935642,13.0,-0.07295730232396487,-0.0004397463004160924,-0.009319288670906813
1.0,17.0,27.0,0.0310574713394014,2.859335698724533,13.0,-0.07295517820079256,-0.00044187042358840016,-0.009477771856016967
1.0,18.0,27.0,0.008042961088223777,2.8141698042120584,13.0,-0.07295250098721978,-0.0004432346113207694,-0.009575279173344987
1.0,19.0,27.0,0.0,2.7612108185127324,13.0,-0.0729493618372739,-0.00044371135876091606,-0.009600927674268839
1.0,20.0,27.0,0.0001140803164827453,2.113614080316483,13.0,-0.07291097546640925,-0.0004437045966370841,-0.009488483059388111
1.0,21.0,27.0,0.0001140803164827453,1.4631140803164828,13.0,-0.07287241700436851,-0.0004437045966370841,-0.009456889276666977
1.0,22.0,27.0,0.0001140803164827453,0.8126140803164827,13.0,-0.07283385854232778,-0.0004437045966370841,-0.009509061494324664
1.0,23.0,27.0,0.0,0.16501734212023322,13.0,-0.07279547217146314,-0.00044371135876091606,-0.009641806539178769
1.0,24.0,27.0,0.008042961088223777,0.11205835642090678,13.0,-0.07279233302151725,-0.0004432346113207694,-0.009617984149478022
1.0,25.0,27.0,0.0310574713394014,0.06689246190843257,13.0,-0.07278965580794447,-0.00044187042358840016,-0.009522394581550582
1.0,26.0,27.0,0.06689246190843257,0.0310574713394014,13.0,-0.07278753168477216,-0.0004397463004160924,-0.009365820907950765
1.0,27.0,27.0,0.11205835642090678,0.008042961088223777,13.0,-0.07278616749703978,-0.00043706908684330967,-0.009164897939223952
1.0,28.0,27.0,0.16501734212023322,0.0,13.0,-0.07278569074959965,-0.0004339299368974166,-0.008928010114576933
1.0,29.0,27.0,0.8126140803164827,0.0001140803164827453,13.0,-0.07278569751172348,-0.0003955435660327809,-0.006059348957675765
1.0,30.0,27.0,1.4631140803164828,0.0001140803164827453,13.0,-0.07278569751172348,-0.0003569851039920434,-0.003205916205952069
1.0,31.0,27.0,2.113614080316483,0.0001140803164827453,13.0,-0.07278569751172348,-0.00031842664195130593,-0.00033832758083672597
1.0,32.0,27.0,2.7612108185127324,0.0,13.0,-0.07278569074959965,-0.00028004027108667026,0.0025718019523253413
1.0,33.0,27.0,2.814169804212059,0.008042961088223777,13.0,-0.07278616749703978,-0.00027690112114077723,0.002813494196531293
1.0,34.0,27.0,2.859335698724533,0.0310574713394014,13.0,-0.07278753168477216,-0.0002742239075679944,0.003019314857294301
1.0,35.0,27.0,2.8951706892935642,0.06689246190843257,13.0,-0.07278965580794447,-0.00027209978439568673,0.003181061504412511
1.0,36.0,27.0,2.918185199544742,0.11205835642090678,13.0,-0.07279233302151725,-0.00027073559666331747,0.00328216304868654
1.0,37.0,27.0,2.9262281606329656,0.16501734212023322,13.0,-0.07279547217146314,-0.0002702588492231708,0.0033119056115503026
1.0,38.0,27.0,2.926114080316483,0.29986408031648293,13.0,-0.0728034652273218,-0.0002702656113470028,0.0032927738989294722
1.0,39.0,27.0,2.926114080316483,0.43761408031648275,13.0,-0.07281163037435656,-0.0002702656113470028,0.003278785436173884
1.0,40.0,27.0,2.926114080316483,0.5753640803164828,13.0,-0.07281979552139133,-0.0002702656113470028,0.0032699836713780232
1.0,41.0,27.0,2.926114080316483,0.7131140803164828,13.0,-0.07282796066842608,-0.0002702656113470028,0.0032661513200417983
2.0,1.0,27.0,5.9261140803164825,2.213114080316483,13.0,-0.07291687334031095,-9.244026757726803e-5,0.011501514778153905
2.0,2.0,27.0,5.9261140803164825,2.350864080316483,13.0,-0.0729250384873457,-9.244026757726803e-5,0.011499387344742578
2.0,3.0,27.0,5.9261140803164825,2.488614080316483,13.0,-0.07293320363438047,-9.244026757726803e-5,0.011502135435039435
2.0,4.0,27.0,5.9261140803164825,2.626364080316483,13.0,-0.07294136878141523,-9.244026757726803e-5,0.011509967195573387
2.0,5.0,27.0,5.926228160632966,2.7612108185127324,13.0,-0.0729493618372739,-9.243350545343608e-5,0.011522949670942544
2.0,6.0,27.0,5.918185199544742,2.8141698042120584,13.0,-0.07295250098721978,-9.291025289358275e-5,0.011490588913385651
2.0,7.0,27.0,5.895170689293565,2.859335698724533,13.0,-0.07295517820079256,-9.427444062595192e-5,0.011386845926045839
2.0,8.0,27.0,5.859335698724533,2.8951706892935642,13.0,-0.07295730232396487,-9.639856379825971e-5,0.011222488811235167
2.0,9.0,27.0,5.814169804212058,2.918185199544742,13.0,-0.07295866651169725,-9.907577737104247e-5,0.011014342282430646
2.0,10.0,27.0,5.7612108185127315,2.9262281606329656,13.0,-0.07295914325913738,-0.00010221492731693555,0.010770732571847895
2.0,11.0,27.0,5.1136140803164825,2.926114080316483,13.0,-0.07295913649701355,-0.0001406012981815712,0.007839593452990404
2.0,12.0,27.0,4.463114080316483,2.926114080316483,13.0,-0.07295913649701355,-0.00017915976022230863,0.0049492718096002895
2.0,13.0,27.0,3.8126140803164827,2.926114080316483,13.0,-0.07295913649701355,-0.00021771822226304618,0.002072509825929235
2.0,14.0,27.0,3.1650173421202332,2.9262281606329656,13.0,-0.07295914325913738,-0.00025610459312768184,-0.0008190744162556032
2.0,15.0,27.0,3.112058356420907,2.918185199544742,13.0,-0.07295866651169725,-0.0002592437430735749,-0.001057855660693837
2.0,16.0,27.0,3.0668924619084326,2.8951706892935642,13.0,-0.07295730232396487,-0.0002619209566463577,-0.0012605148805311028
2.0,17.0,27.0,3.0310574713394014,2.859335698724533,13.0,-0.07295517820079256,-0.0002640450798186654,-0.001418704371070003
2.0,18.0,27.0,3.0080429610882238,2.8141698042120584,13.0,-0.07295250098721978,-0.00026540926755103464,-0.0015156783474506424
2.0,19.0,27.0,3.0,2.7612108185127324,13.0,-0.0729493618372739,-0.0002658860149911813,-0.0015405690286797531
2.0,20.0,27.0,3.0001140803164827,2.113614080316483,13.0,-0.07291097546640925,-0.00026587925286734935,-0.001417995865603478
2.0,21.0,27.0,3.0001140803164827,1.4631140803164828,13.0,-0.07287241700436851,-0.00026587925286734935,-0.0013739360801670983
2.0,22.0,27.0,3.0001140803164827,0.8126140803164827,13.0,-0.07283385854232778,-0.00026587925286734935,-0.0014108085390210298
2.0,23.0,27.0,3.0,0.16501734212023322,13.0,-0.07279547217146314,-0.0002658860149911813,-0.0015254456537206068
2.0,24.0,27.0,3.0080429610882238,0.11205835642090678,13.0,-0.07279233302151725,-0.00026540926755103464,-0.00150001002749741
2.0,25.0,27.0,3.0310574713394014,0.06689246190843257,13.0,-0.07278965580794447,-0.0002640450798186654,-0.0014030017020904763
2.0,26.0,27.0,3.0668924619084326,0.0310574713394014,13.0,-0.07278753168477216,-0.0002619209566463577,-0.0012452385300572506
2.0,27.0,27.0,3.112058356420907,0.008042961088223777,13.0,-0.07278616749703978,-0.0002592437430735749,-0.0010434479322712347
2.0,28.0,27.0,3.1650173421202332,0.0,13.0,-0.07278569074959965,-0.00025610459312768184,-0.0008060486212981024
2.0,29.0,27.0,3.8126140803164827,0.0001140803164827453,13.0,-0.07278569751172348,-0.00021771822226304618,0.002067507555784897
2.0,30.0,27.0,4.463114080316483,0.0001140803164827453,13.0,-0.07278569751172348,-0.00017915976022230863,0.004927413107199775
2.0,31.0,27.0,5.1136140803164825,0.0001140803164827453,13.0,-0.07278569751172348,-0.0001406012981815712,0.007801730126385
2.0,32.0,27.0,5.761210818512732,0.0,13.0,-0.07278569074959965,-0.00010221492731693555,0.010717355248182112
2.0,33.0,27.0,5.814169804212058,0.008042961088223777,13.0,-0.07278616749703978,-9.907577737104247e-5,0.010959170750036969
2.0,34.0,27.0,5.859335698724533,0.0310574713394014,13.0,-0.07278753168477216,-9.639856379825971e-5,0.011164709371821558
2.0,35.0,27.0,5.895170689293565,0.06689246190843257,13.0,-0.07278965580794447,-9.427444062595192e-5,0.01132581884748495
2.0,36.0,27.0,5.918185199544742,0.11205835642090678,13.0,-0.07279233302151725,-9.291025289358275e-5,0.011425986154468147
2.0,37.0,27.0,5.926228160632966,0.16501734212023322,13.0,-0.07279547217146314,-9.243350545343608e-5,0.011454589827493202
2.0,38.0,27.0,5.9261140803164825,0.29986408031648293,13.0,-0.0728034652273218,-9.244026757726803e-5,0.011432485470583356
2.0,39.0,27.0,5.9261140803164825,0.43761408031648275,13.0,-0.07281163037435656,-9.244026757726803e-5,0.011415290225565776
2.0,40.0,27.0,5.9261140803164825,0.5753640803164828,13.0,-0.07281979552139133,-9.244026757726803e-5,0.011403116806713704
2.0,41.0,27.0,5.9261140803164825,0.7131140803164828,13.0,-0.07282796066842608,-9.244026757726803e-5,0.011395742589332115
1.0,1.0,28.0,2.926114080316483,2.213114080316483,13.5,-0.07526922988750816,-0.0002656812695147506,0.0033097679617549035
1.0,2.0,28.0,2.926114080316483,2.350864080316483,13.5,-0.07527800445331954,-0.0002656812695147506,0.0033110169303189447
1.0,3.0,28.0,2.926114080316483,2.488614080316483,13.5,-0.07528677901913093,-0.0002656812695147506,0.0033171144682932296
1.0,4.0,28.0,2.926114080316483,2.626364080316483,13.5,-0.07529555358494232,-0.0002656812695147506,0.003328277344681982
1.0,5.0,28.0,2.9262281606329656,2.7612108185127324,13.5,-0.0753041432152781,-0.0002656740026890173,0.003344479568863784
1.0,6.0,28.0,2.918185199544742,2.8141698042120584,13.5,-0.0753075166606888,-0.00026618633293502126,0.003314865106726801
1.0,7.0,28.0,2.8951706892935642,2.859335698724533,13.5,-0.07531039369236814,-0.0002676523389953901,0.00321658252115076
1.0,8.0,28.0,2.859335698724533,2.8951706892935642,13.5,-0.07531267635286251,-0.0002699349994897524,0.0030598340511652938
1.0,9.0,28.0,2.814169804212059,2.918185199544742,13.5,-0.07531414235892288,-0.0002728120311690982,0.0028606932933218803
1.0,10.0,28.0,2.761210818512732,2.9262281606329656,13.5,-0.07531465468916888,-0.000276185476579792,0.0026272426456470177
1.0,11.0,28.0,2.113614080316483,2.926114080316483,13.5,-0.07531464742234315,-0.0003174368754802842,-0.00018245921368590813
1.0,12.0,28.0,1.4631140803164828,2.926114080316483,13.5,-0.07531464742234315,-0.0003588732098563821,-0.0029508272571736067
1.0,13.0,28.0,0.8126140803164827,2.926114080316483,13.5,-0.07531464742234315,-0.0004003095442324801,-0.005705336572924946
1.0,14.0,28.0,0.16501734212023322,2.9262281606329656,13.5,-0.07531465468916888,-0.0004415609431329723,-0.00847446758146549
1.0,15.0,28.0,0.11205835642090678,2.918185199544742,13.5,-0.07531414235892288,-0.000444934388543666,-0.008703375838430255
1.0,16.0,28.0,0.06689246190843257,2.8951706892935642,13.5,-0.07531267635286251,-0.0004478114202230118,-0.008898016838207325
1.0,17.0,28.0,0.0310574713394014,2.859335698724533,13.5,-0.07531039369236814,-0.00045009408071737414,-0.00905023319817044
1.0,18.0,28.0,0.008042961088223777,2.8141698042120584,13.5,-0.0753075166606888,-0.00045156008677774297,-0.00914386176593211
1.0,19.0,28.0,0.0,2.7612108185127324,13.5,-0.0753041432152781,-0.00045207241702374695,-0.009168448708462992
1.0,20.0,28.0,0.0001140803164827453,2.113614080316483,13.5,-0.07526289181637762,-0.00045206515019801367,-0.009059806492863368
1.0,21.0,28.0,0.0001140803164827453,1.4631140803164828,13.5,-0.07522145548200151,-0.00045206515019801367,-0.009028894901814405
1.0,22.0,28.0,0.0001140803164827453,0.8126140803164827,13.5,-0.07518001914762541,-0.00045206515019801367,-0.009078500780161746
1.0,23.0,28.0,0.0,0.16501734212023322,13.5,-0.07513876774872492,-0.00045207241702374695,-0.009205523544538739
1.0,24.0,28.0,0.008042961088223777,0.11205835642090678,13.5,-0.07513539430331423,-0.00045156008677774297,-0.00918260430830756
1.0,25.0,28.0,0.0310574713394014,0.06689246190843257,13.5,-0.07513251727163489,-0.00045009408071737414,-0.009090761957734792
1.0,26.0,28.0,0.06689246190843257,0.0310574713394014,13.5,-0.07513023461114052,-0.0004478114202230118,-0.008940355084460372
1.0,27.0,28.0,0.11205835642090678,0.008042961088223777,13.5,-0.07512876860508015,-0.000444934388543666,-0.008747364029510513
1.0,28.0,28.0,0.16501734212023322,0.0,13.5,-0.07512825627483415,-0.0004415609431329723,-0.008519844117003541
1.0,29.0,28.0,0.8126140803164827,0.0001140803164827453,13.5,-0.07512826354165988,-0.0004003095442324801,-0.005764697482414229
1.0,30.0,28.0,1.4631140803164828,0.0001140803164827453,13.5,-0.07512826354165988,-0.0003588732098563821,-0.003024143799544281
1.0,31.0,28.0,2.113614080316483,0.0001140803164827453,13.5,-0.07512826354165988,-0.0003174368754802842,-0.0002699645137175141
1.0,32.0,28.0,2.7612108185127324,0.0,13.5,-0.07512825627483415,-0.000276185476579792,0.002525097846411284
1.0,33.0,28.0,2.814169804212059,0.008042961088223777,13.5,-0.07512876860508015,-0.0002728120311690982,0.00275718323250115
1.0,34.0,28.0,2.859335698724533,0.0310574713394014,13.5,-0.07513023461114052,-0.0002699349994897524,0.00295484923423076
1.0,35.0,28.0,2.8951706892935642,0.06689246190843257,13.5,-0.07513251727163489,-0.0002676523389953901,0.003110159026338475
1.0,36.0,28.0,2.918185199544742,0.11205835642090678,13.5,-0.07513539430331423,-0.00026618633293502126,0.0032071391708024467
1.0,37.0,28.0,2.9262281606329656,0.16501734212023322,13.5,-0.07513876774872492,-0.0002656740026890173,0.0032355781818907956
1.0,38.0,28.0,2.926114080316483,0.29986408031648293,13.5,-0.07514735737906071,-0.0002656812695147506,0.0032169469588272806
1.0,39.0,28.0,2.926114080316483,0.43761408031648275,13.5,-0.0751561319448721,-0.0002656812695147506,0.0032032157824524224
1.0,40.0,28.0,2.926114080316483,0.5753640803164828,13.5,-0.07516490651068349,-0.0002656812695147506,0.003194474076689288
1.0,41.0,28.0,2.926114080316483,0.7131140803164828,13.5,-0.07517368107649487,-0.0002656812695147506,0.0031905015361698465
2.0,1.0,28.0,5.9261140803164825,2.213114080316483,13.5,-0.07526922988750816,-7.458364748816507e-5,0.01099145247083817
2.0,2.0,28.0,5.9261140803164825,2.350864080316483,13.5,-0.07527800445331954,-7.458364748816507e-5,0.010988932906376035
2.0,3.0,28.0,5.9261140803164825,2.488614080316483,13.5,-0.07528677901913093,-7.458364748816507e-5,0.010991099294802253
2.0,4.0,28.0,5.9261140803164825,2.626364080316483,13.5,-0.07529555358494232,-7.458364748816507e-5,0.010998150188552337
2.0,5.0,28.0,5.926228160632966,2.7612108185127324,13.5,-0.0753041432152781,-7.45763806624318e-5,0.011010158787447459
2.0,6.0,28.0,5.918185199544742,2.8141698042120584,13.5,-0.0753075166606888,-7.508871090843578e-5,0.010978887549384348
2.0,7.0,28.0,5.895170689293565,2.859335698724533,13.5,-0.07531039369236814,-7.655471696880453e-5,0.010879065546121154
2.0,8.0,28.0,5.859335698724533,2.8951706892935642,13.5,-0.07531267635286251,-7.883737746316694e-5,0.010721042617768264
2.0,9.0,28.0,5.814169804212058,2.918185199544742,13.5,-0.07531414235892288,-8.171440914251273e-5,0.0105209945440992
2.0,10.0,28.0,5.7612108185127315,2.9262281606329656,13.5,-0.07531465468916888,-8.50878545532065e-5,0.010286927024345286
2.0,11.0,28.0,5.1136140803164825,2.926114080316483,13.5,-0.07531464742234315,-0.00012633925345369865,0.007470889062317684
2.0,12.0,28.0,4.463114080316483,2.926114080316483,13.5,-0.07531464742234315,-0.00016777558782979656,0.004694002821644603
2.0,13.0,28.0,3.8126140803164827,2.926114080316483,13.5,-0.07531464742234315,-0.00020921192220589458,0.0019300850040858705
2.0,14.0,28.0,3.1650173421202332,2.9262281606329656,13.5,-0.07531465468916888,-0.00025046332110638674,-0.0008481285716955586
2.0,15.0,28.0,3.112058356420907,2.918185199544742,13.5,-0.07531414235892288,-0.0002538367665170805,-0.001077527075723088
2.0,16.0,28.0,3.0668924619084326,2.8951706892935642,13.5,-0.07531267635286251,-0.0002567137981964263,-0.0012722288280062437
2.0,17.0,28.0,3.0310574713394014,2.859335698724533,13.5,-0.07531039369236814,-0.00025899645869078864,-0.0014241311427988827
2.0,18.0,28.0,3.0080429610882238,2.8141698042120584,13.5,-0.0753075166606888,-0.00026046246475115747,-0.001517174602573752
2.0,19.0,28.0,3.0,2.7612108185127324,13.5,-0.0753041432152781,-0.00026097479499716144,-0.00154103331572241
2.0,20.0,28.0,3.0001140803164827,2.113614080316483,13.5,-0.07526289181637762,-0.00026096752817142817,-0.0014222030271848656
2.0,21.0,28.0,3.0001140803164827,1.4631140803164828,13.5,-0.07522145548200151,-0.00026096752817142817,-0.0013788390328395002
2.0,22.0,28.0,3.0001140803164827,0.8126140803164827,13.5,-0.07518001914762541,-0.00026096752817142817,-0.0014132145136054569
2.0,23.0,28.0,3.0,0.16501734212023322,13.5,-0.07513876774872492,-0.00026097479499716144,-0.0015222271869878624
2.0,24.0,28.0,3.0080429610882238,0.11205835642090678,13.5,-0.07513539430331423,-0.00026046246475115747,-0.001497703863131851
2.0,25.0,28.0,3.0310574713394014,0.06689246190843257,13.5,-0.07513251727163489,-0.00025899645869078864,-0.0014044507711617053
2.0,26.0,28.0,3.0668924619084326,0.0310574713394014,13.5,-0.07513023461114052,-0.0002567137981964263,-0.001252866437336449
2.0,27.0,28.0,3.112058356420907,0.008042961088223777,13.5,-0.07512876860508015,-0.0002538367665170805,-0.0010590237118155007
2.0,28.0,28.0,3.1650173421202332,0.0,13.5,-0.07512825627483415,-0.00025046332110638674,-0.0008310131450446294
2.0,29.0,28.0,3.8126140803164827,0.0001140803164827453,13.5,-0.07512826354165988,-0.00020921192220589458,0.0019287592273562997
2.0,30.0,28.0,4.463114080316483,0.0001140803164827453,13.5,-0.07512826354165988,-0.00016777558782979656,0.004675542069010225
2.0,31.0,28.0,5.1136140803164825,0.0001140803164827453,13.5,-0.07512826354165988,-0.00012633925345369865,0.007436248355152447
2.0,32.0,28.0,5.761210818512732,0.0,13.5,-0.07512825627483415,-8.50878545532065e-5,0.010236660078607992
2.0,33.0,28.0,5.814169804212058,0.008042961088223777,13.5,-0.07512876860508015,-8.171440914251273e-5,0.010468892631066281
2.0,34.0,28.0,5.859335698724533,0.0310574713394014,13.5,-0.07513023461114052,-7.883737746316694e-5,0.010666231390433212
2.0,35.0,28.0,5.895170689293565,0.06689246190843257,13.5,-0.07513251727163489,-7.655471696880453e-5,0.010820854129470309
2.0,36.0,28.0,5.918185199544742,0.11205835642090678,13.5,-0.07513539430331423,-7.508871090843578e-5,0.01091691227595926
2.0,37.0,28.0,5.926228160632966,0.16501734212023322,13.5,-0.07513876774872492,-7.45763806624318e-5,0.010944209803020374
2.0,38.0,28.0,5.9261140803164825,0.29986408031648293,13.5,-0.07514735737906071,-7.458364748816507e-5,0.010922531455856584
2.0,39.0,28.0,5.9261140803164825,0.43761408031648275,13.5,-0.0751561319448721,-7.458364748816507e-5,0.010905554281493179
2.0,40.0,28.0,5.9261140803164825,0.5753640803164828,13.5,-0.07516490651068349,-7.458364748816507e-5,0.010893394782390382
2.0,41.0,28.0,5.9261140803164825,0.7131140803164828,13.5,-0.07517368107649487,-7.458364748816507e-5,0.01088583791043641
1.0,1.0,29.0,2.926114080316483,2.213114080316483,14.0,-0.07752348124400918,-0.00026023904928924147,0.003209173867308749
1.0,2.0,29.0,2.926114080316483,2.350864080316483,14.0,-0.07753287010309917,-0.00026023904928924147,0.0032100849244227373
1.0,3.0,29.0,2.926114080316483,2.488614080316483,14.0,-0.07754225896218916,-0.00026023904928924147,0.003215653633799081
1.0,4.0,29.0,2.926114080316483,2.626364080316483,14.0,-0.07755164782127916,-0.00026023904928924147,0.0032260651985060477
1.0,5.0,29.0,2.9262281606329656,2.7612108185127324,14.0,-0.07756083879785752,-0.0002602312737246941,0.003241300400399642
1.0,6.0,29.0,2.918185199544742,2.8141698042120584,14.0,-0.07756444841277062,-0.00026077947138947535,0.003212983100215221
1.0,7.0,29.0,2.8951706892935642,2.859335698724533,14.0,-0.07756752686082326,-0.00026234811018274924,0.003118857430799437
1.0,8.0,29.0,2.859335698724533,2.8951706892935642,14.0,-0.07756996932671759,-0.0002647905760770782,0.002968951471891903
1.0,9.0,29.0,2.814169804212059,2.918185199544742,14.0,-0.07757153796551086,-0.00026786902412971733,0.0027786528603044457
1.0,10.0,29.0,2.761210818512732,2.9262281606329656,14.0,-0.07757208616317565,-0.0002714786390428197,0.0025554616449185302
1.0,11.0,29.0,2.113614080316483,2.926114080316483,14.0,-0.0775720783876111,-0.000315617982215689,-0.00013003489463316243
1.0,12.0,29.0,1.4631140803164828,2.926114080316483,14.0,-0.0775720783876111,-0.0003599552079001864,-0.0027759835973893824
1.0,13.0,29.0,0.8126140803164827,2.926114080316483,14.0,-0.0775720783876111,-0.00040429243358468383,-0.005408736417979371
1.0,14.0,29.0,0.16501734212023322,2.9262281606329656,14.0,-0.07757208616317565,-0.00044843177675755314,-0.008055567505424327
1.0,15.0,29.0,0.11205835642090678,2.918185199544742,14.0,-0.07757153796551086,-0.0004520413916706555,-0.008274364383715687
1.0,16.0,29.0,0.06689246190843257,2.8951706892935642,14.0,-0.07756996932671759,-0.0004551198397232947,-0.008460393867096482
1.0,17.0,29.0,0.0310574713394014,2.859335698724533,14.0,-0.07756752686082326,-0.0004575623056176236,-0.008605859427394953
1.0,18.0,29.0,0.008042961088223777,2.8141698042120584,14.0,-0.07756444841277062,-0.0004591309444108975,-0.008695313954020565
1.0,19.0,29.0,0.0,2.7612108185127324,14.0,-0.07756083879785752,-0.00045967914207567875,-0.00871876589115007
1.0,20.0,29.0,0.0001140803164827453,2.113614080316483,14.0,-0.07751669945468466,-0.0004596713665111314,-0.008614345639412907
1.0,21.0,29.0,0.0001140803164827453,1.4631140803164828,14.0,-0.07747236222900016,-0.0004596713665111314,-0.008584280907564785
1.0,22.0,29.0,0.0001140803164827453,0.8126140803164827,14.0,-0.07742802500331565,-0.0004596713665111314,-0.008631205577293256
1.0,23.0,29.0,0.0,0.16501734212023322,14.0,-0.07738388566014279,-0.00045967914207567875,-0.008752141621118101
1.0,24.0,29.0,0.008042961088223777,0.11205835642090678,14.0,-0.07738027604522969,-0.0004591309444108975,-0.008730202902630648
1.0,25.0,29.0,0.0310574713394014,0.06689246190843257,14.0,-0.07737719759717705,-0.0004575623056176236,-0.008642404279533576
1.0,26.0,29.0,0.06689246190843257,0.0310574713394014,14.0,-0.07737475513128272,-0.0004551198397232947,-0.008498646782689747
1.0,27.0,29.0,0.11205835642090678,0.008042961088223777,14.0,-0.07737318649248945,-0.0004520413916706555,-0.008314204823744424
1.0,28.0,29.0,0.16501734212023322,0.0,14.0,-0.07737263829482466,-0.00044843177675755314,-0.008096778923872179
1.0,29.0,29.0,0.8126140803164827,0.0001140803164827453,14.0,-0.07737264607038921,-0.00040429243358468383,-0.005463974171299695
1.0,30.0,29.0,1.4631140803164828,0.0001140803164827453,14.0,-0.07737264607038921,-0.0003599552079001864,-0.0028451681234015315
1.0,31.0,29.0,2.113614080316483,0.0001140803164827453,14.0,-0.07737264607038921,-0.000315617982215689,-0.00021337318598636324
1.0,32.0,29.0,2.7612108185127324,0.0,14.0,-0.07737263829482466,-0.0002714786390428197,0.0024575099871550735
1.0,33.0,29.0,2.814169804212059,0.008042961088223777,14.0,-0.07737318649248945,-0.00026786902412971733,0.0026793109009842528
1.0,34.0,29.0,2.859335698724533,0.0310574713394014,14.0,-0.07737475513128272,-0.0002647905760770782,0.0028681171463362113
1.0,35.0,29.0,2.8951706892935642,0.06689246190843257,14.0,-0.07737719759717705,-0.00026234811018274924,0.003016417863874336
1.0,36.0,29.0,2.918185199544742,0.11205835642090678,14.0,-0.07738027604522969,-0.00026077947138947535,0.0031090293005074684
1.0,37.0,29.0,2.9262281606329656,0.16501734212023322,14.0,-0.07738388566014279,-0.0002602312737246941,0.003136114036580564
1.0,38.0,29.0,2.926114080316483,0.29986408031648293,14.0,-0.07739307663672115,-0.00026023904928924147,0.0031179875358979727
1.0,39.0,29.0,2.926114080316483,0.43761408031648275,14.0,-0.07740246549581115,-0.00026023904928924147,0.0031045811816808417
1.0,40.0,29.0,2.926114080316483,0.5753640803164828,14.0,-0.07741185435490114,-0.00026023904928924147,0.003095934867754799
1.0,41.0,29.0,2.926114080316483,0.7131140803164828,14.0,-0.07742124321399113,-0.00026023904928924147,0.0030918507880861117
2.0,1.0,29.0,5.9261140803164825,2.213114080316483,14.0,-0.07752348124400918,-5.5762989253127425e-5,0.010458739174883633
2.0,2.0,29.0,5.9261140803164825,2.350864080316483,14.0,-0.07753287010309917,-5.5762989253127425e-5,0.010455865311458574
2.0,3.0,29.0,5.9261140803164825,2.488614080316483,14.0,-0.07754225896218916,-5.5762989253127425e-5,0.010457468852073118
2.0,4.0,29.0,5.9261140803164825,2.626364080316483,14.0,-0.07755164782127916,-5.5762989253127425e-5,0.010463738692811737
2.0,5.0,29.0,5.926228160632966,2.7612108185127324,14.0,-0.07756083879785752,-5.57552136885801e-5,0.010474753912678708
2.0,6.0,29.0,5.918185199544742,2.8141698042120584,14.0,-0.07756444841277062,-5.630341135336136e-5,0.010444678325256886
2.0,7.0,29.0,5.895170689293565,2.859335698724533,14.0,-0.07756752686082326,-5.787205014663512e-5,0.010349100935938176
2.0,8.0,29.0,5.859335698724533,2.8951706892935642,14.0,-0.07756996932671759,-6.0314516040964143e-5,0.010197919812161461
2.0,9.0,29.0,5.814169804212058,2.918185199544742,14.0,-0.07757153796551086,-6.339296409360327e-5,0.01000660847588596
2.0,10.0,29.0,5.7612108185127315,2.9262281606329656,14.0,-0.07757208616317565,-6.700257900670569e-5,0.009782825635621075
2.0,11.0,29.0,5.1136140803164825,2.926114080316483,14.0,-0.0775720783876111,-0.00011114192217957498,0.007090777659241106
2.0,12.0,29.0,4.463114080316483,2.926114080316483,14.0,-0.0775720783876111,-0.0001554791478640723,0.004436058818927686
2.0,13.0,29.0,3.8126140803164827,2.926114080316483,14.0,-0.0775720783876111,-0.00019981637354856977,0.001793665853770289
2.0,14.0,29.0,3.1650173421202332,2.9262281606329656,14.0,-0.07757208616317565,-0.0002439557167214391,-0.0008624499748157296
2.0,15.0,29.0,3.112058356420907,2.918185199544742,14.0,-0.07757153796551086,-0.0002475653316345415,-0.0010817580561143705
2.0,16.0,29.0,3.0668924619084326,2.8951706892935642,14.0,-0.07756996932671759,-0.00025064377968718064,-0.0012678227439384326
2.0,17.0,29.0,3.0310574713394014,2.859335698724533,14.0,-0.07756752686082326,-0.0002530862455815096,-0.0014130015167305627
2.0,18.0,29.0,3.0080429610882238,2.8141698042120584,14.0,-0.07756444841277062,-0.0002546548843747834,-0.0015019294832292484
2.0,19.0,29.0,3.0,2.7612108185127324,14.0,-0.07756083879785752,-0.00025520308203956467,-0.0015246198384953403
2.0,20.0,29.0,3.0001140803164827,2.113614080316483,14.0,-0.07751669945468466,-0.00025519530647501735,-0.0014101195828874868
2.0,21.0,29.0,3.0001140803164827,1.4631140803164828,14.0,-0.07747236222900016,-0.00025519530647501735,-0.0013677134113807426
2.0,22.0,29.0,3.0001140803164827,0.8126140803164827,14.0,-0.07742802500331565,-0.00025519530647501735,-0.0013995190632603636
2.0,23.0,29.0,3.0,0.16501734212023322,14.0,-0.07738388566014279,-0.00025520308203956467,-0.0015025294175017292
2.0,24.0,29.0,3.0080429610882238,0.11205835642090678,14.0,-0.07738027604522969,-0.0002546548843747834,-0.0014789904057192734
2.0,25.0,29.0,3.0310574713394014,0.06689246190843257,14.0,-0.07737719759717705,-0.0002530862455815096,-0.0013897861328757064
2.0,26.0,29.0,3.0668924619084326,0.0310574713394014,14.0,-0.07737475513128272,-0.00025064377968718064,-0.0012448562706707052
2.0,27.0,29.0,3.112058356420907,0.008042961088223777,14.0,-0.07737318649248945,-0.0002475653316345415,-0.00105956913788633
2.0,28.0,29.0,3.1650173421202332,0.0,14.0,-0.07737263829482466,-0.0002439557167214391,-0.0008416599938077583
2.0,29.0,29.0,3.8126140803164827,0.0001140803164827453,14.0,-0.07737264607038921,-0.00019981637354856977,0.0017957150395276759
2.0,30.0,29.0,4.463114080316483,0.0001140803164827453,14.0,-0.07737264607038921,-0.0001554791478640723,0.004420800798408075
2.0,31.0,29.0,5.1136140803164825,0.0001140803164827453,14.0,-0.07737264607038921,-0.00011114192217957498,0.007059260065598695
2.0,32.0,29.0,5.761210818512732,0.0,14.0,-0.07737263829482466,-6.700257900670569e-5,0.009735659992731072
2.0,33.0,29.0,5.814169804212058,0.008042961088223777,14.0,-0.07737318649248945,-6.339296409360327e-5,0.009957579543975819
2.0,34.0,29.0,5.859335698724533,0.0310574713394014,14.0,-0.07737475513128272,-6.0314516040964143e-5,0.010146101732275417
2.0,35.0,29.0,5.895170689293565,0.06689246190843257,14.0,-0.07737719759717705,-5.787205014663512e-5,0.010293759253918344
2.0,36.0,29.0,5.918185199544742,0.11205835642090678,14.0,-0.07738027604522969,-5.630341135336136e-5,0.010385418228316167
2.0,37.0,29.0,5.926228160632966,0.16501734212023322,14.0,-0.07738388566014279,-5.57552136885801e-5,0.01041134026968504
2.0,38.0,29.0,5.9261140803164825,0.29986408031648293,14.0,-0.07739307663672115,-5.5762989253127425e-5,0.010390198643090256
2.0,39.0,29.0,5.9261140803164825,0.43761408031648275,14.0,-0.07740246549581115,-5.5762989253127425e-5,0.010373533290069861
2.0,40.0,29.0,5.9261140803164825,0.5753640803164828,14.0,-0.07741185435490114,-5.5762989253127425e-5,0.010361462754426233
2.0,41.0,29.0,5.9261140803164825,0.7131140803164828,14.0,-0.07742124321399113,-5.5762989253127425e-5,0.010353780772092558
1.0,1.0,30.0,2.926114080316483,2.213114080316483,14.5,-0.07967242756194862,-0.00025403912258486485,0.0030860900662765373
1.0,2.0,30.0,2.926114080316483,2.350864080316483,14.5,-0.07968243189894986,-0.00025403912258486485,0.0030867007282942196
1.0,3.0,30.0,2.926114080316483,2.488614080316483,14.5,-0.0796924362359511,-0.00025403912258486485,0.003091741497475033
1.0,4.0,30.0,2.926114080316483,2.626364080316483,14.5,-0.07970244057295234,-0.00025403912258486485,0.00310141947952806
1.0,5.0,30.0,2.9262281606329656,2.7612108185127324,14.5,-0.07971223405543824,-0.0002540308373004271,0.003115718794187776
1.0,6.0,30.0,2.918185199544742,2.8141698042120584,14.5,-0.07971608029529435,-0.0002546149715524376,0.0030886027304828805
1.0,7.0,30.0,2.8951706892935642,2.859335698724533,14.5,-0.07971936054814129,-0.0002562864410005047,0.0029992046628674256
1.0,8.0,30.0,2.859335698724533,2.8951706892935642,14.5,-0.07972196312761198,-0.00025888902047120383,0.002856675556239106
1.0,9.0,30.0,2.814169804212059,2.918185199544742,14.5,-0.07972363459706006,-0.00026216927331813806,0.002675628156497057
1.0,10.0,30.0,2.761210818512732,2.9262281606329656,14.5,-0.07972421873131207,-0.0002660155131742532,0.002463521020179709
1.0,11.0,30.0,2.113614080316483,2.926114080316483,14.5,-0.07972421044602762,-0.0003130483698698488,-8.89808962663062e-5
1.0,12.0,30.0,1.4631140803164828,2.926114080316483,14.5,-0.07972421044602762,-0.00036029208108078056,-0.002603847351190643
1.0,13.0,30.0,0.8126140803164827,2.926114080316483,14.5,-0.07972421044602762,-0.0004075357922917123,-0.005106288820614872
1.0,14.0,30.0,0.16501734212023322,2.9262281606329656,14.5,-0.07972421873131207,-0.000454568648987308,-0.007622304938178721
1.0,15.0,30.0,0.11205835642090678,2.918185199544742,14.5,-0.07972363459706006,-0.00045841488884342305,-0.007830290273756377
1.0,16.0,30.0,0.06689246190843257,2.8951706892935642,14.5,-0.07972196312761198,-0.00046169514169035734,-0.008007115226776584
1.0,17.0,30.0,0.0310574713394014,2.859335698724533,14.5,-0.07971936054814129,-0.00046429772116105645,-0.00814536843671305
1.0,18.0,30.0,0.008042961088223777,2.8141698042120584,14.5,-0.07971608029529435,-0.00046596919060912353,-0.008230367328338598
1.0,19.0,30.0,0.0,2.7612108185127324,14.5,-0.07971223405543824,-0.000466553324861134,-0.008252614680901911
1.0,20.0,30.0,0.0001140803164827453,2.113614080316483,14.5,-0.07966520119874264,-0.00046654503957669626,-0.008152829318940392
1.0,21.0,30.0,0.0001140803164827453,1.4631140803164828,14.5,-0.07961795748753171,-0.00046654503957669626,-0.008123776884525527
1.0,22.0,30.0,0.0001140803164827453,0.8126140803164827,14.5,-0.07957071377632079,-0.00046654503957669626,-0.008167913350770233
1.0,23.0,30.0,0.0,0.16501734212023322,14.5,-0.07952368091962518,-0.000466553324861134,-0.008282413410527373
1.0,24.0,30.0,0.008042961088223777,0.11205835642090678,14.5,-0.07951983467976907,-0.00046596919060912353,-0.008261529254555328
1.0,25.0,30.0,0.0310574713394014,0.06689246190843257,14.5,-0.07951655442692214,-0.00046429772116105645,-0.008178057573722662
1.0,26.0,30.0,0.06689246190843257,0.0310574713394014,14.5,-0.07951395184745144,-0.00046169514169035734,-0.008041409875594534
1.0,27.0,30.0,0.11205835642090678,0.008042961088223777,14.5,-0.07951228037800337,-0.00045841488884342305,-0.007866106076623207
1.0,28.0,30.0,0.16501734212023322,0.0,14.5,-0.07951169624375136,-0.000454568648987308,-0.007659467630054748
1.0,29.0,30.0,0.8126140803164827,0.0001140803164827453,14.5,-0.0795117045290358,-0.0004075357922917123,-0.005157435034627097
1.0,30.0,30.0,1.4631140803164828,0.0001140803164827453,14.5,-0.0795117045290358,-0.00036029208108078056,-0.002668854449485828
1.0,31.0,30.0,2.113614080316483,0.0001140803164827453,14.5,-0.0795117045290358,-0.0003130483698698488,-0.00016803978279959973
1.0,32.0,30.0,2.7612108185127324,0.0,14.5,-0.07951169624375136,-0.0002660155131742531,0.0023699571942458536
1.0,33.0,30.0,2.814169804212059,0.008042961088223777,14.5,-0.07951228037800337,-0.00026216927331813806,0.0025806579761001058
1.0,34.0,30.0,2.859335698724533,0.0310574713394014,14.5,-0.07951395184745144,-0.00025888902047120383,0.002760080475614595
1.0,35.0,30.0,2.8951706892935642,0.06689246190843257,14.5,-0.07951655442692214,-0.0002562864410005047,0.0029009860412350583
1.0,36.0,30.0,2.918185199544742,0.11205835642090678,14.5,-0.07951983467976907,-0.0002546149715524376,0.002988850117912276
1.0,37.0,30.0,2.9262281606329656,0.16501734212023322,14.5,-0.07952368091962518,-0.0002540308373004271,0.0030144294139732982
1.0,38.0,30.0,2.926114080316483,0.29986408031648293,14.5,-0.07953347440211109,-0.00025403912258486485,0.0029969353536514454
1.0,39.0,30.0,2.926114080316483,0.43761408031648275,14.5,-0.07954347873911233,-0.00025403912258486485,0.002983873125277359
1.0,40.0,30.0,2.926114080316483,0.5753640803164828,14.5,-0.07955348307611357,-0.00025403912258486485,0.0029753664212859698
1.0,41.0,30.0,2.926114080316483,0.7131140803164828,14.5,-0.07956348741311481,-0.00025403912258486485,0.002971206519872727
2.0,1.0,30.0,5.9261140803164825,2.213114080316483,14.5,-0.07967242756194862,-3.6158824917231876e-5,0.009904377095403698
2.0,2.0,30.0,5.9261140803164825,2.350864080316483,14.5,-0.07968243189894986,-3.6158824917231876e-5,0.009901190269945159
2.0,3.0,30.0,5.9261140803164825,2.488614080316483,14.5,-0.0796924362359511,-3.6158824917231876e-5,0.009902254567620969
2.0,4.0,30.0,5.9261140803164825,2.626364080316483,14.5,-0.07970244057295234,-3.6158824917231876e-5,0.009907747953572606
2.0,5.0,30.0,5.926228160632966,2.7612108185127324,14.5,-0.07971223405543824,-3.615053963279415e-5,0.00991775517101363
2.0,6.0,30.0,5.918185199544742,2.8141698042120584,14.5,-0.07971608029529435,-3.673467388480461e-5,0.009888979033959026
2.0,7.0,30.0,5.895170689293565,2.859335698724533,14.5,-0.07971936054814129,-3.840614333287164e-5,0.00979795711662469
2.0,8.0,30.0,5.859335698724533,2.8951706892935642,14.5,-0.07972196312761198,-4.1008722803570846e-5,0.009654103221985217
2.0,9.0,30.0,5.814169804212058,2.918185199544742,14.5,-0.07972363459706006,-4.4288975650505075e-5,0.00947213926714609
2.0,10.0,30.0,5.7612108185127315,2.9262281606329656,14.5,-0.07972421873131207,-4.8135215506620164e-5,0.009259351403585551
2.0,11.0,30.0,5.1136140803164825,2.926114080316483,14.5,-0.07972421044602762,-9.516807220221581e-5,0.006699782519181005
2.0,12.0,30.0,4.463114080316483,2.926114080316483,14.5,-0.07972421044602762,-0.0001424117834131475,0.004175572385175462
2.0,13.0,30.0,3.8126140803164827,2.926114080316483,14.5,-0.07972421044602762,-0.00018965549462407932,0.001662996107302839
2.0,14.0,30.0,3.1650173421202332,2.9262281606329656,14.5,-0.07972421873131207,-0.00023668835131967502,-0.0008626679004282283
2.0,15.0,30.0,3.112058356420907,2.918185199544742,14.5,-0.07972363459706006,-0.00024053459117579005,-0.0010711833851201578
2.0,16.0,30.0,3.0668924619084326,2.8951706892935642,14.5,-0.07972196312761198,-0.00024381484402272432,-0.0012481161374301606
2.0,17.0,30.0,3.0310574713394014,2.859335698724533,14.5,-0.07971936054814129,-0.00024641742349342346,-0.0013860818436568082
2.0,18.0,30.0,3.0080429610882238,2.8141698042120584,14.5,-0.07971608029529435,-0.00024808889294149054,-0.0014705082803866116
2.0,19.0,30.0,3.0,2.7612108185127324,14.5,-0.07971223405543824,-0.000248673027193501,-0.0014920779575066142
2.0,20.0,30.0,3.0001140803164827,2.113614080316483,14.5,-0.07966520119874264,-0.00024866474190906327,-0.0013824684824868215
2.0,21.0,30.0,3.0001140803164827,1.4631140803164828,14.5,-0.07961795748753171,-0.00024866474190906327,-0.0013412885737805176
2.0,22.0,30.0,3.0001140803164827,0.8126140803164827,14.5,-0.07957071377632079,-0.00024866474190906327,-0.0013704642898071779
2.0,23.0,30.0,3.0,0.16501734212023322,14.5,-0.07952368091962518,-0.000248673027193501,-0.0014671203596051555
2.0,24.0,30.0,3.0080429610882238,0.11205835642090678,14.5,-0.07951983467976907,-0.00024808889294149054,-0.0014446384758203662
2.0,25.0,30.0,3.0310574713394014,0.06689246190843257,14.5,-0.07951655442692214,-0.00024641742349342346,-0.0013597606662810943
2.0,26.0,30.0,3.0668924619084326,0.0310574713394014,14.5,-0.07951395184745144,-0.00024381484402272432,-0.0012219393147944871
2.0,27.0,30.0,3.112058356420907,0.008042961088223777,14.5,-0.07951228037800337,-0.00024053459117579005,-0.0010457871118099333
2.0,28.0,30.0,3.1650173421202332,0.0,14.5,-0.07951169624375136,-0.00023668835131967502,-0.0008386627011002609
2.0,29.0,30.0,3.8126140803164827,0.0001140803164827453,14.5,-0.0795117045290358,-0.00018965549462407932,0.0016680944524478825
2.0,30.0,30.0,4.463114080316483,0.0001140803164827453,14.5,-0.0795117045290358,-0.0001424117834131475,0.004163301707232724
2.0,31.0,30.0,5.1136140803164825,0.0001140803164827453,14.5,-0.0795117045290358,-9.516807220221581e-5,0.006671276777262164
2.0,32.0,30.0,5.761210818512732,0.0,14.5,-0.07951169624375136,-4.8135215506620164e-5,0.009215272554354262
2.0,33.0,30.0,5.814169804212058,0.008042961088223777,14.5,-0.07951228037800337,-4.4288975650505075e-5,0.009426182542059295
2.0,34.0,30.0,5.859335698724533,0.0310574713394014,14.5,-0.07951395184745144,-4.1008722803570846e-5,0.009605300911770583
2.0,35.0,30.0,5.895170689293565,0.06689246190843257,14.5,-0.07951655442692214,-3.840614333287164e-5,0.009745539011619255
2.0,36.0,30.0,5.918185199544742,0.11205835642090678,14.5,-0.07951983467976907,-3.673467388480461e-5,0.009832524243966185
2.0,37.0,30.0,5.926228160632966,0.16501734212023322,14.5,-0.07952368091962518,-3.615053963279415e-5,0.009857006942279456
2.0,38.0,30.0,5.9261140803164825,0.29986408031648293,14.5,-0.07953347440211109,-3.6158824917231876e-5,0.009836515395280571
2.0,39.0,30.0,5.9261140803164825,0.43761408031648275,14.5,-0.07954347873911233,-3.6158824917231876e-5,0.009820258433571186
2.0,40.0,30.0,5.9261140803164825,0.5753640803164828,14.5,-0.07955348307611357,-3.6158824917231876e-5,0.009808355375563753
2.0,41.0,30.0,5.9261140803164825,0.7131140803164828,14.5,-0.07956348741311481,-3.6158824917231876e-5,0.009800609044421127
1.0,1.0,31.0,2.926114080316483,2.213114080316483,15.0,-0.08170920230456122,-0.0002471892858530346,0.002941544686507214
1.0,2.0,31.0,2.926114080316483,2.350864080316483,15.0,-0.08171981939281651,-0.0002471892858530346,0.0029418610477572006
1.0,3.0,31.0,2.926114080316483,2.488614080316483,15.0,-0.0817304364810718,-0.0002471892858530346,0.0029464183385326578
1.0,4.0,31.0,2.926114080316483,2.626364080316483,15.0,-0.0817410535693271,-0.0002471892858530346,0.0029553612243798646
1.0,5.0,31.0,2.9262281606329656,2.7612108185127324,15.0,-0.08175144688853121,-0.0002471804931068401,0.002968671507247857
1.0,6.0,31.0,2.918185199544742,2.8141698042120584,15.0,-0.08175552870504722,-0.00024780040474174056,0.002943181593022779
1.0,7.0,31.0,2.8951706892935642,2.859335698724533,15.0,-0.08175900986866369,-0.0002495742492897554,0.002858442314030978
1.0,8.0,31.0,2.859335698724533,2.8951706892935642,15.0,-0.08176177185238419,-0.00025233623301025565,0.0027237089554559423
1.0,9.0,31.0,2.814169804212059,2.918185199544742,15.0,-0.0817635456969322,-0.00025581739662672087,0.0025528278599286918
1.0,10.0,31.0,2.761210818512732,2.9262281606329656,15.0,-0.0817641656085671,-0.0002598992131427312,0.0023523604604271933
1.0,11.0,31.0,2.113614080316483,2.926114080316483,15.0,-0.08176415681582092,-0.00030981276467280654,-5.8744462785996365e-5
1.0,12.0,31.0,1.4631140803164828,2.926114080316483,15.0,-0.08176415681582092,-0.0003599500852540517,-0.00243425316465962
1.0,13.0,31.0,0.8126140803164827,2.926114080316483,15.0,-0.08176415681582092,-0.00041008740583529685,-0.004798236497403868
1.0,14.0,31.0,0.16501734212023322,2.9262281606329656,15.0,-0.0817641656085671,-0.0004600009573653722,-0.007175348217269258
1.0,15.0,31.0,0.11205835642090678,2.918185199544742,15.0,-0.0817635456969322,-0.0004640827738813825,-0.0073718581855946735
1.0,16.0,31.0,0.06689246190843257,2.8951706892935642,15.0,-0.08176177185238419,-0.00046756393749784774,-0.00753891590983039
1.0,17.0,31.0,0.0310574713394014,2.859335698724533,15.0,-0.08175900986866369,-0.000470325921218348,-0.007669518764896282
1.0,18.0,31.0,0.008042961088223777,2.8141698042120584,15.0,-0.08175552870504722,-0.00047209976576636283,-0.007749796162999745
1.0,19.0,31.0,0.0,2.7612108185127324,15.0,-0.08175144688853121,-0.0004727196774012633,-0.007770775424077068
1.0,20.0,31.0,0.0001140803164827453,2.113614080316483,15.0,-0.08170153333700114,-0.0004727108846550688,-0.007676041262141817
1.0,21.0,31.0,0.0001140803164827453,1.4631140803164828,15.0,-0.0816513960164199,-0.0004727108846550688,-0.007648171318212148
1.0,22.0,31.0,0.0001140803164827453,0.8126140803164827,15.0,-0.08160125869583865,-0.0004727108846550688,-0.007689415316128383
1.0,23.0,31.0,0.0,0.16501734212023322,15.0,-0.08155134514430858,-0.0004727196774012633,-0.007797133854444432
1.0,24.0,31.0,0.008042961088223777,0.11205835642090678,15.0,-0.08154726332779257,-0.00047209976576636283,-0.007777372822115857
1.0,25.0,31.0,0.0310574713394014,0.06689246190843257,15.0,-0.0815437821641761,-0.000470325921218348,-0.00769849580259726
1.0,26.0,31.0,0.06689246190843257,0.0310574713394014,15.0,-0.0815410201804556,-0.00046756393749784774,-0.007569394666565795
1.0,27.0,31.0,0.11205835642090678,0.008042961088223777,15.0,-0.08153924633590759,-0.0004640827738813825,-0.007403787739975089
1.0,28.0,31.0,0.16501734212023322,0.0,15.0,-0.08153862642427269,-0.0004600009573653722,-0.0072085938200952045
1.0,29.0,31.0,0.8126140803164827,0.0001140803164827453,15.0,-0.08153863521701887,-0.00041008740583529685,-0.004845331307944601
1.0,30.0,31.0,1.4631140803164828,0.0001140803164827453,15.0,-0.08153863521701887,-0.0003599500852540517,-0.0024950429659192958
1.0,31.0,31.0,2.113614080316483,0.0001140803164827453,15.0,-0.08153863521701887,-0.00030981276467280654,-0.00013340419198583627
1.0,32.0,31.0,2.7612108185127324,0.0,15.0,-0.08153862642427269,-0.0002598992131427312,0.0022633620179147336
1.0,33.0,31.0,2.814169804212059,0.008042961088223777,15.0,-0.08153924633590759,-0.00025581739662672087,0.002462423534988752
1.0,34.0,31.0,2.859335698724533,0.0310574713394014,15.0,-0.0815410201804556,-0.00025233623301025565,0.0026317466091975313
1.0,35.0,31.0,2.8951706892935642,0.06689246190843257,15.0,-0.0815437821641761,-0.0002495742492897554,0.0027646623679427307
1.0,36.0,31.0,2.918185199544742,0.11205835642090678,15.0,-0.08154726332779257,-0.00024780040474174056,0.002847606549897473
1.0,37.0,31.0,2.9262281606329656,0.16501734212023322,15.0,-0.08155134514430858,-0.0002471804931068401,0.0028716996382921146
1.0,38.0,31.0,2.926114080316483,0.29986408031648293,15.0,-0.0815617384635127,-0.0002471892858530346,0.002854771217099886
1.0,39.0,31.0,2.926114080316483,0.43761408031648275,15.0,-0.08157235555176799,-0.0002471892858530346,0.002842142021367248
1.0,40.0,31.0,2.926114080316483,0.5753640803164828,15.0,-0.08158297264002327,-0.0002471892858530346,0.0028338052463116937
1.0,41.0,31.0,2.926114080316483,0.7131140803164828,15.0,-0.08159358972827857,-0.0002471892858530346,0.002829596501441699
2.0,1.0,31.0,5.9261140803164825,2.213114080316483,15.0,-0.08170920230456122,-1.596413328772266e-5,0.009329456867988261
2.0,2.0,31.0,5.9261140803164825,2.350864080316483,15.0,-0.08171981939281651,-1.596413328772266e-5,0.009326002575627507
2.0,3.0,31.0,5.9261140803164825,2.488614080316483,15.0,-0.0817304364810718,-1.596413328772266e-5,0.009326554139227691
2.0,4.0,31.0,5.9261140803164825,2.626364080316483,15.0,-0.0817410535693271,-1.596413328772266e-5,0.009331279221548189
2.0,5.0,31.0,5.926228160632966,2.7612108185127324,15.0,-0.08175144688853121,-1.5955340541528223e-5,0.0093402678619906
2.0,6.0,31.0,5.918185199544742,2.8141698042120584,15.0,-0.08175552870504722,-1.657525217642869e-5,0.009312889936771668
2.0,7.0,31.0,5.895170689293565,2.859335698724533,15.0,-0.08175900986866369,-1.8349096724443416e-5,0.009226719785032752
2.0,8.0,31.0,5.859335698724533,2.8951706892935642,15.0,-0.08176177185238419,-2.111108044494377e-5,0.009090656311033956
2.0,9.0,31.0,5.814169804212058,2.918185199544742,15.0,-0.0817635456969322,-2.4592244061408945e-5,0.008918620554802508
2.0,10.0,31.0,5.7612108185127315,2.9262281606329656,15.0,-0.0817641656085671,-2.8674060577419288e-5,0.008717501323083774
2.0,11.0,31.0,5.1136140803164825,2.926114080316483,15.0,-0.08176415681582092,-7.858761210749464e-5,0.006298468466656494
2.0,12.0,31.0,4.463114080316483,2.926114080316483,15.0,-0.08176415681582092,-0.0001287249326887397,0.003912683228668762
2.0,13.0,31.0,3.8126140803164827,2.926114080316483,15.0,-0.08176415681582092,-0.0001788622532699849,0.0015378055696414668
2.0,14.0,31.0,3.1650173421202332,2.9262281606329656,15.0,-0.0817641656085671,-0.0002287758048000603,-0.0008494822455355201
2.0,15.0,31.0,3.112058356420907,2.918185199544742,15.0,-0.0817635456969322,-0.0002328576213160706,-0.0010465639105839482
2.0,16.0,31.0,3.0668924619084326,2.8951706892935642,15.0,-0.08176177185238419,-0.00023633878493253582,-0.0012136929371910114
2.0,17.0,31.0,3.0310574713394014,2.859335698724533,15.0,-0.08175900986866369,-0.00023910076865303606,-0.001344084562057087
2.0,18.0,31.0,3.0080429610882238,2.8141698042120584,15.0,-0.08175552870504722,-0.0002408746132010509,-0.0014239368301703895
2.0,19.0,31.0,3.0,2.7612108185127324,15.0,-0.08175144688853121,-0.00024149452483595137,-0.0014441818998552766
2.0,20.0,31.0,3.0001140803164827,2.113614080316483,15.0,-0.08170153333700114,-0.0002414857320897569,-0.001340048575824605
2.0,21.0,31.0,3.0001140803164827,1.4631140803164828,15.0,-0.0816513960164199,-0.0002414857320897569,-0.0013003614553336285
2.0,22.0,31.0,3.0001140803164827,0.8126140803164827,15.0,-0.08160125869583865,-0.0002414857320897569,-0.0013268566190022103
2.0,23.0,31.0,3.0,0.16501734212023322,15.0,-0.08155134514430858,-0.00024149452483595137,-0.0014168232749552708
2.0,24.0,31.0,3.0080429610882238,0.11205835642090678,15.0,-0.08154726332779257,-0.0002408746132010509,-0.0013954634574175034
2.0,25.0,31.0,3.0310574713394014,0.06689246190843257,15.0,-0.0815437821641761,-0.00023910076865303606,-0.0013151789482863535
2.0,26.0,31.0,3.0668924619084326,0.0310574713394014,15.0,-0.0815410201804556,-0.00023633878493253582,-0.0011848995727825177
2.0,27.0,31.0,3.112058356420907,0.008042961088223777,15.0,-0.08153924633590759,-0.0002328576213160706,-0.0010184371017713952
2.0,28.0,31.0,3.1650173421202332,0.0,15.0,-0.08153862642427269,-0.0002287758048000603,-0.0008227386911272846
2.0,29.0,31.0,3.8126140803164827,0.0001140803164827453,15.0,-0.08153863521701887,-0.0001788622532699849,0.0015455992653706787
2.0,30.0,31.0,4.463114080316483,0.0001140803164827453,15.0,-0.08153863521701887,-0.0001287249326887397,0.0039031680334411486
2.0,31.0,31.0,5.1136140803164825,0.0001140803164827453,15.0,-0.08153863521701887,-7.858761210749464e-5,0.006272852063480082
2.0,32.0,31.0,5.761210818512732,0.0,15.0,-0.08153862642427269,-2.8674060577419288e-5,0.008676490908870873
2.0,33.0,31.0,5.814169804212058,0.008042961088223777,15.0,-0.08153924633590759,-2.4592244061408945e-5,0.008875731864449992
2.0,34.0,31.0,5.859335698724533,0.0310574713394014,15.0,-0.0815410201804556,-2.111108044494377e-5,0.009044890363501507
2.0,35.0,31.0,5.895170689293565,0.06689246190843257,15.0,-0.0815437821641761,-1.8349096724443416e-5,0.009177279419868893
2.0,36.0,31.0,5.918185199544742,0.11205835642090678,15.0,-0.08154726332779257,-1.657525217642869e-5,0.009259333345557135
2.0,37.0,31.0,5.926228160632966,0.16501734212023322,15.0,-0.08155134514430858,-1.5955340541528223e-5,0.009282320299030348
2.0,38.0,31.0,5.9261140803164825,0.29986408031648293,15.0,-0.0815617384635127,-1.596413328772266e-5,0.009262594458236507
2.0,39.0,31.0,5.9261140803164825,0.43761408031648275,15.0,-0.08157235555176799,-1.596413328772266e-5,0.009246845488770862
2.0,40.0,31.0,5.9261140803164825,0.5753640803164828,15.0,-0.08158297264002327,-1.596413328772266e-5,0.009235191324248947
2.0,41.0,31.0,5.9261140803164825,0.7131140803164828,15.0,-0.08159358972827857,-1.596413328772266e-5,0.009227445347377669
1.0,1.0,32.0,2.926114080316483,2.213114080316483,15.5,-0.08362729147822791,-0.00023980401752900625,0.002776553004027613
1.0,2.0,32.0,2.926114080316483,2.350864080316483,15.5,-0.08363851445374755,-0.00023980401752900625,0.0027766405345055335
1.0,3.0,32.0,2.926114080316483,2.488614080316483,15.5,-0.08364973742926719,-0.00023980401752900625,0.002780700490950606
1.0,4.0,32.0,2.926114080316483,2.626364080316483,15.5,-0.08366096040478684,-0.00023980401752900625,0.002788954818891087
1.0,5.0,32.0,2.9262281606329656,2.7612108185127324,15.5,-0.08367194684138705,-0.00023979472300560036,0.0028013946570278818
1.0,6.0,32.0,2.918185199544742,2.8141698042120584,15.5,-0.08367626159565239,-0.00024045001124805827,0.0027771214945157855
1.0,7.0,32.0,2.8951706892935642,2.859335698724533,15.5,-0.08367994141945229,-0.00024232508409847959,0.0026979349667436855
1.0,8.0,32.0,2.859335698724533,2.8951706892935642,15.5,-0.08368286102178915,-0.0002452446864353425,0.002571543889304927
1.0,9.0,32.0,2.814169804212059,2.918185199544742,15.5,-0.08368473609463957,-0.00024892451023524287,0.002410900243296033
1.0,10.0,32.0,2.761210818512732,2.9262281606329656,15.5,-0.08368539138288203,-0.0002532392645005689,0.002222960210817265
1.0,11.0,32.0,2.113614080316483,2.926114080316483,15.5,-0.08368538208835863,-0.0003060012415559379,-3.8733070686251486e-5
1.0,12.0,32.0,1.4631140803164828,2.926114080316483,15.5,-0.08368538208835863,-0.0003589997575307305,-0.002267006330461964
1.0,13.0,32.0,0.8126140803164827,2.926114080316483,15.5,-0.08368538208835863,-0.00041199827350552314,-0.0044848143209609845
1.0,14.0,32.0,0.16501734212023322,2.9262281606329656,15.5,-0.08368539138288203,-0.0004647602505608921,-0.006715396268015659
1.0,15.0,32.0,0.11205835642090678,2.918185199544742,15.5,-0.08368473609463957,-0.00046907500482621815,-0.00689980506621881
1.0,16.0,32.0,0.06689246190843257,2.8951706892935642,15.5,-0.08368286102178915,-0.00047275482862611844,-0.007056566871531294
1.0,17.0,32.0,0.0310574713394014,2.859335698724533,15.5,-0.08367994141945229,-0.0004756744309629814,-0.007179109486533352
1.0,18.0,32.0,0.008042961088223777,2.8141698042120584,15.5,-0.08367626159565239,-0.0004775495038134027,-0.00725441713834999
1.0,19.0,32.0,0.0,2.7612108185127324,15.5,-0.08367194684138705,-0.0004782047920558606,-0.0072740708138724144
1.0,20.0,32.0,0.0001140803164827453,2.113614080316483,15.5,-0.08361918486433169,-0.00047819549753245474,-0.007184820330569033
1.0,21.0,32.0,0.0001140803164827453,1.4631140803164828,15.5,-0.0835661863483569,-0.00047819549753245474,-0.007158312243980223
1.0,22.0,32.0,0.0001140803164827453,0.8126140803164827,15.5,-0.08351318783238211,-0.00047819549753245474,-0.007196556758440345
1.0,23.0,32.0,0.0,0.16501734212023322,15.5,-0.08346042585532674,-0.0004782047920558606,-0.007297137756666934
1.0,24.0,32.0,0.008042961088223777,0.11205835642090678,15.5,-0.08345611110106141,-0.0004775495038134027,-0.007278562638406953
1.0,25.0,32.0,0.0310574713394014,0.06689246190843257,15.5,-0.08345243127726151,-0.0004756744309629814,-0.007204530672070074
1.0,26.0,32.0,0.06689246190843257,0.0310574713394014,15.5,-0.08344951167492465,-0.00047275482862611844,-0.007083385038643315
1.0,27.0,32.0,0.11205835642090678,0.008042961088223777,15.5,-0.08344763660207423,-0.00046907500482621815,-0.00692799940814709
1.0,28.0,32.0,0.16501734212023322,0.0,15.5,-0.08344698131383177,-0.0004647602505608921,-0.006744868239116731
1.0,29.0,32.0,0.8126140803164827,0.0001140803164827453,15.5,-0.08344699060835517,-0.00041199827350552314,-0.004527905805331567
1.0,30.0,32.0,1.4631140803164828,0.0001140803164827453,15.5,-0.08344699060835517,-0.0003589997575307305,-0.002323537898222006
1.0,31.0,32.0,2.113614080316483,0.0001140803164827453,15.5,-0.08344699060835517,-0.0003060012415559379,-0.00010888283431714874
1.0,32.0,32.0,2.7612108185127324,0.0,15.5,-0.08344698131383177,-0.00025323926450056885,0.0021387387770181107
1.0,33.0,32.0,2.814169804212059,0.008042961088223777,15.5,-0.08344763660207423,-0.00024892451023524287,0.00232526266547227
1.0,34.0,32.0,2.859335698724533,0.0310574713394014,15.5,-0.08344951167492465,-0.0002452446864353425,0.0024841549305181115
1.0,35.0,32.0,2.8951706892935642,0.06689246190843257,15.5,-0.08345243127726151,-0.00024232508409847959,0.002608865036117376
1.0,36.0,32.0,2.918185199544742,0.11205835642090678,15.5,-0.08345611110106141,-0.00024045001124805827,0.002686442501515286
1.0,37.0,32.0,2.9262281606329656,0.16501734212023322,15.5,-0.08346042585532674,-0.00023979472300560036,0.0027087789613364534
1.0,38.0,32.0,2.926114080316483,0.29986408031648293,15.5,-0.08347141229192696,-0.00023980401752900625,0.002692658871816623
1.0,39.0,32.0,2.926114080316483,0.43761408031648275,15.5,-0.0834826352674466,-0.00023980401752900625,0.0026804205587526012
1.0,40.0,32.0,2.926114080316483,0.5753640803164828,15.5,-0.08349385824296625,-0.00023980401752900625,0.0026723023543219946
1.0,41.0,32.0,2.926114080316483,0.7131140803164828,15.5,-0.08350508121848589,-0.00023980401752900625,0.0026680908662868796
2.0,1.0,32.0,5.9261140803164825,2.213114080316483,15.5,-0.08362729147822791,4.616501955048923e-6,0.008735160051652195
2.0,2.0,32.0,5.9261140803164825,2.350864080316483,15.5,-0.08363851445374755,4.616501955048923e-6,0.008731484686708363
2.0,3.0,32.0,5.9261140803164825,2.488614080316483,15.5,-0.08364973742926719,4.616501955048923e-6,0.00873155270516796
2.0,4.0,32.0,5.9261140803164825,2.626364080316483,15.5,-0.08366096040478684,4.616501955048923e-6,0.008735519109733596
2.0,5.0,32.0,5.926228160632966,2.7612108185127324,15.5,-0.08367194684138705,4.62579647845476e-6,0.008743479614994287
2.0,6.0,32.0,5.918185199544742,2.8141698042120584,15.5,-0.08367626159565239,3.970508235996861e-6,0.008717595008637018
2.0,7.0,32.0,5.895170689293565,2.859335698724533,15.5,-0.08367994141945229,2.0954353855756536e-6,0.008636556855395217
2.0,8.0,32.0,5.859335698724533,2.8951706892935642,15.5,-0.08368286102178915,-8.241669512873937e-7,0.008508719585333066
2.0,9.0,32.0,5.814169804212058,2.918185199544742,15.5,-0.08368473609463957,-4.503990751187685e-6,0.008347159697790742
2.0,10.0,32.0,5.7612108185127315,2.9262281606329656,15.5,-0.08368539138288203,-8.818745016513728e-6,0.008158345845976508
2.0,11.0,32.0,5.1136140803164825,2.926114080316483,15.5,-0.08368538208835863,-6.158072207188269e-5,0.0058874373998221265
2.0,12.0,32.0,4.463114080316483,2.926114080316483,15.5,-0.08368538208835863,-0.00011457923804667526,0.003647540864475307
2.0,13.0,32.0,3.8126140803164827,2.926114080316483,15.5,-0.08368538208835863,-0.00016757775402146796,0.0014177941942393557
2.0,14.0,32.0,3.1650173421202332,2.9262281606329656,15.5,-0.08368539138288203,-0.00022033973107683696,-0.0008236100852112333
2.0,15.0,32.0,3.112058356420907,2.918185199544742,15.5,-0.08368473609463957,-0.00022465448534216296,-0.0010086300888874611
2.0,16.0,32.0,3.0668924619084326,2.8951706892935642,15.5,-0.08368286102178915,-0.00022833430914206328,-0.0011656180362043164
2.0,17.0,32.0,3.0310574713394014,2.859335698724533,15.5,-0.08367994141945229,-0.00023125391147892622,-0.0012879304110705809
2.0,18.0,32.0,3.0080429610882238,2.8141698042120584,15.5,-0.08367626159565239,-0.00023312898432934753,-0.0013626819489606355
2.0,19.0,32.0,3.0,2.7612108185127324,15.5,-0.08367194684138705,-0.00023378427257180544,-0.0013818204557881322
2.0,20.0,32.0,3.0001140803164827,2.113614080316483,15.5,-0.08361918486433169,-0.00023377497804839955,-0.0012837102630249369
2.0,21.0,32.0,3.0001140803164827,1.4631140803164828,15.5,-0.0835661863483569,-0.00023377497804839955,-0.0012458021261716424
2.0,22.0,32.0,3.0001140803164827,0.8126140803164827,15.5,-0.08351318783238211,-0.00023377497804839955,-0.0012695640457324154
2.0,23.0,32.0,3.0,0.16501734212023322,15.5,-0.08346042585532674,-0.00023378427257180544,-0.0013525112732939376
2.0,24.0,32.0,3.0080429610882238,0.11205835642090678,15.5,-0.08345611110106141,-0.00023312898432934753,-0.0013323406146445163
2.0,25.0,32.0,3.0310574713394014,0.06689246190843257,15.5,-0.08345243127726151,-0.00023125391147892622,-0.001256896573111693
2.0,26.0,32.0,3.0668924619084326,0.0310574713394014,15.5,-0.08344951167492465,-0.00022833430914206328,-0.00113456315435677
2.0,27.0,32.0,3.112058356420907,0.008042961088223777,15.5,-0.08344763660207423,-0.00022465448534216296,-0.0009783037433025857
2.0,28.0,32.0,3.1650173421202332,0.0,15.5,-0.08344698131383177,-0.00022033973107683696,-0.000794650256964258
2.0,29.0,32.0,3.8126140803164827,0.0001140803164827453,15.5,-0.08344699060835517,-0.00016757775402146796,0.0014279151861890896
2.0,30.0,32.0,4.463114080316483,0.0001140803164827453,15.5,-0.08344699060835517,-0.00011457923804667526,0.003640530804641231
2.0,31.0,32.0,5.1136140803164825,0.0001140803164827453,15.5,-0.08344699060835517,-6.158072207188269e-5,0.005864578864014524
2.0,32.0,32.0,5.761210818512732,0.0,15.5,-0.08344698131383177,-8.818745016513728e-6,0.008120382609601063
2.0,33.0,32.0,5.814169804212058,0.008042961088223777,15.5,-0.08344763660207423,-4.503990751187685e-6,0.008307333415180087
2.0,34.0,32.0,5.859335698724533,0.0310574713394014,15.5,-0.08344951167492465,-8.241669512873937e-7,0.008466010578986594
2.0,35.0,32.0,5.895170689293565,0.06689246190843257,15.5,-0.08345243127726151,2.0954353855756536e-6,0.00859014951711683
2.0,36.0,32.0,5.918185199544742,0.11205835642090678,15.5,-0.08345611110106141,3.970508235996861e-6,0.008667032303023285
2.0,37.0,32.0,5.926228160632966,0.16501734212023322,15.5,-0.08346042585532674,4.62579647845476e-6,0.008688472984170149
2.0,38.0,32.0,5.9261140803164825,0.29986408031648293,15.5,-0.08347141229192696,4.616501955048923e-6,0.008669632467852392
2.0,39.0,32.0,5.9261140803164825,0.43761408031648275,15.5,-0.0834826352674466,4.616501955048923e-6,0.008654494448397963
2.0,40.0,32.0,5.9261140803164825,0.5753640803164828,15.5,-0.08349385824296625,4.616501955048923e-6,0.008643173909135757
2.0,41.0,32.0,5.9261140803164825,0.7131140803164828,15.5,-0.08350508121848589,4.616501955048923e-6,0.00863549446131247
1.0,1.0,33.0,2.926114080316483,2.213114080316483,16.0,-0.08542055451338812,-0.00023200166484761467,0.0025922152388324765
1.0,2.0,33.0,2.926114080316483,2.350864080316483,16.0,-0.08543237230378696,-0.00023200166484761467,0.0025920485652605567
1.0,3.0,33.0,2.926114080316483,2.488614080316483,16.0,-0.08544419009418579,-0.00023200166484761467,0.002595716882212877
1.0,4.0,33.0,2.926114080316483,2.626364080316483,16.0,-0.08545600788458463,-0.00023200166484761467,0.002603275059975045
1.0,5.0,33.0,2.9262281606329656,2.7612108185127324,16.0,-0.08546757659956082,-0.00023199187771680648,0.0026146920593196074
1.0,6.0,33.0,2.918185199544742,2.8141698042120584,16.0,-0.08547212003471676,-0.0002326818960712648,0.002592610499196801
1.0,7.0,33.0,2.8951706892935642,2.859335698724533,16.0,-0.08547599488825232,-0.00023465634731104936,0.002518285555108488
1.0,8.0,33.0,2.859335698724533,2.8951706892935642,16.0,-0.08547906922877856,-0.00023773068783728625,0.002400524868690133
1.0,9.0,33.0,2.814169804212059,2.918185199544742,16.0,-0.08548104368001834,-0.00024160554137285382,0.0022514666989554835
1.0,10.0,33.0,2.761210818512732,2.9262281606329656,16.0,-0.08548173369837281,-0.00024614897652878624,0.0020763189088018
1.0,11.0,33.0,2.113614080316483,2.926114080316483,16.0,-0.085481723911242,-0.00030170732509484223,-2.831615699188464e-5
1.0,12.0,33.0,1.4631140803164828,2.926114080316483,16.0,-0.085481723911242,-0.0003575147490835457,-0.002101870116109358
1.0,13.0,33.0,0.8126140803164827,2.926114080316483,16.0,-0.085481723911242,-0.0004133221730722491,-0.004166242576211661
1.0,14.0,33.0,0.16501734212023322,2.9262281606329656,16.0,-0.08548173369837281,-0.0004688805216383052,-0.0062431741418978995
1.0,15.0,33.0,0.11205835642090678,2.918185199544742,16.0,-0.08548104368001834,-0.00047342395679423753,-0.006414900192450895
1.0,16.0,33.0,0.06689246190843257,2.8951706892935642,16.0,-0.08547906922877856,-0.0004772988103298051,-0.006560873311690589
1.0,17.0,33.0,0.0310574713394014,2.859335698724533,16.0,-0.08547599488825232,-0.00048037315085604204,-0.006674973650921961
1.0,18.0,33.0,0.008042961088223777,2.8141698042120584,16.0,-0.08547212003471676,-0.00048234760209582653,-0.006745083697423364
1.0,19.0,33.0,0.0,2.7612108185127324,16.0,-0.08546757659956082,-0.00048303762045028486,-0.006763365264039999
1.0,20.0,33.0,0.0001140803164827453,2.113614080316483,16.0,-0.08541201825099477,-0.0004830278333194767,-0.006680062226086432
1.0,21.0,33.0,0.0001140803164827453,1.4631140803164828,16.0,-0.08535621082700606,-0.0004830278333194767,-0.006655110428552107
1.0,22.0,33.0,0.0001140803164827453,0.8126140803164827,16.0,-0.08530040340301735,-0.0004830278333194767,-0.006690238928953408
1.0,23.0,33.0,0.0,0.16501734212023322,16.0,-0.0852448450544513,-0.00048303762045028486,-0.006783299400363264
1.0,24.0,33.0,0.008042961088223777,0.11205835642090678,16.0,-0.08524030161929537,-0.00048234760209582653,-0.0067659624513677135
1.0,25.0,33.0,0.0310574713394014,0.06689246190843257,16.0,-0.0852364267657598,-0.00048037315085604204,-0.006697005536952677
1.0,26.0,33.0,0.06689246190843257,0.0310574713394014,16.0,-0.08523335242523357,-0.0004772988103298051,-0.006584196130734031
1.0,27.0,33.0,0.11205835642090678,0.008042961088223777,16.0,-0.08523137797399379,-0.00047342395679423753,-0.006439520365880008
1.0,28.0,33.0,0.16501734212023322,0.0,16.0,-0.08523068795563932,-0.0004688805216383052,-0.006269026417489076
1.0,29.0,33.0,0.8126140803164827,0.0001140803164827453,16.0,-0.08523069774277013,-0.0004133221730722491,-0.004205382411560366
1.0,30.0,33.0,1.4631140803164828,0.0001140803164827453,16.0,-0.08523069774277013,-0.0003575147490835457,-0.0021541068818261722
1.0,31.0,33.0,2.113614080316483,0.0001140803164827453,16.0,-0.08523069774277013,-0.00030170732509484223,-9.382739894905464e-5
1.0,32.0,33.0,2.7612108185127324,0.0,16.0,-0.08523068795563932,-0.0002461489765287862,0.0019970338450746297
1.0,33.0,33.0,2.814169804212059,0.008042961088223777,16.0,-0.08523137797399379,-0.00024160554137285382,0.0021708133407593957
1.0,34.0,33.0,2.859335698724533,0.0310574713394014,16.0,-0.08523335242523357,-0.00023773068783728625,0.0023183616268296313
1.0,35.0,33.0,2.8951706892935642,0.06689246190843257,16.0,-0.0852364267657598,-0.00023465634731104936,0.002434092117767752
1.0,36.0,33.0,2.918185199544742,0.11205835642090678,16.0,-0.08524030161929537,-0.0002326818960712648,0.0025063156257979767
1.0,37.0,33.0,2.9262281606329656,0.16501734212023322,16.0,-0.0852448450544513,-0.00023199187771680648,0.0025271456645833443
1.0,38.0,33.0,2.926114080316483,0.29986408031648293,16.0,-0.0852564137694275,-0.00023200166484761467,0.0025115031969949104
1.0,39.0,33.0,2.926114080316483,0.43761408031648275,16.0,-0.08526823155982634,-0.00023200166484761467,0.0024998273971587625
1.0,40.0,33.0,2.926114080316483,0.5753640803164828,16.0,-0.08528004935022516,-0.00023200166484761467,0.002491931620510662
1.0,41.0,33.0,2.926114080316483,0.7131140803164828,16.0,-0.085291867140624,-0.00023200166484761467,0.002487721284518376
2.0,1.0,33.0,5.9261140803164825,2.213114080316483,16.0,-0.08542055451338812,2.5373080680610243e-5,0.008122757204365184
2.0,2.0,33.0,5.9261140803164825,2.350864080316483,16.0,-0.08543237230378696,2.5373080680610243e-5,0.008118910590523406
2.0,3.0,33.0,5.9261140803164825,2.488614080316483,16.0,-0.08544419009418579,2.5373080680610243e-5,0.008118523283197286
2.0,4.0,33.0,5.9261140803164825,2.626364080316483,16.0,-0.08545600788458463,2.5373080680610243e-5,0.008121740584823709
2.0,5.0,33.0,5.926228160632966,2.7612108185127324,16.0,-0.08546757659956082,2.538286781141838e-5,0.008128663137946359
2.0,6.0,33.0,5.918185199544742,2.8141698042120584,16.0,-0.08547212003471676,2.4692849456960044e-5,0.00810435753128654
2.0,7.0,33.0,5.895170689293565,2.859335698724533,16.0,-0.08547599488825232,2.2718398217175636e-5,0.008028713241521674
2.0,8.0,33.0,5.859335698724533,2.8951706892935642,16.0,-0.08547906922877856,1.9644057690938612e-5,0.007909512697027785
2.0,9.0,33.0,5.814169804212058,2.918185199544742,16.0,-0.08548104368001834,1.5769204155371083e-5,0.00775894207102946
2.0,10.0,33.0,5.7612108185127315,2.9262281606329656,16.0,-0.08548173369837281,1.1225768999438697e-5,0.007583026150059225
2.0,11.0,33.0,5.1136140803164825,2.926114080316483,16.0,-0.085481723911242,-4.4332579566617336e-5,0.005467327240543636
2.0,12.0,33.0,4.463114080316483,2.926114080316483,16.0,-0.085481723911242,-0.0001001400035553207,0.003380292520543334
2.0,13.0,33.0,3.8126140803164827,2.926114080316483,16.0,-0.085481723911242,-0.00015594742754402422,0.0013026587965231386
2.0,14.0,33.0,3.1650173421202332,2.9262281606329656,16.0,-0.08548173369837281,-0.0002115057761100803,-0.0007858622880323765
2.0,15.0,33.0,3.112058356420907,2.918185199544742,16.0,-0.08548104368001834,-0.00021604921126601264,-0.0009582430081072785
2.0,16.0,33.0,3.0668924619084326,2.8951706892935642,16.0,-0.08547906922877856,-0.0002199240648015802,-0.0011043217458114362
2.0,17.0,33.0,3.0310574713394014,2.859335698724533,16.0,-0.08547599488825232,-0.00022299840532781712,-0.001218366404321769
2.0,18.0,33.0,3.0080429610882238,2.8141698042120584,16.0,-0.08547212003471676,-0.00022497285656760164,-0.0012882888179803265
2.0,19.0,33.0,3.0,2.7612108185127324,16.0,-0.08546757659956082,-0.00022566287492205997,-0.001305831124206474
2.0,20.0,33.0,3.0001140803164827,2.113614080316483,16.0,-0.08541201825099477,-0.00022565308779125178,-0.0012143961845031625
2.0,21.0,33.0,3.0001140803164827,1.4631140803164828,16.0,-0.08535621082700606,-0.00022565308779125178,-0.001178547551380779
2.0,22.0,33.0,3.0001140803164827,0.8126140803164827,16.0,-0.08530040340301735,-0.00022565308779125178,-0.0011995174556901033
2.0,23.0,33.0,3.0,0.16501734212023322,16.0,-0.0852448450544513,-0.00022566287492205997,-0.0012751017121792802
2.0,24.0,33.0,3.0080429610882238,0.11205835642090678,16.0,-0.08524030161929537,-0.00022497285656760164,-0.0012561705061298794
2.0,25.0,33.0,3.0310574713394014,0.06689246190843257,16.0,-0.0852364267657598,-0.00022299840532781712,-0.001185805126586092
2.0,26.0,33.0,3.0668924619084326,0.0310574713394014,16.0,-0.08523335242523357,-0.0002199240648015802,-0.0010718041787919428
2.0,27.0,33.0,3.112058356420907,0.008042961088223777,16.0,-0.08523137797399379,-0.00021604921126601264,-0.0009262454641017418
2.0,28.0,33.0,3.1650173421202332,0.0,16.0,-0.08523068795563932,-0.0002115057761100803,-0.0007551880920921622
2.0,29.0,33.0,3.8126140803164827,0.0001140803164827453,16.0,-0.08523069774277013,-0.00015594742754402422,0.001314708954186981
2.0,30.0,33.0,4.463114080316483,0.0001140803164827453,16.0,-0.08523069774277013,-0.0001001400035553207,0.0033755249232990904
2.0,31.0,33.0,5.1136140803164825,0.0001140803164827453,16.0,-0.08523069774277013,-4.4332579566617336e-5,0.005447085612636985
2.0,32.0,33.0,5.761210818512732,0.0,16.0,-0.08523068795563932,1.1225768999438697e-5,0.0075480888947847095
2.0,33.0,33.0,5.814169804212058,0.008042961088223777,16.0,-0.08523137797399379,1.5769204155371083e-5,0.0077221723376478
2.0,34.0,33.0,5.859335698724533,0.0310574713394014,16.0,-0.08523335242523357,1.9644057690938612e-5,0.007869881664208229
2.0,35.0,33.0,5.895170689293565,0.06689246190843257,16.0,-0.0852364267657598,2.2718398217175636e-5,0.00798539662895265
2.0,36.0,33.0,5.918185199544742,0.11205835642090678,16.0,-0.08524030161929537,2.4692849456960044e-5,0.008056888501602787
2.0,37.0,33.0,5.926228160632966,0.16501734212023322,16.0,-0.0852448450544513,2.538286781141838e-5,0.008076743036771302
2.0,38.0,33.0,5.9261140803164825,0.29986408031648293,16.0,-0.0852564137694275,2.5373080680610243e-5,0.008058911258941119
2.0,39.0,33.0,5.9261140803164825,0.43761408031648275,16.0,-0.08526823155982634,2.5373080680610243e-5,0.008044490993619662
2.0,40.0,33.0,5.9261140803164825,0.5753640803164828,16.0,-0.08528004935022516,2.5373080680610243e-5,0.00803359154968918
2.0,41.0,33.0,5.9261140803164825,0.7131140803164828,16.0,-0.085291867140624,2.5373080680610243e-5,0.008026049077599871
1.0,1.0,34.0,2.926114080316483,2.213114080316483,16.5,-0.08708323634873572,-0.000223904271128921,0.002389517996210812
1.0,2.0,34.0,2.926114080316483,2.350864080316483,16.5,-0.08709563347727285,-0.000223904271128921,0.002389230373418202
1.0,3.0,34.0,2.926114080316483,2.488614080316483,16.5,-0.08710803060580999,-0.000223904271128921,0.002392419069040226
1.0,4.0,34.0,2.926114080316483,2.626364080316483,16.5,-0.08712042773434711,-0.000223904271128921,0.0023994084908209295
1.0,5.0,34.0,2.9262281606329656,2.7612108185127324,16.5,-0.08713256357715098,-0.0002238940042080717,0.002410184543841863
1.0,6.0,34.0,2.918185199544742,2.8141698042120584,16.5,-0.08713732974305233,-0.00022461784901699997,0.00238893596328541
1.0,7.0,34.0,2.8951706892935642,2.859335698724533,16.5,-0.08714139455176206,-0.00022668909287763893,0.0023213526764846735
1.0,8.0,34.0,2.859335698724533,2.8951706892935642,16.5,-0.08714461960427902,-0.0002299141453945989,0.002212878174090952
1.0,9.0,34.0,2.814169804212059,2.918185199544742,16.5,-0.08714669084813965,-0.00023397895410433203,0.002074617305209933
1.0,10.0,34.0,2.761210818512732,2.9262281606329656,16.5,-0.08714741469294858,-0.0002387451200056805,0.0019134804049435775
1.0,11.0,34.0,2.113614080316483,2.926114080316483,16.5,-0.08714740442602774,-0.0002970270801047519,-2.6818770779420134e-5
1.0,12.0,34.0,1.4631140803164828,2.926114080316483,16.5,-0.08714740442602774,-0.000355570325937094,-0.0019385530636854308
1.0,13.0,34.0,0.8126140803164827,2.926114080316483,16.5,-0.08714740442602774,-0.00041411357176943613,-0.003842712633097123
1.0,14.0,34.0,0.16501734212023322,2.9262281606329656,16.5,-0.08714741469294858,-0.0004723955318685075,-0.005759430968554295
1.0,15.0,34.0,0.11205835642090678,2.918185199544742,16.5,-0.08714669084813965,-0.00047716169776985593,-0.005917937789621032
1.0,16.0,34.0,0.06689246190843257,2.8951706892935642,16.5,-0.08714461960427902,-0.0004812265064795891,-0.006052672164874312
1.0,17.0,34.0,0.0310574713394014,2.859335698724533,16.5,-0.08714139455176206,-0.00048445155899654903,-0.006157984956955518
1.0,18.0,34.0,0.008042961088223777,2.8141698042120584,16.5,-0.08713732974305233,-0.000486522802857188,-0.006222692313361534
1.0,19.0,34.0,0.0,2.7612108185127324,16.5,-0.08713256357715098,-0.00048724664766611626,-0.006239562951919958
1.0,20.0,34.0,0.0001140803164827453,2.113614080316483,16.5,-0.08707428161705191,-0.00048723638074526696,-0.00616272454543706
1.0,21.0,34.0,0.0001140803164827453,1.4631140803164828,16.5,-0.08701573837121956,-0.00048723638074526696,-0.006139544588648853
1.0,22.0,34.0,0.0001140803164827453,0.8126140803164827,16.5,-0.08695719512538722,-0.00048723638074526696,-0.006171424414485248
1.0,23.0,34.0,0.0,0.16501734212023322,16.5,-0.08689891316528815,-0.00048724664766611626,-0.0062565310304325
1.0,24.0,34.0,0.008042961088223777,0.11205835642090678,16.5,-0.0868941469993868,-0.000486522802857188,-0.006240476608108081
1.0,25.0,34.0,0.0310574713394014,0.06689246190843257,16.5,-0.08689008219067706,-0.00048445155899654903,-0.006176802194424919
1.0,26.0,34.0,0.06689246190843257,0.0310574713394014,16.5,-0.0868868571381601,-0.0004812265064795891,-0.006072673478479044
1.0,27.0,34.0,0.11205835642090678,0.008042961088223777,16.5,-0.08688478589429947,-0.00047716169776985593,-0.005939153102546109
1.0,28.0,34.0,0.16501734212023322,0.0,16.5,-0.08688406204949055,-0.0004723955318685075,-0.005781824483033056
1.0,29.0,34.0,0.8126140803164827,0.0001140803164827453,16.5,-0.08688407231641139,-0.00041411357176943613,-0.0038779578229053814
1.0,30.0,34.0,1.4631140803164828,0.0001140803164827453,16.5,-0.08688407231641139,-0.000355570325937094,-0.0019864483077521576
1.0,31.0,34.0,2.113614080316483,0.0001140803164827453,16.5,-0.08688407231641139,-0.0002970270801047519,-8.758214836498286e-5
1.0,32.0,34.0,2.7612108185127324,0.0,16.5,-0.08688406204949055,-0.00023874512000568047,0.00183936794598691
1.0,33.0,34.0,2.814169804212059,0.008042961088223777,16.5,-0.08688478589429947,-0.00023397895410433203,0.001999093103459506
1.0,34.0,34.0,2.859335698724533,0.0310574713394014,16.5,-0.0868868571381601,-0.0002299141453945989,0.002135465296776304
1.0,35.0,34.0,2.8951706892935642,0.06689246190843257,16.5,-0.08689008219067706,-0.00022668909287763893,0.0022424089352712515
1.0,36.0,34.0,2.918185199544742,0.11205835642090678,16.5,-0.0868941469993868,-0.00022461784901699997,0.002308582317746306
1.0,37.0,34.0,2.9262281606329656,0.16501734212023322,16.5,-0.08689891316528815,-0.0002238940042080717,0.002327213588706364
1.0,38.0,34.0,2.926114080316483,0.29986408031648293,16.5,-0.08691104900809202,-0.000223904271128921,0.002312695882727078
1.0,39.0,34.0,2.926114080316483,0.43761408031648275,16.5,-0.08692344613662914,-0.000223904271128921,0.0023013235322493033
1.0,40.0,34.0,2.926114080316483,0.5753640803164828,16.5,-0.08693584326516628,-0.000223904271128921,0.0022937159632375158
1.0,41.0,34.0,2.926114080316483,0.7131140803164828,16.5,-0.08694824039370341,-0.000223904271128921,0.0022895951449930316
2.0,1.0,34.0,5.9261140803164825,2.213114080316483,16.5,-0.08708323634873572,4.608763893568523e-5,0.007493619374930067
2.0,2.0,34.0,5.9261140803164825,2.350864080316483,16.5,-0.08709563347727285,4.608763893568523e-5,0.007489647282475619
2.0,3.0,34.0,5.9261140803164825,2.488614080316483,16.5,-0.08710803060580999,4.608763893568523e-5,0.007488832891688636
2.0,4.0,34.0,5.9261140803164825,2.626364080316483,16.5,-0.08712042773434711,4.608763893568523e-5,0.007491305735574166
2.0,5.0,34.0,5.926228160632966,2.7612108185127324,16.5,-0.08713256357715098,4.609790585653451e-5,0.007497174539393405
2.0,6.0,34.0,5.918185199544742,2.8141698042120584,16.5,-0.08713732974305233,4.537406104760622e-5,0.00747452966312884
2.0,7.0,34.0,5.895170689293565,2.859335698724533,16.5,-0.08714139455176206,4.330281718696738e-5,0.0074045207313130565
2.0,8.0,34.0,5.859335698724533,2.8951706892935642,16.5,-0.08714461960427902,4.0077764670007296e-5,0.0072943318684519564
2.0,9.0,34.0,5.814169804212058,2.918185199544742,16.5,-0.08714669084813965,3.60129559602742e-5,0.007155223281230482
2.0,10.0,34.0,5.7612108185127315,2.9262281606329656,16.5,-0.08714741469294858,3.124679005892572e-5,0.00699275725938608
2.0,11.0,34.0,5.1136140803164825,2.926114080316483,16.5,-0.08714740442602774,-2.7035170040145624e-5,0.005038802591155635
2.0,12.0,34.0,4.463114080316483,2.926114080316483,16.5,-0.08714740442602774,-8.557841587248766e-5,0.003111088837193181
2.0,13.0,34.0,3.8126140803164827,2.926114080316483,16.5,-0.08714740442602774,-0.00014412166170482988,0.0011920504385661526
2.0,14.0,34.0,3.1650173421202332,2.9262281606329656,16.5,-0.08714741469294858,-0.00020240362180390126,-0.0007369945232238454
2.0,15.0,34.0,3.112058356420907,2.918185199544742,16.5,-0.08714669084813965,-0.00020716978770524968,-0.0008962245378484392
2.0,16.0,34.0,3.0668924619084326,2.8951706892935642,16.5,-0.08714461960427902,-0.00021123459641498283,-0.0010313838487027325
2.0,17.0,34.0,3.0310574713394014,2.859335698724533,16.5,-0.08714139455176206,-0.0002144596489319428,-0.0011364964841640546
2.0,18.0,34.0,3.0080429610882238,2.8141698042120584,16.5,-0.08713732974305233,-0.00021653089279258177,-0.0012005615401112222
2.0,19.0,34.0,3.0,2.7612108185127324,16.5,-0.08713256357715098,-0.00021725473760151004,-0.0012172829214382298
2.0,20.0,34.0,3.0001140803164827,2.113614080316483,16.5,-0.08707428161705191,-0.00021724447068066074,-0.0011330683479165327
2.0,21.0,34.0,3.0001140803164827,1.4631140803164828,16.5,-0.08701573837121956,-0.00021724447068066074,-0.0010996303445453045
2.0,22.0,34.0,3.0001140803164827,0.8126140803164827,16.5,-0.08695719512538722,-0.00021724447068066074,-0.0011177063087764985
2.0,23.0,34.0,3.0,0.16501734212023322,16.5,-0.08689891316528815,-0.00021725473760151004,-0.0011855461202520358
2.0,24.0,34.0,3.0080429610882238,0.11205835642090678,16.5,-0.0868941469993868,-0.00021653089279258177,-0.0011679143995292256
2.0,25.0,34.0,3.0310574713394014,0.06689246190843257,16.5,-0.08689008219067706,-0.0002144596489319428,-0.0011028301940505599
2.0,26.0,34.0,3.0668924619084326,0.0310574713394014,16.5,-0.0868868571381601,-0.00021123459641498283,-0.0009975030317110232
2.0,27.0,34.0,3.112058356420907,0.008042961088223777,16.5,-0.08688478589429947,-0.00020716978770524968,-0.0008630772837599671
2.0,28.0,34.0,3.1650173421202332,0.0,16.5,-0.08688406204949055,-0.00020240362180390126,-0.0007051821411373291
2.0,29.0,34.0,3.8126140803164827,0.0001140803164827453,16.5,-0.08688407231641139,-0.00014412166170482988,0.001205633663535538
2.0,30.0,34.0,4.463114080316483,0.0001140803164827453,16.5,-0.08688407231641139,-8.557841587248766e-5,0.0031082788779720435
2.0,31.0,34.0,5.1136140803164825,0.0001140803164827453,16.5,-0.08688407231641139,-2.7035170040145624e-5,0.00502103140870417
2.0,32.0,34.0,5.761210818512732,0.0,16.5,-0.08688406204949055,3.124679005892572e-5,0.006960826449939363
2.0,33.0,34.0,5.814169804212058,0.008042961088223777,16.5,-0.08688478589429947,3.60129559602742e-5,0.007121508202375015
2.0,34.0,34.0,5.859335698724533,0.0310574713394014,16.5,-0.0868868571381601,4.0077764670007296e-5,0.00725780502564556
2.0,35.0,34.0,5.895170689293565,0.06689246190843257,16.5,-0.08689008219067706,4.330281718696738e-5,0.007364357431920851
2.0,36.0,34.0,5.918185199544742,0.11205835642090678,16.5,-0.0868941469993868,4.537406104760622e-5,0.007430259289118172
2.0,37.0,34.0,5.926228160632966,0.16501734212023322,16.5,-0.08689891316528815,4.609790585653451e-5,0.007448492959934518
2.0,38.0,34.0,5.9261140803164825,0.29986408031648293,16.5,-0.08691104900809202,4.608763893568523e-5,0.007431801355503547
2.0,39.0,34.0,5.9261140803164825,0.43761408031648275,16.5,-0.08692344613662914,4.608763893568523e-5,0.007418211969999905
2.0,40.0,34.0,5.9261140803164825,0.5753640803164828,16.5,-0.08693584326516628,4.608763893568523e-5,0.007407825285922103
2.0,41.0,34.0,5.9261140803164825,0.7131140803164828,16.5,-0.08694824039370341,4.608763893568523e-5,0.007400488296501431
1.0,1.0,35.0,2.926114080316483,2.213114080316483,17.0,-0.08860999035243397,-0.00021563241188299348,0.0021695751068512713
1.0,2.0,35.0,2.926114080316483,2.350864080316483,17.0,-0.08862294714730118,-0.00021563241188299348,0.0021690578996676232
1.0,3.0,35.0,2.926114080316483,2.488614080316483,17.0,-0.0886359039421684,-0.00021563241188299348,0.0021720671047932107
1.0,4.0,35.0,2.926114080316483,2.626364080316483,17.0,-0.08864886073703561,-0.00021563241188299348,0.0021783932428013466
1.0,5.0,35.0,2.9262281606329656,2.7612108185127324,17.0,-0.08866154445046807,-0.00021562168146369002,0.002188011393851394
1.0,6.0,35.0,2.918185199544742,2.8141698042120584,17.0,-0.08866652578414562,-0.00021637820412753829,0.0021702270179238346
1.0,7.0,35.0,2.8951706892935642,2.859335698724533,17.0,-0.08867077409797641,-0.00021854295395181347,0.0021070204466081856
1.0,8.0,35.0,2.859335698724533,2.8951706892935642,17.0,-0.08867414474495915,-0.0002219136009345466,0.002007849788984981
1.0,9.0,35.0,2.814169804212059,2.918185199544742,17.0,-0.08867630949478343,-0.00022616191476534413,0.001883004494759224
1.0,10.0,35.0,2.761210818512732,2.9262281606329656,17.0,-0.08867706601744728,-0.00023114324844288972,0.0017354041893465236
1.0,11.0,35.0,2.113614080316483,2.926114080316483,17.0,-0.08867705528702798,-0.0002920563380507719,-3.3498086071460015e-5
1.0,12.0,35.0,1.4631140803164828,2.926114080316483,17.0,-0.08867705528702798,-0.0003532425090934056,-0.001776680231959829
1.0,13.0,35.0,0.8126140803164827,2.926114080316483,17.0,-0.08867705528702798,-0.00041442868013603923,-0.0035143705986547566
1.0,14.0,35.0,0.16501734212023322,2.9262281606329656,17.0,-0.08867706601744728,-0.00047534176974392144,-0.005264939068293846
1.0,15.0,35.0,0.11205835642090678,2.918185199544742,17.0,-0.08867630949478343,-0.00048032310342146703,-0.005409745077173713
1.0,16.0,35.0,0.06689246190843257,2.8951706892935642,17.0,-0.08867414474495915,-0.0004845714172522645,-0.0055328319380507016
1.0,17.0,35.0,0.0310574713394014,2.859335698724533,17.0,-0.08867077409797641,-0.0004879420642349977,-0.005629043713342741
1.0,18.0,35.0,0.008042961088223777,2.8141698042120584,17.0,-0.08866652578414562,-0.0004901068140592728,-0.005688171292657897
1.0,19.0,35.0,0.0,2.7612108185127324,17.0,-0.08866154445046807,-0.0004908633367231211,-0.005703614838205923
1.0,20.0,35.0,0.0001140803164827453,2.113614080316483,17.0,-0.08860063136086019,-0.0004908526063038177,-0.00563383315933122
1.0,21.0,35.0,0.0001140803164827453,1.4631140803164828,17.0,-0.08853944518981756,-0.0004908526063038177,-0.005612670135190726
1.0,22.0,35.0,0.0001140803164827453,0.8126140803164827,17.0,-0.08847825901877493,-0.0004908526063038177,-0.005641143971678367
1.0,23.0,35.0,0.0,0.16501734212023322,17.0,-0.08841734592916704,-0.0004908633367231211,-0.005717790630712226
1.0,24.0,35.0,0.008042961088223777,0.11205835642090678,17.0,-0.0884123645954895,-0.0004901068140592728,-0.005703040907096386
1.0,25.0,35.0,0.0310574713394014,0.06689246190843257,17.0,-0.0884081162816587,-0.0004879420642349977,-0.005644828120014293
1.0,26.0,35.0,0.06689246190843257,0.0310574713394014,17.0,-0.08840474563467597,-0.0004845714172522645,-0.005549691937120751
1.0,27.0,35.0,0.11205835642090678,0.008042961088223777,17.0,-0.08840258088485169,-0.00048032310342146703,-0.00542773138617089
1.0,28.0,35.0,0.16501734212023322,0.0,17.0,-0.08840182436218784,-0.00047534176974392144,-0.0052840427599019696
1.0,29.0,35.0,0.8126140803164827,0.0001140803164827453,17.0,-0.08840183509260714,-0.00041442868013603923,-0.0035457778019298758
1.0,30.0,35.0,1.4631140803164828,0.0001140803164827453,17.0,-0.08840183509260714,-0.0003532425090934056,-0.0018201898740362195
1.0,31.0,35.0,2.113614080316483,0.0001140803164827453,17.0,-0.08840183509260714,-0.0002920563380507719,-8.935916913180732e-5
1.0,32.0,35.0,2.7612108185127324,0.0,17.0,-0.08840182436218784,-0.0002311432484428897,0.0016665777066661904
1.0,33.0,35.0,2.814169804212059,0.008042961088223777,17.0,-0.08840258088485169,-0.00022616191476534413,0.0018129197777640219
1.0,34.0,35.0,2.859335698724533,0.0310574713394014,17.0,-0.08840474563467597,-0.0002219136009345466,0.0019364586419669764
1.0,35.0,35.0,2.8951706892935642,0.06689246190843257,17.0,-0.0884081162816587,-0.00021854295395181347,0.002033256604423159
1.0,36.0,35.0,2.918185199544742,0.11205835642090678,17.0,-0.0884123645954895,-0.00021637820412753829,0.0020938396336627656
1.0,37.0,35.0,2.9262281606329656,0.16501734212023322,17.0,-0.08841734592916704,-0.00021562168146369002,0.0021112633897024174
1.0,38.0,35.0,2.926114080316483,0.29986408031648293,17.0,-0.08843002964259951,-0.00021563241188299348,0.0020966791153075133
1.0,39.0,35.0,2.926114080316483,0.43761408031648275,17.0,-0.08844298643746672,-0.00021563241188299348,0.0020861094088577706
1.0,40.0,35.0,2.926114080316483,0.5753640803164828,17.0,-0.08845594323233394,-0.00021563241188299348,0.002078707694478463
1.0,41.0,35.0,2.926114080316483,0.7131140803164828,17.0,-0.08846890002720115,-0.00021563241188299348,0.0020745687781340144
2.0,1.0,35.0,5.9261140803164825,2.213114080316483,17.0,-0.08860999035243397,6.654823858264987e-5,0.006849216691194795
2.0,2.0,35.0,5.9261140803164825,2.350864080316483,17.0,-0.08862294714730118,6.654823858264987e-5,0.006845168970388411
2.0,3.0,35.0,5.9261140803164825,2.488614080316483,17.0,-0.0886359039421684,6.654823858264987e-5,0.006843947260478915
2.0,4.0,35.0,5.9261140803164825,2.626364080316483,17.0,-0.08864886073703561,6.654823858264987e-5,0.006845675085885794
2.0,5.0,35.0,5.926228160632966,2.7612108185127324,17.0,-0.08866154445046807,6.65589690019533e-5,0.006850465216745333
2.0,6.0,35.0,5.918185199544742,2.8141698042120584,17.0,-0.08866652578414562,6.580244633810502e-5,0.0068295432339613655
2.0,7.0,35.0,5.895170689293565,2.859335698724533,17.0,-0.08867077409797641,6.363769651382997e-5,0.006765387529033789
2.0,8.0,35.0,5.859335698724533,2.8951706892935642,17.0,-0.08867414474495915,6.026704953109671e-5,0.006664559061837198
2.0,9.0,35.0,5.814169804212058,2.918185199544742,17.0,-0.08867630949478343,5.601873570029922e-5,0.0065373476825604385
2.0,10.0,35.0,5.7612108185127315,2.9262281606329656,17.0,-0.08867706601744728,5.103740202275363e-5,0.006388827454821611
2.0,11.0,35.0,5.1136140803164825,2.926114080316483,17.0,-0.08867705528702798,-9.87568758512854e-6,0.004602554033952356
2.0,12.0,35.0,4.463114080316483,2.926114080316483,17.0,-0.08867705528702798,-7.106185862776213e-5,0.002840049537004457
2.0,13.0,35.0,3.8126140803164827,2.926114080316483,17.0,-0.08867705528702798,-0.0001322480296703959,0.0010856426813410163
2.0,14.0,35.0,3.1650173421202332,2.9262281606329656,17.0,-0.08867706601744728,-0.0001931611192782781,-0.000677915040025858
2.0,15.0,35.0,3.112058356420907,2.918185199544742,17.0,-0.08867630949478343,-0.00019814245295582365,-0.0008234208155178753
2.0,16.0,35.0,3.0668924619084326,2.8951706892935642,17.0,-0.08867414474495915,-0.0002023907667866212,-0.0009465758561058202
2.0,17.0,35.0,3.0310574713394014,2.859335698724533,17.0,-0.08867077409797641,-0.0002057614137693543,-0.0010430122376290933
2.0,18.0,35.0,3.0080429610882238,2.8141698042120584,17.0,-0.08866652578414562,-0.0002079261635936295,-0.001102456003713694
2.0,19.0,35.0,3.0,2.7612108185127324,17.0,-0.08866154445046807,-0.00020868268625747778,-0.0011169037185956793
2.0,20.0,35.0,3.0001140803164827,2.113614080316483,17.0,-0.08860063136086019,-0.0002086719558381743,-0.001040859045501792
2.0,21.0,35.0,3.0001140803164827,1.4631140803164828,17.0,-0.08853944518981756,-0.0002086719558381743,-0.0010101626710872097
2.0,22.0,35.0,3.0001140803164827,0.8126140803164827,17.0,-0.08847825901877493,-0.0002086719558381743,-0.0010251936468013037
2.0,23.0,35.0,3.0,0.16501734212023322,17.0,-0.08841734592916704,-0.00020868268625747778,-0.0010847991081583868
2.0,24.0,35.0,3.0080429610882238,0.11205835642090678,17.0,-0.0884123645954895,-0.0002079261635936295,-0.0010684928728372299
2.0,25.0,35.0,3.0310574713394014,0.06689246190843257,17.0,-0.0884081162816587,-0.0002057614137693543,-0.0010089101643300119
2.0,26.0,35.0,3.0668924619084326,0.0310574713394014,17.0,-0.08840474563467597,-0.0002023907667866212,-0.0009125998455282823
2.0,27.0,35.0,3.112058356420907,0.008042961088223777,17.0,-0.08840258088485169,-0.00019814245295582365,-0.0007897520545848357
2.0,28.0,35.0,3.1650173421202332,0.0,17.0,-0.08840182436218784,-0.0001931611192782781,-0.0006454347977077584
2.0,29.0,35.0,3.8126140803164827,0.0001140803164827453,17.0,-0.08840183509260714,-0.0001322480296703959,0.0011003114094414678
2.0,30.0,35.0,4.463114080316483,0.0001140803164827453,17.0,-0.08840183509260714,-7.106185862776213e-5,0.002838902715176662
2.0,31.0,35.0,5.1136140803164825,0.0001140803164827453,17.0,-0.08840183509260714,-9.87568758512854e-6,0.0045870980553379655
2.0,32.0,35.0,5.761210818512732,0.0,17.0,-0.08840182436218784,5.103740202275363e-5,0.006359891768470767
2.0,33.0,35.0,5.814169804212058,0.008042961088223777,17.0,-0.08840258088485169,5.601873570029922e-5,0.006506691772144072
2.0,34.0,35.0,5.859335698724533,0.0310574713394014,17.0,-0.08840474563467597,6.026704953109671e-5,0.006631168825107399
2.0,35.0,35.0,5.895170689293565,0.06689246190843257,17.0,-0.0884081162816587,6.363769651382997e-5,0.006728448425623227
2.0,36.0,35.0,5.918185199544742,0.11205835642090678,17.0,-0.0884123645954895,6.580244633810502e-5,0.006788585987874912
2.0,37.0,35.0,5.926228160632966,0.16501734212023322,17.0,-0.08841734592916704,6.65589690019533e-5,0.006805183418637545
2.0,38.0,35.0,5.9261140803164825,0.29986408031648293,17.0,-0.08843002964259951,6.654823858264987e-5,0.0067897726389084334
2.0,39.0,35.0,5.9261140803164825,0.43761408031648275,17.0,-0.08844298643746672,6.654823858264987e-5,0.006777132743254561
2.0,40.0,35.0,5.9261140803164825,0.5753640803164828,17.0,-0.08845594323233394,6.654823858264987e-5,0.006767354261648217
2.0,41.0,35.0,5.9261140803164825,0.7131140803164828,17.0,-0.08846890002720115,6.654823858264987e-5,0.00676029911716593
1.0,1.0,36.0,2.926114080316483,2.213114080316483,17.5,-0.08999586676884855,-0.00020730672427378156,0.0019332385624817876
1.0,2.0,36.0,2.926114080316483,2.350864080316483,17.5,-0.09000935903002853,-0.00020730672427378156,0.001932744965560091
1.0,3.0,36.0,2.926114080316483,2.488614080316483,17.5,-0.09002285129120853,-0.00020730672427378156,0.0019351693544502845
1.0,4.0,36.0,2.926114080316483,2.626364080316483,17.5,-0.09003634355238853,-0.00020730672427378156,0.0019412889822720953
1.0,5.0,36.0,2.9262281606329656,2.7612108185127324,17.5,-0.09004955144647937,-0.0002072955503977345,0.0019509194788336246
1.0,6.0,36.0,2.918185199544742,2.8141698042120584,17.5,-0.09005473864406109,-0.0002080833379234176,0.0019323928169191023
1.0,7.0,36.0,2.8951706892935642,2.859335698724533,17.5,-0.0900591625282367,-0.00021033755050591153,0.0018781463225089738
1.0,8.0,36.0,2.859335698724533,2.8951706892935642,17.5,-0.09006267247416876,-0.00021384749643796235,0.0017892863318281283
1.0,9.0,36.0,2.814169804212059,2.918185199544742,17.5,-0.09006492668675126,-0.000218271380613573,0.0016749091213766466
1.0,10.0,36.0,2.761210818512732,2.9262281606329656,17.5,-0.09006571447427694,-0.00022345857819530002,0.0015432303951812571
1.0,11.0,36.0,2.113614080316483,2.926114080316483,17.5,-0.0900657033004009,-0.00028688902705959125,-4.758275041972959e-5
1.0,12.0,36.0,1.4631140803164828,2.926114080316483,17.5,-0.0900657033004009,-0.0003506038430130303,-0.0016157343721009635
1.0,13.0,36.0,0.8126140803164827,2.926114080316483,17.5,-0.0900657033004009,-0.00041431865896646934,-0.00318129706737625
1.0,14.0,36.0,0.16501734212023322,2.9262281606329656,17.5,-0.09006571447427694,-0.0004777491078307607,-0.004760495791847807
1.0,15.0,36.0,0.11205835642090678,2.918185199544742,17.5,-0.09006492668675126,-0.0004829363054124876,-0.004891176574378104
1.0,16.0,36.0,0.06689246190843257,2.8951706892935642,17.5,-0.09006267247416876,-0.0004873601895880983,-0.005002266956876339
1.0,17.0,36.0,0.0310574713394014,2.859335698724533,17.5,-0.0900591625282367,-0.000490870135520149,-0.005089116989493599
1.0,18.0,36.0,0.008042961088223777,2.8141698042120584,17.5,-0.09005473864406109,-0.000493124348102643,-0.0051425167199105615
1.0,19.0,36.0,0.0,2.7612108185127324,17.5,-0.09004955144647937,-0.0004939121356283262,-0.0051565202858755
1.0,20.0,36.0,0.0001140803164827453,2.113614080316483,17.5,-0.08998612099761508,-0.0004939009617522791,-0.0050944959113760485
1.0,21.0,36.0,0.0001140803164827453,1.4631140803164828,17.5,-0.08992240618166164,-0.0004939009617522791,-0.005075628114970675
1.0,22.0,36.0,0.0001140803164827453,0.8126140803164827,17.5,-0.0898586913657082,-0.0004939009617522791,-0.0051005109827451855
1.0,23.0,36.0,0.0,0.16501734212023322,17.5,-0.08979526091684391,-0.0004939121356283262,-0.005168084431554075
1.0,24.0,36.0,0.008042961088223777,0.11205835642090678,17.5,-0.08979007371926219,-0.000493124348102643,-0.005154657461985621
1.0,25.0,36.0,0.0310574713394014,0.06689246190843257,17.5,-0.08978564983508658,-0.000490870135520149,-0.005102056867105939
1.0,26.0,36.0,0.06689246190843257,0.0310574713394014,17.5,-0.08978213988915452,-0.0004873601895880983,-0.0050161735933149645
1.0,27.0,36.0,0.11205835642090678,0.008042961088223777,17.5,-0.08977988567657202,-0.0004829363054124876,-0.004906117622155146
1.0,28.0,36.0,0.16501734212023322,0.0,17.5,-0.08977909788904634,-0.0004777491078307607,-0.004776484757320746
1.0,29.0,36.0,0.8126140803164827,0.0001140803164827453,17.5,-0.08977910906292239,-0.00041431865896646934,-0.0032089300657041023
1.0,30.0,36.0,1.4631140803164828,0.0001140803164827453,17.5,-0.08977910906292239,-0.0003506038430130303,-0.0016547893447339294
1.0,31.0,36.0,2.113614080316483,0.0001140803164827453,17.5,-0.08977910906292239,-0.00028688902705959125,-9.841176606064774e-5
1.0,32.0,36.0,2.7612108185127324,0.0,17.5,-0.08977909788904634,-0.0002234585781953,0.0014799612839762678
1.0,33.0,36.0,2.814169804212059,0.008042961088223777,17.5,-0.08977988567657202,-0.000218271380613573,0.0016102058179653595
1.0,34.0,36.0,2.859335698724533,0.0310574713394014,17.5,-0.08978213988915452,-0.00021384749643796235,0.0017224883346080705
1.0,35.0,36.0,2.8951706892935642,0.06689246190843257,17.5,-0.08978564983508658,-0.00021033755050591153,0.0018103658732611689
1.0,36.0,36.0,2.918185199544742,0.11205835642090678,17.5,-0.08979007371926219,-0.0002080833379234176,0.001863964777838847
1.0,37.0,36.0,2.9262281606329656,0.16501734212023322,17.5,-0.08979526091684391,-0.0002072955503977345,0.0018781190809881302
1.0,38.0,36.0,2.926114080316483,0.29986408031648293,17.5,-0.08980846881093475,-0.00020730672427378156,0.0018655381870793806
1.0,39.0,36.0,2.926114080316483,0.43761408031648275,17.5,-0.08982196107211475,-0.00020730672427378156,0.0018547395439604316
1.0,40.0,36.0,2.926114080316483,0.5753640803164828,17.5,-0.08983545333329475,-0.00020730672427378156,0.0018476951596801737
1.0,41.0,36.0,2.926114080316483,0.7131140803164828,17.5,-0.08984894559447473,-0.00020730672427378156,0.0018438418916503323
2.0,1.0,36.0,5.9261140803164825,2.213114080316483,17.5,-0.08999586676884855,8.653562447382356e-5,0.006191151387735358
2.0,2.0,36.0,5.9261140803164825,2.350864080316483,17.5,-0.09000935903002853,8.653562447382356e-5,0.006187063579470651
2.0,3.0,36.0,5.9261140803164825,2.488614080316483,17.5,-0.09002285129120853,8.653562447382356e-5,0.006185451049898264
2.0,4.0,36.0,5.9261140803164825,2.626364080316483,17.5,-0.09003634355238853,8.653562447382356e-5,0.006186414192018814
2.0,5.0,36.0,5.926228160632966,2.7612108185127324,17.5,-0.09004955144647937,8.654679834987057e-5,0.00619008438047183
2.0,6.0,36.0,5.918185199544742,2.8141698042120584,17.5,-0.09005473864406109,8.575901082418747e-5,0.006170947937439385
2.0,7.0,36.0,5.895170689293565,2.859335698724533,17.5,-0.0900591625282367,8.350479824169364e-5,0.00611283636576781
2.0,8.0,36.0,5.859335698724533,2.8951706892935642,17.5,-0.09006267247416876,7.999485230964272e-5,0.006021665417709936
2.0,9.0,36.0,5.814169804212058,2.918185199544742,17.5,-0.09006492668675126,7.55709681340321e-5,0.005906731605333369
2.0,10.0,36.0,5.7612108185127315,2.9262281606329656,17.5,-0.09006571447427694,7.038377055230509e-5,0.0057726111544602115
2.0,11.0,36.0,5.1136140803164825,2.926114080316483,17.5,-0.0900657033004009,6.953321688013838e-6,0.004159281751663904
2.0,12.0,36.0,4.463114080316483,2.926114080316483,17.5,-0.0900657033004009,-5.6761494265425125e-5,0.002567265149784443
2.0,13.0,36.0,3.8126140803164827,2.926114080316483,17.5,-0.0900657033004009,-0.00012047631021886426,0.0009830223744458392
2.0,14.0,36.0,3.1650173421202332,2.9262281606329656,17.5,-0.09006571447427694,-0.00018390675908315556,-0.0006092972364823477
2.0,15.0,36.0,3.112058356420907,2.918185199544742,17.5,-0.09006492668675126,-0.00018909395666488253,-0.0007408067032166498
2.0,16.0,36.0,3.0668924619084326,2.8951706892935642,17.5,-0.09006267247416876,-0.0001935178408404932,-0.0008525873352352013
2.0,17.0,36.0,3.0310574713394014,2.859335698724533,17.5,-0.0900591625282367,-0.000197027786772544,-0.0009390646081346791
2.0,18.0,36.0,3.0080429610882238,2.8141698042120584,17.5,-0.09005473864406109,-0.00019928199935503795,-0.0009913389633317128
2.0,19.0,36.0,3.0,2.7612108185127324,17.5,-0.09004955144647937,-0.00020006978688072102,-0.0010061121473525017
2.0,20.0,36.0,3.0001140803164827,2.113614080316483,17.5,-0.08998612099761508,-0.00020005861300467396,-0.0009387959978466085
2.0,21.0,36.0,3.0001140803164827,1.4631140803164828,17.5,-0.08992240618166164,-0.00020005861300467396,-0.0009114620476292699
2.0,22.0,36.0,3.0001140803164827,0.8126140803164827,17.5,-0.0898586913657082,-0.00020005861300467396,-0.0009230906961248941
2.0,23.0,36.0,3.0,0.16501734212023322,17.5,-0.08979526091684391,-0.00020006978688072102,-0.0009738125956080536
2.0,24.0,36.0,3.0080429610882238,0.11205835642090678,17.5,-0.08979007371926219,-0.00019928199935503795,-0.0009588703658808641
2.0,25.0,36.0,3.0310574713394014,0.06689246190843257,17.5,-0.08978564983508658,-0.000197027786772544,-0.0009049018044205944
2.0,26.0,36.0,3.0668924619084326,0.0310574713394014,17.5,-0.08978213988915452,-0.0001935178408404932,-0.0008178632515585537
2.0,27.0,36.0,3.112058356420907,0.008042961088223777,17.5,-0.08977988567657202,-0.00018909395666488253,-0.0007069286382342507
2.0,28.0,36.0,3.1650173421202332,0.0,17.5,-0.08977909788904634,-0.00018390675908315556,-0.0005767866781540206
2.0,29.0,36.0,3.8126140803164827,0.0001140803164827453,17.5,-0.08977910906292239,-0.00012047631021886426,0.0009983521622525884
2.0,30.0,36.0,4.463114080316483,0.0001140803164827453,17.5,-0.08977910906292239,-5.6761494265425125e-5,0.0025674487492084045
2.0,31.0,36.0,5.1136140803164825,0.0001140803164827453,17.5,-0.08977910906292239,6.953321688013838e-6,0.004145985249669333
2.0,32.0,36.0,5.761210818512732,0.0,17.5,-0.08977909788904634,7.038377055230509e-5,0.0057466710010541594
2.0,33.0,36.0,5.814169804212058,0.008042961088223777,17.5,-0.08977988567657202,7.55709681340321e-5,0.005879155834134966
2.0,34.0,36.0,5.859335698724533,0.0310574713394014,17.5,-0.08978213988915452,7.999485230964272e-5,0.005991461946416482
2.0,35.0,36.0,5.895170689293565,0.06689246190843257,17.5,-0.08978564983508658,8.350479824169364e-5,0.006079207292184443
2.0,36.0,36.0,5.918185199544742,0.11205835642090678,17.5,-0.08979007371926219,8.575901082418747e-5,0.006133431277475097
2.0,37.0,36.0,5.926228160632966,0.16501734212023322,17.5,-0.08979526091684391,8.654679834987057e-5,0.006148376560052124
2.0,38.0,36.0,5.9261140803164825,0.29986408031648293,17.5,-0.08980846881093475,8.653562447382356e-5,0.006134402385142072
2.0,39.0,36.0,5.9261140803164825,0.43761408031648275,17.5,-0.08982196107211475,8.653562447382356e-5,0.0061228473209409716
2.0,40.0,36.0,5.9261140803164825,0.5753640803164828,17.5,-0.08983545333329475,8.653562447382356e-5,0.006113779386529676
2.0,41.0,36.0,5.9261140803164825,0.7131140803164828,17.5,-0.08984894559447473,8.653562447382356e-5,0.006107071650285208
1.0,1.0,37.0,2.926114080316483,2.213114080316483,18.0,-0.09123635965529685,-0.00019903762444518173,0.0016814048676990084
1.0,2.0,37.0,2.926114080316483,2.350864080316483,18.0,-0.09125035957276713,-0.00019903762444518173,0.0016807440958679528
1.0,3.0,37.0,2.926114080316483,2.488614080316483,18.0,-0.09126435949023741,-0.00019903762444518173,0.001683560977925928
1.0,4.0,37.0,2.926114080316483,2.626364080316483,18.0,-0.09127835940770768,-0.00019903762444518173,0.0016886890848982375
1.0,5.0,37.0,2.9262281606329656,2.7612108185127324,18.0,-0.09129206425856709,-0.00019902603014379703,0.0016966146017807812
1.0,6.0,37.0,2.918185199544742,2.8141698042120584,18.0,-0.09129744662828833,-0.00019984345875687708,0.0016850240543972302
1.0,7.0,37.0,2.8951706892935642,2.859335698724533,18.0,-0.09130203696437286,-0.00020218248775241473,0.0016329896568615437
1.0,8.0,37.0,2.859335698724533,2.8951706892935642,18.0,-0.09130567897461253,-0.00020582449799208487,0.0015538446312897576
1.0,9.0,37.0,2.814169804212059,2.918185199544742,18.0,-0.09130801800360808,-0.00021041483407662815,0.001455885212195704
1.0,10.0,37.0,2.761210818512732,2.9262281606329656,18.0,-0.09130883543222115,-0.0002157972037978631,0.0013374096902329202
1.0,11.0,37.0,2.113614080316483,2.926114080316483,18.0,-0.09130882383791977,-0.0002816142701410031,-6.803937597473166e-5
1.0,12.0,37.0,1.4631140803164828,2.926114080316483,18.0,-0.09130882383791977,-0.00034772640309501155,-0.0014550144810606598
1.0,13.0,37.0,0.8126140803164827,2.926114080316483,18.0,-0.09130882383791977,-0.00041383853604901993,-0.0028434681861058946
1.0,14.0,37.0,0.16501734212023322,2.9262281606329656,18.0,-0.09130883543222115,-0.00047965560239216,-0.004246960171665779
1.0,15.0,37.0,0.11205835642090678,2.918185199544742,18.0,-0.09130801800360808,-0.0004850379721133949,-0.004363154317983586
1.0,16.0,37.0,0.06689246190843257,2.8951706892935642,18.0,-0.09130567897461253,-0.0004896283081979382,-0.004461935969685114
1.0,17.0,37.0,0.0310574713394014,2.859335698724533,18.0,-0.09130203696437286,-0.0004932703184376083,-0.004539192740184774
1.0,18.0,37.0,0.008042961088223777,2.8141698042120584,18.0,-0.09129744662828833,-0.000495609347433146,-0.004586757915612238
1.0,19.0,37.0,0.0,2.7612108185127324,18.0,-0.09129206425856709,-0.000496426776046226,-0.004599363400193287
1.0,20.0,37.0,0.0001140803164827453,2.113614080316483,18.0,-0.09122624719222394,-0.0004964151817448413,-0.00454591213206601
1.0,21.0,37.0,0.0001140803164827453,1.4631140803164828,18.0,-0.09116013505926994,-0.0004964151817448413,-0.004529659365553042
1.0,22.0,37.0,0.0001140803164827453,0.8126140803164827,18.0,-0.09109402292631594,-0.0004964151817448413,-0.004550731966008323
1.0,23.0,37.0,0.0,0.16501734212023322,18.0,-0.09102820585997279,-0.000496426776046226,-0.004608504949925201
1.0,24.0,37.0,0.008042961088223777,0.11205835642090678,18.0,-0.09102282349025155,-0.000495609347433146,-0.004596364897887199
1.0,25.0,37.0,0.0310574713394014,0.06689246190843257,18.0,-0.09101823315416702,-0.0004932703184376083,-0.0045494847700362296
1.0,26.0,37.0,0.06689246190843257,0.0310574713394014,18.0,-0.09101459114392735,-0.0004896283081979382,-0.0044730837314669696
1.0,27.0,37.0,0.11205835642090678,0.008042961088223777,18.0,-0.0910122521149318,-0.0004850379721133949,-0.004375240169071405
1.0,28.0,37.0,0.16501734212023322,0.0,18.0,-0.09101143468631873,-0.00047965560239216,-0.004260018787107049
1.0,29.0,37.0,0.8126140803164827,0.0001140803164827453,18.0,-0.0910114462806201,-0.00041383853604901993,-0.0028673984263890714
1.0,30.0,37.0,1.4631140803164828,0.0001140803164827453,18.0,-0.0910114462806201,-0.00034772640309501155,-0.001489538939893649
1.0,31.0,37.0,2.113614080316483,0.0001140803164827453,18.0,-0.0910114462806201,-0.0002816142701410031,-0.00011361715938225127
1.0,32.0,37.0,2.7612108185127324,0.0,18.0,-0.09101143468631873,-0.00021579720379786305,0.0012797982195230598
1.0,33.0,37.0,2.814169804212059,0.008042961088223777,18.0,-0.0910122521149318,-0.00021041483407662815,0.0013971869138864857
1.0,34.0,37.0,2.859335698724533,0.0310574713394014,18.0,-0.09101459114392735,-0.00020582449799208487,0.001494191264572598
1.0,35.0,37.0,2.8951706892935642,0.06689246190843257,18.0,-0.09101823315416702,-0.00020218248775241473,0.0015701474547971661
1.0,36.0,37.0,2.918185199544742,0.11205835642090678,18.0,-0.09102282349025155,-0.00019984345875687708,0.0016183262463570144
1.0,37.0,37.0,2.9262281606329656,0.16501734212023322,18.0,-0.09102820585997279,-0.00019902603014379703,0.00163256624469393
1.0,38.0,37.0,2.926114080316483,0.29986408031648293,18.0,-0.0910419107108322,-0.00019903762444518173,0.00161788979509402
1.0,39.0,37.0,2.926114080316483,0.43761408031648275,18.0,-0.09105591062830247,-0.00019903762444518173,0.0016087373848399243
1.0,40.0,37.0,2.926114080316483,0.5753640803164828,18.0,-0.09106991054577275,-0.00019903762444518173,0.0016017289860957395
1.0,41.0,37.0,2.926114080316483,0.7131140803164828,18.0,-0.09108391046324303,-0.00019903762444518173,0.0015975456667101273
2.0,1.0,37.0,5.9261140803164825,2.213114080316483,18.0,-0.09123635965529685,0.00010586075966246652,0.005521150378453035
2.0,2.0,37.0,5.9261140803164825,2.350864080316483,18.0,-0.09125035957276713,0.00010586075966246652,0.00551706713914013
2.0,3.0,37.0,5.9261140803164825,2.488614080316483,18.0,-0.09126435949023741,0.00010586075966246652,0.005515058782516866
2.0,4.0,37.0,5.9261140803164825,2.626364080316483,18.0,-0.09127835940770768,0.00010586075966246652,0.005515229538345082
2.0,5.0,37.0,5.926228160632966,2.7612108185127324,18.0,-0.09129206425856709,0.00010587235396385118,0.005517706598683736
2.0,6.0,37.0,5.918185199544742,2.8141698042120584,18.0,-0.09129744662828833,0.00010505492535077113,0.005500373349196767
2.0,7.0,37.0,5.895170689293565,2.859335698724533,18.0,-0.09130203696437286,0.00010271589635523362,0.005448467214162023
2.0,8.0,37.0,5.859335698724533,2.8951706892935642,18.0,-0.09130567897461253,9.907388611556335e-5,0.0053672337880766585
2.0,9.0,37.0,5.814169804212058,2.918185199544742,18.0,-0.09130801800360808,9.448355003102009e-5,0.005264926787652263
2.0,10.0,37.0,5.7612108185127315,2.9262281606329656,18.0,-0.09130883543222115,8.910118030978516e-5,0.00514558512528622
2.0,11.0,37.0,5.1136140803164825,2.926114080316483,18.0,-0.09130882383791977,2.3284113966645128e-5,0.003709699637887981
2.0,12.0,37.0,4.463114080316483,2.926114080316483,18.0,-0.09130882383791977,-4.2828018987363186e-5,0.0022927103645743233
2.0,13.0,37.0,3.8126140803164827,2.926114080316483,18.0,-0.09130882383791977,-0.00010894015194137169,0.0008837908146750638
2.0,14.0,37.0,3.1650173421202332,2.9262281606329656,18.0,-0.09130883543222115,-0.00017475721828451174,-0.0005319548061490236
2.0,15.0,37.0,3.112058356420907,2.918185199544742,18.0,-0.09130801800360808,-0.00018013958800574664,-0.0006487255947879542
2.0,16.0,37.0,3.0668924619084326,2.8951706892935642,18.0,-0.09130567897461253,-0.00018472992409028995,-0.0007473754812937594
2.0,17.0,37.0,3.0310574713394014,2.859335698724533,18.0,-0.09130203696437286,-0.00018837193432996008,-0.0008254289520638735
2.0,18.0,37.0,3.0080429610882238,2.8141698042120584,18.0,-0.09129744662828833,-0.00019071096332549774,-0.0008744460576439278
2.0,19.0,37.0,3.0,2.7612108185127324,18.0,-0.09129206425856709,-0.00019152839193857778,-0.0008847926497799579
2.0,20.0,37.0,3.0001140803164827,2.113614080316483,18.0,-0.09122624719222394,-0.00019151679763719309,-0.0008284110290492312
2.0,21.0,37.0,3.0001140803164827,1.4631140803164828,18.0,-0.09116013505926994,-0.00019151679763719309,-0.000804984857442256
2.0,22.0,37.0,3.0001140803164827,0.8126140803164827,18.0,-0.09109402292631594,-0.00019151679763719309,-0.0008126442935689272
2.0,23.0,37.0,3.0,0.16501734212023322,18.0,-0.09102820585997279,-0.00019152839193857778,-0.0008533237481386542
2.0,24.0,37.0,3.0080429610882238,0.11205835642090678,18.0,-0.09102282349025155,-0.00019071096332549774,-0.0008397716108468193
2.0,25.0,37.0,3.0310574713394014,0.06689246190843257,18.0,-0.09101823315416702,-0.00018837193432996008,-0.00079170456568646
2.0,26.0,37.0,3.0668924619084326,0.0310574713394014,18.0,-0.09101459114392735,-0.00018472992409028995,-0.00071427326391289
2.0,27.0,37.0,3.112058356420907,0.008042961088223777,18.0,-0.0910122521149318,-0.00018013958800574664,-0.0006156564204883605
2.0,28.0,37.0,3.1650173421202332,0.0,18.0,-0.09101143468631873,-0.00017475721828451174,-0.000499801198566336
2.0,29.0,37.0,3.8126140803164827,0.0001140803164827453,18.0,-0.0910114462806201,-0.00010894015194137169,0.0008992459828397256
2.0,30.0,37.0,4.463114080316483,0.0001140803164827453,18.0,-0.0910114462806201,-4.2828018987363186e-5,0.00229387632394689
2.0,31.0,37.0,5.1136140803164825,0.0001140803164827453,18.0,-0.0910114462806201,2.3284113966645128e-5,0.003698401359274445
2.0,32.0,37.0,5.761210818512732,0.0,18.0,-0.09101143468631873,8.910118030978516e-5,0.005122664150228063
2.0,33.0,37.0,5.814169804212058,0.008042961088223777,18.0,-0.0910122521149318,9.448355003102009e-5,0.005240470633777756
2.0,34.0,37.0,5.859335698724533,0.0310574713394014,18.0,-0.09101459114392735,9.907388611556335e-5,0.005340284903814993
2.0,35.0,37.0,5.895170689293565,0.06689246190843257,18.0,-0.09101823315416702,0.00010271589635523362,0.005418255851975771
2.0,36.0,37.0,5.918185199544742,0.11205835642090678,18.0,-0.09102282349025155,0.00010505492535077113,0.005466448841465052
2.0,37.0,37.0,5.926228160632966,0.16501734212023322,18.0,-0.09102820585997279,0.00010587235396385118,0.005479769801032816
2.0,38.0,37.0,5.9261140803164825,0.29986408031648293,18.0,-0.0910419107108322,0.00010586075966246652,0.005467415750535529
2.0,39.0,37.0,5.9261140803164825,0.43761408031648275,18.0,-0.09105591062830247,0.00010586075966246652,0.005457083607077351
2.0,40.0,37.0,5.9261140803164825,0.5753640803164828,18.0,-0.09106991054577275,0.00010586075966246652,0.005448835351291628
2.0,41.0,37.0,5.9261140803164825,0.7131140803164828,18.0,-0.09108391046324303,0.00010586075966246652,0.0054425620142244365
1.0,1.0,38.0,2.926114080316483,2.213114080316483,18.5,-0.09232727160669124,-0.00019092776943198796,0.0014151577326258825
1.0,2.0,38.0,2.926114080316483,2.350864080316483,18.5,-0.09234174652030043,-0.00019092776943198796,0.0014144314125503314
1.0,3.0,38.0,2.926114080316483,2.488614080316483,18.5,-0.09235622143390962,-0.00019092776943198796,0.0014159030642066713
1.0,4.0,38.0,2.926114080316483,2.626364080316483,18.5,-0.09237069634751882,-0.00019092776943198796,0.0014222560844076874
1.0,5.0,38.0,2.9262281606329656,2.7612108185127324,18.5,-0.09238486618335093,-0.0001909157817533992,0.001431618148192714
1.0,6.0,38.0,2.918185199544742,2.8141698042120584,18.5,-0.0923904311687798,-0.00019176094448961805,0.0014137763892821849
1.0,7.0,38.0,2.8951706892935642,2.859335698724533,18.5,-0.09239517724806219,-0.00019417933322024371,0.0013754966022946024
1.0,8.0,38.0,2.859335698724533,2.8951706892935642,18.5,-0.09239894282623042,-0.00019794491138846863,0.001308008770776237
1.0,9.0,38.0,2.814169804212059,2.918185199544742,18.5,-0.09240136121496105,-0.00020269099067086427,0.0012183378324056443
1.0,10.0,38.0,2.761210818512732,2.9262281606329656,18.5,-0.09240220637769726,-0.00020825597609974453,0.001119677503499696
1.0,11.0,38.0,2.113614080316483,2.926114080316483,18.5,-0.09240219439001868,-0.0002763061164916577,-9.407616690789712e-5
1.0,12.0,38.0,1.4631140803164828,2.926114080316483,18.5,-0.09240219439001868,-0.00034466133466066107,-0.0012932885771429331
1.0,13.0,38.0,0.8126140803164827,2.926114080316483,18.5,-0.09240219439001868,-0.00041301655282966436,-0.0025008172858024436
1.0,14.0,38.0,0.16501734212023322,2.9262281606329656,18.5,-0.09240220637769726,-0.0004810666932215776,-0.0037252539868695145
1.0,15.0,38.0,0.11205835642090678,2.918185199544742,18.5,-0.09240136121496105,-0.00048663167865045783,-0.003826685390495527
1.0,16.0,38.0,0.06689246190843257,2.8951706892935642,18.5,-0.09239894282623042,-0.0004913777579328535,-0.003912945978470667
1.0,17.0,38.0,0.0310574713394014,2.859335698724533,18.5,-0.09239517724806219,-0.0004951433361010784,-0.003980459336343363
1.0,18.0,38.0,0.008042961088223777,2.8141698042120584,18.5,-0.0923904311687798,-0.0004975617248317041,-0.004022107125632018
1.0,19.0,38.0,0.0,2.7612108185127324,18.5,-0.09238486618335093,-0.0004984068875679229,-0.004033316020151474
1.0,20.0,38.0,0.0001140803164827453,2.113614080316483,18.5,-0.09231681604295901,-0.0004983948998893342,-0.003989398366583661
1.0,21.0,38.0,0.0001140803164827453,1.4631140803164828,18.5,-0.09224846082479,-0.0004983948998893342,-0.0039761104346439586
1.0,22.0,38.0,0.0001140803164827453,0.8126140803164827,18.5,-0.092180105606621,-0.0004983948998893342,-0.003993134750850297
1.0,23.0,38.0,0.0,0.16501734212023322,18.5,-0.09211205546622908,-0.0004984068875679229,-0.004040234037749649
1.0,24.0,38.0,0.008042961088223777,0.11205835642090678,18.5,-0.0921064904808002,-0.0004975617248317041,-0.004029383783889913
1.0,25.0,38.0,0.0310574713394014,0.06689246190843257,18.5,-0.09210174440151782,-0.0004951433361010784,-0.0039883103144651285
1.0,26.0,38.0,0.06689246190843257,0.0310574713394014,18.5,-0.0920979788233496,-0.0004913777579328535,-0.003921543654198882
1.0,27.0,38.0,0.11205835642090678,0.008042961088223777,18.5,-0.09209556043461896,-0.00048663167865045783,-0.003836124077814622
1.0,28.0,38.0,0.16501734212023322,0.0,18.5,-0.09209471527188275,-0.0004810666932215776,-0.00373558472174622
1.0,29.0,38.0,0.8126140803164827,0.0001140803164827453,18.5,-0.09209472725956133,-0.00041301655282966436,-0.0025211362535256464
1.0,30.0,38.0,1.4631140803164828,0.0001140803164827453,18.5,-0.09209472725956133,-0.00034466133466066107,-0.0013231932250179317
1.0,31.0,38.0,2.113614080316483,0.0001140803164827453,18.5,-0.09209472725956133,-0.0002763061164916577,-0.00013410133765850033
1.0,32.0,38.0,2.7612108185127324,0.0,18.5,-0.09209471527188275,-0.0002082559760997445,0.0010679179133286823
1.0,33.0,38.0,2.814169804212059,0.008042961088223777,18.5,-0.09209556043461896,-0.00020269099067086427,0.001165127463497383
1.0,34.0,38.0,2.859335698724533,0.0310574713394014,18.5,-0.0920979788233496,-0.00019794491138846863,0.0012524717834959927
1.0,35.0,38.0,2.8951706892935642,0.06689246190843257,18.5,-0.09210174440151782,-0.00019417933322024371,0.0013203561367361551
1.0,36.0,38.0,2.918185199544742,0.11205835642090678,18.5,-0.0921064904808002,-0.00019176094448961805,0.0013599509978890181
1.0,37.0,38.0,2.9262281606329656,0.16501734212023322,18.5,-0.09211205546622908,-0.0001909157817533992,0.0013679895196396508
1.0,38.0,38.0,2.926114080316483,0.29986408031648293,18.5,-0.09212622530206119,-0.00019092776943198796,0.0013587258280899584
1.0,39.0,38.0,2.926114080316483,0.43761408031648275,18.5,-0.09214070021567039,-0.00019092776943198796,0.0013472930464736444
1.0,40.0,38.0,2.926114080316483,0.5753640803164828,18.5,-0.09215517512927958,-0.00019092776943198796,0.0013407744224704882
1.0,41.0,38.0,2.926114080316483,0.7131140803164828,18.5,-0.09216965004288877,-0.00019092776943198796,0.0013376091079805401
2.0,1.0,38.0,5.9261140803164825,2.213114080316483,18.5,-0.09232727160669124,0.00012431535817294663,0.004841152888307531
2.0,2.0,38.0,5.9261140803164825,2.350864080316483,18.5,-0.09234174652030043,0.00012431535817294663,0.004837080137083907
2.0,3.0,38.0,5.9261140803164825,2.488614080316483,18.5,-0.09235622143390962,0.00012431535817294663,0.004834658251648067
2.0,4.0,38.0,5.9261140803164825,2.626364080316483,18.5,-0.09237069634751882,0.00012431535817294663,0.004833956498396253
2.0,5.0,38.0,5.926228160632966,2.7612108185127324,18.5,-0.09238486618335093,0.0001243273458515353,0.0048351579808132315
2.0,6.0,38.0,5.918185199544742,2.8141698042120584,18.5,-0.0923904311687798,0.00012348218311531648,0.00481967211219486
2.0,7.0,38.0,5.895170689293565,2.859335698724533,18.5,-0.09239517724806219,0.00012106379438469094,0.004774096279386882
2.0,8.0,38.0,5.859335698724533,2.8951706892935642,18.5,-0.09239894282623042,0.00011729821621646589,0.004702991954992835
2.0,9.0,38.0,5.814169804212058,2.918185199544742,18.5,-0.09240136121496105,0.0001125521369340703,0.004613571036827978
2.0,10.0,38.0,5.7612108185127315,2.9262281606329656,18.5,-0.09240220637769726,0.00010698715150519002,0.004509352367591339
2.0,11.0,38.0,5.1136140803164825,2.926114080316483,18.5,-0.09240219439001868,3.893701111327684e-5,0.0032545619882579056
2.0,12.0,38.0,4.463114080316483,2.926114080316483,18.5,-0.09240219439001868,-2.9418207055726387e-5,0.0020161479689649016
2.0,13.0,38.0,3.8126140803164827,2.926114080316483,18.5,-0.09240219439001868,-9.77734252247298e-5,0.0007874057422167685
2.0,14.0,38.0,3.1650173421202332,2.9262281606329656,18.5,-0.09240220637769726,-0.00016582356561664304,-0.0004463209730604166
2.0,15.0,38.0,3.112058356420907,2.918185199544742,18.5,-0.09240136121496105,-0.00017138855104552325,-0.0005483972631940064
2.0,16.0,38.0,3.0668924619084326,2.8951706892935642,18.5,-0.09239894282623042,-0.0001761346303279189,-0.000635411685690278
2.0,17.0,38.0,3.0310574713394014,2.859335698724533,18.5,-0.09239517724806219,-0.0001799002084961438,-0.0007016531506221282
2.0,18.0,38.0,3.0080429610882238,2.8141698042120584,18.5,-0.0923904311687798,-0.0001823185972267695,-0.0007405930995935586
2.0,19.0,38.0,3.0,2.7612108185127324,18.5,-0.09238486618335093,-0.0001831637599629883,-0.0007554783527391371
2.0,20.0,38.0,3.0001140803164827,2.113614080316483,18.5,-0.09231681604295901,-0.00018315177228439957,-0.0007105544096380897
2.0,21.0,38.0,3.0001140803164827,1.4631140803164828,18.5,-0.09224846082479,-0.00018315177228439957,-0.0006929189183432274
2.0,22.0,38.0,3.0001140803164827,0.8126140803164827,18.5,-0.092180105606621,-0.00018315177228439957,-0.0006950513798397
2.0,23.0,38.0,3.0,0.16501734212023322,18.5,-0.09211205546622908,-0.0001831637599629883,-0.0007239957227905939
2.0,24.0,38.0,3.0080429610882238,0.11205835642090678,18.5,-0.0921064904808002,-0.0001823185972267695,-0.0007116976339264492
2.0,25.0,38.0,3.0310574713394014,0.06689246190843257,18.5,-0.09210174440151782,-0.0001799002084961438,-0.0006693502144388697
2.0,26.0,38.0,3.0668924619084326,0.0310574713394014,18.5,-0.0920979788233496,-0.0001761346303279189,-0.000601646836767269
2.0,27.0,38.0,3.112058356420907,0.008042961088223777,18.5,-0.09209556043461896,-0.00017138855104552325,-0.0005156490074658715
2.0,28.0,38.0,3.1650173421202332,0.0,18.5,-0.09209471527188275,-0.00016582356561664304,-0.0004151624978812172
2.0,29.0,38.0,3.8126140803164827,0.0001140803164827453,18.5,-0.09209472725956133,-9.77734252247298e-5,0.0008024238918532868
2.0,30.0,38.0,4.463114080316483,0.0001140803164827453,18.5,-0.09209472725956133,-2.9418207055726387e-5,0.0020178973281249546
2.0,31.0,38.0,5.1136140803164825,0.0001140803164827453,18.5,-0.09209472725956133,3.893701111327684e-5,0.003245107097718997
2.0,32.0,38.0,5.761210818512732,0.0,18.5,-0.09209471527188275,0.00010698715150519002,0.004489503814203073
2.0,33.0,38.0,5.814169804212058,0.008042961088223777,18.5,-0.09209556043461896,0.0001125521369340703,0.0045923143148982395
2.0,34.0,38.0,5.859335698724533,0.0310574713394014,18.5,-0.0920979788233496,0.00011729821621646589,0.004679407394987944
2.0,35.0,38.0,5.895170689293565,0.06689246190843257,18.5,-0.09210174440151782,0.00012106379438469094,0.004747444155685604
2.0,36.0,38.0,5.918185199544742,0.11205835642090678,18.5,-0.0921064904808002,0.00012348218311531648,0.004789518465201401
2.0,37.0,38.0,5.926228160632966,0.16501734212023322,18.5,-0.09211205546622908,0.0001243273458515353,0.004801214546397341
2.0,38.0,38.0,5.9261140803164825,0.29986408031648293,18.5,-0.09212622530206119,0.00012431535817294663,0.0047906740840334685
2.0,39.0,38.0,5.9261140803164825,0.43761408031648275,18.5,-0.09214070021567039,0.00012431535817294663,0.00478175721235363
2.0,40.0,38.0,5.9261140803164825,0.5753640803164828,18.5,-0.09215517512927958,0.00012431535817294663,0.004774456103927015
2.0,41.0,38.0,5.9261140803164825,0.7131140803164828,18.5,-0.09216965004288877,0.00012431535817294663,0.004768669621582934
1.0,1.0,39.0,2.926114080316483,2.213114080316483,19.0,-0.09326494429893042,-0.0001830552319741071,0.0011347170988485517
1.0,2.0,39.0,2.926114080316483,2.350864080316483,19.0,-0.09327985993871103,-0.0001830552319741071,0.001134296593433972
1.0,3.0,39.0,2.926114080316483,2.488614080316483,19.0,-0.09329477557849165,-0.0001830552319741071,0.0011371972798228586
1.0,4.0,39.0,2.926114080316483,2.626364080316483,19.0,-0.09330969121827228,-0.0001830552319741071,0.0011389332068220794
1.0,5.0,39.0,2.9262281606329656,2.7612108185127324,19.0,-0.09332429249139405,-0.0001830428792996482,0.0011451321676053264
1.0,6.0,39.0,2.918185199544742,2.8141698042120584,19.0,-0.09333002691719325,-0.00018391377520063883,0.00114501815700312
1.0,7.0,39.0,2.8951706892935642,2.859335698724533,19.0,-0.09333491750313094,-0.0001864057980291969,0.0011028091098982896
1.0,8.0,39.0,2.859335698724533,2.8951706892935642,19.0,-0.09333879773406284,-0.00019028602896109864,0.0010446940769568117
1.0,9.0,39.0,2.814169804212059,2.918185199544742,19.0,-0.0933412897568914,-0.00019517661489879296,0.0009766854942657318
1.0,10.0,39.0,2.761210818512732,2.9262281606329656,19.0,-0.0933421606527924,-0.00020091104069797983,0.0008865719988214087
1.0,11.0,39.0,2.113614080316483,2.926114080316483,19.0,-0.09334214830011793,-0.00027103314356576605,-0.00012310526094402773
1.0,12.0,39.0,1.4631140803164828,2.926114080316483,19.0,-0.09334214830011793,-0.0003414696130923804,-0.0011289710043231183
1.0,13.0,39.0,0.8126140803164827,2.926114080316483,19.0,-0.09334214830011793,-0.00041190608261899473,-0.0021531626330272813
1.0,14.0,39.0,0.16501734212023322,2.9262281606329656,19.0,-0.0933421606527924,-0.000482028185486781,-0.003196605757712337
1.0,15.0,39.0,0.11205835642090678,2.918185199544742,19.0,-0.0933412897568914,-0.00048776261128596784,-0.0032829969641119242
1.0,16.0,39.0,0.06689246190843257,2.8951706892935642,19.0,-0.09333879773406284,-0.0004926531972236621,-0.003356471932491459
1.0,17.0,39.0,0.0310574713394014,2.859335698724533,19.0,-0.09333491750313094,-0.0004965334281555639,-0.0034140613427517093
1.0,18.0,39.0,0.008042961088223777,2.8141698042120584,19.0,-0.09333002691719325,-0.000499025450984122,-0.0034497594138052016
1.0,19.0,39.0,0.0,2.7612108185127324,19.0,-0.09332429249139405,-0.0004998963468851126,-0.003459718014247546
1.0,20.0,39.0,0.0001140803164827453,2.113614080316483,19.0,-0.09325417038852628,-0.0004998839942106537,-0.0034264013405005352
1.0,21.0,39.0,0.0001140803164827453,1.4631140803164828,19.0,-0.09318373391899966,-0.0004998839942106537,-0.0034164375884226275
1.0,22.0,39.0,0.0001140803164827453,0.8126140803164827,19.0,-0.09311329744947304,-0.0004998839942106537,-0.003429182794879807
1.0,23.0,39.0,0.0,0.16501734212023322,19.0,-0.09304317534660526,-0.0004998963468851126,-0.003464632111270931
1.0,24.0,39.0,0.008042961088223777,0.11205835642090678,19.0,-0.09303744092080607,-0.000499025450984122,-0.0034549284259704667
1.0,25.0,39.0,0.0310574713394014,0.06689246190843257,19.0,-0.09303255033486837,-0.0004965334281555639,-0.003419691402050723
1.0,26.0,39.0,0.06689246190843257,0.0310574713394014,19.0,-0.09302867010393648,-0.0004926531972236621,-0.0033627333855081377
1.0,27.0,39.0,0.11205835642090678,0.008042961088223777,19.0,-0.09302617808110791,-0.00048776261128596784,-0.0032899948822071048
1.0,28.0,39.0,0.16501734212023322,0.0,19.0,-0.09302530718520692,-0.000482028185486781,-0.0032044107438296368
1.0,29.0,39.0,0.8126140803164827,0.0001140803164827453,19.0,-0.09302531953788139,-0.00041190608261899473,-0.002170038479076403
1.0,30.0,39.0,1.4631140803164828,0.0001140803164827453,19.0,-0.09302531953788139,-0.0003414696130923804,-0.0011541046238187104
1.0,31.0,39.0,2.113614080316483,0.0001140803164827453,19.0,-0.09302531953788139,-0.00027103314356576605,-0.00015728728150232342
1.0,32.0,39.0,2.7612108185127324,0.0,19.0,-0.09302530718520692,-0.00020091104069797978,0.0008414359852025288
1.0,33.0,39.0,2.814169804212059,0.008042961088223777,19.0,-0.09302617808110791,-0.00019517661489879296,0.0009302109272456148
1.0,34.0,39.0,2.859335698724533,0.0310574713394014,19.0,-0.09302867010393648,-0.00019028602896109864,0.0009972530827218025
1.0,35.0,39.0,2.8951706892935642,0.06689246190843257,19.0,-0.09303255033486837,-0.0001864057980291969,0.0010500612886341326
1.0,36.0,39.0,2.918185199544742,0.11205835642090678,19.0,-0.09303744092080607,-0.00018391377520063883,0.0010854096829936318
1.0,37.0,39.0,2.9262281606329656,0.16501734212023322,19.0,-0.09304317534660526,-0.0001830428792996482,0.0010978468533312854
1.0,38.0,39.0,2.926114080316483,0.29986408031648293,19.0,-0.09305777661972704,-0.0001830552319741071,0.0010789176994849717
1.0,39.0,39.0,2.926114080316483,0.43761408031648275,19.0,-0.09307269225950766,-0.0001830552319741071,0.0010732910980031502
1.0,40.0,39.0,2.926114080316483,0.5753640803164828,19.0,-0.09308760789928829,-0.0001830552319741071,0.0010672234281989435
1.0,41.0,39.0,2.926114080316483,0.7131140803164828,19.0,-0.0931025235390689,-0.0001830552319741071,0.0010625732636833141
2.0,1.0,39.0,5.9261140803164825,2.213114080316483,19.0,-0.09326494429893042,0.00014178628774894135,0.0041532637109094415
2.0,2.0,39.0,5.9261140803164825,2.350864080316483,19.0,-0.09327985993871103,0.00014178628774894135,0.004149237409369607
2.0,3.0,39.0,5.9261140803164825,2.488614080316483,19.0,-0.09329477557849165,0.00014178628774894135,0.004146350354093989
2.0,4.0,39.0,5.9261140803164825,2.626364080316483,19.0,-0.09330969121827228,0.00014178628774894135,0.004144683486360944
2.0,5.0,39.0,5.926228160632966,2.7612108185127324,19.0,-0.09332429249139405,0.00014179864042340024,0.004144387487541602
2.0,6.0,39.0,5.918185199544742,2.8141698042120584,19.0,-0.09333002691719325,0.00014092774452240957,0.004130679784238983
2.0,7.0,39.0,5.895170689293565,2.859335698724533,19.0,-0.09333491750313094,0.00013843572169385164,0.004091538144685045
2.0,8.0,39.0,5.859335698724533,2.8951706892935642,19.0,-0.09333879773406284,0.00013455549076194978,0.004030804003931991
2.0,9.0,39.0,5.814169804212058,2.918185199544742,19.0,-0.0933412897568914,0.0001296649048242555,0.003954571236389382
2.0,10.0,39.0,5.7612108185127315,2.9262281606329656,19.0,-0.0933421606527924,0.00012393047902506862,0.003865743800575853
2.0,11.0,39.0,5.1136140803164825,2.926114080316483,19.0,-0.09334214830011793,5.38083761572824e-5,0.002794710243623526
2.0,12.0,39.0,4.463114080316483,2.926114080316483,19.0,-0.09334214830011793,-1.662809336933185e-5,0.0017370730709014624
2.0,13.0,39.0,3.8126140803164827,2.926114080316483,19.0,-0.09334214830011793,-8.706456289594629e-5,0.0006926144095973143
2.0,14.0,39.0,3.1650173421202332,2.9262281606329656,19.0,-0.0933421606527924,-0.00015718666576373258,-0.00035143502476229864
2.0,15.0,39.0,3.112058356420907,2.918185199544742,19.0,-0.0933412897568914,-0.00016292109156291936,-0.00043820138686938694
2.0,16.0,39.0,3.0668924619084326,2.8951706892935642,19.0,-0.09333879773406284,-0.0001678116775006137,-0.0005114844427099649
2.0,17.0,39.0,3.0310574713394014,2.859335698724533,19.0,-0.09333491750313094,-0.00017169190843251543,-0.000571333352605113
2.0,18.0,39.0,3.0080429610882238,2.8141698042120584,19.0,-0.09333002691719325,-0.0001741839312610735,-0.0006110611726719516
2.0,19.0,39.0,3.0,2.7612108185127324,19.0,-0.09332429249139405,-0.00017505482716206417,-0.0006135684402582472
2.0,20.0,39.0,3.0001140803164827,2.113614080316483,19.0,-0.09325417038852628,-0.00017504247448760525,-0.0005881674834331136
2.0,21.0,39.0,3.0001140803164827,1.4631140803164828,19.0,-0.09318373391899966,-0.00017504247448760525,-0.0005778293382449358
2.0,22.0,39.0,3.0001140803164827,0.8126140803164827,19.0,-0.09311329744947304,-0.00017504247448760525,-0.0005719919569080817
2.0,23.0,39.0,3.0,0.16501734212023322,19.0,-0.09304317534660526,-0.00017505482716206417,-0.0005849521507811014
2.0,24.0,39.0,3.0080429610882238,0.11205835642090678,19.0,-0.09303744092080607,-0.0001741839312610735,-0.0005743575077687146
2.0,25.0,39.0,3.0310574713394014,0.06689246190843257,19.0,-0.09303255033486837,-0.00017169190843251543,-0.0005386221462347621
2.0,26.0,39.0,3.0668924619084326,0.0310574713394014,19.0,-0.09302867010393648,-0.0001678116775006137,-0.0004811723171803277
2.0,27.0,39.0,3.112058356420907,0.008042961088223777,19.0,-0.09302617808110791,-0.00016292109156291936,-0.00040809297863941097
2.0,28.0,39.0,3.1650173421202332,0.0,19.0,-0.09302530718520692,-0.00015718666576373258,-0.00032200246721605984
2.0,29.0,39.0,3.8126140803164827,0.0001140803164827453,19.0,-0.09302531953788139,-8.706456289594629e-5,0.0007065173803233163
2.0,30.0,39.0,4.463114080316483,0.0001140803164827453,19.0,-0.09302531953788139,-1.662809336933185e-5,0.0017389476313484213
2.0,31.0,39.0,5.1136140803164825,0.0001140803164827453,19.0,-0.09302531953788139,5.38083761572824e-5,0.0027869774182097047
2.0,32.0,39.0,5.761210818512732,0.0,19.0,-0.09302530718520692,0.00012393047902506862,0.0038490331749920716
2.0,33.0,39.0,5.814169804212058,0.008042961088223777,19.0,-0.09302617808110791,0.0001296649048242555,0.003936596710572262
2.0,34.0,39.0,5.859335698724533,0.0310574713394014,19.0,-0.09302867010393648,0.00013455549076194978,0.00401070110550622
2.0,35.0,39.0,5.895170689293565,0.06689246190843257,19.0,-0.09303255033486837,0.00013843572169385164,0.004068612879923185
2.0,36.0,39.0,5.918185199544742,0.11205835642090678,19.0,-0.09303744092080607,0.00014092774452240957,0.004104518074720353
2.0,37.0,39.0,5.926228160632966,0.16501734212023322,19.0,-0.09304317534660526,0.00014179864042340024,0.004114710690007168
2.0,38.0,39.0,5.9261140803164825,0.29986408031648293,19.0,-0.09305777661972704,0.00014178628774894135,0.004106319094276351
2.0,39.0,39.0,5.9261140803164825,0.43761408031648275,19.0,-0.09307269225950766,0.00014178628774894135,0.004099011136490134
2.0,40.0,39.0,5.9261140803164825,0.5753640803164828,19.0,-0.09308760789928829,0.00014178628774894135,0.0040928057444269295
2.0,41.0,39.0,5.9261140803164825,0.7131140803164828,19.0,-0.0931025235390689,0.00014178628774894135,0.0040876236938846575
1.0,1.0,40.0,2.926114080316483,2.213114080316483,19.5,-0.09404507541469961,-0.00017545586919955,0.0008450555938396927
1.0,2.0,40.0,2.926114080316483,2.350864080316483,19.5,-0.09406038941772926,-0.00017545586919955,0.0008426893515089212
1.0,3.0,40.0,2.926114080316483,2.488614080316483,19.5,-0.0940757034207589,-0.00017545586919955,0.0008412930085884503
1.0,4.0,40.0,2.926114080316483,2.626364080316483,19.5,-0.09409101742378854,-0.00017545586919955,0.0008496702898248727
1.0,5.0,40.0,2.9262281606329656,2.7612108185127324,19.5,-0.09410600866413174,-0.00017544318661289127,0.0008538538144179301
1.0,6.0,40.0,2.918185199544742,2.8141698042120584,19.5,-0.09411189624356874,-0.00017633734218800812,0.0008265721127782257
1.0,7.0,40.0,2.8951706892935642,2.859335698724533,19.5,-0.09411691744607617,-0.0001788959213510734,0.00080785698849221
1.0,8.0,40.0,2.859335698724533,2.8951706892935642,19.5,-0.09412090130926414,-0.00018287978453903212,0.0007641156184535854
1.0,9.0,40.0,2.814169804212059,2.918185199544742,19.5,-0.0941234598884272,-0.0001879009870464767,0.0007005096765337732
1.0,10.0,40.0,2.761210818512732,2.9262281606329656,19.5,-0.09412435404400232,-0.0001937885664834729,0.0006445327122903758
1.0,11.0,40.0,2.113614080316483,2.926114080316483,19.5,-0.09412434136141566,-0.0002657834732763818,-0.0001548711520326222
1.0,12.0,40.0,1.4631140803164828,2.926114080316483,19.5,-0.09412434136141566,-0.00033810114275574065,-0.000957854881101937
1.0,13.0,40.0,0.8126140803164827,2.926114080316483,19.5,-0.09412434136141566,-0.00041041881223509956,-0.0018013113017985932
1.0,14.0,40.0,0.16501734212023322,2.9262281606329656,19.5,-0.09412435404400232,-0.0004824137190280085,-0.002662219558824524
1.0,15.0,40.0,0.11205835642090678,2.918185199544742,19.5,-0.0941234598884272,-0.0004883012984650047,-0.0027334360934354314
1.0,16.0,40.0,0.06689246190843257,2.8951706892935642,19.5,-0.09412090130926414,-0.0004933225009724492,-0.0027940724925016127
1.0,17.0,40.0,0.0310574713394014,2.859335698724533,19.5,-0.09411691744607617,-0.000497306364160408,-0.0028417098934229055
1.0,18.0,40.0,0.008042961088223777,2.8141698042120584,19.5,-0.09411189624356874,-0.0004998649433234732,-0.0028714184762099583
1.0,19.0,40.0,0.0,2.7612108185127324,19.5,-0.09410600866413174,-0.0005007590988985901,-0.0028800785492572064
1.0,20.0,40.0,0.0001140803164827453,2.113614080316483,19.5,-0.09403401375733883,-0.0005007464163119314,-0.0028585616640881342
1.0,21.0,40.0,0.0001140803164827453,1.4631140803164828,19.5,-0.09396169608785947,-0.0005007464163119314,-0.0028521502259141345
1.0,22.0,40.0,0.0001140803164827453,0.8126140803164827,19.5,-0.0938893784183801,-0.0005007464163119314,-0.0028605364965452198
1.0,23.0,40.0,0.0,0.16501734212023322,19.5,-0.0938173835115872,-0.0005007590988985901,-0.0028832575427902517
1.0,24.0,40.0,0.008042961088223777,0.11205835642090678,19.5,-0.0938114959321502,-0.0004998649433234732,-0.0028747482507165295
1.0,25.0,40.0,0.0310574713394014,0.06689246190843257,19.5,-0.09380647472964276,-0.000497306364160408,-0.002845386299807407
1.0,26.0,40.0,0.06689246190843257,0.0310574713394014,19.5,-0.0938024908664548,-0.0004933225009724492,-0.0027982653422212204
1.0,27.0,40.0,0.11205835642090678,0.008042961088223777,19.5,-0.09379993228729173,-0.0004883012984650047,-0.0027382622416100627
1.0,28.0,40.0,0.16501734212023322,0.0,19.5,-0.09379903813171661,-0.0004824137190280085,-0.002667765855466048
1.0,29.0,40.0,0.8126140803164827,0.0001140803164827453,19.5,-0.09379905081430327,-0.00041041881223509956,-0.001814894910837953
1.0,30.0,40.0,1.4631140803164828,0.0001140803164827453,19.5,-0.09379905081430327,-0.00033810114275574065,-0.0009784273803507386
1.0,31.0,40.0,2.113614080316483,0.0001140803164827453,19.5,-0.09379905081430327,-0.0002657834732763818,-0.00018186608707095137
1.0,32.0,40.0,2.7612108185127324,0.0,19.5,-0.09379903813171661,-0.00019378856648347284,0.0006049503659710634
1.0,33.0,40.0,2.814169804212059,0.008042961088223777,19.5,-0.09379993228729173,-0.0001879009870464767,0.0006606314658039949
1.0,34.0,40.0,2.859335698724533,0.0310574713394014,19.5,-0.0938024908664548,-0.00018287978453903212,0.0007226824169772977
1.0,35.0,40.0,2.8951706892935642,0.06689246190843257,19.5,-0.09380647472964276,-0.0001788959213510734,0.0007697994799842011
1.0,36.0,40.0,2.918185199544742,0.11205835642090678,19.5,-0.0938114959321502,-0.00017633734218800812,0.0007937997184745845
1.0,37.0,40.0,2.9262281606329656,0.16501734212023322,19.5,-0.0938173835115872,-0.00017544318661289127,0.0007931401682096116
1.0,38.0,40.0,2.926114080316483,0.29986408031648293,19.5,-0.09383237475193039,-0.00017545586919955,0.0007987606174925039
1.0,39.0,40.0,2.926114080316483,0.43761408031648275,19.5,-0.09384768875496004,-0.00017545586919955,0.0007852084257953747
1.0,40.0,40.0,2.926114080316483,0.5753640803164828,19.5,-0.09386300275798967,-0.00017545586919955,0.0007788979097049992
1.0,41.0,40.0,2.926114080316483,0.7131140803164828,19.5,-0.09387831676101932,-0.00017545586919955,0.0007775522514820026
2.0,1.0,40.0,5.9261140803164825,2.213114080316483,19.5,-0.09404507541469961,0.00015806143816105977,0.003460061930286315
2.0,2.0,40.0,5.9261140803164825,2.350864080316483,19.5,-0.09406038941772926,0.00015806143816105977,0.003455994823475695
2.0,3.0,40.0,5.9261140803164825,2.488614080316483,19.5,-0.0940757034207589,0.00015806143816105977,0.003452482998797258
2.0,4.0,40.0,5.9261140803164825,2.626364080316483,19.5,-0.09409101742378854,0.00015806143816105977,0.003449621448931909
2.0,5.0,40.0,5.926228160632966,2.7612108185127324,19.5,-0.09410600866413174,0.00015807412074771843,0.003447716018833189
2.0,6.0,40.0,5.918185199544742,2.8141698042120584,19.5,-0.09411189624356874,0.00015717996517260158,0.0034358155568019943
2.0,7.0,40.0,5.895170689293565,2.859335698724533,19.5,-0.09411691744607617,0.00015462138600953642,0.003403132972166404
2.0,8.0,40.0,5.859335698724533,2.8951706892935642,19.5,-0.09412090130926414,0.00015063752282157758,0.003352796306643293
2.0,9.0,40.0,5.814169804212058,2.918185199544742,19.5,-0.0941234598884272,0.00014561632031413304,0.003289840438494397
2.0,10.0,40.0,5.7612108185127315,2.9262281606329656,19.5,-0.09412435404400232,0.00013972874087713686,0.003216666523814772
2.0,11.0,40.0,5.1136140803164825,2.926114080316483,19.5,-0.09412434136141566,6.773383408422795e-5,0.0023316110173853682
2.0,12.0,40.0,4.463114080316483,2.926114080316483,19.5,-0.09412434136141566,-4.583835395130841e-6,0.0014539734875096935
2.0,13.0,40.0,3.8126140803164827,2.926114080316483,19.5,-0.09412434136141566,-7.690150487448983e-5,0.0005981232773408707
2.0,14.0,40.0,3.1650173421202332,2.9262281606329656,19.5,-0.09412435404400232,-0.0001488964116673988,-0.0002486503206007224
2.0,15.0,40.0,3.112058356420907,2.918185199544742,19.5,-0.0941234598884272,-0.00015478399110439492,-0.00031754379594453954
2.0,16.0,40.0,3.0668924619084326,2.8951706892935642,19.5,-0.09412090130926414,-0.00015980519361183948,-0.00037656333397062243
2.0,17.0,40.0,3.0310574713394014,2.859335698724533,19.5,-0.09411691744607617,-0.0001637890567997982,-0.000419596267931001
2.0,18.0,40.0,3.0080429610882238,2.8141698042120584,19.5,-0.09411189624356874,-0.0001663476359628635,-0.0004428068942911691
2.0,19.0,40.0,3.0,2.7612108185127324,19.5,-0.09410600866413174,-0.00016724179153798036,-0.00046646469648841803
2.0,20.0,40.0,3.0001140803164827,2.113614080316483,19.5,-0.09403401375733883,-0.00016722910895132162,-0.0004606228138387526
2.0,21.0,40.0,3.0001140803164827,1.4631140803164828,19.5,-0.09396169608785947,-0.00016722910895132162,-0.0004655780667008432
2.0,22.0,40.0,3.0001140803164827,0.8126140803164827,19.5,-0.0938893784183801,-0.00016722910895132162,-0.0004445184107335266
2.0,23.0,40.0,3.0,0.16501734212023322,19.5,-0.0938173835115872,-0.00016724179153798036,-0.00043511466643589275
2.0,24.0,40.0,3.0080429610882238,0.11205835642090678,19.5,-0.0938114959321502,-0.0001663476359628635,-0.0004246744318156048
2.0,25.0,40.0,3.0310574713394014,0.06689246190843257,19.5,-0.09380647472964276,-0.0001637890567997982,-0.00039403549657479646
2.0,26.0,40.0,3.0668924619084326,0.0310574713394014,19.5,-0.0938024908664548,-0.00015980519361183948,-0.00034685239273202277
2.0,27.0,40.0,3.112058356420907,0.008042961088223777,19.5,-0.09379993228729173,-0.00015478399110439492,-0.0002879037455332341
2.0,28.0,40.0,3.1650173421202332,0.0,19.5,-0.09379903813171661,-0.0001488964116673988,-0.0002204098104547703
2.0,29.0,40.0,3.8126140803164827,0.0001140803164827453,19.5,-0.09379905081430327,-7.690150487448983e-5,0.0006093001160637628
2.0,30.0,40.0,4.463114080316483,0.0001140803164827453,19.5,-0.09379905081430327,-4.583835395130841e-6,0.001455805672072118
2.0,31.0,40.0,5.1136140803164825,0.0001140803164827453,19.5,-0.09379905081430327,6.773383408422795e-5,0.0023254350758709495
2.0,32.0,40.0,5.761210818512732,0.0,19.5,-0.09379903813171661,0.00013972874087713686,0.0032031315084962964
2.0,33.0,40.0,5.814169804212058,0.008042961088223777,19.5,-0.09379993228729173,0.00014561632031413304,0.0032752504158298605
2.0,34.0,40.0,5.859335698724533,0.0310574713394014,19.5,-0.0938024908664548,0.00015063752282157758,0.00333633283998891
2.0,35.0,40.0,5.895170689293565,0.06689246190843257,19.5,-0.09380647472964276,0.00015462138600953642,0.003384136461341981
2.0,36.0,40.0,5.918185199544742,0.11205835642090678,19.5,-0.0938114959321502,0.00015717996517260158,0.0034138936533560857
2.0,37.0,40.0,5.926228160632966,0.16501734212023322,19.5,-0.0938173835115872,0.00015807412074771843,0.003422609286911043
2.0,38.0,40.0,5.9261140803164825,0.29986408031648293,19.5,-0.09383237475193039,0.00015806143816105977,0.003416646272281667
2.0,39.0,40.0,5.9261140803164825,0.43761408031648275,19.5,-0.09384768875496004,0.00015806143816105977,0.0034113474366214585
2.0,40.0,40.0,5.9261140803164825,0.5753640803164828,19.5,-0.09386300275798967,0.00015806143816105977,0.003406497312692795
2.0,41.0,40.0,5.9261140803164825,0.7131140803164828,19.5,-0.09387831676101932,0.00015806143816105977,0.003401975039816475
1.0,1.0,41.0,2.926114080316483,2.213114080316483,20.0,-0.09466500925528233,-0.00016808875030704774,0.0005640234518091882
1.0,2.0,41.0,2.926114080316483,2.350864080316483,20.0,-0.09468068519732104,-0.00016808875030704774,0.0005574379283969592
1.0,3.0,41.0,2.926114080316483,2.488614080316483,20.0,-0.09469636113935974,-0.00016808875030704774,0.0005419861360498743
1.0,4.0,41.0,2.926114080316483,2.626364080316483,20.0,-0.09471203708139843,-0.00016808875030704774,0.0005154592908124584
1.0,5.0,41.0,2.9262281606329656,2.7612108185127324,20.0,-0.09472738263241166,-0.0001680757679736253,0.0005219369362296163
1.0,6.0,41.0,2.918185199544742,2.8141698042120584,20.0,-0.09473340936192347,-0.00016899105648061994,0.0005507577308505863
1.0,7.0,41.0,2.8951706892935642,2.859335698724533,20.0,-0.09473854923810861,-0.0001716101064170738,0.0005126311861497605
1.0,8.0,41.0,2.859335698724533,2.8951706892935642,20.0,-0.09474262725796427,-0.00017568812627273607,0.00047075582210750035
1.0,9.0,41.0,2.814169804212059,2.918185199544742,20.0,-0.09474524630790072,-0.0001808280024578799,0.000428601223125204
1.0,10.0,41.0,2.761210818512732,2.9262281606329656,20.0,-0.09474616159640772,-0.00018685473196968367,0.0003504197383244585
1.0,11.0,41.0,2.113614080316483,2.926114080316483,20.0,-0.0947461486140743,-0.0002605512033483792,-0.00016832851320654186
1.0,12.0,41.0,1.4631140803164828,2.926114080316483,20.0,-0.0947461486140743,-0.0003345780657525467,-0.0007795738153925224
1.0,13.0,41.0,0.8126140803164827,2.926114080316483,20.0,-0.0947461486140743,-0.0004086049281567142,-0.0014460149717795434
1.0,14.0,41.0,0.16501734212023322,2.9262281606329656,20.0,-0.09474616159640772,-0.0004823013995354098,-0.0021239351225422675
1.0,15.0,41.0,0.11205835642090678,2.918185199544742,20.0,-0.09474524630790072,-0.0004883281290472135,-0.0021796827569268667
1.0,16.0,41.0,0.06689246190843257,2.8951706892935642,20.0,-0.09474262725796427,-0.0004934680052323574,-0.002227160906577706
1.0,17.0,41.0,0.0310574713394014,2.859335698724533,20.0,-0.09473854923810861,-0.0004975460250880196,-0.0022646596905166604
1.0,18.0,41.0,0.008042961088223777,2.8141698042120584,20.0,-0.09473340936192347,-0.0005001650750244735,-0.002288460574366195
1.0,19.0,41.0,0.0,2.7612108185127324,20.0,-0.09472738263241166,-0.0005010803635314682,-0.002296226751828376
1.0,20.0,41.0,0.0001140803164827453,2.113614080316483,20.0,-0.09465368616103297,-0.0005010673811980457,-0.0022878934267804795
1.0,21.0,41.0,0.0001140803164827453,1.4631140803164828,20.0,-0.0945796592986288,-0.0005010673811980457,-0.002284529832574577
1.0,22.0,41.0,0.0001140803164827453,0.8126140803164827,20.0,-0.09450563243622463,-0.0005010673811980457,-0.0022892174358267394
1.0,23.0,41.0,0.0,0.16501734212023322,20.0,-0.09443193596484593,-0.0005010803635314682,-0.0022980437146467225
1.0,24.0,41.0,0.008042961088223777,0.11205835642090678,20.0,-0.09442590923533413,-0.0005001650750244735,-0.0022903393387896714
1.0,25.0,41.0,0.0310574713394014,0.06689246190843257,20.0,-0.09442076935914899,-0.0004975460250880196,-0.0022667806206834434
1.0,26.0,41.0,0.06689246190843257,0.0310574713394014,20.0,-0.09441669133929333,-0.0004934680052323574,-0.0022296864654188526
1.0,27.0,41.0,0.11205835642090678,0.008042961088223777,20.0,-0.09441407228935687,-0.0004883281290472135,-0.002182736534649641
1.0,28.0,41.0,0.16501734212023322,0.0,20.0,-0.09441315700084987,-0.0004823013995354098,-0.0021276138449397414
1.0,29.0,41.0,0.8126140803164827,0.0001140803164827453,20.0,-0.0944131699831833,-0.0004086049281567142,-0.0014564593770125757
1.0,30.0,41.0,1.4631140803164828,0.0001140803164827453,20.0,-0.0944131699831833,-0.0003345780657525467,-0.0007958054923642838
1.0,31.0,41.0,2.113614080316483,0.0001140803164827453,20.0,-0.0944131699831833,-0.0002605512033483792,-0.00018822838585137695
1.0,32.0,41.0,2.7612108185127324,0.0,20.0,-0.09441315700084987,-0.00018685473196968362,0.00032298048890733817
1.0,33.0,41.0,2.814169804212059,0.008042961088223777,20.0,-0.09441407228935687,-0.0001808280024578799,0.00039491299172130927
1.0,34.0,41.0,2.859335698724533,0.0310574713394014,20.0,-0.09441669133929333,-0.00017568812627273607,0.0004321308701501329
1.0,35.0,41.0,2.8951706892935642,0.06689246190843257,20.0,-0.09442076935914899,-0.0001716101064170738,0.00046367185838121867
1.0,36.0,41.0,2.918185199544742,0.11205835642090678,20.0,-0.09442590923533413,-0.00016899105648061994,0.0004892493573150331
1.0,37.0,41.0,2.9262281606329656,0.16501734212023322,20.0,-0.09443193596484593,-0.0001680757679736253,0.000505353432436416
1.0,38.0,41.0,2.926114080316483,0.29986408031648293,20.0,-0.09444728151585917,-0.00016808875030704774,0.0004653821553868137
1.0,39.0,41.0,2.926114080316483,0.43761408031648275,20.0,-0.09446295745789786,-0.00016808875030704774,0.0004820038817027835
1.0,40.0,41.0,2.926114080316483,0.5753640803164828,20.0,-0.09447863339993656,-0.00016808875030704774,0.0004978301478724523
1.0,41.0,41.0,2.926114080316483,0.7131140803164828,20.0,-0.09449430934197527,-0.00016808875030704774,0.0005001456065492981
2.0,1.0,41.0,5.9261140803164825,2.213114080316483,20.0,-0.09466500925528233,0.00017331107630709914,0.00276417634571739
2.0,2.0,41.0,5.9261140803164825,2.350864080316483,20.0,-0.09468068519732104,0.00017331107630709914,0.00276015767439976
2.0,3.0,41.0,5.9261140803164825,2.488614080316483,20.0,-0.09469636113935974,0.00017331107630709914,0.0027560468673607985
2.0,4.0,41.0,5.9261140803164825,2.626364080316483,20.0,-0.09471203708139843,0.00017331107630709914,0.002751692817193233
2.0,5.0,41.0,5.926228160632966,2.7612108185127324,20.0,-0.09472738263241166,0.00017332405864052154,0.002747333132009329
2.0,6.0,41.0,5.918185199544742,2.8141698042120584,20.0,-0.09473340936192347,0.0001724087701335269,0.0027369496096774455
2.0,7.0,41.0,5.895170689293565,2.859335698724533,20.0,-0.09473854923810861,0.0001697897201970732,0.0027107727961923076
2.0,8.0,41.0,5.859335698724533,2.8951706892935642,20.0,-0.09474262725796427,0.00016571170034141076,0.0026711358103862046
2.0,9.0,41.0,5.814169804212058,2.918185199544742,20.0,-0.09474524630790072,0.00016057182415626697,0.0026218338946726754
2.0,10.0,41.0,5.7612108185127315,2.9262281606329656,20.0,-0.09474616159640772,0.0001545450946444632,0.002564492826183556
2.0,11.0,41.0,5.1136140803164825,2.926114080316483,20.0,-0.0947461486140743,8.08486232657677e-5,0.0018667626119394961
2.0,12.0,41.0,4.463114080316483,2.926114080316483,20.0,-0.0947461486140743,6.821760861600276e-6,0.001167752642693524
2.0,13.0,41.0,3.8126140803164827,2.926114080316483,20.0,-0.0947461486140743,-6.720510154256735e-5,0.0004922494033620423
2.0,14.0,41.0,3.1650173421202332,2.9262281606329656,20.0,-0.09474616159640772,-0.0001409015729212629,-0.00012039701366060695
2.0,15.0,41.0,3.112058356420907,2.918185199544742,20.0,-0.09474524630790072,-0.00014692830243306663,-0.00017974567796043896
2.0,16.0,41.0,3.0668924619084326,2.8951706892935642,20.0,-0.09474262725796427,-0.00015206817861821047,-0.0002308510127749757
2.0,17.0,41.0,3.0310574713394014,2.859335698724533,20.0,-0.09473854923810861,-0.00015614619847387275,-0.0002748791233403865
2.0,18.0,41.0,3.0080429610882238,2.8141698042120584,20.0,-0.09473340936192347,-0.0001587652484103266,-0.00030683142970265034
2.0,19.0,41.0,3.0,2.7612108185127324,20.0,-0.09472738263241166,-0.00015968053691732122,-0.00028486861205118824
2.0,20.0,41.0,3.0001140803164827,2.113614080316483,20.0,-0.09465368616103297,-0.0001596675545838988,-0.0003386249035547828
2.0,21.0,41.0,3.0001140803164827,1.4631140803164828,20.0,-0.0945796592986288,-0.0001596675545838988,-0.0003624035364753855
2.0,22.0,41.0,3.0001140803164827,0.8126140803164827,20.0,-0.09450563243622463,-0.0001596675545838988,-0.00031675062622218156
2.0,23.0,41.0,3.0,0.16501734212023322,20.0,-0.09443193596484593,-0.00015968053691732122,-0.00026429190298292866
2.0,24.0,41.0,3.0080429610882238,0.11205835642090678,20.0,-0.09442590923533413,-0.0001587652484103266,-0.00025775238244880774
2.0,25.0,41.0,3.0310574713394014,0.06689246190843257,20.0,-0.09442076935914899,-0.00015614619847387275,-0.0002362899898187056
2.0,26.0,41.0,3.0668924619084326,0.0310574713394014,20.0,-0.09441669133929333,-0.00015206817861821047,-0.0002004569185743014
2.0,27.0,41.0,3.112058356420907,0.008042961088223777,20.0,-0.09441407228935687,-0.00014692830243306663,-0.000154269914099012
2.0,28.0,41.0,3.1650173421202332,0.0,20.0,-0.09441315700084987,-0.0001409015729212629,-9.889880256227109e-5
2.0,29.0,41.0,3.8126140803164827,0.0001140803164827453,20.0,-0.0944131699831833,-6.720510154256735e-5,0.0004998005129299784
2.0,30.0,41.0,4.463114080316483,0.0001140803164827453,20.0,-0.0944131699831833,6.821760861600276e-6,0.001169620726064389
2.0,31.0,41.0,5.1136140803164825,0.0001140803164827453,20.0,-0.0944131699831833,8.08486232657677e-5,0.001861901095334251
2.0,32.0,41.0,5.761210818512732,0.0,20.0,-0.09441315700084987,0.0001545450946444632,0.0025539969978426347
2.0,33.0,41.0,5.814169804212058,0.008042961088223777,20.0,-0.09441407228935687,0.00016057182415626697,0.0026105024297034913
2.0,34.0,41.0,5.859335698724533,0.0310574713394014,20.0,-0.09441669133929333,0.00016571170034141076,0.00265822580770523
2.0,35.0,41.0,5.895170689293565,0.06689246190843257,20.0,-0.09442076935914899,0.0001697897201970732,0.0026956983129062173
2.0,36.0,41.0,5.918185199544742,0.11205835642090678,20.0,-0.09442590923533413,0.0001724087701335269,0.0027193611465070426
2.0,37.0,41.0,5.926228160632966,0.16501734212023322,20.0,-0.09443193596484593,0.00017332405864052154,0.002727009545659925
2.0,38.0,41.0,5.9261140803164825,0.29986408031648293,20.0,-0.09444728151585917,0.00017331107630709914,0.002724638506521154
2.0,39.0,41.0,5.9261140803164825,0.43761408031648275,20.0,-0.09446295745789786,0.00017331107630709914,0.002722003225574658
2.0,40.0,41.0,5.9261140803164825,0.5753640803164828,20.0,-0.09447863339993656,0.00017331107630709914,0.002718873776402477
2.0,41.0,41.0,5.9261140803164825,0.7131140803164828,20.0,-0.09449430934197527,0.00017331107630709914,0.002715187296336384
1.0,1.0,42.0,2.926114080316483,2.213114080316483,20.5,-0.09510641233014698,-0.00016177455976747022,0.00032595489009664997
1.0,2.0,42.0,2.926114080316483,2.350864080316483,20.5,-0.09512237629112698,-0.00016177455976747022,0.00031479908493336415
1.0,3.0,42.0,2.926114080316483,2.488614080316483,20.5,-0.09513834025210696,-0.00016177455976747022,0.00028461422580924693
1.0,4.0,42.0,2.926114080316483,2.626364080316483,20.5,-0.09515430421308695,-0.00016177455976747022,0.0002313940230629167
1.0,5.0,42.0,2.9262281606329656,2.7612108185127324,20.5,-0.09516993171266476,-0.00016176133890561238,9.992277819893533e-5
1.0,6.0,42.0,2.918185199544742,2.8141698042120584,20.5,-0.09517606917314567,-0.0001626934442920078,4.261462783111714e-15
1.0,7.0,42.0,2.8951706892935642,2.859335698724533,20.5,-0.09518130348586888,-0.00016536061484462728,4.996375453317198e-15
1.0,8.0,42.0,2.859335698724533,2.8951706892935642,20.5,-0.09518545643244719,-0.00016951356142293764,5.57600088435394e-15
1.0,9.0,42.0,2.814169804212059,2.918185199544742,20.5,-0.09518812360299982,-0.00017474787414615647,5.943895717983665e-15
1.0,10.0,42.0,2.761210818512732,2.9262281606329656,20.5,-0.0951890557083862,-0.00018088533462705516,5.909320539226991e-5
1.0,11.0,42.0,2.113614080316483,2.926114080316483,20.5,-0.09518904248752434,-0.000255935854114042,-0.00014761549665049263
1.0,12.0,42.0,1.4631140803164828,2.926114080316483,20.5,-0.09518904248752434,-0.00033132283500320503,-0.0005966946727171388
1.0,13.0,42.0,0.8126140803164827,2.926114080316483,20.5,-0.09518904248752434,-0.0004067098158923681,-0.0010867986812223035
1.0,14.0,42.0,0.16501734212023322,2.9262281606329656,20.5,-0.0951890557083862,-0.000481760335379355,-0.0015863441431749684
1.0,15.0,42.0,0.11205835642090678,2.918185199544742,20.5,-0.09518812360299982,-0.00048789779586025367,-0.0016264691685483929
1.0,16.0,42.0,0.06689246190843257,2.8951706892935642,20.5,-0.09518545643244719,-0.0004931321085834725,-0.0016605999455387014
1.0,17.0,42.0,0.0310574713394014,2.859335698724533,20.5,-0.09518130348586888,-0.0004972850551617828,-0.0016879004615332437
1.0,18.0,42.0,0.008042961088223777,2.8141698042120584,20.5,-0.09517606917314567,-0.0004999522257144024,-0.0017059023742645684
1.0,19.0,42.0,0.0,2.7612108185127324,20.5,-0.09516993171266476,-0.0005008843311007978,-0.0017130767080545271
1.0,20.0,42.0,0.0001140803164827453,2.113614080316483,20.5,-0.09509488119317777,-0.0005008711102389399,-0.0017159740795895798
1.0,21.0,42.0,0.0001140803164827453,1.4631140803164828,20.5,-0.09501949421228861,-0.0005008711102389399,-0.0017146998592202029
1.0,22.0,42.0,0.0001140803164827453,0.8126140803164827,20.5,-0.09494410723139945,-0.0005008711102389399,-0.0017167956901645988
1.0,23.0,42.0,0.0,0.16501734212023322,20.5,-0.09486905671191247,-0.0005008843311007978,-0.0017139833933228466
1.0,24.0,42.0,0.008042961088223777,0.11205835642090678,20.5,-0.09486291925143156,-0.0004999522257144024,-0.0017068219174813796
1.0,25.0,42.0,0.0310574713394014,0.06689246190843257,20.5,-0.09485768493870834,-0.0004972850551617828,-0.0016889654417402233
1.0,26.0,42.0,0.06689246190843257,0.0310574713394014,20.5,-0.09485353199213004,-0.0004931321085834725,-0.0016619400058481713
1.0,27.0,42.0,0.11205835642090678,0.008042961088223777,20.5,-0.09485086482157741,-0.00048789779586025367,-0.0016281919763710513
1.0,28.0,42.0,0.16501734212023322,0.0,20.5,-0.09484993271619102,-0.000481760335379355,-0.00158855193179921
1.0,29.0,42.0,0.8126140803164827,0.0001140803164827453,20.5,-0.09484994593705288,-0.0004067098158923681,-0.0010944164768992278
1.0,30.0,42.0,1.4631140803164828,0.0001140803164827453,20.5,-0.09484994593705288,-0.00033132283500320503,-0.0006083576529921336
1.0,31.0,42.0,2.113614080316483,0.0001140803164827453,20.5,-0.09484994593705288,-0.000255935854114042,-0.00016271666221493936
1.0,32.0,42.0,2.7612108185127324,0.0,20.5,-0.09484993271619102,-0.00018088533462705514,5.267206122349838e-5
1.0,33.0,42.0,2.814169804212059,0.008042961088223777,20.5,-0.09485086482157741,-0.00017474787414615647,-3.094367480219798e-14
1.0,34.0,42.0,2.859335698724533,0.0310574713394014,20.5,-0.09485353199213004,-0.00016951356142293764,-3.062365992268317e-14
1.0,35.0,42.0,2.8951706892935642,0.06689246190843257,20.5,-0.09485768493870834,-0.00016536061484462728,-2.9950304066691396e-14
1.0,36.0,42.0,2.918185199544742,0.11205835642090678,20.5,-0.09486291925143156,-0.0001626934442920078,-2.8989177969677816e-14
1.0,37.0,42.0,2.9262281606329656,0.16501734212023322,20.5,-0.09486905671191247,-0.00016176133890561238,-2.776606500764689e-14
1.0,38.0,42.0,2.926114080316483,0.29986408031648293,20.5,-0.09488468421149028,-0.00016177455976747022,0.00016346245367404737
1.0,39.0,42.0,2.926114080316483,0.43761408031648275,20.5,-0.09490064817247026,-0.00016177455976747022,0.00023361485477986106
1.0,40.0,42.0,2.926114080316483,0.5753640803164828,20.5,-0.09491661213345025,-0.00016177455976747022,0.0002606849194184032
1.0,41.0,42.0,2.926114080316483,0.7131140803164828,20.5,-0.09493257609443025,-0.00016177455976747022,0.0002708656234075648
2.0,1.0,42.0,5.9261140803164825,2.213114080316483,20.5,-0.09510641233014698,0.00018589791166602568,0.0020681889867957036
2.0,2.0,42.0,5.9261140803164825,2.350864080316483,20.5,-0.09512237629112698,0.00018589791166602568,0.0020648904002985176
2.0,3.0,42.0,5.9261140803164825,2.488614080316483,20.5,-0.09513834025210696,0.00018589791166602568,0.002060745953143139
2.0,4.0,42.0,5.9261140803164825,2.626364080316483,20.5,-0.09515430421308695,0.00018589791166602568,0.0020554691027119135
2.0,5.0,42.0,5.926228160632966,2.7612108185127324,20.5,-0.09516993171266476,0.00018591113252788345,0.0020487748293495757
2.0,6.0,42.0,5.918185199544742,2.8141698042120584,20.5,-0.09517606917314567,0.00018497902714148805,0.002039807374354778
2.0,7.0,42.0,5.895170689293565,2.859335698724533,20.5,-0.09518130348586888,0.00018231185658886873,0.0020202157069491044
2.0,8.0,42.0,5.859335698724533,2.8951706892935642,20.5,-0.09518545643244719,0.0001781589100105582,0.001991436148216168
2.0,9.0,42.0,5.814169804212058,2.918185199544742,20.5,-0.09518812360299982,0.00017292459728733943,0.0019560637306227516
2.0,10.0,42.0,5.7612108185127315,2.9262281606329656,20.5,-0.0951890557083862,0.00016678713680644072,0.001914983636915903
2.0,11.0,42.0,5.1136140803164825,2.926114080316483,20.5,-0.09518904248752434,9.173661731945387e-5,0.0013990214408996983
2.0,12.0,42.0,4.463114080316483,2.926114080316483,20.5,-0.09518904248752434,1.6349636430290943e-5,0.0008839135273191501
2.0,13.0,42.0,3.8126140803164827,2.926114080316483,20.5,-0.09518904248752434,-5.9037344458872196e-5,0.00036380320866687653
2.0,14.0,42.0,3.1650173421202332,2.9262281606329656,20.5,-0.0951890557083862,-0.0001340878639458591,6.144650100849088e-15
2.0,15.0,42.0,3.112058356420907,2.918185199544742,20.5,-0.09518812360299982,-0.00014022532442675776,6.002545982940316e-15
2.0,16.0,42.0,3.0668924619084326,2.8951706892935642,20.5,-0.09518545643244719,-0.00014545963714997657,5.616866030275177e-15
2.0,17.0,42.0,3.0310574713394014,2.859335698724533,20.5,-0.09518130348586888,-0.00014961258372828693,5.023129740153664e-15
2.0,18.0,42.0,3.0080429610882238,2.8141698042120584,20.5,-0.09517606917314567,-0.00015227975428090643,4.279154572486829e-15
2.0,19.0,42.0,3.0,2.7612108185127324,20.5,-0.09516993171266476,-0.00015321185966730183,-6.9634636142211e-5
2.0,20.0,42.0,3.0001140803164827,2.113614080316483,20.5,-0.09509488119317777,-0.000153198638805444,-0.00024455913077552896
2.0,21.0,42.0,3.0001140803164827,1.4631140803164828,20.5,-0.09501949421228861,-0.000153198638805444,-0.00025625927889741704
2.0,22.0,42.0,3.0001140803164827,0.8126140803164827,20.5,-0.09494410723139945,-0.000153198638805444,-0.00023234834945120322
2.0,23.0,42.0,3.0,0.16501734212023322,20.5,-0.09486905671191247,-0.00015321185966730183,-2.814052374888413e-14
2.0,24.0,42.0,3.0080429610882238,0.11205835642090678,20.5,-0.09486291925143156,-0.00015227975428090643,-2.94452873003746e-14
2.0,25.0,42.0,3.0310574713394014,0.06689246190843257,20.5,-0.09485768493870834,-0.00014961258372828693,-3.064005226589926e-14
2.0,26.0,42.0,3.0668924619084326,0.0310574713394014,20.5,-0.09485353199213004,-0.00014545963714997657,-3.167719803348498e-14
2.0,27.0,42.0,3.112058356420907,0.008042961088223777,20.5,-0.09485086482157741,-0.00014022532442675776,-3.2455728361471927e-14
2.0,28.0,42.0,3.1650173421202332,0.0,20.5,-0.09484993271619102,-0.0001340878639458591,-3.2916499275612746e-14
2.0,29.0,42.0,3.8126140803164827,0.0001140803164827453,20.5,-0.09484994593705288,-5.9037344458872196e-5,0.0003709418189718482
2.0,30.0,42.0,4.463114080316483,0.0001140803164827453,20.5,-0.09484994593705288,1.6349636430290943e-5,0.0008849489687384146
2.0,31.0,42.0,5.1136140803164825,0.0001140803164827453,20.5,-0.09484994593705288,9.173661731945387e-5,0.0013955613522296053
2.0,32.0,42.0,5.761210818512732,0.0,20.5,-0.09484993271619102,0.00016678713680644072,0.0019070904656111718
2.0,33.0,42.0,5.814169804212058,0.008042961088223777,20.5,-0.09485086482157741,0.00017292459728733943,0.0019475122984816207
2.0,34.0,42.0,5.859335698724533,0.0310574713394014,20.5,-0.09485353199213004,0.0001781589100105582,0.001981683001845221
2.0,35.0,42.0,5.895170689293565,0.06689246190843257,20.5,-0.09485768493870834,0.00018231185658886873,0.002008812926842936
2.0,36.0,42.0,5.918185199544742,0.11205835642090678,20.5,-0.09486291925143156,0.00018497902714148805,0.0020264848483552973
2.0,37.0,42.0,5.926228160632966,0.16501734212023322,20.5,-0.09486905671191247,0.00018591113252788345,0.002033348780221913
2.0,38.0,42.0,5.9261140803164825,0.29986408031648293,20.5,-0.09488468421149028,0.00018589791166602568,0.0020348316337662447
2.0,39.0,42.0,5.9261140803164825,0.43761408031648275,20.5,-0.09490064817247026,0.00018589791166602568,0.002034707948450919
2.0,40.0,42.0,5.9261140803164825,0.5753640803164828,20.5,-0.09491661213345025,0.00018589791166602568,0.0020333251719060193
2.0,41.0,42.0,5.9261140803164825,0.7131140803164828,20.5,-0.09493257609443025,0.00018589791166602568,0.0020309544695184516
1.0,1.0,43.0,2.926114080316483,2.213114080316483,21.0,-0.0953894661263393,-0.00015733994584576306,0.00015798005458455598
1.0,2.0,43.0,2.926114080316483,2.350864080316483,21.0,-0.09540560417402824,-0.00015733994584576306,0.00014833169442941748
1.0,3.0,43.0,2.926114080316483,2.488614080316483,21.0,-0.09542174222171718,-0.00015733994584576306,0.00012076269815090794
1.0,4.0,43.0,2.926114080316483,2.626364080316483,21.0,-0.09543788026940613,-0.00015733994584576306,6.75836008904716e-5
1.0,5.0,43.0,2.9262281606329656,2.7612108185127324,21.0,-0.0954536781865873,-0.00015732658081064316,8.456751259360033e-6
1.0,6.0,43.0,2.918185199544742,2.8141698042120584,21.0,-0.09545988257596498,-0.00015826885078960517,4.261462783111714e-15
1.0,7.0,43.0,2.8951706892935642,2.859335698724533,21.0,-0.09546517396877481,-0.00016096510678939493,4.996375453317198e-15
1.0,8.0,43.0,2.859335698724533,2.8951706892935642,21.0,-0.09546937220316128,-0.0001651633411758605,5.57600088435394e-15
1.0,9.0,43.0,2.814169804212059,2.918185199544742,21.0,-0.09547206845916108,-0.00017045473398570306,5.943895717983665e-15
1.0,10.0,43.0,2.761210818512732,2.9262281606329656,21.0,-0.09547301072914004,-0.00017665912336336894,-1.5722566295937406e-5
1.0,11.0,43.0,2.113614080316483,2.926114080316483,21.0,-0.09547299736410492,-0.00025252806742297824,-0.0001258645232176407
1.0,12.0,43.0,1.4631140803164828,2.926114080316483,21.0,-0.09547299736410492,-0.0003287371419903364,-0.0004014839825610647
1.0,13.0,43.0,0.8126140803164827,2.926114080316483,21.0,-0.09547299736410492,-0.0004049462165576945,-0.0007260318220800183
1.0,14.0,43.0,0.16501734212023322,2.9262281606329656,21.0,-0.09547301072914004,-0.00048081516061730385,-0.0010531931714334866
1.0,15.0,43.0,0.11205835642090678,2.918185199544742,21.0,-0.09547206845916108,-0.00048701954999496965,-0.0010793225029162375
1.0,16.0,43.0,0.06689246190843257,2.8951706892935642,21.0,-0.09546937220316128,-0.0004923109428048122,-0.0011015613368534315
1.0,17.0,43.0,0.0310574713394014,2.859335698724533,21.0,-0.09546517396877481,-0.0004965091771912778,-0.0011194440402044615
1.0,18.0,43.0,0.008042961088223777,2.8141698042120584,21.0,-0.09545988257596498,-0.0004992054331910675,-0.001131449470413884
1.0,19.0,43.0,0.0,2.7612108185127324,21.0,-0.0954536781865873,-0.0005001477031700296,-0.0011366437591744253
1.0,20.0,43.0,0.0001140803164827453,2.113614080316483,21.0,-0.0953778092425277,-0.0005001343381349097,-0.0011435579464944682
1.0,21.0,43.0,0.0001140803164827453,1.4631140803164828,21.0,-0.09530160016796034,-0.0005001343381349097,-0.0011436795330994716
1.0,22.0,43.0,0.0001140803164827453,0.8126140803164827,21.0,-0.09522539109339298,-0.0005001343381349097,-0.0011440152739508659
1.0,23.0,43.0,0.0,0.16501734212023322,21.0,-0.09514952214933338,-0.0005001477031700296,-0.0011370268375940082
1.0,24.0,43.0,0.008042961088223777,0.11205835642090678,21.0,-0.0951433177599557,-0.0004992054331910675,-0.001131822859112006
1.0,25.0,43.0,0.0310574713394014,0.06689246190843257,21.0,-0.09513802636714587,-0.0004965091771912778,-0.0011198885619797022
1.0,26.0,43.0,0.06689246190843257,0.0310574713394014,21.0,-0.0951338281327594,-0.0004923109428048122,-0.0011021660715132343
1.0,27.0,43.0,0.11205835642090678,0.008042961088223777,21.0,-0.0951311318767596,-0.00048701954999496965,-0.0010801759090627422
1.0,28.0,43.0,0.16501734212023322,0.0,21.0,-0.09513018960678064,-0.00048081516061730385,-0.0010543876627218658
1.0,29.0,43.0,0.8126140803164827,0.0001140803164827453,21.0,-0.09513020297181576,-0.0004049462165576945,-0.0007309333511363422
1.0,30.0,43.0,1.4631140803164828,0.0001140803164827453,21.0,-0.09513020297181576,-0.0003287371419903364,-0.0004092533939862521
1.0,31.0,43.0,2.113614080316483,0.0001140803164827453,21.0,-0.09513020297181576,-0.00025252806742297824,-0.0001346930532822303
1.0,32.0,43.0,2.7612108185127324,0.0,21.0,-0.09513018960678064,-0.00017665912336336888,-1.539964701229538e-5
1.0,33.0,43.0,2.814169804212059,0.008042961088223777,21.0,-0.0951311318767596,-0.00017045473398570306,-3.094367480219798e-14
1.0,34.0,43.0,2.859335698724533,0.0310574713394014,21.0,-0.0951338281327594,-0.0001651633411758605,-3.062365992268317e-14
1.0,35.0,43.0,2.8951706892935642,0.06689246190843257,21.0,-0.09513802636714587,-0.00016096510678939493,-2.9950304066691396e-14
1.0,36.0,43.0,2.918185199544742,0.11205835642090678,21.0,-0.0951433177599557,-0.00015826885078960517,-2.8989177969677816e-14
1.0,37.0,43.0,2.9262281606329656,0.16501734212023322,21.0,-0.09514952214933338,-0.00015732658081064316,-2.776606500764689e-14
1.0,38.0,43.0,2.926114080316483,0.29986408031648293,21.0,-0.09516532006651456,-0.00015733994584576306,2.919246411502048e-5
1.0,39.0,43.0,2.926114080316483,0.43761408031648275,21.0,-0.0951814581142035,-0.00015733994584576306,8.051778920864879e-5
1.0,40.0,43.0,2.926114080316483,0.5753640803164828,21.0,-0.09519759616189244,-0.00015733994584576306,0.00011015678551901291
1.0,41.0,43.0,2.926114080316483,0.7131140803164828,21.0,-0.09521373420958137,-0.00015733994584576306,0.00011792633318514933
2.0,1.0,43.0,5.9261140803164825,2.213114080316483,21.0,-0.0953894661263393,0.00019412388767010838,0.0013751904625755444
2.0,2.0,43.0,5.9261140803164825,2.350864080316483,21.0,-0.09540560417402824,0.00019412388767010838,0.0013729362535245715
2.0,3.0,43.0,5.9261140803164825,2.488614080316483,21.0,-0.09542174222171718,0.00019412388767010838,0.0013696320240314602
2.0,4.0,43.0,5.9261140803164825,2.626364080316483,21.0,-0.09543788026940613,0.00019412388767010838,0.001365072196209533
2.0,5.0,43.0,5.926228160632966,2.7612108185127324,21.0,-0.0954536781865873,0.00019413725270522823,0.0013591998489599218
2.0,6.0,43.0,5.918185199544742,2.8141698042120584,21.0,-0.09545988257596498,0.0001931949827262662,0.001352840401631986
2.0,7.0,43.0,5.895170689293565,2.859335698724533,21.0,-0.09546517396877481,0.00019049872672647662,0.0013398158291454182
2.0,8.0,43.0,5.859335698724533,2.8951706892935642,21.0,-0.09546937220316128,0.00018630049234001086,0.0013209934411484827
2.0,9.0,43.0,5.814169804212058,2.918185199544742,21.0,-0.09547206845916108,0.00018100909953016836,0.0012979457287814195
2.0,10.0,43.0,5.7612108185127315,2.9262281606329656,21.0,-0.09547301072914004,0.00017480471015250248,0.0012711328280900541
2.0,11.0,43.0,5.1136140803164825,2.926114080316483,21.0,-0.09547299736410492,9.89357660928932e-5,0.0009327400309458132
2.0,12.0,43.0,4.463114080316483,2.926114080316483,21.0,-0.09547299736410492,2.2726691525535167e-5,0.0005903662614875364
2.0,13.0,43.0,3.8126140803164827,2.926114080316483,21.0,-0.09547299736410492,-5.3482383041823067e-5,0.00025181284224737196
2.0,14.0,43.0,3.1650173421202332,2.9262281606329656,21.0,-0.09547301072914004,-0.0001293513271014324,6.144650100849088e-15
2.0,15.0,43.0,3.112058356420907,2.918185199544742,21.0,-0.09547206845916108,-0.00013555571647909823,6.002545982940316e-15
2.0,16.0,43.0,3.0668924619084326,2.8951706892935642,21.0,-0.09546937220316128,-0.0001408471092889408,5.616866030275177e-15
2.0,17.0,43.0,3.0310574713394014,2.859335698724533,21.0,-0.09546517396877481,-0.0001450453436754064,5.023129740153664e-15
2.0,18.0,43.0,3.0080429610882238,2.8141698042120584,21.0,-0.09545988257596498,-0.00014774159967519612,4.279154572486829e-15
2.0,19.0,43.0,3.0,2.7612108185127324,21.0,-0.0954536781865873,-0.00014868386965415816,-5.444020766211785e-6
2.0,20.0,43.0,3.0001140803164827,2.113614080316483,21.0,-0.0953778092425277,-0.00014867050461903823,-0.00014468309906261076
2.0,21.0,43.0,3.0001140803164827,1.4631140803164828,21.0,-0.09530160016796034,-0.00014867050461903823,-0.00016991835668453376
2.0,22.0,43.0,3.0001140803164827,0.8126140803164827,21.0,-0.09522539109339298,-0.00014867050461903823,-0.00012415843116121055
2.0,23.0,43.0,3.0,0.16501734212023322,21.0,-0.09514952214933338,-0.00014868386965415816,-2.814052374888413e-14
2.0,24.0,43.0,3.0080429610882238,0.11205835642090678,21.0,-0.0951433177599557,-0.00014774159967519612,-2.94452873003746e-14
2.0,25.0,43.0,3.0310574713394014,0.06689246190843257,21.0,-0.09513802636714587,-0.0001450453436754064,-3.064005226589926e-14
2.0,26.0,43.0,3.0668924619084326,0.0310574713394014,21.0,-0.0951338281327594,-0.0001408471092889408,-3.167719803348498e-14
2.0,27.0,43.0,3.112058356420907,0.008042961088223777,21.0,-0.0951311318767596,-0.00013555571647909823,-3.2455728361471927e-14
2.0,28.0,43.0,3.1650173421202332,0.0,21.0,-0.09513018960678064,-0.0001293513271014324,-3.2916499275612746e-14
2.0,29.0,43.0,3.8126140803164827,0.0001140803164827453,21.0,-0.09513020297181576,-5.3482383041823067e-5,0.0002547845223182481
2.0,30.0,43.0,4.463114080316483,0.0001140803164827453,21.0,-0.09513020297181576,2.2726691525535167e-5,0.0005913962657925996
2.0,31.0,43.0,5.1136140803164825,0.0001140803164827453,21.0,-0.09513020297181576,9.89357660928932e-5,0.0009304074695043153
2.0,32.0,43.0,5.761210818512732,0.0,21.0,-0.09513018960678064,0.00017480471015250248,0.001265781875554041
2.0,33.0,43.0,5.814169804212058,0.008042961088223777,21.0,-0.0951311318767596,0.00018100909953016836,0.0012921081728612066
2.0,34.0,43.0,5.859335698724533,0.0310574713394014,21.0,-0.0951338281327594,0.00018630049234001086,0.0013143359960999916
2.0,35.0,43.0,5.895170689293565,0.06689246190843257,21.0,-0.09513802636714587,0.00019049872672647662,0.0013320699854005719
2.0,36.0,43.0,5.918185199544742,0.11205835642090678,21.0,-0.0951433177599557,0.0001931949827262662,0.0013438328981758407
2.0,37.0,43.0,5.926228160632966,0.16501734212023322,21.0,-0.09514952214933338,0.00019413725270522823,0.001348799958702381
2.0,38.0,43.0,5.9261140803164825,0.29986408031648293,21.0,-0.09516532006651456,0.00019412388767010838,0.0013511953053244655
2.0,39.0,43.0,5.9261140803164825,0.43761408031648275,21.0,-0.0951814581142035,0.00019412388767010838,0.0013521754070976075
2.0,40.0,43.0,5.9261140803164825,0.5753640803164828,21.0,-0.09519759616189244,0.00019412388767010838,0.001351906412580066
2.0,41.0,43.0,5.9261140803164825,0.7131140803164828,21.0,-0.09521373420958137,0.00019412388767010838,0.001350676581591968
1.0,1.0,44.0,2.926114080316483,2.213114080316483,21.5,-0.09555700181834154,-0.00015466173860422113,5.924951380562801e-5
1.0,2.0,44.0,2.926114080316483,2.350864080316483,21.5,-0.09557323427558238,-0.00015466173860422113,5.417835866226713e-5
1.0,3.0,44.0,2.926114080316483,2.488614080316483,21.5,-0.09558946673282323,-0.00015466173860422113,4.185417401724547e-5
1.0,4.0,44.0,2.926114080316483,2.626364080316483,21.5,-0.09560569919006408,-0.00015466173860422113,2.8415804480518e-5
1.0,5.0,44.0,2.9262281606329656,2.7612108185127324,21.5,-0.09562158952699212,-0.00015464829538201186,1.3065808154481801e-5
1.0,6.0,44.0,2.918185199544742,2.8141698042120584,21.5,-0.09562783021280616,-0.0001555960777555464,4.261462783111714e-15
1.0,7.0,44.0,2.8951706892935642,2.859335698724533,21.5,-0.09563315256091083,-0.0001583081071825609,4.996375453317198e-15
1.0,8.0,44.0,2.859335698724533,2.8951706892935642,21.5,-0.0956373753554817,-0.00016253090175343506,5.57600088435394e-15
1.0,9.0,44.0,2.814169804212059,2.918185199544742,21.5,-0.09564008738490871,-0.00016785324985810505,5.943895717983665e-15
1.0,10.0,44.0,2.761210818512732,2.9262281606329656,21.5,-0.09564103516728224,-0.00017409393567213694,-9.107387702280134e-8
1.0,11.0,44.0,2.113614080316483,2.926114080316483,21.5,-0.09564102172406004,-0.0002504067223297187,-7.594231447553322e-5
1.0,12.0,44.0,1.4631140803164828,2.926114080316483,21.5,-0.09564102172406004,-0.0003270616293001017,-0.00020191420398511388
1.0,13.0,44.0,0.8126140803164827,2.926114080316483,21.5,-0.09564102172406004,-0.00040371653627048465,-0.0003632027315026492
1.0,14.0,44.0,0.16501734212023322,2.9262281606329656,21.5,-0.09564103516728224,-0.0004800293229280665,-0.0005254248659695934
1.0,15.0,44.0,0.11205835642090678,2.918185199544742,21.5,-0.09564008738490871,-0.0004862700087420983,-0.0005384133331810363
1.0,16.0,44.0,0.06689246190843257,2.8951706892935642,21.5,-0.0956373753554817,-0.0004915923568467683,-0.0005495099241032482
1.0,17.0,44.0,0.0310574713394014,2.859335698724533,21.5,-0.09563315256091083,-0.0004958151514176425,-0.0005584358350943105
1.0,18.0,44.0,0.008042961088223777,2.8141698042120584,21.5,-0.09562783021280616,-0.000498527180844657,-0.0005643979632294948
1.0,19.0,44.0,0.0,2.7612108185127324,21.5,-0.09562158952699212,-0.0004994749632181915,-0.0005669265700554548
1.0,20.0,44.0,0.0001140803164827453,2.113614080316483,21.5,-0.09554527674033454,-0.0004994615199959822,-0.0005714575201735671
1.0,21.0,44.0,0.0001140803164827453,1.4631140803164828,21.5,-0.09546862183336416,-0.0004994615199959822,-0.0005720121031499096
1.0,22.0,44.0,0.0001140803164827453,0.8126140803164827,21.5,-0.09539196692639378,-0.0004994615199959822,-0.000571658652345986
1.0,23.0,44.0,0.0,0.16501734212023322,21.5,-0.0953156541397362,-0.0004994749632181915,-0.0005670460158572875
1.0,24.0,44.0,0.008042961088223777,0.11205835642090678,21.5,-0.09530941345392216,-0.000498527180844657,-0.0005645047618920043
1.0,25.0,44.0,0.0310574713394014,0.06689246190843257,21.5,-0.09530409110581749,-0.0004958151514176425,-0.0005585723461875109
1.0,26.0,44.0,0.06689246190843257,0.0310574713394014,21.5,-0.09529986831124662,-0.0004915923568467683,-0.000549722915968346
1.0,27.0,44.0,0.11205835642090678,0.008042961088223777,21.5,-0.0952971562818196,-0.0004862700087420983,-0.0005387477934505569
1.0,28.0,44.0,0.16501734212023322,0.0,21.5,-0.09529620849944608,-0.0004800293229280665,-0.0005259266741314832
1.0,29.0,44.0,0.8126140803164827,0.0001140803164827453,21.5,-0.09529622194266828,-0.00040371653627048465,-0.0003656055944823671
1.0,30.0,44.0,1.4631140803164828,0.0001140803164827453,21.5,-0.09529622194266828,-0.0003270616293001017,-0.0002058286732031875
1.0,31.0,44.0,2.113614080316483,0.0001140803164827453,21.5,-0.09529622194266828,-0.0002504067223297187,-7.950195984966746e-5
1.0,32.0,44.0,2.7612108185127324,0.0,21.5,-0.09529620849944608,-0.0001740939356721369,-6.255087465499005e-7
1.0,33.0,44.0,2.814169804212059,0.008042961088223777,21.5,-0.0952971562818196,-0.00016785324985810505,-3.094367480219798e-14
1.0,34.0,44.0,2.859335698724533,0.0310574713394014,21.5,-0.09529986831124662,-0.00016253090175343506,-3.062365992268317e-14
1.0,35.0,44.0,2.8951706892935642,0.06689246190843257,21.5,-0.09530409110581749,-0.0001583081071825609,-2.9950304066691396e-14
1.0,36.0,44.0,2.918185199544742,0.11205835642090678,21.5,-0.09530941345392216,-0.0001555960777555464,-2.8989177969677816e-14
1.0,37.0,44.0,2.9262281606329656,0.16501734212023322,21.5,-0.0953156541397362,-0.00015464829538201186,-2.776606500764689e-14
1.0,38.0,44.0,2.926114080316483,0.29986408031648293,21.5,-0.09533154447666424,-0.00015466173860422113,1.684717836440831e-5
1.0,39.0,44.0,2.926114080316483,0.43761408031648275,21.5,-0.09534777693390509,-0.00015466173860422113,2.6250729458614976e-5
1.0,40.0,44.0,2.926114080316483,0.5753640803164828,21.5,-0.09536400939114593,-0.00015466173860422113,3.488161880259827e-5
1.0,41.0,44.0,2.926114080316483,0.7131140803164828,21.5,-0.09538024184838678,-0.00015466173860422113,3.899581225944676e-5
2.0,1.0,44.0,5.9261140803164825,2.213114080316483,21.5,-0.09555700181834154,0.00019885820130530833,0.0006863367628501951
2.0,2.0,44.0,5.9261140803164825,2.350864080316483,21.5,-0.09557323427558238,0.00019885820130530833,0.0006851333876687322
2.0,3.0,44.0,5.9261140803164825,2.488614080316483,21.5,-0.09558946673282323,0.00019885820130530833,0.0006833377105134727
2.0,4.0,44.0,5.9261140803164825,2.626364080316483,21.5,-0.09560569919006408,0.00019885820130530833,0.0006808915939492204
2.0,5.0,44.0,5.926228160632966,2.7612108185127324,21.5,-0.09562158952699212,0.00019887164452751755,0.0006779428964472306
2.0,6.0,44.0,5.918185199544742,2.8141698042120584,21.5,-0.09562783021280616,0.00019792386215398305,0.0006747997939281566
2.0,7.0,44.0,5.895170689293565,2.859335698724533,21.5,-0.09563315256091083,0.00019521183272696866,0.0006682914668016576
2.0,8.0,44.0,5.859335698724533,2.8951706892935642,21.5,-0.0956373753554817,0.00019098903815609436,0.0006588684429159734
2.0,9.0,44.0,5.814169804212058,2.918185199544742,21.5,-0.09564008738490871,0.00018566669005142442,0.0006473574479402049
2.0,10.0,44.0,5.7612108185127315,2.9262281606329656,21.5,-0.09564103516728224,0.00017942600423739253,0.0006340294067674811
2.0,11.0,44.0,5.1136140803164825,2.926114080316483,21.5,-0.09564102172406004,0.00010311321757981076,0.000466078179353435
2.0,12.0,44.0,4.463114080316483,2.926114080316483,21.5,-0.09564102172406004,2.6458310609427884e-5,0.00029603040621122055
2.0,13.0,44.0,3.8126140803164827,2.926114080316483,21.5,-0.09564102172406004,-5.0196596360955205e-5,0.0001278937006055799
2.0,14.0,44.0,3.1650173421202332,2.9262281606329656,21.5,-0.09564103516728224,-0.00012650938301853702,6.144650100849088e-15
2.0,15.0,44.0,3.112058356420907,2.918185199544742,21.5,-0.09564008738490871,-0.00013275006883256885,6.002545982940316e-15
2.0,16.0,44.0,3.0668924619084326,2.8951706892935642,21.5,-0.0956373753554817,-0.00013807241693723885,5.616866030275177e-15
2.0,17.0,44.0,3.0310574713394014,2.859335698724533,21.5,-0.09563315256091083,-0.00014229521150811302,5.023129740153664e-15
2.0,18.0,44.0,3.0080429610882238,2.8141698042120584,21.5,-0.09562783021280616,-0.00014500724093512754,4.279154572486829e-15
2.0,19.0,44.0,3.0,2.7612108185127324,21.5,-0.09562158952699212,-0.00014595502330866204,-8.5011709998973e-6
2.0,20.0,44.0,3.0001140803164827,2.113614080316483,21.5,-0.09554527674033454,-0.00014594158008645277,-6.362526145081438e-5
2.0,21.0,44.0,3.0001140803164827,1.4631140803164828,21.5,-0.09546862183336416,-0.00014594158008645277,-8.275362349705581e-5
2.0,22.0,44.0,3.0001140803164827,0.8126140803164827,21.5,-0.09539196692639378,-0.00014594158008645277,-5.576887341992166e-5
2.0,23.0,44.0,3.0,0.16501734212023322,21.5,-0.0953156541397362,-0.00014595502330866204,-2.814052374888413e-14
2.0,24.0,44.0,3.0080429610882238,0.11205835642090678,21.5,-0.09530941345392216,-0.00014500724093512754,-2.94452873003746e-14
2.0,25.0,44.0,3.0310574713394014,0.06689246190843257,21.5,-0.09530409110581749,-0.00014229521150811302,-3.064005226589926e-14
2.0,26.0,44.0,3.0668924619084326,0.0310574713394014,21.5,-0.09529986831124662,-0.00013807241693723885,-3.167719803348498e-14
2.0,27.0,44.0,3.112058356420907,0.008042961088223777,21.5,-0.0952971562818196,-0.00013275006883256885,-3.2455728361471927e-14
2.0,28.0,44.0,3.1650173421202332,0.0,21.5,-0.09529620849944608,-0.00012650938301853702,-3.2916499275612746e-14
2.0,29.0,44.0,3.8126140803164827,0.0001140803164827453,21.5,-0.09529622194266828,-5.0196596360955205e-5,0.00012902973724790502
2.0,30.0,44.0,4.463114080316483,0.0001140803164827453,21.5,-0.09529622194266828,2.6458310609427884e-5,0.0002965004918744964
2.0,31.0,44.0,5.1136140803164825,0.0001140803164827453,21.5,-0.09529622194266828,0.00010311321757981076,0.0004649539152406054
2.0,32.0,44.0,5.761210818512732,0.0,21.5,-0.09529620849944608,0.00017942600423739253,0.0006312986946580674
2.0,33.0,44.0,5.814169804212058,0.008042961088223777,21.5,-0.0952971562818196,0.00018566669005142442,0.0006443979619945383
2.0,34.0,44.0,5.859335698724533,0.0310574713394014,21.5,-0.09529986831124662,0.00019098903815609436,0.0006555073052331079
2.0,35.0,44.0,5.895170689293565,0.06689246190843257,21.5,-0.09530409110581749,0.00019521183272696866,0.0006643855433303855
2.0,36.0,44.0,5.918185199544742,0.11205835642090678,21.5,-0.09530941345392216,0.00019792386215398305,0.0006702614783677515
2.0,37.0,44.0,5.926228160632966,0.16501734212023322,21.5,-0.0953156541397362,0.00019887164452751755,0.0006727093364973297
2.0,38.0,44.0,5.9261140803164825,0.29986408031648293,21.5,-0.09533154447666424,0.00019885820130530833,0.0006739344418034563
2.0,39.0,44.0,5.9261140803164825,0.43761408031648275,21.5,-0.09534777693390509,0.00019885820130530833,0.0006746202935853521
2.0,40.0,44.0,5.9261140803164825,0.5753640803164828,21.5,-0.09536400939114593,0.00019885820130530833,0.0006746613163522468
2.0,41.0,44.0,5.9261140803164825,0.7131140803164828,21.5,-0.09538024184838678,0.00019885820130530833,0.0006740929563414131
1.0,1.0,45.0,2.926114080316483,2.213114080316483,22.0,-0.09561295307307294,-0.00015374291932695767,-1.2776961180073369e-14
1.0,2.0,45.0,2.926114080316483,2.350864080316483,22.0,-0.09562921792228847,-0.00015374291932695767,-1.849459932765905e-15
1.0,3.0,45.0,2.926114080316483,2.488614080316483,22.0,-0.09564548277150399,-0.00015374291932695767,-5.055884403745262e-15
1.0,4.0,45.0,2.926114080316483,2.626364080316483,22.0,-0.09566174762071951,-0.00015374291932695767,-8.003548930930981e-15
1.0,5.0,45.0,2.9262281606329656,2.7612108185127324,22.0,-0.09567766966691892,-0.00015372944927871047,9.39140656423623e-15
1.0,6.0,45.0,2.918185199544742,2.8141698042120584,22.0,-0.09568392280606233,-0.00015467912295817537,4.261462783111714e-15
1.0,7.0,45.0,2.8951706892935642,2.859335698724533,22.0,-0.0956892557749475,-0.0001573965642576639,4.996375453317198e-15
1.0,8.0,45.0,2.859335698724533,2.8951706892935642,22.0,-0.09569348699613257,-0.0001616277854427458,5.57600088435394e-15
1.0,9.0,45.0,2.814169804212059,2.918185199544742,22.0,-0.09569620443743206,-0.00016696075432789774,5.943895717983665e-15
1.0,10.0,45.0,2.761210818512732,2.9262281606329656,22.0,-0.09569715411111153,-0.00017321389347132183,2.672987724019716e-15
1.0,11.0,45.0,2.113614080316483,2.926114080316483,22.0,-0.09569714064106327,-0.0002496789627942072,1.1903108580666186e-14
1.0,12.0,45.0,1.4631140803164828,2.926114080316483,22.0,-0.09569714064106327,-0.0003264868351332174,4.011110672840048e-15
1.0,13.0,45.0,0.8126140803164827,2.926114080316483,22.0,-0.09569714064106327,-0.00040329470747222767,1.1443453922771823e-14
1.0,14.0,45.0,0.16501734212023322,2.9262281606329656,22.0,-0.09569715411111153,-0.0004797597767951131,3.57009157167858e-14
1.0,15.0,45.0,0.11205835642090678,2.918185199544742,22.0,-0.09569620443743206,-0.0004860129159385371,3.73021256037173e-14
1.0,16.0,45.0,0.06689246190843257,2.8951706892935642,22.0,-0.09569348699613257,-0.0004913458848236891,2.55372466671778e-14
1.0,17.0,45.0,0.0310574713394014,2.859335698724533,22.0,-0.0956892557749475,-0.000495577106008771,2.2044579434572462e-14
1.0,18.0,45.0,0.008042961088223777,2.8141698042120584,22.0,-0.09568392280606233,-0.0004982945473082595,2.3541392532778245e-14
1.0,19.0,45.0,0.0,2.7612108185127324,22.0,-0.09567766966691892,-0.0004992442209877244,1.8273421042795698e-14
1.0,20.0,45.0,0.0001140803164827453,2.113614080316483,22.0,-0.09560120459759602,-0.0004992307509394772,2.6335089426419064e-14
1.0,21.0,45.0,0.0001140803164827453,1.4631140803164828,22.0,-0.09552439672525702,-0.0004992307509394772,0.0
1.0,22.0,45.0,0.0001140803164827453,0.8126140803164827,22.0,-0.09544758885291801,-0.0004992307509394772,6.541592284990543e-15
1.0,23.0,45.0,0.0,0.16501734212023322,22.0,-0.09537112378359512,-0.0004992442209877244,-2.2826306894047946e-16
1.0,24.0,45.0,0.008042961088223777,0.11205835642090678,22.0,-0.0953648706444517,-0.0004982945473082595,1.2268759965991274e-15
1.0,25.0,45.0,0.0310574713394014,0.06689246190843257,22.0,-0.09535953767556654,-0.000495577106008771,-1.235236972881897e-15
1.0,26.0,45.0,0.06689246190843257,0.0310574713394014,22.0,-0.09535530645438146,-0.0004913458848236891,4.324945108264988e-15
1.0,27.0,45.0,0.11205835642090678,0.008042961088223777,22.0,-0.09535258901308198,-0.0004860129159385371,1.290728910360882e-15
1.0,28.0,45.0,0.16501734212023322,0.0,22.0,-0.09535163933940251,-0.0004797597767951131,3.7465191125373365e-15
1.0,29.0,45.0,0.8126140803164827,0.0001140803164827453,22.0,-0.09535165280945077,-0.00040329470747222767,-5.459101998727972e-15
1.0,30.0,45.0,1.4631140803164828,0.0001140803164827453,22.0,-0.09535165280945077,-0.0003264868351332174,-3.10158105170999e-14
1.0,31.0,45.0,2.113614080316483,0.0001140803164827453,22.0,-0.09535165280945077,-0.0002496789627942072,-3.685711094791495e-14
1.0,32.0,45.0,2.7612108185127324,0.0,22.0,-0.09535163933940251,-0.00017321389347132177,-3.22200129075099e-14
1.0,33.0,45.0,2.814169804212059,0.008042961088223777,22.0,-0.09535258901308198,-0.00016696075432789774,-3.094367480219798e-14
1.0,34.0,45.0,2.859335698724533,0.0310574713394014,22.0,-0.09535530645438146,-0.0001616277854427458,-3.062365992268317e-14
1.0,35.0,45.0,2.8951706892935642,0.06689246190843257,22.0,-0.09535953767556654,-0.0001573965642576639,-2.9950304066691396e-14
1.0,36.0,45.0,2.918185199544742,0.11205835642090678,22.0,-0.0953648706444517,-0.00015467912295817537,-2.8989177969677816e-14
1.0,37.0,45.0,2.9262281606329656,0.16501734212023322,22.0,-0.09537112378359512,-0.00015372944927871047,-2.776606500764689e-14
1.0,38.0,45.0,2.926114080316483,0.29986408031648293,22.0,-0.09538704582979453,-0.00015374291932695767,-2.143916688217781e-14
1.0,39.0,45.0,2.926114080316483,0.43761408031648275,22.0,-0.09540331067901005,-0.00015374291932695767,-2.0590599847580426e-14
1.0,40.0,45.0,2.926114080316483,0.5753640803164828,22.0,-0.09541957552822557,-0.00015374291932695767,-1.964328620389787e-14
1.0,41.0,45.0,2.926114080316483,0.7131140803164828,22.0,-0.0954358403774411,-0.00015374291932695767,-1.7538063714894213e-14
2.0,1.0,45.0,5.9261140803164825,2.213114080316483,22.0,-0.09561295307307294,0.0002004824719367329,-5.336551838114453e-14
2.0,2.0,45.0,5.9261140803164825,2.350864080316483,22.0,-0.09562921792228847,0.0002004824719367329,-4.43288512184683e-14
2.0,3.0,45.0,5.9261140803164825,2.488614080316483,22.0,-0.09564548277150399,0.0002004824719367329,-3.979210453951793e-14
2.0,4.0,45.0,5.9261140803164825,2.626364080316483,22.0,-0.09566174762071951,0.0002004824719367329,-2.979340120985311e-14
2.0,5.0,45.0,5.926228160632966,2.7612108185127324,22.0,-0.09567766966691892,0.00020049594198498003,-2.5646166029989793e-14
2.0,6.0,45.0,5.918185199544742,2.8141698042120584,22.0,-0.09568392280606233,0.00019954626830551514,-2.2255412867636884e-14
2.0,7.0,45.0,5.895170689293565,2.859335698724533,22.0,-0.0956892557749475,0.00019682882700602675,-1.76315787752687e-14
2.0,8.0,45.0,5.859335698724533,2.8951706892935642,22.0,-0.09569348699613257,0.00019259760582094468,-1.1217988751263128e-14
2.0,9.0,45.0,5.814169804212058,2.918185199544742,22.0,-0.09569620443743206,0.00018726463693579282,-1.5016200789264775e-14
2.0,10.0,45.0,5.7612108185127315,2.9262281606329656,22.0,-0.09569715411111153,0.00018101149779236873,-1.914798667369879e-14
2.0,11.0,45.0,5.1136140803164825,2.926114080316483,22.0,-0.09569714064106327,0.00010454642846948336,-2.77656494637166e-14
2.0,12.0,45.0,4.463114080316483,2.926114080316483,22.0,-0.09569714064106327,2.7738556130473227e-5,1.841528260691222e-14
2.0,13.0,45.0,3.8126140803164827,2.926114080316483,22.0,-0.09569714064106327,-4.906931620853712e-5,2.708534606415306e-14
2.0,14.0,45.0,3.1650173421202332,2.9262281606329656,22.0,-0.09569715411111153,-0.00012553438553142255,6.144650100849088e-15
2.0,15.0,45.0,3.112058356420907,2.918185199544742,22.0,-0.09569620443743206,-0.00013178752467484658,6.002545982940316e-15
2.0,16.0,45.0,3.0668924619084326,2.8951706892935642,22.0,-0.09569348699613257,-0.0001371204935599985,5.616866030275177e-15
2.0,17.0,45.0,3.0310574713394014,2.859335698724533,22.0,-0.0956892557749475,-0.0001413517147450804,5.023129740153664e-15
2.0,18.0,45.0,3.0080429610882238,2.8141698042120584,22.0,-0.09568392280606233,-0.00014406915604456893,4.279154572486829e-15
2.0,19.0,45.0,3.0,2.7612108185127324,22.0,-0.09567766966691892,-0.00014501882972403385,2.436076763749606e-15
2.0,20.0,45.0,3.0001140803164827,2.113614080316483,22.0,-0.09560120459759602,-0.00014500535967578663,-9.086889044426264e-15
2.0,21.0,45.0,3.0001140803164827,1.4631140803164828,22.0,-0.09552439672525702,-0.00014500535967578663,-5.505235922988538e-15
2.0,22.0,45.0,3.0001140803164827,0.8126140803164827,22.0,-0.09544758885291801,-0.00014500535967578663,-1.3262829947911557e-14
2.0,23.0,45.0,3.0,0.16501734212023322,22.0,-0.09537112378359512,-0.00014501882972403385,-2.814052374888413e-14
2.0,24.0,45.0,3.0080429610882238,0.11205835642090678,22.0,-0.0953648706444517,-0.00014406915604456893,-2.94452873003746e-14
2.0,25.0,45.0,3.0310574713394014,0.06689246190843257,22.0,-0.09535953767556654,-0.0001413517147450804,-3.064005226589926e-14
2.0,26.0,45.0,3.0668924619084326,0.0310574713394014,22.0,-0.09535530645438146,-0.0001371204935599985,-3.167719803348498e-14
2.0,27.0,45.0,3.112058356420907,0.008042961088223777,22.0,-0.09535258901308198,-0.00013178752467484658,-3.2455728361471927e-14
2.0,28.0,45.0,3.1650173421202332,0.0,22.0,-0.09535163933940251,-0.00012553438553142255,-3.2916499275612746e-14
2.0,29.0,45.0,3.8126140803164827,0.0001140803164827453,22.0,-0.09535165280945077,-4.906931620853712e-5,-4.3393547603509987e-14
2.0,30.0,45.0,4.463114080316483,0.0001140803164827453,22.0,-0.09535165280945077,2.7738556130473227e-5,-5.812050457121449e-14
2.0,31.0,45.0,5.1136140803164825,0.0001140803164827453,22.0,-0.09535165280945077,0.00010454642846948336,-5.945026951126504e-14
2.0,32.0,45.0,5.761210818512732,0.0,22.0,-0.09535163933940251,0.00018101149779236873,-6.306533749347183e-14
2.0,33.0,45.0,5.814169804212058,0.008042961088223777,22.0,-0.09535258901308198,0.00018726463693579282,-6.984172565376838e-14
2.0,34.0,45.0,5.859335698724533,0.0310574713394014,22.0,-0.09535530645438146,0.00019259760582094468,-6.316945726145092e-14
2.0,35.0,45.0,5.895170689293565,0.06689246190843257,22.0,-0.09535953767556654,0.00019682882700602675,-6.037803742896697e-14
2.0,36.0,45.0,5.918185199544742,0.11205835642090678,22.0,-0.0953648706444517,0.00019954626830551514,-6.754920422327973e-14
2.0,37.0,45.0,5.926228160632966,0.16501734212023322,22.0,-0.09537112378359512,0.00020049594198498003,-6.324243291728098e-14
2.0,38.0,45.0,5.9261140803164825,0.29986408031648293,22.0,-0.09538704582979453,0.0002004824719367329,-5.829990593955255e-14
2.0,39.0,45.0,5.9261140803164825,0.43761408031648275,22.0,-0.09540331067901005,0.0002004824719367329,-5.815473662669247e-14
2.0,40.0,45.0,5.9261140803164825,0.5753640803164828,22.0,-0.09541957552822557,0.0002004824719367329,-4.695046411980766e-14
2.0,41.0,45.0,5.9261140803164825,0.7131140803164828,22.0,-0.0954358403774411,0.0002004824719367329,-4.4995120622922864e-14
1.0,1.0,46.0,2.926114080316483,2.213114080316483,22.5,-0.09555700181833339,-0.00015466173860724668,-5.924951381085931e-5
1.0,2.0,46.0,2.926114080316483,2.350864080316483,22.5,-0.09557323427557488,-0.00015466173860724668,-5.417835867471461e-5
1.0,3.0,46.0,2.926114080316483,2.488614080316483,22.5,-0.09558946673281636,-0.00015466173860724668,-4.185417401403878e-5
1.0,4.0,46.0,2.926114080316483,2.626364080316483,22.5,-0.09560569919005785,-0.00015466173860724668,-2.8415804453129234e-5
1.0,5.0,46.0,2.9262281606329656,2.7612108185127324,22.5,-0.09562158952698652,-0.00015464829538503687,-1.3065808147149611e-5
1.0,6.0,46.0,2.918185199544742,2.8141698042120584,22.5,-0.09562783021280079,-0.00015559607775860878,4.261462783111714e-15
1.0,7.0,46.0,2.8951706892935642,2.859335698724533,22.5,-0.09563315256090567,-0.00015830810718573025,4.996375453317198e-15
1.0,8.0,46.0,2.859335698724533,2.8951706892935642,22.5,-0.09563737535547671,-0.00016253090175677096,5.57600088435394e-15
1.0,9.0,46.0,2.814169804212059,2.918185199544742,22.5,-0.09564008738490383,-0.00016785324986165088,5.943895717983665e-15
1.0,10.0,46.0,2.761210818512732,2.9262281606329656,22.5,-0.0956410351672774,-0.00017409393567592888,9.107389525569466e-8
1.0,11.0,46.0,2.113614080316483,2.926114080316483,22.5,-0.0956410217240552,-0.0002504067223365204,7.594231448412064e-5
1.0,12.0,46.0,1.4631140803164828,2.926114080316483,22.5,-0.0956410217240552,-0.0003270616293099266,0.00020191420402581656
1.0,13.0,46.0,0.8126140803164827,2.926114080316483,22.5,-0.0956410217240552,-0.00040371653628333283,0.00036320273155187547
1.0,14.0,46.0,0.16501734212023322,2.9262281606329656,22.5,-0.0956410351672774,-0.00048002932294392435,0.0005254248660211225
1.0,15.0,46.0,0.11205835642090678,2.918185199544742,22.5,-0.09564008738490383,-0.00048627000875820235,0.0005384133332367439
1.0,16.0,46.0,0.06689246190843257,2.8951706892935642,22.5,-0.09563737535547671,-0.0004915923568630823,0.0005495099241834941
1.0,17.0,46.0,0.0310574713394014,2.859335698724533,22.5,-0.09563315256090567,-0.000495815151434123,0.0005584358351857364
1.0,18.0,46.0,0.008042961088223777,2.8141698042120584,22.5,-0.09562783021280079,-0.0004985271808612444,0.0005643979633222654
1.0,19.0,46.0,0.0,2.7612108185127324,22.5,-0.09562158952698652,-0.0004994749632348163,0.0005669265701493641
1.0,20.0,46.0,0.0001140803164827453,2.113614080316483,22.5,-0.09554527674032592,-0.0004994615200126065,0.0005714575202077732
1.0,21.0,46.0,0.0001140803164827453,1.4631140803164828,22.5,-0.09546862183335252,-0.0004994615200126065,0.0005720121032044907
1.0,22.0,46.0,0.0001140803164827453,0.8126140803164827,22.5,-0.09539196692637911,-0.0004994615200126065,0.0005716586523805663
1.0,23.0,46.0,0.0,0.16501734212023322,22.5,-0.09531565413971851,-0.0004994749632348163,0.0005670460158550019
1.0,24.0,46.0,0.008042961088223777,0.11205835642090678,22.5,-0.09530941345390424,-0.0004985271808612444,0.0005645047618759883
1.0,25.0,46.0,0.0310574713394014,0.06689246190843257,22.5,-0.09530409110579936,-0.000495815151434123,0.0005585723461699148
1.0,26.0,46.0,0.06689246190843257,0.0310574713394014,22.5,-0.09529986831122832,-0.0004915923568630823,0.0005497229159431975
1.0,27.0,46.0,0.11205835642090678,0.008042961088223777,22.5,-0.0952971562818012,-0.00048627000875820235,0.0005387477934272937
1.0,28.0,46.0,0.16501734212023322,0.0,22.5,-0.09529620849942763,-0.00048002932294392435,0.0005259266741057441
1.0,29.0,46.0,0.8126140803164827,0.0001140803164827453,22.5,-0.09529622194264983,-0.00040371653628333283,0.0003656055944453495
1.0,30.0,46.0,1.4631140803164828,0.0001140803164827453,22.5,-0.09529622194264983,-0.0003270616293099266,0.0002058286731871315
1.0,31.0,46.0,2.113614080316483,0.0001140803164827453,22.5,-0.09529622194264983,-0.0002504067223365204,7.950195980805333e-5
1.0,32.0,46.0,2.7612108185127324,0.0,22.5,-0.09529620849942763,-0.00017409393567592883,6.255086849247788e-7
1.0,33.0,46.0,2.814169804212059,0.008042961088223777,22.5,-0.0952971562818012,-0.00016785324986165088,-3.094367480219798e-14
1.0,34.0,46.0,2.859335698724533,0.0310574713394014,22.5,-0.09529986831122832,-0.00016253090175677096,-3.062365992268317e-14
1.0,35.0,46.0,2.8951706892935642,0.06689246190843257,22.5,-0.09530409110579936,-0.00015830810718573025,-2.9950304066691396e-14
1.0,36.0,46.0,2.918185199544742,0.11205835642090678,22.5,-0.09530941345390424,-0.00015559607775860878,-2.8989177969677816e-14
1.0,37.0,46.0,2.9262281606329656,0.16501734212023322,22.5,-0.09531565413971851,-0.00015464829538503687,-2.776606500764689e-14
1.0,38.0,46.0,2.926114080316483,0.29986408031648293,22.5,-0.09533154447664718,-0.00015466173860724668,-1.6847178421148498e-5
1.0,39.0,46.0,2.926114080316483,0.43761408031648275,22.5,-0.09534777693388867,-0.00015466173860724668,-2.625072950860076e-5
1.0,40.0,46.0,2.926114080316483,0.5753640803164828,22.5,-0.09536400939113016,-0.00015466173860724668,-3.48816188480754e-5
1.0,41.0,46.0,2.926114080316483,0.7131140803164828,22.5,-0.09538024184837164,-0.00015466173860724668,-3.899581231370412e-5
2.0,1.0,46.0,5.9261140803164825,2.213114080316483,22.5,-0.09555700181833339,0.00019885820131622544,-0.0006863367629032758
2.0,2.0,46.0,5.9261140803164825,2.350864080316483,22.5,-0.09557323427557488,0.00019885820131622544,-0.0006851333877364238
2.0,3.0,46.0,5.9261140803164825,2.488614080316483,22.5,-0.09558946673281636,0.00019885820131622544,-0.0006833377105805919
2.0,4.0,46.0,5.9261140803164825,2.626364080316483,22.5,-0.09560569919005785,0.00019885820131622544,-0.0006808915940117679
2.0,5.0,46.0,5.926228160632966,2.7612108185127324,22.5,-0.09562158952698652,0.0001988716445384352,-0.0006779428965122292
2.0,6.0,46.0,5.918185199544742,2.8141698042120584,22.5,-0.09562783021280079,0.00019792386216486331,-0.000674799793999375
2.0,7.0,46.0,5.895170689293565,2.859335698724533,22.5,-0.09563315256090567,0.00019521183273774197,-0.0006682914668739049
2.0,8.0,46.0,5.859335698724533,2.8951706892935642,22.5,-0.09563737535547671,0.00019098903816670113,-0.0006588684429896475
2.0,9.0,46.0,5.814169804212058,2.918185199544742,22.5,-0.09564008738490383,0.00018566669006182126,-0.0006473574480062121
2.0,10.0,46.0,5.7612108185127315,2.9262281606329656,22.5,-0.0956410351672774,0.00017942600424754323,-0.0006340294068304041
2.0,11.0,46.0,5.1136140803164825,2.926114080316483,22.5,-0.0956410217240552,0.00010311321758695174,-0.0004660781793938099
2.0,12.0,46.0,4.463114080316483,2.926114080316483,22.5,-0.0956410217240552,2.645831061354563e-5,-0.00029603040627754245
2.0,13.0,46.0,3.8126140803164827,2.926114080316483,22.5,-0.0956410217240552,-5.019659635986069e-5,-0.00012789370064716788
2.0,14.0,46.0,3.1650173421202332,2.9262281606329656,22.5,-0.0956410351672774,-0.00012650938302045223,6.144650100849088e-15
2.0,15.0,46.0,3.112058356420907,2.918185199544742,22.5,-0.09564008738490383,-0.0001327500688347302,6.002545982940316e-15
2.0,16.0,46.0,3.0668924619084326,2.8951706892935642,22.5,-0.09563737535547671,-0.00013807241693961013,5.616866030275177e-15
2.0,17.0,46.0,3.0310574713394014,2.859335698724533,22.5,-0.09563315256090567,-0.0001422952115106508,5.023129740153664e-15
2.0,18.0,46.0,3.0080429610882238,2.8141698042120584,22.5,-0.09562783021280079,-0.0001450072409377723,4.279154572486829e-15
2.0,19.0,46.0,3.0,2.7612108185127324,22.5,-0.09562158952698652,-0.0001459550233113442,8.501171005922143e-6
2.0,20.0,46.0,3.0001140803164827,2.113614080316483,22.5,-0.09554527674032592,-0.0001459415800891344,6.362526144455312e-5
2.0,21.0,46.0,3.0001140803164827,1.4631140803164828,22.5,-0.09546862183335252,-0.0001459415800891344,8.275362345569389e-5
2.0,22.0,46.0,3.0001140803164827,0.8126140803164827,22.5,-0.09539196692637911,-0.0001459415800891344,5.576887337017868e-5
2.0,23.0,46.0,3.0,0.16501734212023322,22.5,-0.09531565413971851,-0.0001459550233113442,-2.814052374888413e-14
2.0,24.0,46.0,3.0080429610882238,0.11205835642090678,22.5,-0.09530941345390424,-0.0001450072409377723,-2.94452873003746e-14
2.0,25.0,46.0,3.0310574713394014,0.06689246190843257,22.5,-0.09530409110579936,-0.0001422952115106508,-3.064005226589926e-14
2.0,26.0,46.0,3.0668924619084326,0.0310574713394014,22.5,-0.09529986831122832,-0.00013807241693961013,-3.167719803348498e-14
2.0,27.0,46.0,3.112058356420907,0.008042961088223777,22.5,-0.0952971562818012,-0.0001327500688347302,-3.2455728361471927e-14
2.0,28.0,46.0,3.1650173421202332,0.0,22.5,-0.09529620849942763,-0.00012650938302045223,-3.2916499275612746e-14
2.0,29.0,46.0,3.8126140803164827,0.0001140803164827453,22.5,-0.09529622194264983,-5.019659635986069e-5,-0.00012902973732365744
2.0,30.0,46.0,4.463114080316483,0.0001140803164827453,22.5,-0.09529622194264983,2.645831061354563e-5,-0.0002965004919673149
2.0,31.0,46.0,5.1136140803164825,0.0001140803164827453,22.5,-0.09529622194264983,0.00010311321758695174,-0.0004649539153418266
2.0,32.0,46.0,5.761210818512732,0.0,22.5,-0.09529620849942763,0.00017942600424754323,-0.0006312986948002739
2.0,33.0,46.0,5.814169804212058,0.008042961088223777,22.5,-0.0952971562818012,0.00018566669006182126,-0.0006443979621317936
2.0,34.0,46.0,5.859335698724533,0.0310574713394014,22.5,-0.09529986831122832,0.00019098903816670113,-0.000655507305372945
2.0,35.0,46.0,5.895170689293565,0.06689246190843257,22.5,-0.09530409110579936,0.00019521183273774197,-0.0006643855434714226
2.0,36.0,46.0,5.918185199544742,0.11205835642090678,22.5,-0.09530941345390424,0.00019792386216486331,-0.0006702614784978001
2.0,37.0,46.0,5.926228160632966,0.16501734212023322,22.5,-0.09531565413971851,0.0001988716445384352,-0.0006727093366308165
2.0,38.0,46.0,5.9261140803164825,0.29986408031648293,22.5,-0.09533154447664718,0.00019885820131622544,-0.0006739344419388432
2.0,39.0,46.0,5.9261140803164825,0.43761408031648275,22.5,-0.09534777693388867,0.00019885820131622544,-0.0006746202937101145
2.0,40.0,46.0,5.9261140803164825,0.5753640803164828,22.5,-0.09536400939113016,0.00019885820131622544,-0.0006746613164745467
2.0,41.0,46.0,5.9261140803164825,0.7131140803164828,22.5,-0.09538024184837164,0.00019885820131622544,-0.0006740929564718652
1.0,1.0,47.0,2.926114080316483,2.213114080316483,23.0,-0.09538946612630875,-0.0001573399458757843,-0.00015798005459751304
1.0,2.0,47.0,2.926114080316483,2.350864080316483,23.0,-0.09540560417399775,-0.0001573399458757843,-0.00014833169443302115
1.0,3.0,47.0,2.926114080316483,2.488614080316483,23.0,-0.09542174222168676,-0.0001573399458757843,-0.00012076269814525865
1.0,4.0,47.0,2.926114080316483,2.626364080316483,23.0,-0.09543788026937575,-0.0001573399458757843,-6.758360090228142e-5
1.0,5.0,47.0,2.9262281606329656,2.7612108185127324,23.0,-0.095453678186557,-0.00015732658084066433,-8.456751255791872e-6
1.0,6.0,47.0,2.918185199544742,2.8141698042120584,23.0,-0.09545988257593468,-0.00015826885081962998,4.261462783111714e-15
1.0,7.0,47.0,2.8951706892935642,2.859335698724533,23.0,-0.09546517396874456,-0.00016096510681943007,4.996375453317198e-15
1.0,8.0,47.0,2.859335698724533,2.8951706892935642,23.0,-0.09546937220313104,-0.00016516334120591177,5.57600088435394e-15
1.0,9.0,47.0,2.814169804212059,2.918185199544742,23.0,-0.09547206845913084,-0.00017045473401577463,5.943895717983665e-15
1.0,10.0,47.0,2.761210818512732,2.9262281606329656,23.0,-0.0954730107291098,-0.0001766591233934643,1.5722566302098778e-5
1.0,11.0,47.0,2.113614080316483,2.926114080316483,23.0,-0.09547299736407468,-0.00025252806745336474,0.0001258645232389246
1.0,12.0,47.0,1.4631140803164828,2.926114080316483,23.0,-0.09547299736407468,-0.00032873714202101534,0.0004014839826113645
1.0,13.0,47.0,0.8126140803164827,2.926114080316483,23.0,-0.09547299736407468,-0.0004049462165886659,0.0007260318221529016
1.0,14.0,47.0,0.16501734212023322,2.9262281606329656,23.0,-0.0954730107291098,-0.0004808151606485664,0.0010531931715177382
1.0,15.0,47.0,0.11205835642090678,2.918185199544742,23.0,-0.09547206845913084,-0.00048701955002625603,0.0010793225029991041
1.0,16.0,47.0,0.06689246190843257,2.8951706892935642,23.0,-0.09546937220313104,-0.0004923109428361189,0.0011015613369223594
1.0,17.0,47.0,0.0310574713394014,2.859335698724533,23.0,-0.09546517396874456,-0.0004965091772226005,0.001119444040257047
1.0,18.0,47.0,0.008042961088223777,2.8141698042120584,23.0,-0.09545988257593468,-0.0004992054332224006,0.001131449470455656
1.0,19.0,47.0,0.0,2.7612108185127324,23.0,-0.095453678186557,-0.0005001477032013663,0.001136643759218583
1.0,20.0,47.0,0.0001140803164827453,2.113614080316483,23.0,-0.0953778092424971,-0.0005001343381662464,0.0011435579465566247
1.0,21.0,47.0,0.0001140803164827453,1.4631140803164828,23.0,-0.09530160016792945,-0.0005001343381662464,0.0011436795331079995
1.0,22.0,47.0,0.0001140803164827453,0.8126140803164827,23.0,-0.0952253910933618,-0.0005001343381662464,0.0011440152739358022
1.0,23.0,47.0,0.0,0.16501734212023322,23.0,-0.09514952214930189,-0.0005001477032013663,0.0011370268375921367
1.0,24.0,47.0,0.008042961088223777,0.11205835642090678,23.0,-0.09514331775992421,-0.0004992054332224006,0.0011318228591098442
1.0,25.0,47.0,0.0310574713394014,0.06689246190843257,23.0,-0.09513802636711434,-0.0004965091772226005,0.0011198885619732887
1.0,26.0,47.0,0.06689246190843257,0.0310574713394014,23.0,-0.09513382813272786,-0.0004923109428361189,0.0011021660715018586
1.0,27.0,47.0,0.11205835642090678,0.008042961088223777,23.0,-0.09513113187672806,-0.00048701955002625603,0.0010801759090517387
1.0,28.0,47.0,0.16501734212023322,0.0,23.0,-0.0951301896067491,-0.0004808151606485664,0.0010543876627087507
1.0,29.0,47.0,0.8126140803164827,0.0001140803164827453,23.0,-0.09513020297178422,-0.0004049462165886659,0.0007309333511072443
1.0,30.0,47.0,1.4631140803164828,0.0001140803164827453,23.0,-0.09513020297178422,-0.00032873714202101534,0.0004092533939181767
1.0,31.0,47.0,2.113614080316483,0.0001140803164827453,23.0,-0.09513020297178422,-0.00025252806745336474,0.0001346930532188912
1.0,32.0,47.0,2.7612108185127324,0.0,23.0,-0.0951301896067491,-0.00017665912339346427,1.5399646950525645e-5
1.0,33.0,47.0,2.814169804212059,0.008042961088223777,23.0,-0.09513113187672806,-0.00017045473401577463,-3.094367480219798e-14
1.0,34.0,47.0,2.859335698724533,0.0310574713394014,23.0,-0.09513382813272786,-0.00016516334120591177,-3.062365992268317e-14
1.0,35.0,47.0,2.8951706892935642,0.06689246190843257,23.0,-0.09513802636711434,-0.00016096510681943007,-2.9950304066691396e-14
1.0,36.0,47.0,2.918185199544742,0.11205835642090678,23.0,-0.09514331775992421,-0.00015826885081962998,-2.8989177969677816e-14
1.0,37.0,47.0,2.9262281606329656,0.16501734212023322,23.0,-0.09514952214930189,-0.00015732658084066433,-2.776606500764689e-14
1.0,38.0,47.0,2.926114080316483,0.29986408031648293,23.0,-0.09516532006648315,-0.0001573399458757843,-2.919246416587021e-5
1.0,39.0,47.0,2.926114080316483,0.43761408031648275,23.0,-0.09518145811417214,-0.0001573399458757843,-8.05177892661543e-5
1.0,40.0,47.0,2.926114080316483,0.5753640803164828,23.0,-0.09519759616186114,-0.0001573399458757843,-0.00011015678557275345
1.0,41.0,47.0,2.926114080316483,0.7131140803164828,23.0,-0.09521373420955015,-0.0001573399458757843,-0.00011792633321757576
2.0,1.0,47.0,5.9261140803164825,2.213114080316483,23.0,-0.09538946612630875,0.00019412388764143587,-0.0013751904626939347
2.0,2.0,47.0,5.9261140803164825,2.350864080316483,23.0,-0.09540560417399775,0.00019412388764143587,-0.001372936253619857
2.0,3.0,47.0,5.9261140803164825,2.488614080316483,23.0,-0.09542174222168676,0.00019412388764143587,-0.0013696320241121454
2.0,4.0,47.0,5.9261140803164825,2.626364080316483,23.0,-0.09543788026937575,0.00019412388764143587,-0.0013650721962920327
2.0,5.0,47.0,5.926228160632966,2.7612108185127324,23.0,-0.095453678186557,0.00019413725267655577,-0.001359199849043291
2.0,6.0,47.0,5.918185199544742,2.8141698042120584,23.0,-0.09545988257593468,0.00019319498269759012,-0.0013528404017060377
2.0,7.0,47.0,5.895170689293565,2.859335698724533,23.0,-0.09546517396874456,0.0001904987266977902,-0.0013398158292132138
2.0,8.0,47.0,5.859335698724533,2.8951706892935642,23.0,-0.09546937220313104,0.00018630049231130834,-0.001320993441217594
2.0,9.0,47.0,5.814169804212058,2.918185199544742,23.0,-0.09547206845913084,0.00018100909950144554,-0.00129794572885229
2.0,10.0,47.0,5.7612108185127315,2.9262281606329656,23.0,-0.0954730107291098,0.00017480471012375586,-0.0012711328281552283
2.0,11.0,47.0,5.1136140803164825,2.926114080316483,23.0,-0.09547299736407468,9.893576606385542e-5,-0.0009327400309847179
2.0,12.0,47.0,4.463114080316483,2.926114080316483,23.0,-0.09547299736407468,2.272669149620494e-5,-0.000590366261474343
2.0,13.0,47.0,3.8126140803164827,2.926114080316483,23.0,-0.09547299736407468,-5.348238307144575e-5,-0.0002518128422220661
2.0,14.0,47.0,3.1650173421202332,2.9262281606329656,23.0,-0.0954730107291098,-0.00012935132713134622,6.144650100849088e-15
2.0,15.0,47.0,3.112058356420907,2.918185199544742,23.0,-0.09547206845913084,-0.00013555571650903587,6.002545982940316e-15
2.0,16.0,47.0,3.0668924619084326,2.8951706892935642,23.0,-0.09546937220313104,-0.00014084710931889873,5.616866030275177e-15
2.0,17.0,47.0,3.0310574713394014,2.859335698724533,23.0,-0.09546517396874456,-0.00014504534370538043,5.023129740153664e-15
2.0,18.0,47.0,3.0080429610882238,2.8141698042120584,23.0,-0.09545988257593468,-0.00014774159970518051,4.279154572486829e-15
2.0,19.0,47.0,3.0,2.7612108185127324,23.0,-0.095453678186557,-0.00014868386968414616,5.444020780168476e-6
2.0,20.0,47.0,3.0001140803164827,2.113614080316483,23.0,-0.0953778092424971,-0.0001486705046490262,0.00014468309907389755
2.0,21.0,47.0,3.0001140803164827,1.4631140803164828,23.0,-0.09530160016792945,-0.0001486705046490262,0.000169918356687608
2.0,22.0,47.0,3.0001140803164827,0.8126140803164827,23.0,-0.0952253910933618,-0.0001486705046490262,0.00012415843112815328
2.0,23.0,47.0,3.0,0.16501734212023322,23.0,-0.09514952214930189,-0.00014868386968414616,-2.814052374888413e-14
2.0,24.0,47.0,3.0080429610882238,0.11205835642090678,23.0,-0.09514331775992421,-0.00014774159970518051,-2.94452873003746e-14
2.0,25.0,47.0,3.0310574713394014,0.06689246190843257,23.0,-0.09513802636711434,-0.00014504534370538043,-3.064005226589926e-14
2.0,26.0,47.0,3.0668924619084326,0.0310574713394014,23.0,-0.09513382813272786,-0.00014084710931889873,-3.167719803348498e-14
2.0,27.0,47.0,3.112058356420907,0.008042961088223777,23.0,-0.09513113187672806,-0.00013555571650903587,-3.2455728361471927e-14
2.0,28.0,47.0,3.1650173421202332,0.0,23.0,-0.0951301896067491,-0.00012935132713134622,-3.2916499275612746e-14
2.0,29.0,47.0,3.8126140803164827,0.0001140803164827453,23.0,-0.09513020297178422,-5.348238307144575e-5,-0.00025478452237747757
2.0,30.0,47.0,4.463114080316483,0.0001140803164827453,23.0,-0.09513020297178422,2.272669149620494e-5,-0.0005913962658580979
2.0,31.0,47.0,5.1136140803164825,0.0001140803164827453,23.0,-0.09513020297178422,9.893576606385542e-5,-0.0009304074695915171
2.0,32.0,47.0,5.761210818512732,0.0,23.0,-0.0951301896067491,0.00017480471012375586,-0.0012657818756597271
2.0,33.0,47.0,5.814169804212058,0.008042961088223777,23.0,-0.09513113187672806,0.00018100909950144554,-0.001292108172956426
2.0,34.0,47.0,5.859335698724533,0.0310574713394014,23.0,-0.09513382813272786,0.00018630049231130834,-0.0013143359962050918
2.0,35.0,47.0,5.895170689293565,0.06689246190843257,23.0,-0.09513802636711434,0.0001904987266977902,-0.0013320699855088954
2.0,36.0,47.0,5.918185199544742,0.11205835642090678,23.0,-0.09514331775992421,0.00019319498269759012,-0.001343832898287223
2.0,37.0,47.0,5.926228160632966,0.16501734212023322,23.0,-0.09514952214930189,0.00019413725267655577,-0.0013487999588106478
2.0,38.0,47.0,5.9261140803164825,0.29986408031648293,23.0,-0.09516532006648315,0.00019412388764143587,-0.0013511953054353059
2.0,39.0,47.0,5.9261140803164825,0.43761408031648275,23.0,-0.09518145811417214,0.00019412388764143587,-0.001352175407194725
2.0,40.0,47.0,5.9261140803164825,0.5753640803164828,23.0,-0.09519759616186114,0.00019412388764143587,-0.0013519064126723236
2.0,41.0,47.0,5.9261140803164825,0.7131140803164828,23.0,-0.09521373420955015,0.00019412388764143587,-0.0013506765816493648
1.0,1.0,48.0,2.926114080316483,2.213114080316483,23.5,-0.09510641233010693,-0.00016177455981315202,-0.000325954890123409
1.0,2.0,48.0,2.926114080316483,2.350864080316483,23.5,-0.09512237629108677,-0.00016177455981315202,-0.00031479908495895956
1.0,3.0,48.0,2.926114080316483,2.488614080316483,23.5,-0.09513834025206663,-0.00016177455981315202,-0.0002846142258337121
1.0,4.0,48.0,2.926114080316483,2.626364080316483,23.5,-0.09515430421304648,-0.00016177455981315202,-0.00023139402306981792
1.0,5.0,48.0,2.9262281606329656,2.7612108185127324,23.5,-0.09516993171262415,-0.00016176133895129432,-9.992277820550279e-5
1.0,6.0,48.0,2.918185199544742,2.8141698042120584,23.5,-0.09517606917310499,-0.00016269344433768147,4.261462783111714e-15
1.0,7.0,48.0,2.8951706892935642,2.859335698724533,23.5,-0.09518130348582816,-0.00016536061489027745,4.996375453317198e-15
1.0,8.0,48.0,2.859335698724533,2.8951706892935642,23.5,-0.09518545643240645,-0.00016951356146855116,5.57600088435394e-15
1.0,9.0,48.0,2.814169804212059,2.918185199544742,23.5,-0.09518812360295903,-0.00017474787419172384,5.943895717983665e-15
1.0,10.0,48.0,2.761210818512732,2.9262281606329656,23.5,-0.09518905570834542,-0.00018088533467256843,-5.90932053799463e-5
1.0,11.0,48.0,2.113614080316483,2.926114080316483,23.5,-0.09518904248748357,-0.00025593585415889335,0.0001476154966721757
1.0,12.0,48.0,1.4631140803164828,2.926114080316483,23.5,-0.09518904248748357,-0.0003313228350473915,0.0005966946727299148
1.0,13.0,48.0,0.8126140803164827,2.926114080316483,23.5,-0.09518904248748357,-0.0004067098159358896,0.0010867986812629772
1.0,14.0,48.0,0.16501734212023322,2.9262281606329656,23.5,-0.09518905570834542,-0.00048176033542221455,0.0015863441432322361
1.0,15.0,48.0,0.11205835642090678,2.918185199544742,23.5,-0.09518812360295903,-0.00048789779590305906,0.0016264691686046363
1.0,16.0,48.0,0.06689246190843257,2.8951706892935642,23.5,-0.09518545643240645,-0.0004931321086262318,0.0016605999455974751
1.0,17.0,48.0,0.0310574713394014,2.859335698724533,23.5,-0.09518130348582816,-0.0004972850552045054,0.0016879004616025628
1.0,18.0,48.0,0.008042961088223777,2.8141698042120584,23.5,-0.09517606917310499,-0.0004999522257571014,0.001705902374346683
1.0,19.0,48.0,0.0,2.7612108185127324,23.5,-0.09516993171262415,-0.0005008843311434885,0.0017130767081338654
1.0,20.0,48.0,0.0001140803164827453,2.113614080316483,23.5,-0.09509488119313782,-0.0005008711102816309,0.0017159740796133206
1.0,21.0,48.0,0.0001140803164827453,1.4631140803164828,23.5,-0.09501949421224933,-0.0005008711102816309,0.001714699859241261
1.0,22.0,48.0,0.0001140803164827453,0.8126140803164827,23.5,-0.09494410723136083,-0.0005008711102816309,0.0017167956901756698
1.0,23.0,48.0,0.0,0.16501734212023322,23.5,-0.0948690567118745,-0.0005008843311434885,0.0017139833932974414
1.0,24.0,48.0,0.008042961088223777,0.11205835642090678,23.5,-0.09486291925139366,-0.0004999522257571014,0.0017068219174645395
1.0,25.0,48.0,0.0310574713394014,0.06689246190843257,23.5,-0.09485768493867049,-0.0004972850552045054,0.0016889654417198499
1.0,26.0,48.0,0.06689246190843257,0.0310574713394014,23.5,-0.0948535319920922,-0.0004931321086262318,0.001661940005821492
1.0,27.0,48.0,0.11205835642090678,0.008042961088223777,23.5,-0.09485086482153962,-0.00048789779590305906,0.001628191976334147
1.0,28.0,48.0,0.16501734212023322,0.0,23.5,-0.09484993271615323,-0.00048176033542221455,0.0015885519317617104
1.0,29.0,48.0,0.8126140803164827,0.0001140803164827453,23.5,-0.09484994593701508,-0.0004067098159358896,0.0010944164768555641
1.0,30.0,48.0,1.4631140803164828,0.0001140803164827453,23.5,-0.09484994593701508,-0.0003313228350473915,0.000608357652949836
1.0,31.0,48.0,2.113614080316483,0.0001140803164827453,23.5,-0.09484994593701508,-0.00025593585415889335,0.00016271666216669334
1.0,32.0,48.0,2.7612108185127324,0.0,23.5,-0.09484993271615323,-0.00018088533467256837,-5.2672061284319606e-5
1.0,33.0,48.0,2.814169804212059,0.008042961088223777,23.5,-0.09485086482153962,-0.00017474787419172384,-3.094367480219798e-14
1.0,34.0,48.0,2.859335698724533,0.0310574713394014,23.5,-0.0948535319920922,-0.00016951356146855116,-3.062365992268317e-14
1.0,35.0,48.0,2.8951706892935642,0.06689246190843257,23.5,-0.09485768493867049,-0.00016536061489027745,-2.9950304066691396e-14
1.0,36.0,48.0,2.918185199544742,0.11205835642090678,23.5,-0.09486291925139366,-0.00016269344433768147,-2.8989177969677816e-14
1.0,37.0,48.0,2.9262281606329656,0.16501734212023322,23.5,-0.0948690567118745,-0.00016176133895129432,-2.776606500764689e-14
1.0,38.0,48.0,2.926114080316483,0.29986408031648293,23.5,-0.09488468421145217,-0.00016177455981315202,-0.0001634624537261788
1.0,39.0,48.0,2.926114080316483,0.43761408031648275,23.5,-0.09490064817243202,-0.00016177455981315202,-0.00023361485481823976
1.0,40.0,48.0,2.926114080316483,0.5753640803164828,23.5,-0.09491661213341188,-0.00016177455981315202,-0.0002606849194567251
1.0,41.0,48.0,2.926114080316483,0.7131140803164828,23.5,-0.09493257609439172,-0.00016177455981315202,-0.00027086562343998374
2.0,1.0,48.0,5.9261140803164825,2.213114080316483,23.5,-0.09510641233010693,0.00018589791161727743,-0.0020681889868817594
2.0,2.0,48.0,5.9261140803164825,2.350864080316483,23.5,-0.09512237629108677,0.00018589791161727743,-0.002064890400384586
2.0,3.0,48.0,5.9261140803164825,2.488614080316483,23.5,-0.09513834025206663,0.00018589791161727743,-0.002060745953237818
2.0,4.0,48.0,5.9261140803164825,2.626364080316483,23.5,-0.09515430421304648,0.00018589791161727743,-0.002055469102799349
2.0,5.0,48.0,5.926228160632966,2.7612108185127324,23.5,-0.09516993171262415,0.00018591113247913511,-0.0020487748294236103
2.0,6.0,48.0,5.918185199544742,2.8141698042120584,23.5,-0.09517606917310499,0.00018497902709274793,-0.0020398073744235645
2.0,7.0,48.0,5.895170689293565,2.859335698724533,23.5,-0.09518130348582816,0.00018231185654015212,-0.0020202157070167855
2.0,8.0,48.0,5.859335698724533,2.8951706892935642,23.5,-0.09518545643240645,0.00017815890996187824,-0.0019914361482812645
2.0,9.0,48.0,5.814169804212058,2.918185199544742,23.5,-0.09518812360295903,0.00017292459723870562,-0.001956063730686136
2.0,10.0,48.0,5.7612108185127315,2.9262281606329656,23.5,-0.09518905570834542,0.00016678713675786103,-0.0019149836369765957
2.0,11.0,48.0,5.1136140803164825,2.926114080316483,23.5,-0.09518904248748357,9.173661727153614e-5,-0.0013990214409347168
2.0,12.0,48.0,4.463114080316483,2.926114080316483,23.5,-0.09518904248748357,1.6349636383038106e-5,-0.0008839135273739209
2.0,13.0,48.0,3.8126140803164827,2.926114080316483,23.5,-0.09518904248748357,-5.903734450546013e-5,-0.0003638032086837982
2.0,14.0,48.0,3.1650173421202332,2.9262281606329656,23.5,-0.09518905570834542,-0.0001340878639917851,6.144650100849088e-15
2.0,15.0,48.0,3.112058356420907,2.918185199544742,23.5,-0.09518812360295903,-0.00014022532447262963,6.002545982940316e-15
2.0,16.0,48.0,3.0668924619084326,2.8951706892935642,23.5,-0.09518545643240645,-0.00014545963719580227,5.616866030275177e-15
2.0,17.0,48.0,3.0310574713394014,2.859335698724533,23.5,-0.09518130348582816,-0.000149612583774076,5.023129740153664e-15
2.0,18.0,48.0,3.0080429610882238,2.8141698042120584,23.5,-0.09517606917310499,-0.00015227975432667196,4.279154572486829e-15
2.0,19.0,48.0,3.0,2.7612108185127324,23.5,-0.09516993171262415,-0.00015321185971305915,6.963463614067986e-5
2.0,20.0,48.0,3.0001140803164827,2.113614080316483,23.5,-0.09509488119313782,-0.00015319863885120144,0.00024455913077773444
2.0,21.0,48.0,3.0001140803164827,1.4631140803164828,23.5,-0.09501949421224933,-0.00015319863885120144,0.0002562592788825
2.0,22.0,48.0,3.0001140803164827,0.8126140803164827,23.5,-0.09494410723136083,-0.00015319863885120144,0.00023234834943351005
2.0,23.0,48.0,3.0,0.16501734212023322,23.5,-0.0948690567118745,-0.00015321185971305915,-2.814052374888413e-14
2.0,24.0,48.0,3.0080429610882238,0.11205835642090678,23.5,-0.09486291925139366,-0.00015227975432667196,-2.94452873003746e-14
2.0,25.0,48.0,3.0310574713394014,0.06689246190843257,23.5,-0.09485768493867049,-0.000149612583774076,-3.064005226589926e-14
2.0,26.0,48.0,3.0668924619084326,0.0310574713394014,23.5,-0.0948535319920922,-0.00014545963719580227,-3.167719803348498e-14
2.0,27.0,48.0,3.112058356420907,0.008042961088223777,23.5,-0.09485086482153962,-0.00014022532447262963,-3.2455728361471927e-14
2.0,28.0,48.0,3.1650173421202332,0.0,23.5,-0.09484993271615323,-0.0001340878639917851,-3.2916499275612746e-14
2.0,29.0,48.0,3.8126140803164827,0.0001140803164827453,23.5,-0.09484994593701508,-5.903734450546013e-5,-0.0003709418190411261
2.0,30.0,48.0,4.463114080316483,0.0001140803164827453,23.5,-0.09484994593701508,1.6349636383038106e-5,-0.0008849489688234828
2.0,31.0,48.0,5.1136140803164825,0.0001140803164827453,23.5,-0.09484994593701508,9.173661727153614e-5,-0.0013955613523260778
2.0,32.0,48.0,5.761210818512732,0.0,23.5,-0.09484993271615323,0.00016678713675786103,-0.0019070904656963658
2.0,33.0,48.0,5.814169804212058,0.008042961088223777,23.5,-0.09485086482153962,0.00017292459723870562,-0.0019475122985843656
2.0,34.0,48.0,5.859335698724533,0.0310574713394014,23.5,-0.0948535319920922,0.00017815890996187824,-0.001981683001939615
2.0,35.0,48.0,5.895170689293565,0.06689246190843257,23.5,-0.09485768493867049,0.00018231185654015212,-0.0020088129269359573
2.0,36.0,48.0,5.918185199544742,0.11205835642090678,23.5,-0.09486291925139366,0.00018497902709274793,-0.002026484848448329
2.0,37.0,48.0,5.926228160632966,0.16501734212023322,23.5,-0.0948690567118745,0.00018591113247913511,-0.0020333487803113294
2.0,38.0,48.0,5.9261140803164825,0.29986408031648293,23.5,-0.09488468421145217,0.00018589791161727743,-0.0020348316338401535
2.0,39.0,48.0,5.9261140803164825,0.43761408031648275,23.5,-0.09490064817243202,0.00018589791161727743,-0.0020347079485354396
2.0,40.0,48.0,5.9261140803164825,0.5753640803164828,23.5,-0.09491661213341188,0.00018589791161727743,-0.0020333251719880535
2.0,41.0,48.0,5.9261140803164825,0.7131140803164828,23.5,-0.09493257609439172,0.00018589791161727743,-0.0020309544696118474
1.0,1.0,49.0,2.926114080316483,2.213114080316483,24.0,-0.09466500925523223,-0.00016808875037187972,-0.0005640234518456273
1.0,2.0,49.0,2.926114080316483,2.350864080316483,24.0,-0.09468068519727059,-0.00016808875037187972,-0.0005574379284224532
1.0,3.0,49.0,2.926114080316483,2.488614080316483,24.0,-0.09469636113930895,-0.00016808875037187972,-0.000541986136087388
1.0,4.0,49.0,2.926114080316483,2.626364080316483,24.0,-0.0947120370813473,-0.00016808875037187972,-0.0005154592908551791
1.0,5.0,49.0,2.9262281606329656,2.7612108185127324,24.0,-0.09472738263236019,-0.00016807576803845757,-0.0005219369362451301
1.0,6.0,49.0,2.918185199544742,2.8141698042120584,24.0,-0.09473340936187186,-0.0001689910565454322,-0.0005507577308695477
1.0,7.0,49.0,2.8951706892935642,2.859335698724533,24.0,-0.0947385492380569,-0.00017161010648182877,-0.0005126311861714171
1.0,8.0,49.0,2.859335698724533,2.8951706892935642,24.0,-0.09474262725791247,-0.00017568812633740182,-0.00047075582212319624
1.0,9.0,49.0,2.814169804212059,2.918185199544742,24.0,-0.09474524630784886,-0.00018082800252243323,-0.00042860122313770723
1.0,10.0,49.0,2.761210818512732,2.9262281606329656,24.0,-0.09474616159635584,-0.00018685473203410515,-0.00035041973833903524
1.0,11.0,49.0,2.113614080316483,2.926114080316483,24.0,-0.09474614861402242,-0.0002605512034111885,0.00016832851320733332
1.0,12.0,49.0,1.4631140803164828,2.926114080316483,24.0,-0.09474614861402242,-0.0003345780658137366,0.0007795738154321579
1.0,13.0,49.0,0.8126140803164827,2.926114080316483,24.0,-0.09474614861402242,-0.0004086049282162847,0.0014460149718173063
1.0,14.0,49.0,0.16501734212023322,2.9262281606329656,24.0,-0.09474616159635584,-0.00048230139959336814,0.0021239351226176864
1.0,15.0,49.0,0.11205835642090678,2.918185199544742,24.0,-0.09474524630784886,-0.00048832812910504,0.002179682757001692
1.0,16.0,49.0,0.06689246190843257,2.8951706892935642,24.0,-0.09474262725791247,-0.0004934680052900714,0.002227160906654442
1.0,17.0,49.0,0.0310574713394014,2.859335698724533,24.0,-0.0947385492380569,-0.0004975460251456444,0.0022646596905967573
1.0,18.0,49.0,0.008042961088223777,2.8141698042120584,24.0,-0.09473340936187186,-0.0005001650750820411,0.0022884605744365447
1.0,19.0,49.0,0.0,2.7612108185127324,24.0,-0.09472738263236019,-0.0005010803635890157,0.0022962267518989448
1.0,20.0,49.0,0.0001140803164827453,2.113614080316483,24.0,-0.0946536861609831,-0.0005010673812555935,0.0022878934268664055
1.0,21.0,49.0,0.0001140803164827453,1.4631140803164828,24.0,-0.09457965929858056,-0.0005010673812555935,0.00228452983260604
1.0,22.0,49.0,0.0001140803164827453,0.8126140803164827,24.0,-0.09450563243617802,-0.0005010673812555935,0.002289217435828336
1.0,23.0,49.0,0.0,0.16501734212023322,24.0,-0.09443193596480093,-0.0005010803635890157,0.002298043714650038
1.0,24.0,49.0,0.008042961088223777,0.11205835642090678,24.0,-0.09442590923528926,-0.0005001650750820411,0.0022903393387884016
1.0,25.0,49.0,0.0310574713394014,0.06689246190843257,24.0,-0.09442076935910422,-0.0004975460251456444,0.0022667806206883097
1.0,26.0,49.0,0.06689246190843257,0.0310574713394014,24.0,-0.09441669133924865,-0.0004934680052900714,0.0022296864654288216
1.0,27.0,49.0,0.11205835642090678,0.008042961088223777,24.0,-0.09441407228931226,-0.00048832812910504,0.00218273653465972
1.0,28.0,49.0,0.16501734212023322,0.0,24.0,-0.09441315700080528,-0.00048230139959336814,0.0021276138449421644
1.0,29.0,49.0,0.8126140803164827,0.0001140803164827453,24.0,-0.0944131699831387,-0.0004086049282162847,0.0014564593769821267
1.0,30.0,49.0,1.4631140803164828,0.0001140803164827453,24.0,-0.0944131699831387,-0.0003345780658137366,0.0007958054923168601
1.0,31.0,49.0,2.113614080316483,0.0001140803164827453,24.0,-0.0944131699831387,-0.0002605512034111885,0.00018822838577800592
1.0,32.0,49.0,2.7612108185127324,0.0,24.0,-0.09441315700080528,-0.0001868547320341051,-0.000322980488992656
1.0,33.0,49.0,2.814169804212059,0.008042961088223777,24.0,-0.09441407228931226,-0.00018082800252243323,-0.00039491299179717995
1.0,34.0,49.0,2.859335698724533,0.0310574713394014,24.0,-0.09441669133924865,-0.00017568812633740182,-0.00043213087023316686
1.0,35.0,49.0,2.8951706892935642,0.06689246190843257,24.0,-0.09442076935910422,-0.00017161010648182877,-0.0004636718584605302
1.0,36.0,49.0,2.918185199544742,0.11205835642090678,24.0,-0.09442590923528926,-0.0001689910565454322,-0.0004892493573962117
1.0,37.0,49.0,2.9262281606329656,0.16501734212023322,24.0,-0.09443193596480093,-0.00016807576803845757,-0.0005053534325115497
1.0,38.0,49.0,2.926114080316483,0.29986408031648293,24.0,-0.09444728151581382,-0.00016808875037187972,-0.0004653821554478645
1.0,39.0,49.0,2.926114080316483,0.43761408031648275,24.0,-0.09446295745785217,-0.00016808875037187972,-0.00048200388176667335
1.0,40.0,49.0,2.926114080316483,0.5753640803164828,24.0,-0.09447863339989053,-0.00016808875037187972,-0.0004978301479136607
1.0,41.0,49.0,2.926114080316483,0.7131140803164828,24.0,-0.09449430934192889,-0.00016808875037187972,-0.0005001456065764096
2.0,1.0,49.0,5.9261140803164825,2.213114080316483,24.0,-0.09466500925523223,0.00017331107623479877,-0.002764176345827907
2.0,2.0,49.0,5.9261140803164825,2.350864080316483,24.0,-0.09468068519727059,0.00017331107623479877,-0.0027601576745000514
2.0,3.0,49.0,5.9261140803164825,2.488614080316483,24.0,-0.09469636113930895,0.00017331107623479877,-0.0027560468674497937
2.0,4.0,49.0,5.9261140803164825,2.626364080316483,24.0,-0.0947120370813473,0.00017331107623479877,-0.002751692817293432
2.0,5.0,49.0,5.926228160632966,2.7612108185127324,24.0,-0.09472738263236019,0.00017332405856822087,-0.0027473331321034317
2.0,6.0,49.0,5.918185199544742,2.8141698042120584,24.0,-0.09473340936187186,0.00017240877006124625,-0.0027369496097798297
2.0,7.0,49.0,5.895170689293565,2.859335698724533,24.0,-0.0947385492380569,0.00016978972012484983,-0.0027107727963024083
2.0,8.0,49.0,5.859335698724533,2.8951706892935642,24.0,-0.09474262725791247,0.00016571170026927662,-0.002671135810494417
2.0,9.0,49.0,5.814169804212058,2.918185199544742,24.0,-0.09474524630784886,0.00016057182408424527,-0.002621833894771207
2.0,10.0,49.0,5.7612108185127315,2.9262281606329656,24.0,-0.09474616159635584,0.00015454509457257334,-0.0025644928262794245
2.0,11.0,49.0,5.1136140803164825,2.926114080316483,24.0,-0.09474614861402242,8.084862319549e-5,-0.0018667626119988393
2.0,12.0,49.0,4.463114080316483,2.926114080316483,24.0,-0.09474614861402242,6.821760792941975e-6,-0.001167752642686621
2.0,13.0,49.0,3.8126140803164827,2.926114080316483,24.0,-0.09474614861402242,-6.720510160960626e-5,-0.0004922494033615348
2.0,14.0,49.0,3.1650173421202332,2.9262281606329656,24.0,-0.09474616159635584,-0.00014090157298668964,0.00012039701365686833
2.0,15.0,49.0,3.112058356420907,2.918185199544742,24.0,-0.09474524630784886,-0.0001469283024983615,0.00017974567795620217
2.0,16.0,49.0,3.0668924619084326,2.8951706892935642,24.0,-0.09474262725791247,-0.00015206817868339292,0.00023085101276654278
2.0,17.0,49.0,3.0310574713394014,2.859335698724533,24.0,-0.0947385492380569,-0.000156146198538966,0.0002748791233243636
2.0,18.0,49.0,3.0080429610882238,2.8141698042120584,24.0,-0.09473340936187186,-0.00015876524847536255,0.0003068314296805186
2.0,19.0,49.0,3.0,2.7612108185127324,24.0,-0.09472738263236019,-0.00015968053698233717,0.00028486861204267806
2.0,20.0,49.0,3.0001140803164827,2.113614080316483,24.0,-0.0946536861609831,-0.00015966755464891501,0.00033862490352313005
2.0,21.0,49.0,3.0001140803164827,1.4631140803164828,24.0,-0.09457965929858056,-0.00015966755464891501,0.0003624035364539899
2.0,22.0,49.0,3.0001140803164827,0.8126140803164827,24.0,-0.09450563243617802,-0.00015966755464891501,0.00031675062617024193
2.0,23.0,49.0,3.0,0.16501734212023322,24.0,-0.09443193596480093,-0.00015968053698233717,0.0002642919029270866
2.0,24.0,49.0,3.0080429610882238,0.11205835642090678,24.0,-0.09442590923528926,-0.00015876524847536255,0.00025775238238691454
2.0,25.0,49.0,3.0310574713394014,0.06689246190843257,24.0,-0.09442076935910422,-0.000156146198538966,0.00023628998976146844
2.0,26.0,49.0,3.0668924619084326,0.0310574713394014,24.0,-0.09441669133924865,-0.00015206817868339292,0.00020045691852172014
2.0,27.0,49.0,3.112058356420907,0.008042961088223777,24.0,-0.09441407228931226,-0.0001469283024983615,0.00015426991404348035
2.0,28.0,49.0,3.1650173421202332,0.0,24.0,-0.09441315700080528,-0.00014090157298668964,9.889880250934363e-5
2.0,29.0,49.0,3.8126140803164827,0.0001140803164827453,24.0,-0.0944131699831387,-6.720510160960626e-5,-0.0004998005129973444
2.0,30.0,49.0,4.463114080316483,0.0001140803164827453,24.0,-0.0944131699831387,6.821760792941975e-6,-0.001169620726148297
2.0,31.0,49.0,5.1136140803164825,0.0001140803164827453,24.0,-0.0944131699831387,8.084862319549e-5,-0.0018619010954522104
2.0,32.0,49.0,5.761210818512732,0.0,24.0,-0.09441315700080528,0.00015454509457257334,-0.002553996997968017
2.0,33.0,49.0,5.814169804212058,0.008042961088223777,24.0,-0.09441407228931226,0.00016057182408424527,-0.002610502429827365
2.0,34.0,49.0,5.859335698724533,0.0310574713394014,24.0,-0.09441669133924865,0.00016571170026927662,-0.0026582258078344198
2.0,35.0,49.0,5.895170689293565,0.06689246190843257,24.0,-0.09442076935910422,0.00016978972012484983,-0.0026956983130250714
2.0,36.0,49.0,5.918185199544742,0.11205835642090678,24.0,-0.09442590923528926,0.00017240877006124625,-0.002719361146609407
2.0,37.0,49.0,5.926228160632966,0.16501734212023322,24.0,-0.09443193596480093,0.00017332405856822087,-0.002727009545766485
2.0,38.0,49.0,5.9261140803164825,0.29986408031648293,24.0,-0.09444728151581382,0.00017331107623479877,-0.0027246385066190108
2.0,39.0,49.0,5.9261140803164825,0.43761408031648275,24.0,-0.09446295745785217,0.00017331107623479877,-0.002722003225668134
2.0,40.0,49.0,5.9261140803164825,0.5753640803164828,24.0,-0.09447863339989053,0.00017331107623479877,-0.0027188737764830403
2.0,41.0,49.0,5.9261140803164825,0.7131140803164828,24.0,-0.09449430934192889,0.00017331107623479877,-0.002715187296414626
1.0,1.0,50.0,2.926114080316483,2.213114080316483,24.5,-0.09404507541462338,-0.00017545586928798082,-0.0008450555938965105
1.0,2.0,50.0,2.926114080316483,2.350864080316483,24.5,-0.09406038941765296,-0.00017545586928798082,-0.0008426893515576325
1.0,3.0,50.0,2.926114080316483,2.488614080316483,24.5,-0.09407570342068254,-0.00017545586928798082,-0.0008412930086296008
1.0,4.0,50.0,2.926114080316483,2.626364080316483,24.5,-0.0940910174237121,-0.00017545586928798082,-0.0008496702898462918
1.0,5.0,50.0,2.9262281606329656,2.7612108185127324,24.5,-0.09410600866405523,-0.00017544318670132216,-0.0008538538144454135
1.0,6.0,50.0,2.918185199544742,2.8141698042120584,24.5,-0.09411189624349221,-0.00017633734227643513,-0.0008265721127986976
1.0,7.0,50.0,2.8951706892935642,2.859335698724533,24.5,-0.09411691744599963,-0.0001788959214394893,-0.0008078569885063994
1.0,8.0,50.0,2.859335698724533,2.8951706892935642,24.5,-0.09412090130918757,-0.00018287978462743068,-0.0007641156184669778
1.0,9.0,50.0,2.814169804212059,2.918185199544742,24.5,-0.09412345988835062,-0.00018790098713485345,-0.000700509676549437
1.0,10.0,50.0,2.761210818512732,2.9262281606329656,24.5,-0.09412435404392575,-0.000193788566571824,-0.000644532712298203
1.0,11.0,50.0,2.113614080316483,2.926114080316483,24.5,-0.09412434136133908,-0.0002657834733644199,0.00015487115202694542
1.0,12.0,50.0,1.4631140803164828,2.926114080316483,24.5,-0.09412434136133908,-0.0003381011428434643,0.0009578548810948691
1.0,13.0,50.0,0.8126140803164827,2.926114080316483,24.5,-0.09412434136133908,-0.00041041881232250875,0.0018013113018477882
1.0,14.0,50.0,0.16501734212023322,2.9262281606329656,24.5,-0.09412435404392575,-0.00048241371911510465,0.002662219558878828
1.0,15.0,50.0,0.11205835642090678,2.918185199544742,24.5,-0.09412345988835062,-0.0004883012985520752,0.0027334360934947962
1.0,16.0,50.0,0.06689246190843257,2.8951706892935642,24.5,-0.09412090130918757,-0.000493322501059498,0.0027940724925661626
1.0,17.0,50.0,0.0310574713394014,2.859335698724533,24.5,-0.09411691744599963,-0.0004973063642474394,0.0028417098934809524
1.0,18.0,50.0,0.008042961088223777,2.8141698042120584,24.5,-0.09411189624349221,-0.0004998649434104935,0.0028714184762703957
1.0,19.0,50.0,0.0,2.7612108185127324,24.5,-0.09410600866405523,-0.0005007590989856065,0.0028800785493093306
1.0,20.0,50.0,0.0001140803164827453,2.113614080316483,24.5,-0.09403401375726264,-0.0005007464163989478,0.0028585616641128284
1.0,21.0,50.0,0.0001140803164827453,1.4631140803164828,24.5,-0.0939616960877836,-0.0005007464163989478,0.0028521502259379657
1.0,22.0,50.0,0.0001140803164827453,0.8126140803164827,24.5,-0.09388937841830455,-0.0005007464163989478,0.002860536496568595
1.0,23.0,50.0,0.0,0.16501734212023322,24.5,-0.09381738351151196,-0.0005007590989856065,0.0028832575428014854
1.0,24.0,50.0,0.008042961088223777,0.11205835642090678,24.5,-0.09381149593207498,-0.0004998649434104935,0.002874748250721358
1.0,25.0,50.0,0.0310574713394014,0.06689246190843257,24.5,-0.09380647472956756,-0.0004973063642474394,0.0028453862998038203
1.0,26.0,50.0,0.06689246190843257,0.0310574713394014,24.5,-0.09380249086637962,-0.000493322501059498,0.0027982653422215665
1.0,27.0,50.0,0.11205835642090678,0.008042961088223777,24.5,-0.09379993228721657,-0.0004883012985520752,0.0027382622416123104
1.0,28.0,50.0,0.16501734212023322,0.0,24.5,-0.09379903813164145,-0.00048241371911510465,0.002667765855466308
1.0,29.0,50.0,0.8126140803164827,0.0001140803164827453,24.5,-0.09379905081422811,-0.00041041881232250875,0.0018148949108289275
1.0,30.0,50.0,1.4631140803164828,0.0001140803164827453,24.5,-0.09379905081422811,-0.0003381011428434643,0.0009784273803249148
1.0,31.0,50.0,2.113614080316483,0.0001140803164827453,24.5,-0.09379905081422811,-0.0002657834733644199,0.00018186608701312317
1.0,32.0,50.0,2.7612108185127324,0.0,24.5,-0.09379903813164145,-0.00019378856657182396,-0.0006049503660418723
1.0,33.0,50.0,2.814169804212059,0.008042961088223777,24.5,-0.09379993228721657,-0.00018790098713485345,-0.0006606314658850941
1.0,34.0,50.0,2.859335698724533,0.0310574713394014,24.5,-0.09380249086637962,-0.00018287978462743068,-0.0007226824170462496
1.0,35.0,50.0,2.8951706892935642,0.06689246190843257,24.5,-0.09380647472956756,-0.0001788959214394893,-0.0007697994800631031
1.0,36.0,50.0,2.918185199544742,0.11205835642090678,24.5,-0.09381149593207498,-0.00017633734227643513,-0.0007937997185483303
1.0,37.0,50.0,2.9262281606329656,0.16501734212023322,24.5,-0.09381738351151196,-0.00017544318670132216,-0.0007931401682808869
1.0,38.0,50.0,2.926114080316483,0.29986408031648293,24.5,-0.09383237475185509,-0.00017545586928798082,-0.0007987606175544453
1.0,39.0,50.0,2.926114080316483,0.43761408031648275,24.5,-0.09384768875488465,-0.00017545586928798082,-0.0007852084258468569
1.0,40.0,50.0,2.926114080316483,0.5753640803164828,24.5,-0.09386300275791423,-0.00017545586928798082,-0.0007788979097527038
1.0,41.0,50.0,2.926114080316483,0.7131140803164828,24.5,-0.09387831676094381,-0.00017545586928798082,-0.0007775522515350948
2.0,1.0,50.0,5.9261140803164825,2.213114080316483,24.5,-0.09404507541462338,0.00015806143807117873,-0.003460061930384949
2.0,2.0,50.0,5.9261140803164825,2.350864080316483,24.5,-0.09406038941765296,0.00015806143807117873,-0.003455994823570164
2.0,3.0,50.0,5.9261140803164825,2.488614080316483,24.5,-0.09407570342068254,0.00015806143807117873,-0.00345248299888542
2.0,4.0,50.0,5.9261140803164825,2.626364080316483,24.5,-0.0940910174237121,0.00015806143807117873,-0.0034496214490107387
2.0,5.0,50.0,5.926228160632966,2.7612108185127324,24.5,-0.09410600866405523,0.00015807412065783736,-0.0034477160189014928
2.0,6.0,50.0,5.918185199544742,2.8141698042120584,24.5,-0.09411189624349221,0.0001571799650827244,-0.003435815556859814
2.0,7.0,50.0,5.895170689293565,2.859335698724533,24.5,-0.09411691744599963,0.00015462138591967035,-0.0034031329722125966
2.0,8.0,50.0,5.859335698724533,2.8951706892935642,24.5,-0.09412090130918757,0.00015063752273172882,-0.0033527963066789686
2.0,9.0,50.0,5.814169804212058,2.918185199544742,24.5,-0.09412345988835062,0.00014561632022430613,-0.003289840438528907
2.0,10.0,50.0,5.7612108185127315,2.9262281606329656,24.5,-0.09412435404392575,0.00013972874078733554,-0.0032166665238466084
2.0,11.0,50.0,5.1136140803164825,2.926114080316483,24.5,-0.09412434136133908,6.773383399473968e-5,-0.002331611017428904
2.0,12.0,50.0,4.463114080316483,2.926114080316483,24.5,-0.09412434136133908,-4.583835484304658e-6,-0.001453973487583779
2.0,13.0,50.0,3.8126140803164827,2.926114080316483,24.5,-0.09412434136133908,-7.69015049633492e-5,-0.0005981232773734572
2.0,14.0,50.0,3.1650173421202332,2.9262281606329656,24.5,-0.09412435404392575,-0.0001488964117559451,0.0002486503206106011
2.0,15.0,50.0,3.112058356420907,2.918185199544742,24.5,-0.09412345988835062,-0.00015478399119291564,0.0003175437959627478
2.0,16.0,50.0,3.0668924619084326,2.8951706892935642,24.5,-0.09412090130918757,-0.00015980519370033838,0.00037656333399574985
2.0,17.0,50.0,3.0310574713394014,2.859335698724533,24.5,-0.09411691744599963,-0.00016378905688827977,0.0004195962679644231
2.0,18.0,50.0,3.0080429610882238,2.8141698042120584,24.5,-0.09411189624349221,-0.00016634763605133396,0.0004428068943294917
2.0,19.0,50.0,3.0,2.7612108185127324,24.5,-0.09410600866405523,-0.00016724179162644692,0.00046646469651179413
2.0,20.0,50.0,3.0001140803164827,2.113614080316483,24.5,-0.09403401375726264,-0.00016722910903978823,0.00046062281386564913
2.0,21.0,50.0,3.0001140803164827,1.4631140803164828,24.5,-0.0939616960877836,-0.00016722910903978823,0.00046557806669503856
2.0,22.0,50.0,3.0001140803164827,0.8126140803164827,24.5,-0.09388937841830455,-0.00016722910903978823,0.0004445184107372896
2.0,23.0,50.0,3.0,0.16501734212023322,24.5,-0.09381738351151196,-0.00016724179162644692,0.00043511466639043855
2.0,24.0,50.0,3.0080429610882238,0.11205835642090678,24.5,-0.09381149593207498,-0.00016634763605133396,0.0004246744317818953
2.0,25.0,50.0,3.0310574713394014,0.06689246190843257,24.5,-0.09380647472956756,-0.00016378905688827977,0.0003940354965360834
2.0,26.0,50.0,3.0668924619084326,0.0310574713394014,24.5,-0.09380249086637962,-0.00015980519370033838,0.00034685239269183785
2.0,27.0,50.0,3.112058356420907,0.008042961088223777,24.5,-0.09379993228721657,-0.00015478399119291564,0.0002879037454980346
2.0,28.0,50.0,3.1650173421202332,0.0,24.5,-0.09379903813164145,-0.0001488964117559451,0.00022040981040912568
2.0,29.0,50.0,3.8126140803164827,0.0001140803164827453,24.5,-0.09379905081422811,-7.69015049633492e-5,-0.0006093001161104662
2.0,30.0,50.0,4.463114080316483,0.0001140803164827453,24.5,-0.09379905081422811,-4.583835484304658e-6,-0.0014558056721280174
2.0,31.0,50.0,5.1136140803164825,0.0001140803164827453,24.5,-0.09379905081422811,6.773383399473968e-5,-0.0023254350759562806
2.0,32.0,50.0,5.761210818512732,0.0,24.5,-0.09379903813164145,0.00013972874078733554,-0.0032031315085897646
2.0,33.0,50.0,5.814169804212058,0.008042961088223777,24.5,-0.09379993228721657,0.00014561632022430613,-0.0032752504159214582
2.0,34.0,50.0,5.859335698724533,0.0310574713394014,24.5,-0.09380249086637962,0.00015063752273172882,-0.00333633284008666
2.0,35.0,50.0,5.895170689293565,0.06689246190843257,24.5,-0.09380647472956756,0.00015462138591967035,-0.003384136461450718
2.0,36.0,50.0,5.918185199544742,0.11205835642090678,24.5,-0.09381149593207498,0.0001571799650827244,-0.003413893653484322
2.0,37.0,50.0,5.926228160632966,0.16501734212023322,24.5,-0.09381738351151196,0.00015807412065783736,-0.0034226092870306337
2.0,38.0,50.0,5.9261140803164825,0.29986408031648293,24.5,-0.09383237475185509,0.00015806143807117873,-0.0034166462723937635
2.0,39.0,50.0,5.9261140803164825,0.43761408031648275,24.5,-0.09384768875488465,0.00015806143807117873,-0.003411347436723438
2.0,40.0,50.0,5.9261140803164825,0.5753640803164828,24.5,-0.09386300275791423,0.00015806143807117873,-0.0034064973128065997
2.0,41.0,50.0,5.9261140803164825,0.7131140803164828,24.5,-0.09387831676094381,0.00015806143807117873,-0.003401975039904103
1.0,1.0,51.0,2.926114080316483,2.213114080316483,25.0,-0.09326494429883968,-0.00018305523209784775,-0.0011347170989021865
1.0,2.0,51.0,2.926114080316483,2.350864080316483,25.0,-0.09327985993861894,-0.00018305523209784775,-0.0011342965934954367
1.0,3.0,51.0,2.926114080316483,2.488614080316483,25.0,-0.09329477557839819,-0.00018305523209784775,-0.0011371972798757174
1.0,4.0,51.0,2.926114080316483,2.626364080316483,25.0,-0.09330969121817745,-0.00018305523209784775,-0.0011389332068746049
1.0,5.0,51.0,2.9262281606329656,2.7612108185127324,25.0,-0.09332429249129791,-0.00018304287942338995,-0.0011451321676480514
1.0,6.0,51.0,2.918185199544742,2.8141698042120584,25.0,-0.09333002691709658,-0.0001839137753243012,-0.0011450181570420435
1.0,7.0,51.0,2.8951706892935642,2.859335698724533,25.0,-0.09333491750303381,-0.00018640579815263201,-0.001102809109933491
1.0,8.0,51.0,2.859335698724533,2.8951706892935642,25.0,-0.09333879773396536,-0.00019028602908417993,-0.0010446940769890565
1.0,9.0,51.0,2.814169804212059,2.918185199544742,25.0,-0.09334128975679369,-0.0001951766150214283,-0.0009766854942887158
1.0,10.0,51.0,2.761210818512732,2.9262281606329656,25.0,-0.09334216065269461,-0.00020091104082009222,-0.0008865719988497381
1.0,11.0,51.0,2.113614080316483,2.926114080316483,25.0,-0.09334214830002015,-0.00027103314368148414,0.00012310526095123532
1.0,12.0,51.0,1.4631140803164828,2.926114080316483,25.0,-0.09334214830002015,-0.00034146961320167553,0.001128971004344477
1.0,13.0,51.0,0.8126140803164827,2.926114080316483,25.0,-0.09334214830002015,-0.00041190608272186687,0.0021531626330368327
1.0,14.0,51.0,0.16501734212023322,2.9262281606329656,25.0,-0.09334216065269461,-0.00048202818558325884,0.0031966057577721557
1.0,15.0,51.0,0.11205835642090678,2.918185199544742,25.0,-0.09334128975679369,-0.0004877626113819227,0.0032829969641769425
1.0,16.0,51.0,0.06689246190843257,2.8951706892935642,25.0,-0.09333879773396536,-0.0004926531973191711,0.0033564719325479535
1.0,17.0,51.0,0.0310574713394014,2.859335698724533,25.0,-0.09333491750303381,-0.000496533428250719,0.0034140613428079473
1.0,18.0,51.0,0.008042961088223777,2.8141698042120584,25.0,-0.09333002691709658,-0.0004990254510790498,0.003449759413863107
1.0,19.0,51.0,0.0,2.7612108185127324,25.0,-0.09332429249129791,-0.000499896346979961,0.0034597180143174293
1.0,20.0,51.0,0.0001140803164827453,2.113614080316483,25.0,-0.09325417038843652,-0.0004998839943055033,0.003426401340541901
1.0,21.0,51.0,0.0001140803164827453,1.4631140803164828,25.0,-0.09318373391891632,-0.0004998839943055033,0.0034164375884668465
1.0,22.0,51.0,0.0001140803164827453,0.8126140803164827,25.0,-0.09311329744939613,-0.0004998839943055033,0.003429182794886156
1.0,23.0,51.0,0.0,0.16501734212023322,25.0,-0.09304317534653474,-0.000499896346979961,0.003464632111261625
1.0,24.0,51.0,0.008042961088223777,0.11205835642090678,25.0,-0.09303744092073607,-0.0004990254510790498,0.003454928425969403
1.0,25.0,51.0,0.0310574713394014,0.06689246190843257,25.0,-0.09303255033479883,-0.000496533428250719,0.0034196914020509198
1.0,26.0,51.0,0.06689246190843257,0.0310574713394014,25.0,-0.09302867010386728,-0.0004926531973191711,0.003362733385493324
1.0,27.0,51.0,0.11205835642090678,0.008042961088223777,25.0,-0.09302617808103895,-0.0004877626113819227,0.003289994882185894
1.0,28.0,51.0,0.16501734212023322,0.0,25.0,-0.09302530718513803,-0.00048202818558325884,0.003204410743809986
1.0,29.0,51.0,0.8126140803164827,0.0001140803164827453,25.0,-0.0930253195378125,-0.00041190608272186687,0.002170038479035198
1.0,30.0,51.0,1.4631140803164828,0.0001140803164827453,25.0,-0.0930253195378125,-0.00034146961320167553,0.0011541046237861666
1.0,31.0,51.0,2.113614080316483,0.0001140803164827453,25.0,-0.0930253195378125,-0.00027103314368148414,0.00015728728144847093
1.0,32.0,51.0,2.7612108185127324,0.0,25.0,-0.09302530718513803,-0.00020091104082009217,-0.0008414359852839347
1.0,33.0,51.0,2.814169804212059,0.008042961088223777,25.0,-0.09302617808103895,-0.0001951766150214283,-0.0009302109273323147
1.0,34.0,51.0,2.859335698724533,0.0310574713394014,25.0,-0.09302867010386728,-0.00019028602908417993,-0.0009972530828229217
1.0,35.0,51.0,2.8951706892935642,0.06689246190843257,25.0,-0.09303255033479883,-0.00018640579815263201,-0.001050061288715419
1.0,36.0,51.0,2.918185199544742,0.11205835642090678,25.0,-0.09303744092073607,-0.0001839137753243012,-0.0010854096830755428
1.0,37.0,51.0,2.9262281606329656,0.16501734212023322,25.0,-0.09304317534653474,-0.00018304287942338995,-0.0010978468534161771
1.0,38.0,51.0,2.926114080316483,0.29986408031648293,25.0,-0.0930577766196552,-0.00018305523209784775,-0.0010789176995675625
1.0,39.0,51.0,2.926114080316483,0.43761408031648275,25.0,-0.09307269225943446,-0.00018305523209784775,-0.0010732910980676144
1.0,40.0,51.0,2.926114080316483,0.5753640803164828,25.0,-0.0930876078992137,-0.00018305523209784775,-0.001067223428263373
1.0,41.0,51.0,2.926114080316483,0.7131140803164828,25.0,-0.09310252353899297,-0.00018305523209784775,-0.0010625732637368098
2.0,1.0,51.0,5.9261140803164825,2.213114080316483,25.0,-0.09326494429883968,0.00014178628759557897,-0.004153263711010743
2.0,2.0,51.0,5.9261140803164825,2.350864080316483,25.0,-0.09327985993861894,0.00014178628759557897,-0.004149237409475105
2.0,3.0,51.0,5.9261140803164825,2.488614080316483,25.0,-0.09329477557839819,0.00014178628759557897,-0.004146350354199611
2.0,4.0,51.0,5.9261140803164825,2.626364080316483,25.0,-0.09330969121817745,0.00014178628759557897,-0.004144683486439281
2.0,5.0,51.0,5.926228160632966,2.7612108185127324,25.0,-0.09332429249129791,0.00014179864027003672,-0.004144387487610093
2.0,6.0,51.0,5.918185199544742,2.8141698042120584,25.0,-0.09333002691709658,0.00014092774436912548,-0.004130679784300223
2.0,7.0,51.0,5.895170689293565,2.859335698724533,25.0,-0.09333491750303381,0.0001384357215407948,-0.004091538144742703
2.0,8.0,51.0,5.859335698724533,2.8951706892935642,25.0,-0.09333879773396536,0.00013455549060924677,-0.004030804003994299
2.0,9.0,51.0,5.814169804212058,2.918185199544742,25.0,-0.09334128975679369,0.00012966490467199843,-0.003954571236444972
2.0,10.0,51.0,5.7612108185127315,2.9262281606329656,25.0,-0.09334216065269461,0.0001239304788733345,-0.003865743800628746
2.0,11.0,51.0,5.1136140803164825,2.926114080316483,25.0,-0.09334214830002015,5.380837601194258e-5,-0.002794710243651796
2.0,12.0,51.0,4.463114080316483,2.926114080316483,25.0,-0.09334214830002015,-1.6628093508248695e-5,-0.0017370730708998945
2.0,13.0,51.0,3.8126140803164827,2.926114080316483,25.0,-0.09334214830002015,-8.706456302844016e-5,-0.0006926144096090566
2.0,14.0,51.0,3.1650173421202332,2.9262281606329656,25.0,-0.09334216065269461,-0.00015718666588983212,0.00035143502477369843
2.0,15.0,51.0,3.112058356420907,2.918185199544742,25.0,-0.09334128975679369,-0.00016292109168849602,0.000438201386876814
2.0,16.0,51.0,3.0668924619084326,2.8951706892935642,25.0,-0.09333879773396536,-0.00016781167762574439,0.000511484442724784
2.0,17.0,51.0,3.0310574713394014,2.859335698724533,25.0,-0.09333491750303381,-0.00017169190855729227,0.0005713333526186797
2.0,18.0,51.0,3.0080429610882238,2.8141698042120584,25.0,-0.09333002691709658,-0.00017418393138562312,0.0006110611726795487
2.0,19.0,51.0,3.0,2.7612108185127324,25.0,-0.09332429249129791,-0.00017505482728653434,0.0006135684402714817
2.0,20.0,51.0,3.0001140803164827,2.113614080316483,25.0,-0.09325417038843652,-0.00017504247461207656,0.000588167483404267
2.0,21.0,51.0,3.0001140803164827,1.4631140803164828,25.0,-0.09318373391891632,-0.00017504247461207656,0.0005778293382526334
2.0,22.0,51.0,3.0001140803164827,0.8126140803164827,25.0,-0.09311329744939613,-0.00017504247461207656,0.0005719919568917874
2.0,23.0,51.0,3.0,0.16501734212023322,25.0,-0.09304317534653474,-0.00017505482728653434,0.000584952150743274
2.0,24.0,51.0,3.0080429610882238,0.11205835642090678,25.0,-0.09303744092073607,-0.00017418393138562312,0.0005743575077241012
2.0,25.0,51.0,3.0310574713394014,0.06689246190843257,25.0,-0.09303255033479883,-0.00017169190855729227,0.0005386221462026956
2.0,26.0,51.0,3.0668924619084326,0.0310574713394014,25.0,-0.09302867010386728,-0.00016781167762574439,0.0004811723171522282
2.0,27.0,51.0,3.112058356420907,0.008042961088223777,25.0,-0.09302617808103895,-0.00016292109168849602,0.0004080929786031886
2.0,28.0,51.0,3.1650173421202332,0.0,25.0,-0.09302530718513803,-0.00015718666588983212,0.0003220024671881528
2.0,29.0,51.0,3.8126140803164827,0.0001140803164827453,25.0,-0.0930253195378125,-8.706456302844016e-5,-0.0007065173803756077
2.0,30.0,51.0,4.463114080316483,0.0001140803164827453,25.0,-0.0930253195378125,-1.6628093508248695e-5,-0.0017389476314185962
2.0,31.0,51.0,5.1136140803164825,0.0001140803164827453,25.0,-0.0930253195378125,5.380837601194258e-5,-0.0027869774183088805
2.0,32.0,51.0,5.761210818512732,0.0,25.0,-0.09302530718513803,0.0001239304788733345,-0.0038490331751409217
2.0,33.0,51.0,5.814169804212058,0.008042961088223777,25.0,-0.09302617808103895,0.00012966490467199843,-0.0039365967107191655
2.0,34.0,51.0,5.859335698724533,0.0310574713394014,25.0,-0.09302867010386728,0.00013455549060924677,-0.004010701105637787
2.0,35.0,51.0,5.895170689293565,0.06689246190843257,25.0,-0.09303255033479883,0.0001384357215407948,-0.004068612880056027
2.0,36.0,51.0,5.918185199544742,0.11205835642090678,25.0,-0.09303744092073607,0.00014092774436912548,-0.004104518074839141
2.0,37.0,51.0,5.926228160632966,0.16501734212023322,25.0,-0.09304317534653474,0.00014179864027003672,-0.004114710690121922
2.0,38.0,51.0,5.9261140803164825,0.29986408031648293,25.0,-0.0930577766196552,0.00014178628759557897,-0.004106319094384047
2.0,39.0,51.0,5.9261140803164825,0.43761408031648275,25.0,-0.09307269225943446,0.00014178628759557897,-0.004099011136573387
2.0,40.0,51.0,5.9261140803164825,0.5753640803164828,25.0,-0.0930876078992137,0.00014178628759557897,-0.0040928057444982804
2.0,41.0,51.0,5.9261140803164825,0.7131140803164828,25.0,-0.09310252353899297,0.00014178628759557897,-0.004087623693976188
1.0,1.0,52.0,2.926114080316483,2.213114080316483,25.5,-0.09232727160659168,-0.0001909277695562757,-0.0014151577326930623
1.0,2.0,52.0,2.926114080316483,2.350864080316483,25.5,-0.0923417465202004,-0.0001909277695562757,-0.0014144314126044216
1.0,3.0,52.0,2.926114080316483,2.488614080316483,25.5,-0.0923562214338091,-0.0001909277695562757,-0.001415903064244765
1.0,4.0,52.0,2.926114080316483,2.626364080316483,25.5,-0.09237069634741782,-0.0001909277695562757,-0.0014222560844443545
1.0,5.0,52.0,2.9262281606329656,2.7612108185127324,25.5,-0.09238486618324944,-0.00019091578187768735,-0.001431618148235113
1.0,6.0,52.0,2.918185199544742,2.8141698042120584,25.5,-0.09239043116867814,-0.00019176094461387794,-0.0014137763893308515
1.0,7.0,52.0,2.8951706892935642,2.859335698724533,25.5,-0.09239517724796037,-0.0001941793333444229,-0.0013754966023430428
1.0,8.0,52.0,2.859335698724533,2.8951706892935642,25.5,-0.09239894282612847,-0.0001979449115125221,-0.001308008770826744
1.0,9.0,52.0,2.814169804212059,2.918185199544742,25.5,-0.09240136121485902,-0.00020269099079475928,-0.0012183378324571732
1.0,10.0,52.0,2.761210818512732,2.9262281606329656,25.5,-0.0924022063775952,-0.00020825597622345374,-0.001119677503533341
1.0,11.0,52.0,2.113614080316483,2.926114080316483,25.5,-0.09240219438991662,-0.000276306116613095,9.407616689932959e-5
1.0,12.0,52.0,1.4631140803164828,2.926114080316483,25.5,-0.09240219438991662,-0.00034466133477981613,0.001293288577144637
1.0,13.0,52.0,0.8126140803164827,2.926114080316483,25.5,-0.09240219438991662,-0.0004130165529465373,0.0025008172858660893
1.0,14.0,52.0,0.16501734212023322,2.9262281606329656,25.5,-0.0924022063775952,-0.00048106669333617855,0.0037252539869321597
1.0,15.0,52.0,0.11205835642090678,2.918185199544742,25.5,-0.09240136121485902,-0.000486631678764873,0.0038266853905588477
1.0,16.0,52.0,0.06689246190843257,2.8951706892935642,25.5,-0.09239894282612847,-0.0004913777580471101,0.003912945978545251
1.0,17.0,52.0,0.0310574713394014,2.859335698724533,25.5,-0.09239517724796037,-0.0004951433362152093,0.00398045933641488
1.0,18.0,52.0,0.008042961088223777,2.8141698042120584,25.5,-0.09239043116867814,-0.0004975617249457542,0.004022107125687264
1.0,19.0,52.0,0.0,2.7612108185127324,25.5,-0.09238486618324944,-0.0004984068876819448,0.004033316020188347
1.0,20.0,52.0,0.0001140803164827453,2.113614080316483,25.5,-0.09231681604285981,-0.0004983949000033565,0.0039893983666251095
1.0,21.0,52.0,0.0001140803164827453,1.4631140803164828,25.5,-0.09224846082469308,-0.0004983949000033565,0.003976110434643189
1.0,22.0,52.0,0.0001140803164827453,0.8126140803164827,25.5,-0.09218010560652636,-0.0004983949000033565,0.003993134750853198
1.0,23.0,52.0,0.0,0.16501734212023322,25.5,-0.09211205546613672,-0.0004984068876819448,0.004040234037745282
1.0,24.0,52.0,0.008042961088223777,0.11205835642090678,25.5,-0.09210649048070803,-0.0004975617249457542,0.004029383783882202
1.0,25.0,52.0,0.0310574713394014,0.06689246190843257,25.5,-0.0921017444014258,-0.0004951433362152093,0.003988310314451702
1.0,26.0,52.0,0.06689246190843257,0.0310574713394014,25.5,-0.0920979788232577,-0.0004913777580471101,0.003921543654195666
1.0,27.0,52.0,0.11205835642090678,0.008042961088223777,25.5,-0.09209556043452714,-0.000486631678764873,0.0038361240778100906
1.0,28.0,52.0,0.16501734212023322,0.0,25.5,-0.09209471527179096,-0.00048106669333617855,0.0037355847217399236
1.0,29.0,52.0,0.8126140803164827,0.0001140803164827453,25.5,-0.09209472725946954,-0.0004130165529465373,0.002521136253538789
1.0,30.0,52.0,1.4631140803164828,0.0001140803164827453,25.5,-0.09209472725946954,-0.00034466133477981613,0.0013231932249605726
1.0,31.0,52.0,2.113614080316483,0.0001140803164827453,25.5,-0.09209472725946954,-0.000276306116613095,0.00013410133758637045
1.0,32.0,52.0,2.7612108185127324,0.0,25.5,-0.09209471527179096,-0.00020825597622345368,-0.0010679179133961597
1.0,33.0,52.0,2.814169804212059,0.008042961088223777,25.5,-0.09209556043452714,-0.00020269099079475928,-0.0011651274635710988
1.0,34.0,52.0,2.859335698724533,0.0310574713394014,25.5,-0.0920979788232577,-0.0001979449115125221,-0.00125247178356852
1.0,35.0,52.0,2.8951706892935642,0.06689246190843257,25.5,-0.0921017444014258,-0.0001941793333444229,-0.0013203561368270438
1.0,36.0,52.0,2.918185199544742,0.11205835642090678,25.5,-0.09210649048070803,-0.00019176094461387794,-0.0013599509979760156
1.0,37.0,52.0,2.9262281606329656,0.16501734212023322,25.5,-0.09211205546613672,-0.00019091578187768735,-0.0013679895197217836
1.0,38.0,52.0,2.926114080316483,0.29986408031648293,25.5,-0.09212622530196835,-0.0001909277695562757,-0.0013587258281666601
1.0,39.0,52.0,2.926114080316483,0.43761408031648275,25.5,-0.09214070021557706,-0.0001909277695562757,-0.0013472930465445925
1.0,40.0,52.0,2.926114080316483,0.5753640803164828,25.5,-0.09215517512918577,-0.0001909277695562757,-0.0013407744225438938
1.0,41.0,52.0,2.926114080316483,0.7131140803164828,25.5,-0.09216965004279448,-0.0001909277695562757,-0.0013376091080605718
2.0,1.0,52.0,5.9261140803164825,2.213114080316483,25.5,-0.09232727160659168,0.00012431535803813395,-0.004841152888400823
2.0,2.0,52.0,5.9261140803164825,2.350864080316483,25.5,-0.0923417465202004,0.00012431535803813395,-0.004837080137176925
2.0,3.0,52.0,5.9261140803164825,2.488614080316483,25.5,-0.0923562214338091,0.00012431535803813395,-0.004834658251730948
2.0,4.0,52.0,5.9261140803164825,2.626364080316483,25.5,-0.09237069634741782,0.00012431535803813395,-0.004833956498484996
2.0,5.0,52.0,5.926228160632966,2.7612108185127324,25.5,-0.09238486618324944,0.00012432734571672224,-0.004835157980914528
2.0,6.0,52.0,5.918185199544742,2.8141698042120584,25.5,-0.09239043116867814,0.00012348218298053161,-0.00481967211230554
2.0,7.0,52.0,5.895170689293565,2.859335698724533,25.5,-0.09239517724796037,0.00012106379424998681,-0.004774096279503837
2.0,8.0,52.0,5.859335698724533,2.8951706892935642,25.5,-0.09239894282612847,0.00011729821608188749,-0.004702991955101112
2.0,9.0,52.0,5.814169804212058,2.918185199544742,25.5,-0.09240136121485902,0.00011255213679965036,-0.004613571036941377
2.0,10.0,52.0,5.7612108185127315,2.9262281606329656,25.5,-0.0924022063775952,0.00010698715137095589,-0.00450935236770359
2.0,11.0,52.0,5.1136140803164825,2.926114080316483,25.5,-0.09240219438991662,3.893701098131467e-5,-0.0032545619883349894
2.0,12.0,52.0,4.463114080316483,2.926114080316483,25.5,-0.09240219438991662,-2.9418207185406396e-5,-0.0020161479690082758
2.0,13.0,52.0,3.8126140803164827,2.926114080316483,25.5,-0.09240219438991662,-9.777342535212765e-5,-0.0007874057422150752
2.0,14.0,52.0,3.1650173421202332,2.9262281606329656,25.5,-0.0924022063775952,-0.00016582356574176892,0.00044632097307125643
2.0,15.0,52.0,3.112058356420907,2.918185199544742,25.5,-0.09240136121485902,-0.00017138855117046335,0.000548397263209332
2.0,16.0,52.0,3.0668924619084326,2.8951706892935642,25.5,-0.09239894282612847,-0.0001761346304527005,0.0006354116856979372
2.0,17.0,52.0,3.0310574713394014,2.859335698724533,25.5,-0.09239517724796037,-0.0001799002086207997,0.0007016531506378416
2.0,18.0,52.0,3.0080429610882238,2.8141698042120584,25.5,-0.09239043116867814,-0.00018231859735134466,0.0007405930996180898
2.0,19.0,52.0,3.0,2.7612108185127324,25.5,-0.09238486618324944,-0.00018316376008753525,0.0007554783527627797
2.0,20.0,52.0,3.0001140803164827,2.113614080316483,25.5,-0.09231681604285981,-0.0001831517724089469,0.0007105544096822576
2.0,21.0,52.0,3.0001140803164827,1.4631140803164828,25.5,-0.09224846082469308,-0.0001831517724089469,0.0006929189183238627
2.0,22.0,52.0,3.0001140803164827,0.8126140803164827,25.5,-0.09218010560652636,-0.0001831517724089469,0.0006950513798181235
2.0,23.0,52.0,3.0,0.16501734212023322,25.5,-0.09211205546613672,-0.00018316376008753525,0.0007239957227768494
2.0,24.0,52.0,3.0080429610882238,0.11205835642090678,25.5,-0.09210649048070803,-0.00018231859735134466,0.0007116976339146193
2.0,25.0,52.0,3.0310574713394014,0.06689246190843257,25.5,-0.0921017444014258,-0.0001799002086207997,0.0006693502144101085
2.0,26.0,52.0,3.0668924619084326,0.0310574713394014,25.5,-0.0920979788232577,-0.0001761346304527005,0.0006016468367256701
2.0,27.0,52.0,3.112058356420907,0.008042961088223777,25.5,-0.09209556043452714,-0.00017138855117046335,0.0005156490074289936
2.0,28.0,52.0,3.1650173421202332,0.0,25.5,-0.09209471527179096,-0.00016582356574176892,0.0004151624978464211
2.0,29.0,52.0,3.8126140803164827,0.0001140803164827453,25.5,-0.09209472725946954,-9.777342535212765e-5,-0.0008024238918891817
2.0,30.0,52.0,4.463114080316483,0.0001140803164827453,25.5,-0.09209472725946954,-2.9418207185406396e-5,-0.0020178973281733915
2.0,31.0,52.0,5.1136140803164825,0.0001140803164827453,25.5,-0.09209472725946954,3.893701098131467e-5,-0.0032451070977962152
2.0,32.0,52.0,5.761210818512732,0.0,25.5,-0.09209471527179096,0.00010698715137095589,-0.004489503814286571
2.0,33.0,52.0,5.814169804212058,0.008042961088223777,25.5,-0.09209556043452714,0.00011255213679965036,-0.00459231431498496
2.0,34.0,52.0,5.859335698724533,0.0310574713394014,25.5,-0.0920979788232577,0.00011729821608188749,-0.004679407395092672
2.0,35.0,52.0,5.895170689293565,0.06689246190843257,25.5,-0.0921017444014258,0.00012106379424998681,-0.0047474441557880396
2.0,36.0,52.0,5.918185199544742,0.11205835642090678,25.5,-0.09210649048070803,0.00012348218298053161,-0.004789518465307024
2.0,37.0,52.0,5.926228160632966,0.16501734212023322,25.5,-0.09211205546613672,0.00012432734571672224,-0.0048012145465066505
2.0,38.0,52.0,5.9261140803164825,0.29986408031648293,25.5,-0.09212622530196835,0.00012431535803813395,-0.004790674084142799
2.0,39.0,52.0,5.9261140803164825,0.43761408031648275,25.5,-0.09214070021557706,0.00012431535803813395,-0.00478175721248164
2.0,40.0,52.0,5.9261140803164825,0.5753640803164828,25.5,-0.09215517512918577,0.00012431535803813395,-0.004774456104052675
2.0,41.0,52.0,5.9261140803164825,0.7131140803164828,25.5,-0.09216965004279448,0.00012431535803813395,-0.004768669621710709
1.0,1.0,53.0,2.926114080316483,2.213114080316483,26.0,-0.09123635965516035,-0.00019903762459714804,-0.001681404867747309
1.0,2.0,53.0,2.926114080316483,2.350864080316483,26.0,-0.09125035957262972,-0.00019903762459714804,-0.0016807440959055924
1.0,3.0,53.0,2.926114080316483,2.488614080316483,26.0,-0.0912643594900991,-0.00019903762459714804,-0.0016835609779717452
1.0,4.0,53.0,2.926114080316483,2.626364080316483,26.0,-0.09127835940756847,-0.00019903762459714804,-0.001688689084953876
1.0,5.0,53.0,2.9262281606329656,2.7612108185127324,26.0,-0.091292064258427,-0.0001990260302957641,-0.0016966146018280372
1.0,6.0,53.0,2.918185199544742,2.8141698042120584,26.0,-0.09129744662814789,-0.00019984345890879145,-0.0016850240544453382
1.0,7.0,53.0,2.8951706892935642,2.859335698724533,26.0,-0.09130203696423213,-0.00020218248790417837,-0.0016329896569046243
1.0,8.0,53.0,2.859335698724533,2.8951706892935642,26.0,-0.09130567897447157,-0.00020582449814361383,-0.0015538446313245098
1.0,9.0,53.0,2.814169804212059,2.918185199544742,26.0,-0.09130801800346695,-0.00021041483422786135,-0.0014558852122283988
1.0,10.0,53.0,2.761210818512732,2.9262281606329656,26.0,-0.09130883543207999,-0.00021579720394874946,-0.0013374096902737586
1.0,11.0,53.0,2.113614080316483,2.926114080316483,26.0,-0.0913088238377786,-0.00028161427028764835,6.803937595209222e-5
1.0,12.0,53.0,1.4631140803164828,2.926114080316483,26.0,-0.0913088238377786,-0.0003477264032373966,0.0014550144810647422
1.0,13.0,53.0,0.8126140803164827,2.926114080316483,26.0,-0.0913088238377786,-0.0004138385361871449,0.0028434681861126895
1.0,14.0,53.0,0.16501734212023322,2.9262281606329656,26.0,-0.09130883543207999,-0.00047965560252604387,0.00424696017171993
1.0,15.0,53.0,0.11205835642090678,2.918185199544742,26.0,-0.09130801800346695,-0.00048503797224693195,0.004363154318029846
1.0,16.0,53.0,0.06689246190843257,2.8951706892935642,26.0,-0.09130567897447157,-0.0004896283083311795,0.004461935969728976
1.0,17.0,53.0,0.0310574713394014,2.859335698724533,26.0,-0.09130203696423213,-0.000493270318570615,0.004539192740238189
1.0,18.0,53.0,0.008042961088223777,2.8141698042120584,26.0,-0.09129744662814789,-0.0004956093475660018,0.00458675791568256
1.0,19.0,53.0,0.0,2.7612108185127324,26.0,-0.091292064258427,-0.0004964267761790293,0.004599363400266695
1.0,20.0,53.0,0.0001140803164827453,2.113614080316483,26.0,-0.09122624719208809,-0.0004964151818776453,0.004545912132100888
1.0,21.0,53.0,0.0001140803164827453,1.4631140803164828,26.0,-0.09116013505913835,-0.0004964151818776453,0.00452965936560181
1.0,22.0,53.0,0.0001140803164827453,0.8126140803164827,26.0,-0.09109402292618861,-0.0004964151818776453,0.004550731966042366
1.0,23.0,53.0,0.0,0.16501734212023322,26.0,-0.0910282058598497,-0.0004964267761790293,0.0046085049499298225
1.0,24.0,53.0,0.008042961088223777,0.11205835642090678,26.0,-0.09102282349012882,-0.0004956093475660018,0.004596364897884115
1.0,25.0,53.0,0.0310574713394014,0.06689246190843257,26.0,-0.09101823315404457,-0.000493270318570615,0.004549484770041364
1.0,26.0,53.0,0.06689246190843257,0.0310574713394014,26.0,-0.09101459114380513,-0.0004896283083311795,0.004473083731461358
1.0,27.0,53.0,0.11205835642090678,0.008042961088223777,26.0,-0.09101225211480975,-0.00048503797224693195,0.004375240169068332
1.0,28.0,53.0,0.16501734212023322,0.0,26.0,-0.09101143468619671,-0.00047965560252604387,0.004260018787100351
1.0,29.0,53.0,0.8126140803164827,0.0001140803164827453,26.0,-0.0910114462804981,-0.0004138385361871449,0.002867398426343763
1.0,30.0,53.0,1.4631140803164828,0.0001140803164827453,26.0,-0.0910114462804981,-0.0003477264032373966,0.0014895389398584319
1.0,31.0,53.0,2.113614080316483,0.0001140803164827453,26.0,-0.0910114462804981,-0.00028161427028764835,0.00011361715933898327
1.0,32.0,53.0,2.7612108185127324,0.0,26.0,-0.09101143468619671,-0.0002157972039487494,-0.0012797982196146545
1.0,33.0,53.0,2.814169804212059,0.008042961088223777,26.0,-0.09101225211480975,-0.00021041483422786135,-0.0013971869139671098
1.0,34.0,53.0,2.859335698724533,0.0310574713394014,26.0,-0.09101459114380513,-0.00020582449814361383,-0.0014941912646490346
1.0,35.0,53.0,2.8951706892935642,0.06689246190843257,26.0,-0.09101823315404457,-0.00020218248790417837,-0.0015701474548640035
1.0,36.0,53.0,2.918185199544742,0.11205835642090678,26.0,-0.09102282349012882,-0.00019984345890879145,-0.0016183262464305678
1.0,37.0,53.0,2.9262281606329656,0.16501734212023322,26.0,-0.0910282058598497,-0.0001990260302957641,-0.0016325662447711537
1.0,38.0,53.0,2.926114080316483,0.29986408031648293,26.0,-0.09104191071070823,-0.00019903762459714804,-0.0016178897951683183
1.0,39.0,53.0,2.926114080316483,0.43761408031648275,26.0,-0.0910559106281776,-0.00019903762459714804,-0.0016087373849262363
1.0,40.0,53.0,2.926114080316483,0.5753640803164828,26.0,-0.09106991054564698,-0.00019903762459714804,-0.0016017289861711935
1.0,41.0,53.0,2.926114080316483,0.7131140803164828,26.0,-0.09108391046311635,-0.00019903762459714804,-0.0015975456667801182
2.0,1.0,53.0,5.9261140803164825,2.213114080316483,26.0,-0.09123635965516035,0.00010586075949085323,-0.005521150378554199
2.0,2.0,53.0,5.9261140803164825,2.350864080316483,26.0,-0.09125035957262972,0.00010586075949085323,-0.005517067139224584
2.0,3.0,53.0,5.9261140803164825,2.488614080316483,26.0,-0.0912643594900991,0.00010586075949085323,-0.0055150587826097806
2.0,4.0,53.0,5.9261140803164825,2.626364080316483,26.0,-0.09127835940756847,0.00010586075949085323,-0.005515229538445823
2.0,5.0,53.0,5.926228160632966,2.7612108185127324,26.0,-0.091292064258427,0.00010587235379223713,-0.005517706598777307
2.0,6.0,53.0,5.918185199544742,2.8141698042120584,26.0,-0.09129744662814789,0.00010505492517920976,-0.005500373349281439
2.0,7.0,53.0,5.895170689293565,2.859335698724533,26.0,-0.09130203696423213,0.00010271589618382296,-0.005448467214228717
2.0,8.0,53.0,5.859335698724533,2.8951706892935642,26.0,-0.09130567897447157,9.907388594438737e-5,-0.0053672337881472305
2.0,9.0,53.0,5.814169804212058,2.918185199544742,26.0,-0.09130801800346695,9.44835498601399e-5,-0.00526492678772297
2.0,10.0,53.0,5.7612108185127315,2.9262281606329656,26.0,-0.09130883543207999,8.91011801392518e-5,-0.005145585125353852
2.0,11.0,53.0,5.1136140803164825,2.926114080316483,26.0,-0.0913088238377786,2.3284113800352885e-5,-0.003709699637928444
2.0,12.0,53.0,4.463114080316483,2.926114080316483,26.0,-0.0913088238377786,-4.28280191493953e-5,-0.002292710364601658
2.0,13.0,53.0,3.8126140803164827,2.926114080316483,26.0,-0.0913088238377786,-0.00010894015209914367,-0.0008837908146849215
2.0,14.0,53.0,3.1650173421202332,2.9262281606329656,26.0,-0.09130883543207999,-0.00017475721843804263,0.0005319548061746657
2.0,15.0,53.0,3.112058356420907,2.918185199544742,26.0,-0.09130801800346695,-0.0001801395881589307,0.0006487255948214776
2.0,16.0,53.0,3.0668924619084326,2.8951706892935642,26.0,-0.09130567897447157,-0.0001847299242431782,0.0007473754813280556
2.0,17.0,53.0,3.0310574713394014,2.859335698724533,26.0,-0.09130203696423213,-0.00018837193448261366,0.000825428952082364
2.0,18.0,53.0,3.0080429610882238,2.8141698042120584,26.0,-0.09129744662814789,-0.00019071096347800058,0.0008744460576585749
2.0,19.0,53.0,3.0,2.7612108185127324,26.0,-0.091292064258427,-0.00019152839209102797,0.0008847926497981428
2.0,20.0,53.0,3.0001140803164827,2.113614080316483,26.0,-0.09122624719208809,-0.000191516797789644,0.0008284110290434487
2.0,21.0,53.0,3.0001140803164827,1.4631140803164828,26.0,-0.09116013505913835,-0.000191516797789644,0.0008049848574500984
2.0,22.0,53.0,3.0001140803164827,0.8126140803164827,26.0,-0.09109402292618861,-0.000191516797789644,0.000812644293560542
2.0,23.0,53.0,3.0,0.16501734212023322,26.0,-0.0910282058598497,-0.00019152839209102797,0.0008533237481223245
2.0,24.0,53.0,3.0080429610882238,0.11205835642090678,26.0,-0.09102282349012882,-0.00019071096347800058,0.0008397716108293332
2.0,25.0,53.0,3.0310574713394014,0.06689246190843257,26.0,-0.09101823315404457,-0.00018837193448261366,0.0007917045656710042
2.0,26.0,53.0,3.0668924619084326,0.0310574713394014,26.0,-0.09101459114380513,-0.0001847299242431782,0.0007142732639027756
2.0,27.0,53.0,3.112058356420907,0.008042961088223777,26.0,-0.09101225211480975,-0.0001801395881589307,0.0006156564204757853
2.0,28.0,53.0,3.1650173421202332,0.0,26.0,-0.09101143468619671,-0.00017475721843804263,0.0004998011985501721
2.0,29.0,53.0,3.8126140803164827,0.0001140803164827453,26.0,-0.0910114462804981,-0.00010894015209914367,-0.0008992459828922611
2.0,30.0,53.0,4.463114080316483,0.0001140803164827453,26.0,-0.0910114462804981,-4.28280191493953e-5,-0.0022938763240154692
2.0,31.0,53.0,5.1136140803164825,0.0001140803164827453,26.0,-0.0910114462804981,2.3284113800352885e-5,-0.003698401359356295
2.0,32.0,53.0,5.761210818512732,0.0,26.0,-0.09101143468619671,8.91011801392518e-5,-0.005122664150350786
2.0,33.0,53.0,5.814169804212058,0.008042961088223777,26.0,-0.09101225211480975,9.44835498601399e-5,-0.005240470633904968
2.0,34.0,53.0,5.859335698724533,0.0310574713394014,26.0,-0.09101459114380513,9.907388594438737e-5,-0.005340284903927739
2.0,35.0,53.0,5.895170689293565,0.06689246190843257,26.0,-0.09101823315404457,0.00010271589618382296,-0.005418255852076694
2.0,36.0,53.0,5.918185199544742,0.11205835642090678,26.0,-0.09102282349012882,0.00010505492517920976,-0.005466448841566781
2.0,37.0,53.0,5.926228160632966,0.16501734212023322,26.0,-0.0910282058598497,0.00010587235379223713,-0.005479769801131117
2.0,38.0,53.0,5.9261140803164825,0.29986408031648293,26.0,-0.09104191071070823,0.00010586075949085323,-0.005467415750639709
2.0,39.0,53.0,5.9261140803164825,0.43761408031648275,26.0,-0.0910559106281776,0.00010586075949085323,-0.005457083607181721
2.0,40.0,53.0,5.9261140803164825,0.5753640803164828,26.0,-0.09106991054564698,0.00010586075949085323,-0.005448835351394461
2.0,41.0,53.0,5.9261140803164825,0.7131140803164828,26.0,-0.09108391046311635,0.00010586075949085323,-0.005442562014310147
1.0,1.0,54.0,2.926114080316483,2.213114080316483,26.5,-0.08999586676869956,-0.00020730672441722048,-0.0019332385625590806
1.0,2.0,54.0,2.926114080316483,2.350864080316483,26.5,-0.09000935902987911,-0.00020730672441722048,-0.0019327449656432218
1.0,3.0,54.0,2.926114080316483,2.488614080316483,26.5,-0.09002285129105865,-0.00020730672441722048,-0.0019351693545276024
1.0,4.0,54.0,2.926114080316483,2.626364080316483,26.5,-0.0900363435522382,-0.00020730672441722048,-0.001941288982312464
1.0,5.0,54.0,2.9262281606329656,2.7612108185127324,26.5,-0.0900495514463286,-0.0002072955505411738,-0.0019509194788757361
1.0,6.0,54.0,2.918185199544742,2.8141698042120584,26.5,-0.09005473864391017,-0.0002080833380668308,-0.0019323928169618831
1.0,7.0,54.0,2.8951706892935642,2.859335698724533,26.5,-0.09005916252808563,-0.00021033755064925008,-0.001878146322565692
1.0,8.0,54.0,2.859335698724533,2.8951706892935642,26.5,-0.09006267247401756,-0.00021384749658118462,-0.0017892863318864996
1.0,9.0,54.0,2.814169804212059,2.918185199544742,26.5,-0.09006492668659999,-0.00021827138075664873,-0.0016749091214274708
1.0,10.0,54.0,2.761210818512732,2.9262281606329656,26.5,-0.09006571447412565,-0.00022345857833820393,-0.0015432303952224728
1.0,11.0,54.0,2.113614080316483,2.926114080316483,26.5,-0.0900657033002496,-0.00028688902720039403,4.7582750420152456e-5
1.0,12.0,54.0,1.4631140803164828,2.926114080316483,26.5,-0.0900657033002496,-0.00035060384315172254,0.0016157343721182281
1.0,13.0,54.0,0.8126140803164827,2.926114080316483,26.5,-0.0900657033002496,-0.000414318659103051,0.0031812970674141524
1.0,14.0,54.0,0.16501734212023322,2.9262281606329656,26.5,-0.09006571447412565,-0.00047774910796524115,0.004760495791887584
1.0,15.0,54.0,0.11205835642090678,2.918185199544742,26.5,-0.09006492668659999,-0.0004829363055467963,0.004891176574430576
1.0,16.0,54.0,0.06689246190843257,2.8951706892935642,26.5,-0.09006267247401756,-0.0004873601897222604,0.005002266956933815
1.0,17.0,54.0,0.0310574713394014,2.859335698724533,26.5,-0.09005916252808563,-0.0004908701356541949,0.005089116989548012
1.0,18.0,54.0,0.008042961088223777,2.8141698042120584,26.5,-0.09005473864391017,-0.0004931243482366143,0.005142516719956016
1.0,19.0,54.0,0.0,2.7612108185127324,26.5,-0.0900495514463286,-0.0004939121357622712,0.005156520285923054
1.0,20.0,54.0,0.0001140803164827453,2.113614080316483,26.5,-0.08998612099746642,-0.0004939009618862246,0.005094495911431904
1.0,21.0,54.0,0.0001140803164827453,1.4631140803164828,26.5,-0.08992240618151509,-0.0004939009618862246,0.005075628114988546
1.0,22.0,54.0,0.0001140803164827453,0.8126140803164827,26.5,-0.08985869136556376,-0.0004939009618862246,0.00510051098275804
1.0,23.0,54.0,0.0,0.16501734212023322,26.5,-0.08979526091670158,-0.0004939121357622712,0.005168084431568512
1.0,24.0,54.0,0.008042961088223777,0.11205835642090678,26.5,-0.08979007371912001,-0.0004931243482366143,0.005154657462002322
1.0,25.0,54.0,0.0310574713394014,0.06689246190843257,26.5,-0.08978564983494455,-0.0004908701356541949,0.005102056867119098
1.0,26.0,54.0,0.06689246190843257,0.0310574713394014,26.5,-0.08978213988901262,-0.0004873601897222604,0.005016173593335021
1.0,27.0,54.0,0.11205835642090678,0.008042961088223777,26.5,-0.0897798856764302,-0.0004829363055467963,0.004906117622173503
1.0,28.0,54.0,0.16501734212023322,0.0,26.5,-0.08977909788890454,-0.00047774910796524115,0.004776484757343603
1.0,29.0,54.0,0.8126140803164827,0.0001140803164827453,26.5,-0.08977910906278058,-0.000414318659103051,0.003208930065709728
1.0,30.0,54.0,1.4631140803164828,0.0001140803164827453,26.5,-0.08977910906278058,-0.00035060384315172254,0.0016547893447013864
1.0,31.0,54.0,2.113614080316483,0.0001140803164827453,26.5,-0.08977910906278058,-0.00028688902720039403,9.841176599218993e-5
1.0,32.0,54.0,2.7612108185127324,0.0,26.5,-0.08977909788890454,-0.00022345857833820388,-0.0014799612840472598
1.0,33.0,54.0,2.814169804212059,0.008042961088223777,26.5,-0.0897798856764302,-0.00021827138075664873,-0.0016102058180380396
1.0,34.0,54.0,2.859335698724533,0.0310574713394014,26.5,-0.08978213988901262,-0.00021384749658118462,-0.0017224883346855947
1.0,35.0,54.0,2.8951706892935642,0.06689246190843257,26.5,-0.08978564983494455,-0.00021033755064925008,-0.0018103658733521866
1.0,36.0,54.0,2.918185199544742,0.11205835642090678,26.5,-0.08979007371912001,-0.0002080833380668308,-0.0018639647779286168
1.0,37.0,54.0,2.9262281606329656,0.16501734212023322,26.5,-0.08979526091670158,-0.0002072955505411738,-0.00187811908107178
1.0,38.0,54.0,2.926114080316483,0.29986408031648293,26.5,-0.08980846881079198,-0.00020730672441722048,-0.001865538187165523
1.0,39.0,54.0,2.926114080316483,0.43761408031648275,26.5,-0.08982196107197153,-0.00020730672441722048,-0.001854739544033399
1.0,40.0,54.0,2.926114080316483,0.5753640803164828,26.5,-0.08983545333315107,-0.00020730672441722048,-0.001847695159759999
1.0,41.0,54.0,2.926114080316483,0.7131140803164828,26.5,-0.08984894559433063,-0.00020730672441722048,-0.0018438418917328407
2.0,1.0,54.0,5.9261140803164825,2.213114080316483,26.5,-0.08999586676869956,8.653562432065107e-5,-0.006191151387828593
2.0,2.0,54.0,5.9261140803164825,2.350864080316483,26.5,-0.09000935902987911,8.653562432065107e-5,-0.0061870635795607185
2.0,3.0,54.0,5.9261140803164825,2.488614080316483,26.5,-0.09002285129105865,8.653562432065107e-5,-0.006185451049980318
2.0,4.0,54.0,5.9261140803164825,2.626364080316483,26.5,-0.0900363435522382,8.653562432065107e-5,-0.006186414192083732
2.0,5.0,54.0,5.926228160632966,2.7612108185127324,26.5,-0.0900495514463286,8.654679819669771e-5,-0.006190084380524188
2.0,6.0,54.0,5.918185199544742,2.8141698042120584,26.5,-0.09005473864391017,8.575901067104071e-5,-0.006170947937493992
2.0,7.0,54.0,5.895170689293565,2.859335698724533,26.5,-0.09005916252808563,8.350479808862156e-5,-0.0061128363658344
2.0,8.0,54.0,5.859335698724533,2.8951706892935642,26.5,-0.09006267247401756,7.99948521566869e-5,-0.006021665417774707
2.0,9.0,54.0,5.814169804212058,2.918185199544742,26.5,-0.09006492668659999,7.557096798122283e-5,-0.005906731605392771
2.0,10.0,54.0,5.7612108185127315,2.9262281606329656,26.5,-0.09006571447412565,7.038377039966764e-5,-0.0057726111545204515
2.0,11.0,54.0,5.1136140803164825,2.926114080316483,26.5,-0.0900657033002496,6.953321537477527e-6,-0.004159281751686422
2.0,12.0,54.0,4.463114080316483,2.926114080316483,26.5,-0.0900657033002496,-5.676149441385088e-5,-0.002567265149791084
2.0,13.0,54.0,3.8126140803164827,2.926114080316483,26.5,-0.0900657033002496,-0.00012047631036517946,-0.0009830223744401142
2.0,14.0,54.0,3.1650173421202332,2.9262281606329656,26.5,-0.09006571447412565,-0.0001839067592273696,0.0006092972365071608
2.0,15.0,54.0,3.112058356420907,2.918185199544742,26.5,-0.09006492668659999,-0.00018909395680892475,0.0007408067032323055
2.0,16.0,54.0,3.0668924619084326,2.8951706892935642,26.5,-0.09006267247401756,-0.00019351784098438888,0.0008525873352572932
2.0,17.0,54.0,3.0310574713394014,2.859335698724533,26.5,-0.09005916252808563,-0.0001970277869163234,0.0009390646081730041
2.0,18.0,54.0,3.0080429610882238,2.8141698042120584,26.5,-0.09005473864391017,-0.0001992819994987427,0.0009913389633732937
2.0,19.0,54.0,3.0,2.7612108185127324,26.5,-0.0900495514463286,-0.00020006978702439968,0.0010061121473930626
2.0,20.0,54.0,3.0001140803164827,2.113614080316483,26.5,-0.08998612099746642,-0.000200058613148353,0.0009387959978612653
2.0,21.0,54.0,3.0001140803164827,1.4631140803164828,26.5,-0.08992240618151509,-0.000200058613148353,0.0009114620476335
2.0,22.0,54.0,3.0001140803164827,0.8126140803164827,26.5,-0.08985869136556376,-0.000200058613148353,0.0009230906960946502
2.0,23.0,54.0,3.0,0.16501734212023322,26.5,-0.08979526091670158,-0.00020006978702439968,0.0009738125955907418
2.0,24.0,54.0,3.0080429610882238,0.11205835642090678,26.5,-0.08979007371912001,-0.0001992819994987427,0.0009588703658507437
2.0,25.0,54.0,3.0310574713394014,0.06689246190843257,26.5,-0.08978564983494455,-0.0001970277869163234,0.0009049018043899762
2.0,26.0,54.0,3.0668924619084326,0.0310574713394014,26.5,-0.08978213988901262,-0.00019351784098438888,0.0008178632515264827
2.0,27.0,54.0,3.112058356420907,0.008042961088223777,26.5,-0.0897798856764302,-0.00018909395680892475,0.0007069286382044565
2.0,28.0,54.0,3.1650173421202332,0.0,26.5,-0.08977909788890454,-0.0001839067592273696,0.000576786678122987
2.0,29.0,54.0,3.8126140803164827,0.0001140803164827453,26.5,-0.08977910906278058,-0.00012047631036517946,-0.0009983521622921878
2.0,30.0,54.0,4.463114080316483,0.0001140803164827453,26.5,-0.08977910906278058,-5.676149441385088e-5,-0.0025674487492702396
2.0,31.0,54.0,5.1136140803164825,0.0001140803164827453,26.5,-0.08977910906278058,6.953321537477527e-6,-0.004145985249750257
2.0,32.0,54.0,5.761210818512732,0.0,26.5,-0.08977909788890454,7.038377039966764e-5,-0.005746671001148261
2.0,33.0,54.0,5.814169804212058,0.008042961088223777,26.5,-0.0897798856764302,7.557096798122283e-5,-0.005879155834230443
2.0,34.0,54.0,5.859335698724533,0.0310574713394014,26.5,-0.08978213988901262,7.99948521566869e-5,-0.005991461946520882
2.0,35.0,54.0,5.895170689293565,0.06689246190843257,26.5,-0.08978564983494455,8.350479808862156e-5,-0.006079207292305401
2.0,36.0,54.0,5.918185199544742,0.11205835642090678,26.5,-0.08979007371912001,8.575901067104071e-5,-0.006133431277592718
2.0,37.0,54.0,5.926228160632966,0.16501734212023322,26.5,-0.08979526091670158,8.654679819669771e-5,-0.006148376560172779
2.0,38.0,54.0,5.9261140803164825,0.29986408031648293,26.5,-0.08980846881079198,8.653562432065107e-5,-0.006134402385248832
2.0,39.0,54.0,5.9261140803164825,0.43761408031648275,26.5,-0.08982196107197153,8.653562432065107e-5,-0.006122847321043174
2.0,40.0,54.0,5.9261140803164825,0.5753640803164828,26.5,-0.08983545333315107,8.653562432065107e-5,-0.0061137793866255655
2.0,41.0,54.0,5.9261140803164825,0.7131140803164828,26.5,-0.08984894559433063,8.653562432065107e-5,-0.006107071650374139
1.0,1.0,55.0,2.926114080316483,2.213114080316483,27.0,-0.08860999035225957,-0.00021563241204508314,-0.002169575106917348
1.0,2.0,55.0,2.926114080316483,2.350864080316483,27.0,-0.08862294714712605,-0.00021563241204508314,-0.0021690578997400484
1.0,3.0,55.0,2.926114080316483,2.488614080316483,27.0,-0.08863590394199253,-0.00021563241204508314,-0.002172067104863254
1.0,4.0,55.0,2.926114080316483,2.626364080316483,27.0,-0.08864886073685901,-0.00021563241204508314,-0.002178393242883016
1.0,5.0,55.0,2.9262281606329656,2.7612108185127324,27.0,-0.08866154445029076,-0.00021562168162578027,-0.002188011393932138
1.0,6.0,55.0,2.918185199544742,2.8141698042120584,27.0,-0.08866652578396801,-0.0002163782042895856,-0.0021702270179929845
1.0,7.0,55.0,2.8951706892935642,2.859335698724533,27.0,-0.08867077409779857,-0.0002185429541137379,-0.0021070204466646755
1.0,8.0,55.0,2.859335698724533,2.8951706892935642,27.0,-0.08867414474478111,-0.00022191360109627973,-0.002007849789038782
1.0,9.0,55.0,2.814169804212059,2.918185199544742,27.0,-0.08867630949460527,-0.00022616191492683612,-0.001883004494815819
1.0,10.0,55.0,2.761210818512732,2.9262281606329656,27.0,-0.08867706601726907,-0.00023114324860409898,-0.0017354041894110238
1.0,11.0,55.0,2.113614080316483,2.926114080316483,27.0,-0.08867705528684977,-0.00029205633820852375,3.3498086017790266e-5
1.0,12.0,55.0,1.4631140803164828,2.926114080316483,27.0,-0.08867705528684977,-0.0003532425092476845,0.0017766802319506524
1.0,13.0,55.0,0.8126140803164827,2.926114080316483,27.0,-0.08867705528684977,-0.0004144286802868453,0.0035143705986689895
1.0,14.0,55.0,0.16501734212023322,2.9262281606329656,27.0,-0.08867706601726907,-0.0004753417698912701,0.005264939068356496
1.0,15.0,55.0,0.11205835642090678,2.918185199544742,27.0,-0.08867630949460527,-0.0004803231035685329,0.005409745077231653
1.0,16.0,55.0,0.06689246190843257,2.8951706892935642,27.0,-0.08867414474478111,-0.0004845714173990893,0.005532831938097305
1.0,17.0,55.0,0.0310574713394014,2.859335698724533,27.0,-0.08867077409779857,-0.0004879420643816311,0.005629043713391866
1.0,18.0,55.0,0.008042961088223777,2.8141698042120584,27.0,-0.08866652578396801,-0.0004901068142057834,0.0056881712927154965
1.0,19.0,55.0,0.0,2.7612108185127324,27.0,-0.08866154445029076,-0.0004908633368695888,0.005703614838264902
1.0,20.0,55.0,0.0001140803164827453,2.113614080316483,27.0,-0.08860063136068633,-0.0004908526064502859,0.005633833159376192
1.0,21.0,55.0,0.0001140803164827453,1.4631140803164828,27.0,-0.08853944518964717,-0.0004908526064502859,0.005612670135228056
1.0,22.0,55.0,0.0001140803164827453,0.8126140803164827,27.0,-0.08847825901860801,-0.0004908526064502859,0.005641143971713535
1.0,23.0,55.0,0.0,0.16501734212023322,27.0,-0.08841734592900358,-0.0004908633368695888,0.005717790630744219
1.0,24.0,55.0,0.008042961088223777,0.11205835642090678,27.0,-0.08841236459532632,-0.0004901068142057834,0.005703040907124078
1.0,25.0,55.0,0.0310574713394014,0.06689246190843257,27.0,-0.08840811628149577,-0.0004879420643816311,0.0056448281200325735
1.0,26.0,55.0,0.06689246190843257,0.0310574713394014,27.0,-0.08840474563451323,-0.0004845714173990893,0.00554969193713492
1.0,27.0,55.0,0.11205835642090678,0.008042961088223777,27.0,-0.08840258088468907,-0.0004803231035685329,0.005427731386186629
1.0,28.0,55.0,0.16501734212023322,0.0,27.0,-0.08840182436202526,-0.0004753417698912701,0.0052840427599203845
1.0,29.0,55.0,0.8126140803164827,0.0001140803164827453,27.0,-0.08840183509244456,-0.0004144286802868453,0.00354577780192104
1.0,30.0,55.0,1.4631140803164828,0.0001140803164827453,27.0,-0.08840183509244456,-0.0003532425092476845,0.0018201898740078499
1.0,31.0,55.0,2.113614080316483,0.0001140803164827453,27.0,-0.08840183509244456,-0.00029205633820852375,8.93591690972463e-5
1.0,32.0,55.0,2.7612108185127324,0.0,27.0,-0.08840182436202526,-0.00023114324860409893,-0.0016665777067609608
1.0,33.0,55.0,2.814169804212059,0.008042961088223777,27.0,-0.08840258088468907,-0.00022616191492683612,-0.001812919777864058
1.0,34.0,55.0,2.859335698724533,0.0310574713394014,27.0,-0.08840474563451323,-0.00022191360109627973,-0.0019364586420603299
1.0,35.0,55.0,2.8951706892935642,0.06689246190843257,27.0,-0.08840811628149577,-0.0002185429541137379,-0.00203325660450416
1.0,36.0,55.0,2.918185199544742,0.11205835642090678,27.0,-0.08841236459532632,-0.0002163782042895856,-0.0020938396337450795
1.0,37.0,55.0,2.9262281606329656,0.16501734212023322,27.0,-0.08841734592900358,-0.00021562168162578027,-0.0021112633897886583
1.0,38.0,55.0,2.926114080316483,0.29986408031648293,27.0,-0.08843002964243532,-0.00021563241204508314,-0.0020966791153965952
1.0,39.0,55.0,2.926114080316483,0.43761408031648275,27.0,-0.08844298643730181,-0.00021563241204508314,-0.0020861094089528695
1.0,40.0,55.0,2.926114080316483,0.5753640803164828,27.0,-0.08845594323216828,-0.00021563241204508314,-0.002078707694565546
1.0,41.0,55.0,2.926114080316483,0.7131140803164828,27.0,-0.08846890002703477,-0.00021563241204508314,-0.0020745687782049746
2.0,1.0,55.0,5.9261140803164825,2.213114080316483,27.0,-0.08860999035225957,6.654823840454375e-5,-0.006849216691262843
2.0,2.0,55.0,5.9261140803164825,2.350864080316483,27.0,-0.08862294714712605,6.654823840454375e-5,-0.006845168970451809
2.0,3.0,55.0,5.9261140803164825,2.488614080316483,27.0,-0.08863590394199253,6.654823840454375e-5,-0.0068439472605329125
2.0,4.0,55.0,5.9261140803164825,2.626364080316483,27.0,-0.08864886073685901,6.654823840454375e-5,-0.006845675085954155
2.0,5.0,55.0,5.926228160632966,2.7612108185127324,27.0,-0.08866154445029076,6.655896882384657e-5,-0.006850465216815376
2.0,6.0,55.0,5.918185199544742,2.8141698042120584,27.0,-0.08866652578396801,6.580244616004122e-5,-0.006829543234032136
2.0,7.0,55.0,5.895170689293565,2.859335698724533,27.0,-0.08867077409779857,6.363769633588904e-5,-0.006765387529102541
2.0,8.0,55.0,5.859335698724533,2.8951706892935642,27.0,-0.08867414474478111,6.0267049353347104e-5,-0.006664559061902907
2.0,9.0,55.0,5.814169804212058,2.918185199544742,27.0,-0.08867630949460527,5.601873552279074e-5,-0.006537347682622707
2.0,10.0,55.0,5.7612108185127315,2.9262281606329656,27.0,-0.08867706601726907,5.1037401845527895e-5,-0.006388827454887126
2.0,11.0,55.0,5.1136140803164825,2.926114080316483,27.0,-0.08867705528684977,-9.87568775889687e-6,-0.004602554034011779
2.0,12.0,55.0,4.463114080316483,2.926114080316483,27.0,-0.08867705528684977,-7.106185879805756e-5,-0.002840049537013366
2.0,13.0,55.0,3.8126140803164827,2.926114080316483,27.0,-0.08867705528684977,-0.0001322480298372184,-0.0010856426813350116
2.0,14.0,55.0,3.1650173421202332,2.9262281606329656,27.0,-0.08867706601726907,-0.0001931611194416432,0.0006779150400428584
2.0,15.0,55.0,3.112058356420907,2.918185199544742,27.0,-0.08867630949460527,-0.000198142453118906,0.0008234208155488353
2.0,16.0,55.0,3.0668924619084326,2.8951706892935642,27.0,-0.08867414474478111,-0.00020239076694946243,0.0009465758561407421
2.0,17.0,55.0,3.0310574713394014,2.859335698724533,27.0,-0.08867077409779857,-0.00020576141393200423,0.00104301223765932
2.0,18.0,55.0,3.0080429610882238,2.8141698042120584,27.0,-0.08866652578396801,-0.00020792616375615654,0.0011024560037409664
2.0,19.0,55.0,3.0,2.7612108185127324,27.0,-0.08866154445029076,-0.00020868268641996188,0.001116903718619723
2.0,20.0,55.0,3.0001140803164827,2.113614080316483,27.0,-0.08860063136068633,-0.00020867195600065902,0.0010408590455252232
2.0,21.0,55.0,3.0001140803164827,1.4631140803164828,27.0,-0.08853944518964717,-0.00020867195600065902,0.0010101626710963462
2.0,22.0,55.0,3.0001140803164827,0.8126140803164827,27.0,-0.08847825901860801,-0.00020867195600065902,0.0010251936468208657
2.0,23.0,55.0,3.0,0.16501734212023322,27.0,-0.08841734592900358,-0.00020868268641996188,0.0010847991081547863
2.0,24.0,55.0,3.0080429610882238,0.11205835642090678,27.0,-0.08841236459532632,-0.00020792616375615654,0.0010684928728423922
2.0,25.0,55.0,3.0310574713394014,0.06689246190843257,27.0,-0.08840811628149577,-0.00020576141393200423,0.001008910164334344
2.0,26.0,55.0,3.0668924619084326,0.0310574713394014,27.0,-0.08840474563451323,-0.00020239076694946243,0.0009125998455343643
2.0,27.0,55.0,3.112058356420907,0.008042961088223777,27.0,-0.08840258088468907,-0.000198142453118906,0.0007897520545845242
2.0,28.0,55.0,3.1650173421202332,0.0,27.0,-0.08840182436202526,-0.0001931611194416432,0.0006454347976983598
2.0,29.0,55.0,3.8126140803164827,0.0001140803164827453,27.0,-0.08840183509244456,-0.0001322480298372184,-0.001100311409466571
2.0,30.0,55.0,4.463114080316483,0.0001140803164827453,27.0,-0.08840183509244456,-7.106185879805756e-5,-0.002838902715249635
2.0,31.0,55.0,5.1136140803164825,0.0001140803164827453,27.0,-0.08840183509244456,-9.87568775889687e-6,-0.004587098055431106
2.0,32.0,55.0,5.761210818512732,0.0,27.0,-0.08840182436202526,5.1037401845527895e-5,-0.006359891768586614
2.0,33.0,55.0,5.814169804212058,0.008042961088223777,27.0,-0.08840258088468907,5.601873552279074e-5,-0.006506691772259154
2.0,34.0,55.0,5.859335698724533,0.0310574713394014,27.0,-0.08840474563451323,6.0267049353347104e-5,-0.006631168825226619
2.0,35.0,55.0,5.895170689293565,0.06689246190843257,27.0,-0.08840811628149577,6.363769633588904e-5,-0.006728448425735514
2.0,36.0,55.0,5.918185199544742,0.11205835642090678,27.0,-0.08841236459532632,6.580244616004122e-5,-0.006788585987991305
2.0,37.0,55.0,5.926228160632966,0.16501734212023322,27.0,-0.08841734592900358,6.655896882384657e-5,-0.006805183418749727
2.0,38.0,55.0,5.9261140803164825,0.29986408031648293,27.0,-0.08843002964243532,6.654823840454375e-5,-0.006789772639023245
2.0,39.0,55.0,5.9261140803164825,0.43761408031648275,27.0,-0.08844298643730181,6.654823840454375e-5,-0.006777132743361584
2.0,40.0,55.0,5.9261140803164825,0.5753640803164828,27.0,-0.08845594323216828,6.654823840454375e-5,-0.006767354261748868
2.0,41.0,55.0,5.9261140803164825,0.7131140803164828,27.0,-0.08846890002703477,6.654823840454375e-5,-0.006760299117266692
1.0,1.0,56.0,2.926114080316483,2.213114080316483,27.5,-0.0870832363485374,-0.0002239042713031447,-0.002389517996268107
1.0,2.0,56.0,2.926114080316483,2.350864080316483,27.5,-0.0870956334770743,-0.0002239042713031447,-0.0023892303734685027
1.0,3.0,56.0,2.926114080316483,2.488614080316483,27.5,-0.08710803060561122,-0.0002239042713031447,-0.0023924190690800705
1.0,4.0,56.0,2.926114080316483,2.626364080316483,27.5,-0.08712042773414812,-0.0002239042713031447,-0.0023994084908577434
1.0,5.0,56.0,2.9262281606329656,2.7612108185127324,27.5,-0.08713256357695175,-0.00022389400438229556,-0.0024101845438793063
1.0,6.0,56.0,2.918185199544742,2.8141698042120584,27.5,-0.08713732974285301,-0.00022461784919121036,-0.0023889359633314945
1.0,7.0,56.0,2.8951706892935642,2.859335698724533,27.5,-0.08714139455156267,-0.0002266890930518107,-0.002321352676531299
1.0,8.0,56.0,2.859335698724533,2.8951706892935642,27.5,-0.08714461960407957,-0.00022991414556871052,-0.002212878174131644
1.0,9.0,56.0,2.814169804212059,2.918185199544742,27.5,-0.08714669084794016,-0.0002339789542783679,-0.002074617305252358
1.0,10.0,56.0,2.761210818512732,2.9262281606329656,27.5,-0.08714741469274909,-0.0002387451201796275,-0.0019134804049796318
1.0,11.0,56.0,2.113614080316483,2.926114080316483,27.5,-0.08714740442582823,-0.0002970270802776122,2.681877073123425e-5
1.0,12.0,56.0,1.4631140803164828,2.926114080316483,27.5,-0.08714740442582823,-0.0003555703261088628,0.0019385530636579795
1.0,13.0,56.0,0.8126140803164827,2.926114080316483,27.5,-0.08714740442582823,-0.00041411357194011346,0.0038427126331059555
1.0,14.0,56.0,0.16501734212023322,2.9262281606329656,27.5,-0.08714741469274909,-0.00047239553203809817,0.005759430968580558
1.0,15.0,56.0,0.11205835642090678,2.918185199544742,27.5,-0.08714669084794016,-0.00047716169793935776,0.00591793778965091
1.0,16.0,56.0,0.06689246190843257,2.8951706892935642,27.5,-0.08714461960407957,-0.00048122650664901513,0.006052672164916274
1.0,17.0,56.0,0.0310574713394014,2.859335698724533,27.5,-0.08714139455156267,-0.00048445155916591496,0.006157984956991446
1.0,18.0,56.0,0.008042961088223777,2.8141698042120584,27.5,-0.08713732974285301,-0.0004865228030265153,0.006222692313392476
1.0,19.0,56.0,0.0,2.7612108185127324,27.5,-0.08713256357695175,-0.0004872466478354301,0.006239562951949445
1.0,20.0,56.0,0.0001140803164827453,2.113614080316483,27.5,-0.08707428161685377,-0.00048723638091458096,0.006162724545428381
1.0,21.0,56.0,0.0001140803164827453,1.4631140803164828,27.5,-0.08701573837102251,-0.00048723638091458096,0.006139544588685355
1.0,22.0,56.0,0.0001140803164827453,0.8126140803164827,27.5,-0.08695719512519126,-0.00048723638091458096,0.00617142441450813
1.0,23.0,56.0,0.0,0.16501734212023322,27.5,-0.08689891316509328,-0.0004872466478354301,0.006256531030446371
1.0,24.0,56.0,0.008042961088223777,0.11205835642090678,27.5,-0.08689414699919201,-0.0004865228030265153,0.006240476608130107
1.0,25.0,56.0,0.0310574713394014,0.06689246190843257,27.5,-0.08689008219048236,-0.00048445155916591496,0.006176802194452361
1.0,26.0,56.0,0.06689246190843257,0.0310574713394014,27.5,-0.08688685713796546,-0.00048122650664901513,0.006072673478500935
1.0,27.0,56.0,0.11205835642090678,0.008042961088223777,27.5,-0.08688478589410487,-0.00047716169793935776,0.005939153102562871
1.0,28.0,56.0,0.16501734212023322,0.0,27.5,-0.08688406204929594,-0.00047239553203809817,0.0057818244830414095
1.0,29.0,56.0,0.8126140803164827,0.0001140803164827453,27.5,-0.0868840723162168,-0.00041411357194011346,0.003877957822882372
1.0,30.0,56.0,1.4631140803164828,0.0001140803164827453,27.5,-0.0868840723162168,-0.0003555703261088628,0.001986448307723019
1.0,31.0,56.0,2.113614080316483,0.0001140803164827453,27.5,-0.0868840723162168,-0.0002970270802776122,8.758214831166119e-5
1.0,32.0,56.0,2.7612108185127324,0.0,27.5,-0.08688406204929594,-0.00023874512017962746,-0.0018393679460623209
1.0,33.0,56.0,2.814169804212059,0.008042961088223777,27.5,-0.08688478589410487,-0.0002339789542783679,-0.0019990931035404266
1.0,34.0,56.0,2.859335698724533,0.0310574713394014,27.5,-0.08688685713796546,-0.00022991414556871052,-0.002135465296872348
1.0,35.0,56.0,2.8951706892935642,0.06689246190843257,27.5,-0.08689008219048236,-0.0002266890930518107,-0.002242408935376213
1.0,36.0,56.0,2.918185199544742,0.11205835642090678,27.5,-0.08689414699919201,-0.00022461784919121036,-0.0023085823178489516
1.0,37.0,56.0,2.9262281606329656,0.16501734212023322,27.5,-0.08689891316509328,-0.00022389400438229556,-0.0023272135888117635
1.0,38.0,56.0,2.926114080316483,0.29986408031648293,27.5,-0.08691104900789691,-0.0002239042713031447,-0.002312695882829875
1.0,39.0,56.0,2.926114080316483,0.43761408031648275,27.5,-0.08692344613643381,-0.0002239042713031447,-0.002301323532351519
1.0,40.0,56.0,2.926114080316483,0.5753640803164828,27.5,-0.08693584326497072,-0.0002239042713031447,-0.0022937159633226478
1.0,41.0,56.0,2.926114080316483,0.7131140803164828,27.5,-0.08694824039350763,-0.0002239042713031447,-0.0022895951450850774
2.0,1.0,56.0,5.9261140803164825,2.213114080316483,27.5,-0.0870832363485374,4.608763875642769e-5,-0.007493619375017954
2.0,2.0,56.0,5.9261140803164825,2.350864080316483,27.5,-0.0870956334770743,4.608763875642769e-5,-0.007489647282566085
2.0,3.0,56.0,5.9261140803164825,2.488614080316483,27.5,-0.08710803060561122,4.608763875642769e-5,-0.007488832891769862
2.0,4.0,56.0,5.9261140803164825,2.626364080316483,27.5,-0.08712042773414812,4.608763875642769e-5,-0.007491305735634293
2.0,5.0,56.0,5.926228160632966,2.7612108185127324,27.5,-0.08713256357695175,4.6097905677276775e-5,-0.007497174539450477
2.0,6.0,56.0,5.918185199544742,2.8141698042120584,27.5,-0.08713732974285301,4.537406086836199e-5,-0.007474529663189781
2.0,7.0,56.0,5.895170689293565,2.859335698724533,27.5,-0.08714139455156267,4.330281700776176e-5,-0.007404520731375908
2.0,8.0,56.0,5.859335698724533,2.8951706892935642,27.5,-0.08714461960407957,4.0077764490861806e-5,-0.007294331868521007
2.0,9.0,56.0,5.814169804212058,2.918185199544742,27.5,-0.08714669084794016,3.6012955781204493e-5,-0.007155223281298631
2.0,10.0,56.0,5.7612108185127315,2.9262281606329656,27.5,-0.08714741469274909,3.124678987994488e-5,-0.0069927572594434455
2.0,11.0,56.0,5.1136140803164825,2.926114080316483,27.5,-0.08714740442582823,-2.703517021803983e-5,-0.0050388025911899965
2.0,12.0,56.0,4.463114080316483,2.926114080316483,27.5,-0.08714740442582823,-8.557841604929037e-5,-0.003111088837245994
2.0,13.0,56.0,3.8126140803164827,2.926114080316483,27.5,-0.08714740442582823,-0.00014412166188054106,-0.0011920504385755032
2.0,14.0,56.0,3.1650173421202332,2.9262281606329656,27.5,-0.08714741469274909,-0.00020240362197852582,0.00073699452327635
2.0,15.0,56.0,3.112058356420907,2.918185199544742,27.5,-0.08714669084794016,-0.0002071697878797854,0.0008962245378975428
2.0,16.0,56.0,3.0668924619084326,2.8951706892935642,27.5,-0.08714461960407957,-0.00021123459658944275,0.0010313838487500785
2.0,17.0,56.0,3.0310574713394014,2.859335698724533,27.5,-0.08714139455156267,-0.00021445964910634258,0.0011364964842122624
2.0,18.0,56.0,3.0080429610882238,2.8141698042120584,27.5,-0.08713732974285301,-0.00021653089296694292,0.0012005615401555485
2.0,19.0,56.0,3.0,2.7612108185127324,27.5,-0.08713256357695175,-0.00021725473777585772,0.0012172829214710421
2.0,20.0,56.0,3.0001140803164827,2.113614080316483,27.5,-0.08707428161685377,-0.00021724447085500858,0.0011330683479288698
2.0,21.0,56.0,3.0001140803164827,1.4631140803164828,27.5,-0.08701573837102251,-0.00021724447085500858,0.001099630344559025
2.0,22.0,56.0,3.0001140803164827,0.8126140803164827,27.5,-0.08695719512519126,-0.00021724447085500858,0.0011177063087953716
2.0,23.0,56.0,3.0,0.16501734212023322,27.5,-0.08689891316509328,-0.00021725473777585772,0.0011855461202691948
2.0,24.0,56.0,3.0080429610882238,0.11205835642090678,27.5,-0.08689414699919201,-0.00021653089296694292,0.0011679143995451408
2.0,25.0,56.0,3.0310574713394014,0.06689246190843257,27.5,-0.08689008219048236,-0.00021445964910634258,0.0011028301940596745
2.0,26.0,56.0,3.0668924619084326,0.0310574713394014,27.5,-0.08688685713796546,-0.00021123459658944275,0.000997503031706056
2.0,27.0,56.0,3.112058356420907,0.008042961088223777,27.5,-0.08688478589410487,-0.0002071697878797854,0.0008630772837542597
2.0,28.0,56.0,3.1650173421202332,0.0,27.5,-0.08688406204929594,-0.00020240362197852582,0.0007051821411368208
2.0,29.0,56.0,3.8126140803164827,0.0001140803164827453,27.5,-0.0868840723162168,-0.00014412166188054106,-0.0012056336635574204
2.0,30.0,56.0,4.463114080316483,0.0001140803164827453,27.5,-0.0868840723162168,-8.557841604929037e-5,-0.003108278878004724
2.0,31.0,56.0,5.1136140803164825,0.0001140803164827453,27.5,-0.0868840723162168,-2.703517021803983e-5,-0.005021031408736481
2.0,32.0,56.0,5.761210818512732,0.0,27.5,-0.08688406204929594,3.124678987994488e-5,-0.006960826450039265
2.0,33.0,56.0,5.814169804212058,0.008042961088223777,27.5,-0.08688478589410487,3.6012955781204493e-5,-0.007121508202487561
2.0,34.0,56.0,5.859335698724533,0.0310574713394014,27.5,-0.08688685713796546,4.0077764490861806e-5,-0.007257805025760928
2.0,35.0,56.0,5.895170689293565,0.06689246190843257,27.5,-0.08689008219048236,4.330281700776176e-5,-0.007364357432039312
2.0,36.0,56.0,5.918185199544742,0.11205835642090678,27.5,-0.08689414699919201,4.537406086836199e-5,-0.007430259289234539
2.0,37.0,56.0,5.926228160632966,0.16501734212023322,27.5,-0.08689891316509328,4.6097905677276775e-5,-0.007448492960050466
2.0,38.0,56.0,5.9261140803164825,0.29986408031648293,27.5,-0.08691104900789691,4.608763875642769e-5,-0.007431801355621041
2.0,39.0,56.0,5.9261140803164825,0.43761408031648275,27.5,-0.08692344613643381,4.608763875642769e-5,-0.0074182119701154264
2.0,40.0,56.0,5.9261140803164825,0.5753640803164828,27.5,-0.08693584326497072,4.608763875642769e-5,-0.007407825286033586
2.0,41.0,56.0,5.9261140803164825,0.7131140803164828,27.5,-0.08694824039350763,4.608763875642769e-5,-0.007400488296608231
1.0,1.0,57.0,2.926114080316483,2.213114080316483,28.0,-0.0854205545131709,-0.00023200166503491466,-0.0025922152389148702
1.0,2.0,57.0,2.926114080316483,2.350864080316483,28.0,-0.08543237230356955,-0.00023200166503491466,-0.002592048565332523
1.0,3.0,57.0,2.926114080316483,2.488614080316483,28.0,-0.08544419009396818,-0.00023200166503491466,-0.0025957168822914926
1.0,4.0,57.0,2.926114080316483,2.626364080316483,28.0,-0.08545600788436682,-0.00023200166503491466,-0.002603275060058202
1.0,5.0,57.0,2.9262281606329656,2.7612108185127324,28.0,-0.08546757659934281,-0.00023199187790410664,-0.0026146920593858192
1.0,6.0,57.0,2.918185199544742,2.8141698042120584,28.0,-0.08547212003449867,-0.00023268189625855328,-0.0025926104992535096
1.0,7.0,57.0,2.8951706892935642,2.859335698724533,28.0,-0.08547599488803417,-0.00023465634749830435,-0.002518285555165615
1.0,8.0,57.0,2.859335698724533,2.8951706892935642,28.0,-0.08547906922856036,-0.0002377306880244892,-0.0024005248687611613
1.0,9.0,57.0,2.814169804212059,2.918185199544742,28.0,-0.08548104367980011,-0.00024160554155999112,-0.0022514666990189757
1.0,10.0,57.0,2.761210818512732,2.9262281606329656,28.0,-0.08548173369815455,-0.00024614897671584656,-0.0020763189088638147
1.0,11.0,57.0,2.113614080316483,2.926114080316483,28.0,-0.08548172391102375,-0.0003017073252809614,2.831615698203848e-5
1.0,12.0,57.0,1.4631140803164828,2.926114080316483,28.0,-0.08548172391102375,-0.0003575147492687195,0.002101870116102023
1.0,13.0,57.0,0.8126140803164827,2.926114080316483,28.0,-0.08548172391102375,-0.0004133221732564776,0.004166242576222551
1.0,14.0,57.0,0.16501734212023322,2.9262281606329656,28.0,-0.08548173369815455,-0.0004688805218215925,0.006243174141929204
1.0,15.0,57.0,0.11205835642090678,2.918185199544742,28.0,-0.08548104367980011,-0.0004734239569774479,0.006414900192483016
1.0,16.0,57.0,0.06689246190843257,2.8951706892935642,28.0,-0.08547906922856036,-0.00047729881051294986,0.006560873311714356
1.0,17.0,57.0,0.0310574713394014,2.859335698724533,28.0,-0.08547599488803417,-0.0004803731510391347,0.006674973650956352
1.0,18.0,57.0,0.008042961088223777,2.8141698042120584,28.0,-0.08547212003449867,-0.0004823476022788858,0.0067450836974590365
1.0,19.0,57.0,0.0,2.7612108185127324,28.0,-0.08546757659934281,-0.0004830376206333324,0.006763365264076324
1.0,20.0,57.0,0.0001140803164827453,2.113614080316483,28.0,-0.0854120182507777,-0.0004830278335025244,0.0066800622261234495
1.0,21.0,57.0,0.0001140803164827453,1.4631140803164828,28.0,-0.08535621082678994,-0.0004830278335025244,0.006655110428550818
1.0,22.0,57.0,0.0001140803164827453,0.8126140803164827,28.0,-0.08530040340280219,-0.0004830278335025244,0.006690238928948592
1.0,23.0,57.0,0.0,0.16501734212023322,28.0,-0.08524484505423707,-0.0004830376206333324,0.006783299400363435
1.0,24.0,57.0,0.008042961088223777,0.11205835642090678,28.0,-0.08524030161908122,-0.0004823476022788858,0.006765962451367829
1.0,25.0,57.0,0.0310574713394014,0.06689246190843257,28.0,-0.08523642676554571,-0.0004803731510391347,0.006697005536958471
1.0,26.0,57.0,0.06689246190843257,0.0310574713394014,28.0,-0.08523335242501953,-0.00047729881051294986,0.006584196130742545
1.0,27.0,57.0,0.11205835642090678,0.008042961088223777,28.0,-0.08523137797377978,-0.0004734239569774479,0.0064395203658785954
1.0,28.0,57.0,0.16501734212023322,0.0,28.0,-0.08523068795542534,-0.0004688805218215925,0.006269026417488029
1.0,29.0,57.0,0.8126140803164827,0.0001140803164827453,28.0,-0.08523069774255614,-0.0004133221732564776,0.004205382411548027
1.0,30.0,57.0,1.4631140803164828,0.0001140803164827453,28.0,-0.08523069774255614,-0.0003575147492687195,0.0021541068817725437
1.0,31.0,57.0,2.113614080316483,0.0001140803164827453,28.0,-0.08523069774255614,-0.0003017073252809614,9.382739887929608e-5
1.0,32.0,57.0,2.7612108185127324,0.0,28.0,-0.08523068795542534,-0.0002461489767158465,-0.0019970338451996113
1.0,33.0,57.0,2.814169804212059,0.008042961088223777,28.0,-0.08523137797377978,-0.00024160554155999112,-0.002170813340887315
1.0,34.0,57.0,2.859335698724533,0.0310574713394014,28.0,-0.08523335242501953,-0.0002377306880244892,-0.002318361626948933
1.0,35.0,57.0,2.8951706892935642,0.06689246190843257,28.0,-0.08523642676554571,-0.00023465634749830435,-0.002434092117880617
1.0,36.0,57.0,2.918185199544742,0.11205835642090678,28.0,-0.08524030161908122,-0.00023268189625855328,-0.002506315625916706
1.0,37.0,57.0,2.9262281606329656,0.16501734212023322,28.0,-0.08524484505423707,-0.00023199187790410664,-0.0025271456646905003
1.0,38.0,57.0,2.926114080316483,0.29986408031648293,28.0,-0.08525641376921307,-0.00023200166503491466,-0.0025115031970983546
1.0,39.0,57.0,2.926114080316483,0.43761408031648275,28.0,-0.0852682315596117,-0.00023200166503491466,-0.0024998273972514995
1.0,40.0,57.0,2.926114080316483,0.5753640803164828,28.0,-0.08528004935001034,-0.00023200166503491466,-0.0024919316206119513
1.0,41.0,57.0,2.926114080316483,0.7131140803164828,28.0,-0.08529186714040898,-0.00023200166503491466,-0.002487721284606111
2.0,1.0,57.0,5.9261140803164825,2.213114080316483,28.0,-0.0854205545131709,2.537308048895042e-5,-0.008122757204427454
2.0,2.0,57.0,5.9261140803164825,2.350864080316483,28.0,-0.08543237230356955,2.537308048895042e-5,-0.008118910590584867
2.0,3.0,57.0,5.9261140803164825,2.488614080316483,28.0,-0.08544419009396818,2.537308048895042e-5,-0.008118523283273735
2.0,4.0,57.0,5.9261140803164825,2.626364080316483,28.0,-0.08545600788436682,2.537308048895042e-5,-0.008121740584893532
2.0,5.0,57.0,5.926228160632966,2.7612108185127324,28.0,-0.08546757659934281,2.5382867619758392e-5,-0.008128663138024376
2.0,6.0,57.0,5.918185199544742,2.8141698042120584,28.0,-0.08547212003449867,2.4692849265311745e-5,-0.008104357531355213
2.0,7.0,57.0,5.895170689293565,2.859335698724533,28.0,-0.08547599488803417,2.2718398025560785e-5,-0.00802871324158214
2.0,8.0,57.0,5.859335698724533,2.8951706892935642,28.0,-0.08547906922856036,1.9644057499375836e-5,-0.007909512697081232
2.0,9.0,57.0,5.814169804212058,2.918185199544742,28.0,-0.08548104367980011,1.5769203963873946e-5,-0.007758942071088021
2.0,10.0,57.0,5.7612108185127315,2.9262281606329656,28.0,-0.08548173369815455,1.1225768808018524e-5,-0.007583026150123469
2.0,11.0,57.0,5.1136140803164825,2.926114080316483,28.0,-0.08548172391102375,-4.433257975709637e-5,-0.005467327240612672
2.0,12.0,57.0,4.463114080316483,2.926114080316483,28.0,-0.08548172391102375,-0.00010014000374485438,-0.003380292520534553
2.0,13.0,57.0,3.8126140803164827,2.926114080316483,28.0,-0.08548172391102375,-0.00015594742773261254,-0.0013026587964982631
2.0,14.0,57.0,3.1650173421202332,2.9262281606329656,28.0,-0.08548173369815455,-0.00021150577629772748,0.0007858622880381364
2.0,15.0,57.0,3.112058356420907,2.918185199544742,28.0,-0.08548104367980011,-0.00021604921145358284,0.0009582430081140456
2.0,16.0,57.0,3.0668924619084326,2.8951706892935642,28.0,-0.08547906922856036,-0.00021992406498908478,0.0011043217458205528
2.0,17.0,57.0,3.0310574713394014,2.859335698724533,28.0,-0.08547599488803417,-0.0002229984055152696,0.0012183664043301978
2.0,18.0,57.0,3.0080429610882238,2.8141698042120584,28.0,-0.08547212003449867,-0.0002249728567550207,0.0012882888179966408
2.0,19.0,57.0,3.0,2.7612108185127324,28.0,-0.08546757659934281,-0.00022566287510946735,0.0013058311242302837
2.0,20.0,57.0,3.0001140803164827,2.113614080316483,28.0,-0.0854120182507777,-0.00022565308797865933,0.0012143961845193984
2.0,21.0,57.0,3.0001140803164827,1.4631140803164828,28.0,-0.08535621082678994,-0.00022565308797865933,0.001178547551417602
2.0,22.0,57.0,3.0001140803164827,0.8126140803164827,28.0,-0.08530040340280219,-0.00022565308797865933,0.001199517455718733
2.0,23.0,57.0,3.0,0.16501734212023322,28.0,-0.08524484505423707,-0.00022566287510946735,0.001275101712188287
2.0,24.0,57.0,3.0080429610882238,0.11205835642090678,28.0,-0.08524030161908122,-0.0002249728567550207,0.0012561705061376867
2.0,25.0,57.0,3.0310574713394014,0.06689246190843257,28.0,-0.08523642676554571,-0.0002229984055152696,0.001185805126594176
2.0,26.0,57.0,3.0668924619084326,0.0310574713394014,28.0,-0.08523335242501953,-0.00021992406498908478,0.0010718041788108986
2.0,27.0,57.0,3.112058356420907,0.008042961088223777,28.0,-0.08523137797377978,-0.00021604921145358284,0.000926245464123422
2.0,28.0,57.0,3.1650173421202332,0.0,28.0,-0.08523068795542534,-0.00021150577629772748,0.0007551880921121993
2.0,29.0,57.0,3.8126140803164827,0.0001140803164827453,28.0,-0.08523069774255614,-0.00015594742773261254,-0.0013147089542162405
2.0,30.0,57.0,4.463114080316483,0.0001140803164827453,28.0,-0.08523069774255614,-0.00010014000374485438,-0.003375524923358138
2.0,31.0,57.0,5.1136140803164825,0.0001140803164827453,28.0,-0.08523069774255614,-4.433257975709637e-5,-0.005447085612738098
2.0,32.0,57.0,5.761210818512732,0.0,28.0,-0.08523068795542534,1.1225768808018524e-5,-0.007548088894898201
2.0,33.0,57.0,5.814169804212058,0.008042961088223777,28.0,-0.08523137797377978,1.5769203963873946e-5,-0.007722172337761068
2.0,34.0,57.0,5.859335698724533,0.0310574713394014,28.0,-0.08523335242501953,1.9644057499375836e-5,-0.007869881664321746
2.0,35.0,57.0,5.895170689293565,0.06689246190843257,28.0,-0.08523642676554571,2.2718398025560785e-5,-0.007985396629071734
2.0,36.0,57.0,5.918185199544742,0.11205835642090678,28.0,-0.08524030161908122,2.4692849265311745e-5,-0.008056888501724925
2.0,37.0,57.0,5.926228160632966,0.16501734212023322,28.0,-0.08524484505423707,2.5382867619758392e-5,-0.008076743036898662
2.0,38.0,57.0,5.9261140803164825,0.29986408031648293,28.0,-0.08525641376921307,2.537308048895042e-5,-0.008058911259043303
2.0,39.0,57.0,5.9261140803164825,0.43761408031648275,28.0,-0.0852682315596117,2.537308048895042e-5,-0.008044490993708752
2.0,40.0,57.0,5.9261140803164825,0.5753640803164828,28.0,-0.08528004935001034,2.537308048895042e-5,-0.008033591549784938
2.0,41.0,57.0,5.9261140803164825,0.7131140803164828,28.0,-0.08529186714040898,2.537308048895042e-5,-0.008026049077705048
1.0,1.0,58.0,2.926114080316483,2.213114080316483,28.5,-0.08362729147799572,-0.0002398040177028185,-0.002776553004057259
1.0,2.0,58.0,2.926114080316483,2.350864080316483,28.5,-0.0836385144535156,-0.0002398040177028185,-0.0027766405345466022
1.0,3.0,58.0,2.926114080316483,2.488614080316483,28.5,-0.08364973742903548,-0.0002398040177028185,-0.002780700490980683
1.0,4.0,58.0,2.926114080316483,2.626364080316483,28.5,-0.08366096040455535,-0.0002398040177028185,-0.002788954818937512
1.0,5.0,58.0,2.9262281606329656,2.7612108185127324,28.5,-0.0836719468411558,-0.00023979472317941242,-0.0028013946570889436
1.0,6.0,58.0,2.918185199544742,2.8141698042120584,28.5,-0.08367626159542121,-0.00024045001142188388,-0.0027771214945774003
1.0,7.0,58.0,2.8951706892935642,2.859335698724533,28.5,-0.0836799414192212,-0.00024232508427234398,-0.002697934966802639
1.0,8.0,58.0,2.859335698724533,2.8951706892935642,28.5,-0.08368286102155811,-0.0002452446866092673,-0.002571543889348147
1.0,9.0,58.0,2.814169804212059,2.918185199544742,28.5,-0.08368473609440857,-0.0002489245104092438,-0.0024109002433467287
1.0,10.0,58.0,2.761210818512732,2.9262281606329656,28.5,-0.08368539138265105,-0.00025323926467465913,-0.002222960210863857
1.0,11.0,58.0,2.113614080316483,2.926114080316483,28.5,-0.08368538208812763,-0.00030600124173111974,3.873307065376135e-5
1.0,12.0,58.0,1.4631140803164828,2.926114080316483,28.5,-0.08368538208812763,-0.00035899975770700893,0.0022670063304549744
1.0,13.0,58.0,0.8126140803164827,2.926114080316483,28.5,-0.08368538208812763,-0.0004119982736828981,0.004484814320959765
1.0,14.0,58.0,0.16501734212023322,2.9262281606329656,28.5,-0.08368539138265105,-0.00046476025073935874,0.006715396268017744
1.0,15.0,58.0,0.11205835642090678,2.918185199544742,28.5,-0.08368473609440857,-0.00046907500500477405,0.006899805066228082
1.0,16.0,58.0,0.06689246190843257,2.8951706892935642,28.5,-0.08368286102155811,-0.0004727548288047505,0.007056566871562339
1.0,17.0,58.0,0.0310574713394014,2.859335698724533,28.5,-0.0836799414192212,-0.00047567443114167383,0.007179109486554497
1.0,18.0,58.0,0.008042961088223777,2.8141698042120584,28.5,-0.08367626159542121,-0.00047754950399213396,0.007254417138371273
1.0,19.0,58.0,0.0,2.7612108185127324,28.5,-0.0836719468411558,-0.0004782047922346054,0.007274070813892235
1.0,20.0,58.0,0.0001140803164827453,2.113614080316483,28.5,-0.08361918486409933,-0.00047819549771119935,0.007184820330570153
1.0,21.0,58.0,0.0001140803164827453,1.4631140803164828,28.5,-0.08356618634812345,-0.00047819549771119935,0.0071583122439950846
1.0,22.0,58.0,0.0001140803164827453,0.8126140803164827,28.5,-0.08351318783214756,-0.00047819549771119935,0.0071965567584447495
1.0,23.0,58.0,0.0,0.16501734212023322,28.5,-0.0834604258550911,-0.0004782047922346054,0.007297137756664827
1.0,24.0,58.0,0.008042961088223777,0.11205835642090678,28.5,-0.08345611110082568,-0.00047754950399213396,0.007278562638403842
1.0,25.0,58.0,0.0310574713394014,0.06689246190843257,28.5,-0.0834524312770257,-0.00047567443114167383,0.007204530672059277
1.0,26.0,58.0,0.06689246190843257,0.0310574713394014,28.5,-0.08344951167468878,-0.0004727548288047505,0.0070833850386302685
1.0,27.0,58.0,0.11205835642090678,0.008042961088223777,28.5,-0.08344763660183832,-0.00046907500500477405,0.006927999408144798
1.0,28.0,58.0,0.16501734212023322,0.0,28.5,-0.08344698131359585,-0.00046476025073935874,0.006744868239112571
1.0,29.0,58.0,0.8126140803164827,0.0001140803164827453,28.5,-0.08344699060811926,-0.0004119982736828981,0.004527905805308034
1.0,30.0,58.0,1.4631140803164828,0.0001140803164827453,28.5,-0.08344699060811926,-0.00035899975770700893,0.00232353789815823
1.0,31.0,58.0,2.113614080316483,0.0001140803164827453,28.5,-0.08344699060811926,-0.00030600124173111974,0.00010888283422691455
1.0,32.0,58.0,2.7612108185127324,0.0,28.5,-0.08344698131359585,-0.0002532392646746591,-0.002138738777088327
1.0,33.0,58.0,2.814169804212059,0.008042961088223777,28.5,-0.08344763660183832,-0.0002489245104092438,-0.0023252626655409165
1.0,34.0,58.0,2.859335698724533,0.0310574713394014,28.5,-0.08344951167468878,-0.0002452446866092673,-0.002484154930599155
1.0,35.0,58.0,2.8951706892935642,0.06689246190843257,28.5,-0.0834524312770257,-0.00024232508427234398,-0.0026088650362173136
1.0,36.0,58.0,2.918185199544742,0.11205835642090678,28.5,-0.08345611110082568,-0.00024045001142188388,-0.0026864425016124116
1.0,37.0,58.0,2.9262281606329656,0.16501734212023322,28.5,-0.0834604258550911,-0.00023979472317941242,-0.002708778961446324
1.0,38.0,58.0,2.926114080316483,0.29986408031648293,28.5,-0.08347141229169154,-0.0002398040177028185,-0.002692658871937244
1.0,39.0,58.0,2.926114080316483,0.43761408031648275,28.5,-0.08348263526721142,-0.0002398040177028185,-0.002680420558885818
1.0,40.0,58.0,2.926114080316483,0.5753640803164828,28.5,-0.0834938582427313,-0.0002398040177028185,-0.0026723023544646196
1.0,41.0,58.0,2.926114080316483,0.7131140803164828,28.5,-0.08350508121825118,-0.0002398040177028185,-0.0026680908664444974
2.0,1.0,58.0,5.9261140803164825,2.213114080316483,28.5,-0.08362729147799572,4.616501786293799e-6,-0.008735160051676408
2.0,2.0,58.0,5.9261140803164825,2.350864080316483,28.5,-0.0836385144535156,4.616501786293799e-6,-0.008731484686749275
2.0,3.0,58.0,5.9261140803164825,2.488614080316483,28.5,-0.08364973742903548,4.616501786293799e-6,-0.008731552705201972
2.0,4.0,58.0,5.9261140803164825,2.626364080316483,28.5,-0.08366096040455535,4.616501786293799e-6,-0.008735519109798126
2.0,5.0,58.0,5.926228160632966,2.7612108185127324,28.5,-0.0836719468411558,4.625796309699828e-6,-0.008743479615070174
2.0,6.0,58.0,5.918185199544742,2.8141698042120584,28.5,-0.08367626159542121,3.970508067228371e-6,-0.008717595008718023
2.0,7.0,58.0,5.895170689293565,2.859335698724533,28.5,-0.0836799414192212,2.095435216768368e-6,-0.008636556855478848
2.0,8.0,58.0,5.859335698724533,2.8951706892935642,28.5,-0.08368286102155811,-8.241671201550864e-7,-0.008508719585412302
2.0,9.0,58.0,5.814169804212058,2.918185199544742,28.5,-0.08368473609440857,-4.503990920131514e-6,-0.008347159697862188
2.0,10.0,58.0,5.7612108185127315,2.9262281606329656,28.5,-0.08368539138265105,-8.81874518554683e-6,-0.00815834584605017
2.0,11.0,58.0,5.1136140803164825,2.926114080316483,28.5,-0.08368538208812763,-6.158072224200744e-5,-0.0058874373998388
2.0,12.0,58.0,4.463114080316483,2.926114080316483,28.5,-0.08368538208812763,-0.00011457923821789656,-0.0036475408645109705
2.0,13.0,58.0,3.8126140803164827,2.926114080316483,28.5,-0.08368538208812763,-0.00016757775419378582,-0.00141779419425129
2.0,14.0,58.0,3.1650173421202332,2.9262281606329656,28.5,-0.08368539138265105,-0.00022033973125024648,0.0008236100852197941
2.0,15.0,58.0,3.112058356420907,2.918185199544742,28.5,-0.08368473609440857,-0.00022465448551566174,0.0010086300888935435
2.0,16.0,58.0,3.0668924619084326,2.8951706892935642,28.5,-0.08368286102155811,-0.00022833430931563822,0.0011656180362053913
2.0,17.0,58.0,3.0310574713394014,2.859335698724533,28.5,-0.0836799414192212,-0.00023125391165256155,0.0012879304110735412
2.0,18.0,58.0,3.0080429610882238,2.8141698042120584,28.5,-0.08367626159542121,-0.00023312898450302168,0.0013626819489620577
2.0,19.0,58.0,3.0,2.7612108185127324,28.5,-0.0836719468411558,-0.00023378427274549314,0.0013818204558000004
2.0,20.0,58.0,3.0001140803164827,2.113614080316483,28.5,-0.08361918486409933,-0.00023377497822208706,0.0012837102630624238
2.0,21.0,58.0,3.0001140803164827,1.4631140803164828,28.5,-0.08356618634812345,-0.00023377497822208706,0.0012458021261493439
2.0,22.0,58.0,3.0001140803164827,0.8126140803164827,28.5,-0.08351318783214756,-0.00023377497822208706,0.0012695640457388486
2.0,23.0,58.0,3.0,0.16501734212023322,28.5,-0.0834604258550911,-0.00023378427274549314,0.0013525112733388525
2.0,24.0,58.0,3.0080429610882238,0.11205835642090678,28.5,-0.08345611110082568,-0.00023312898450302168,0.001332340614686182
2.0,25.0,58.0,3.0310574713394014,0.06689246190843257,28.5,-0.0834524312770257,-0.00023125391165256155,0.0012568965731592826
2.0,26.0,58.0,3.0668924619084326,0.0310574713394014,28.5,-0.08344951167468878,-0.00022833430931563822,0.0011345631543962027
2.0,27.0,58.0,3.112058356420907,0.008042961088223777,28.5,-0.08344763660183832,-0.00022465448551566174,0.0009783037433319854
2.0,28.0,58.0,3.1650173421202332,0.0,28.5,-0.08344698131359585,-0.00022033973125024648,0.0007946502569914621
2.0,29.0,58.0,3.8126140803164827,0.0001140803164827453,28.5,-0.08344699060811926,-0.00016757775419378582,-0.0014279151862000466
2.0,30.0,58.0,4.463114080316483,0.0001140803164827453,28.5,-0.08344699060811926,-0.00011457923821789656,-0.003640530804683193
2.0,31.0,58.0,5.1136140803164825,0.0001140803164827453,28.5,-0.08344699060811926,-6.158072224200744e-5,-0.005864578864085407
2.0,32.0,58.0,5.761210818512732,0.0,28.5,-0.08344698131359585,-8.81874518554683e-6,-0.008120382609684819
2.0,33.0,58.0,5.814169804212058,0.008042961088223777,28.5,-0.08344763660183832,-4.503990920131514e-6,-0.008307333415260656
2.0,34.0,58.0,5.859335698724533,0.0310574713394014,28.5,-0.08344951167468878,-8.241671201550864e-7,-0.008466010579076505
2.0,35.0,58.0,5.895170689293565,0.06689246190843257,28.5,-0.0834524312770257,2.095435216768368e-6,-0.008590149517210153
2.0,36.0,58.0,5.918185199544742,0.11205835642090678,28.5,-0.08345611110082568,3.970508067228371e-6,-0.008667032303122064
2.0,37.0,58.0,5.926228160632966,0.16501734212023322,28.5,-0.0834604258550911,4.625796309699828e-6,-0.008688472984263524
2.0,38.0,58.0,5.9261140803164825,0.29986408031648293,28.5,-0.08347141229169154,4.616501786293799e-6,-0.0086696324679733
2.0,39.0,58.0,5.9261140803164825,0.43761408031648275,28.5,-0.08348263526721142,4.616501786293799e-6,-0.008654494448534241
2.0,40.0,58.0,5.9261140803164825,0.5753640803164828,28.5,-0.0834938582427313,4.616501786293799e-6,-0.008643173909277246
2.0,41.0,58.0,5.9261140803164825,0.7131140803164828,28.5,-0.08350508121825118,4.616501786293799e-6,-0.00863549446144655
1.0,1.0,59.0,2.926114080316483,2.213114080316483,29.0,-0.08170920230432345,-0.0002471892859806491,-0.002941544686535563
1.0,2.0,59.0,2.926114080316483,2.350864080316483,29.0,-0.08171981939258119,-0.0002471892859806491,-0.00294186104778972
1.0,3.0,59.0,2.926114080316483,2.488614080316483,29.0,-0.08173043648083893,-0.0002471892859806491,-0.0029464183385973118
1.0,4.0,59.0,2.926114080316483,2.626364080316483,29.0,-0.08174105356909667,-0.0002471892859806491,-0.0029553612244365038
1.0,5.0,59.0,2.9262281606329656,2.7612108185127324,29.0,-0.08175144688830319,-0.0002471804932344526,-0.0029686715073220186
1.0,6.0,59.0,2.918185199544742,2.8141698042120584,29.0,-0.08175552870482014,-0.00024780040486949595,-0.0029431815931129555
1.0,7.0,59.0,2.8951706892935642,2.859335698724533,29.0,-0.0817590098684374,-0.00024957424941791966,-0.0028584423141236022
1.0,8.0,59.0,2.859335698724533,2.8951706892935642,29.0,-0.08176177185215854,-0.0002523362331390565,-0.002723708955555285
1.0,9.0,59.0,2.814169804212059,2.918185199544742,29.0,-0.08176354569670696,-0.00025581739675632406,-0.0025528278600195405
1.0,10.0,59.0,2.761210818512732,2.9262281606329656,29.0,-0.081764165608342,-0.00025989921327327525,-0.0023523604605213957
1.0,11.0,59.0,2.113614080316483,2.926114080316483,29.0,-0.08176415681559582,-0.00030981276481485513,5.8744462706628775e-5
1.0,12.0,59.0,1.4631140803164828,2.926114080316483,29.0,-0.08176415681559582,-0.0003599500854076564,0.0024342531646415325
1.0,13.0,59.0,0.8126140803164827,2.926114080316483,29.0,-0.08176415681559582,-0.00041008740600045765,0.004798236497420023
1.0,14.0,59.0,0.16501734212023322,2.9262281606329656,29.0,-0.081764165608342,-0.0004600009575420376,0.007175348217297341
1.0,15.0,59.0,0.11205835642090678,2.918185199544742,29.0,-0.08176354569670696,-0.0004640827740589887,0.007371858185619909
1.0,16.0,59.0,0.06689246190843257,2.8951706892935642,29.0,-0.08176177185215854,-0.0004675639376762563,0.007538915909834568
1.0,17.0,59.0,0.0310574713394014,2.859335698724533,29.0,-0.0817590098684374,-0.0004703259213973932,0.0076695187649112005
1.0,18.0,59.0,0.008042961088223777,2.8141698042120584,29.0,-0.08175552870482014,-0.00047209976594581683,0.007749796163012709
1.0,19.0,59.0,0.0,2.7612108185127324,29.0,-0.08175144688830319,-0.0004727196775808602,0.00777077542408803
1.0,20.0,59.0,0.0001140803164827453,2.113614080316483,29.0,-0.08170153333676161,-0.0004727108848346637,0.007676041262153139
1.0,21.0,59.0,0.0001140803164827453,1.4631140803164828,29.0,-0.0816513960161688,-0.0004727108848346637,0.007648171318228029
1.0,22.0,59.0,0.0001140803164827453,0.8126140803164827,29.0,-0.081601258695576,-0.0004727108848346637,0.0076894153161373305
1.0,23.0,59.0,0.0,0.16501734212023322,29.0,-0.08155134514403442,-0.0004727196775808602,0.0077971338544686915
1.0,24.0,59.0,0.008042961088223777,0.11205835642090678,29.0,-0.08154726332751747,-0.00047209976594581683,0.007777372822144261
1.0,25.0,59.0,0.0310574713394014,0.06689246190843257,29.0,-0.08154378216390021,-0.0004703259213973932,0.007698495802623233
1.0,26.0,59.0,0.06689246190843257,0.0310574713394014,29.0,-0.08154102018017907,-0.0004675639376762563,0.007569394666592743
1.0,27.0,59.0,0.11205835642090678,0.008042961088223777,29.0,-0.08153924633563064,-0.0004640827740589887,0.007403787739993798
1.0,28.0,59.0,0.16501734212023322,0.0,29.0,-0.0815386264239956,-0.0004600009575420376,0.007208593820105903
1.0,29.0,59.0,0.8126140803164827,0.0001140803164827453,29.0,-0.08153863521674179,-0.00041008740600045765,0.004845331307908317
1.0,30.0,59.0,1.4631140803164828,0.0001140803164827453,29.0,-0.08153863521674179,-0.0003599500854076564,0.0024950429658903792
1.0,31.0,59.0,2.113614080316483,0.0001140803164827453,29.0,-0.08153863521674179,-0.00030981276481485513,0.00013340419193884126
1.0,32.0,59.0,2.7612108185127324,0.0,29.0,-0.0815386264239956,-0.0002598992132732752,-0.00226336201799451
1.0,33.0,59.0,2.814169804212059,0.008042961088223777,29.0,-0.08153924633563064,-0.00025581739675632406,-0.0024624235350701527
1.0,34.0,59.0,2.859335698724533,0.0310574713394014,29.0,-0.08154102018017907,-0.0002523362331390565,-0.0026317466092754082
1.0,35.0,59.0,2.8951706892935642,0.06689246190843257,29.0,-0.08154378216390021,-0.00024957424941791966,-0.002764662368013453
1.0,36.0,59.0,2.918185199544742,0.11205835642090678,29.0,-0.08154726332751747,-0.00024780040486949595,-0.002847606549976889
1.0,37.0,59.0,2.9262281606329656,0.16501734212023322,29.0,-0.08155134514403442,-0.0002471804932344526,-0.0028716996383766997
1.0,38.0,59.0,2.926114080316483,0.29986408031648293,29.0,-0.08156173846324094,-0.0002471892859806491,-0.0028547712171909244
1.0,39.0,59.0,2.926114080316483,0.43761408031648275,29.0,-0.08157235555149868,-0.0002471892859806491,-0.0028421420214608186
1.0,40.0,59.0,2.926114080316483,0.5753640803164828,29.0,-0.08158297263975642,-0.0002471892859806491,-0.002833805246407549
1.0,41.0,59.0,2.926114080316483,0.7131140803164828,29.0,-0.08159358972801416,-0.0002471892859806491,-0.0028295965015529955
2.0,1.0,59.0,5.9261140803164825,2.213114080316483,29.0,-0.08170920230432345,-1.5964133362042213e-5,-0.009329456867997061
2.0,2.0,59.0,5.9261140803164825,2.350864080316483,29.0,-0.08171981939258119,-1.5964133362042213e-5,-0.009326002575651976
2.0,3.0,59.0,5.9261140803164825,2.488614080316483,29.0,-0.08173043648083893,-1.5964133362042213e-5,-0.009326554139279521
2.0,4.0,59.0,5.9261140803164825,2.626364080316483,29.0,-0.08174105356909667,-1.5964133362042213e-5,-0.009331279221612029
2.0,5.0,59.0,5.926228160632966,2.7612108185127324,29.0,-0.08175144688830319,-1.595534061584575e-5,-0.009340267862061437
2.0,6.0,59.0,5.918185199544742,2.8141698042120584,29.0,-0.08175552870482014,-1.65752522508891e-5,-0.009312889936854196
2.0,7.0,59.0,5.895170689293565,2.859335698724533,29.0,-0.0817590098684374,-1.834909679931268e-5,-0.009226719785120891
2.0,8.0,59.0,5.859335698724533,2.8951706892935642,29.0,-0.08176177185215854,-2.1111080520449637e-5,-0.009090656311125014
2.0,9.0,59.0,5.814169804212058,2.918185199544742,29.0,-0.08176354569670696,-2.4592244137717185e-5,-0.008918620554891421
2.0,10.0,59.0,5.7612108185127315,2.9262281606329656,29.0,-0.081764165608342,-2.8674060654668347e-5,-0.008717501323160341
2.0,11.0,59.0,5.1136140803164825,2.926114080316483,29.0,-0.08176415681559582,-7.858761219624824e-5,-0.006298468466699621
2.0,12.0,59.0,4.463114080316483,2.926114080316483,29.0,-0.08176415681559582,-0.00012872493278904943,-0.003912683228671183
2.0,13.0,59.0,3.8126140803164827,2.926114080316483,29.0,-0.08176415681559582,-0.00017886225338185078,-0.0015378055696518029
2.0,14.0,59.0,3.1650173421202332,2.9262281606329656,29.0,-0.081764165608342,-0.00022877580492343071,0.000849482245527423
2.0,15.0,59.0,3.112058356420907,2.918185199544742,29.0,-0.08176354569670696,-0.00023285762144038184,0.001046563910575233
2.0,16.0,59.0,3.0668924619084326,2.8951706892935642,29.0,-0.08176177185215854,-0.00023633878505764942,0.0012136929371892172
2.0,17.0,59.0,3.0310574713394014,2.859335698724533,29.0,-0.0817590098684374,-0.00023910076877878627,0.0013440845620550635
2.0,18.0,59.0,3.0080429610882238,2.8141698042120584,29.0,-0.08175552870482014,-0.00024087461332720995,0.0014239368301749845
2.0,19.0,59.0,3.0,2.7612108185127324,29.0,-0.08175144688830319,-0.0002414945249622533,0.0014441818998583132
2.0,20.0,59.0,3.0001140803164827,2.113614080316483,29.0,-0.08170153333676161,-0.00024148573221605683,0.001340048575801503
2.0,21.0,59.0,3.0001140803164827,1.4631140803164828,29.0,-0.0816513960161688,-0.00024148573221605683,0.0013003614553766666
2.0,22.0,59.0,3.0001140803164827,0.8126140803164827,29.0,-0.081601258695576,-0.00024148573221605683,0.0013268566190270418
2.0,23.0,59.0,3.0,0.16501734212023322,29.0,-0.08155134514403442,-0.0002414945249622533,0.0014168232749678267
2.0,24.0,59.0,3.0080429610882238,0.11205835642090678,29.0,-0.08154726332751747,-0.00024087461332720995,0.0013954634574468595
2.0,25.0,59.0,3.0310574713394014,0.06689246190843257,29.0,-0.08154378216390021,-0.00023910076877878627,0.0013151789483135698
2.0,26.0,59.0,3.0668924619084326,0.0310574713394014,29.0,-0.08154102018017907,-0.00023633878505764942,0.0011848995728145253
2.0,27.0,59.0,3.112058356420907,0.008042961088223777,29.0,-0.08153924633563064,-0.00023285762144038184,0.0010184371018038493
2.0,28.0,59.0,3.1650173421202332,0.0,29.0,-0.0815386264239956,-0.00022877580492343071,0.00082273869114887
2.0,29.0,59.0,3.8126140803164827,0.0001140803164827453,29.0,-0.08153863521674179,-0.00017886225338185078,-0.0015455992654165836
2.0,30.0,59.0,4.463114080316483,0.0001140803164827453,29.0,-0.08153863521674179,-0.00012872493278904943,-0.0039031680334723827
2.0,31.0,59.0,5.1136140803164825,0.0001140803164827453,29.0,-0.08153863521674179,-7.858761219624824e-5,-0.00627285206352239
2.0,32.0,59.0,5.761210818512732,0.0,29.0,-0.0815386264239956,-2.8674060654668347e-5,-0.008676490908947109
2.0,33.0,59.0,5.814169804212058,0.008042961088223777,29.0,-0.08153924633563064,-2.4592244137717185e-5,-0.008875731864531392
2.0,34.0,59.0,5.859335698724533,0.0310574713394014,29.0,-0.08154102018017907,-2.1111080520449637e-5,-0.009044890363574358
2.0,35.0,59.0,5.895170689293565,0.06689246190843257,29.0,-0.08154378216390021,-1.834909679931268e-5,-0.009177279419942981
2.0,36.0,59.0,5.918185199544742,0.11205835642090678,29.0,-0.08154726332751747,-1.65752522508891e-5,-0.00925933334563508
2.0,37.0,59.0,5.926228160632966,0.16501734212023322,29.0,-0.08155134514403442,-1.595534061584575e-5,-0.009282320299129045
2.0,38.0,59.0,5.9261140803164825,0.29986408031648293,29.0,-0.08156173846324094,-1.5964133362042213e-5,-0.009262594458348112
2.0,39.0,59.0,5.9261140803164825,0.43761408031648275,29.0,-0.08157235555149868,-1.5964133362042213e-5,-0.009246845488900542
2.0,40.0,59.0,5.9261140803164825,0.5753640803164828,29.0,-0.08158297263975642,-1.5964133362042213e-5,-0.009235191324390385
2.0,41.0,59.0,5.9261140803164825,0.7131140803164828,29.0,-0.08159358972801416,-1.5964133362042213e-5,-0.00922744534755802
1.0,1.0,60.0,2.926114080316483,2.213114080316483,29.5,-0.07967242756168438,-0.00025403912266729793,-0.003086090066334526
1.0,2.0,60.0,2.926114080316483,2.350864080316483,29.5,-0.07968243189868845,-0.00025403912266729793,-0.0030867007283669748
1.0,3.0,60.0,2.926114080316483,2.488614080316483,29.5,-0.07969243623569251,-0.00025403912266729793,-0.0030917414975475967
1.0,4.0,60.0,2.926114080316483,2.626364080316483,29.5,-0.07970244057269658,-0.00025403912266729793,-0.0031014194796086837
1.0,5.0,60.0,2.9262281606329656,2.7612108185127324,29.5,-0.07971223405518525,-0.00025403083738285786,-0.0031157187942637736
1.0,6.0,60.0,2.918185199544742,2.8141698042120584,29.5,-0.07971608029504246,-0.00025461497163503346,-0.0030886027305495607
1.0,7.0,60.0,2.8951706892935642,2.859335698724533,29.5,-0.07971936054789032,-0.0002562864410835732,-0.0029992046629360204
1.0,8.0,60.0,2.859335698724533,2.8951706892935642,29.5,-0.07972196312736175,-0.00025888902055500816,-0.002856675556302769
1.0,9.0,60.0,2.814169804212059,2.918185199544742,29.5,-0.0797236345968103,-0.00026216927340286987,-0.0026756281565574703
1.0,10.0,60.0,2.761210818512732,2.9262281606329656,29.5,-0.07972421873106247,-0.0002660155132600725,-0.002463521020239136
1.0,11.0,60.0,2.113614080316483,2.926114080316483,29.5,-0.07972421044577803,-0.0003130483699689664,8.898089624030775e-5
1.0,12.0,60.0,1.4631140803164828,2.926114080316483,29.5,-0.07972421044577803,-0.00036029208119325607,0.002603847351167798
1.0,13.0,60.0,0.8126140803164827,2.926114080316483,29.5,-0.07972421044577803,-0.00040753579241754575,0.005106288820587001
1.0,14.0,60.0,0.16501734212023322,2.9262281606329656,29.5,-0.07972421873106247,-0.0004545686491264397,0.0076223049381881
1.0,15.0,60.0,0.11205835642090678,2.918185199544742,29.5,-0.0797236345968103,-0.00045841488898364227,0.007830290273765778
1.0,16.0,60.0,0.06689246190843257,2.8951706892935642,29.5,-0.07972196312736175,-0.000461695141831504,0.00800711522680087
1.0,17.0,60.0,0.0310574713394014,2.859335698724533,29.5,-0.07971936054789032,-0.00046429772130293894,0.008145368436729748
1.0,18.0,60.0,0.008042961088223777,2.8141698042120584,29.5,-0.07971608029504246,-0.0004659691907514787,0.008230367328356029
1.0,19.0,60.0,0.0,2.7612108185127324,29.5,-0.07971223405518525,-0.0004665533250036543,0.00825261468091595
1.0,20.0,60.0,0.0001140803164827453,2.113614080316483,29.5,-0.07966520119847637,-0.0004665450397192142,0.008152829318961882
1.0,21.0,60.0,0.0001140803164827453,1.4631140803164828,29.5,-0.07961795748725208,-0.0004665450397192142,0.008123776884541377
1.0,22.0,60.0,0.0001140803164827453,0.8126140803164827,29.5,-0.07957071377602778,-0.0004665450397192142,0.008167913350793496
1.0,23.0,60.0,0.0,0.16501734212023322,29.5,-0.0795236809193189,-0.0004665533250036543,0.00828241341054433
1.0,24.0,60.0,0.008042961088223777,0.11205835642090678,29.5,-0.07951983467946169,-0.0004659691907514787,0.00826152925456129
1.0,25.0,60.0,0.0310574713394014,0.06689246190843257,29.5,-0.07951655442661383,-0.00046429772130293894,0.008178057573729018
1.0,26.0,60.0,0.06689246190843257,0.0310574713394014,29.5,-0.0795139518471424,-0.000461695141831504,0.008041409875590112
1.0,27.0,60.0,0.11205835642090678,0.008042961088223777,29.5,-0.07951228037769385,-0.00045841488898364227,0.007866106076615526
1.0,28.0,60.0,0.16501734212023322,0.0,29.5,-0.07951169624344168,-0.0004545686491264397,0.007659467630054722
1.0,29.0,60.0,0.8126140803164827,0.0001140803164827453,29.5,-0.07951170452872612,-0.00040753579241754575,0.005157435034628849
1.0,30.0,60.0,1.4631140803164828,0.0001140803164827453,29.5,-0.07951170452872612,-0.00036029208119325607,0.0026688544494586695
1.0,31.0,60.0,2.113614080316483,0.0001140803164827453,29.5,-0.07951170452872612,-0.0003130483699689664,0.00016803978273858617
1.0,32.0,60.0,2.7612108185127324,0.0,29.5,-0.07951169624344168,-0.00026601551326007244,-0.0023699571943196864
1.0,33.0,60.0,2.814169804212059,0.008042961088223777,29.5,-0.07951228037769385,-0.00026216927340286987,-0.0025806579761788392
1.0,34.0,60.0,2.859335698724533,0.0310574713394014,29.5,-0.0795139518471424,-0.00025888902055500816,-0.0027600804756953566
1.0,35.0,60.0,2.8951706892935642,0.06689246190843257,29.5,-0.07951655442661383,-0.0002562864410835732,-0.0029009860413186455
1.0,36.0,60.0,2.918185199544742,0.11205835642090678,29.5,-0.07951983467946169,-0.00025461497163503346,-0.002988850117996558
1.0,37.0,60.0,2.9262281606329656,0.16501734212023322,29.5,-0.0795236809193189,-0.00025403083738285786,-0.0030144294140515863
1.0,38.0,60.0,2.926114080316483,0.29986408031648293,29.5,-0.07953347440180757,-0.00025403912266729793,-0.0029969353537234017
1.0,39.0,60.0,2.926114080316483,0.43761408031648275,29.5,-0.07954347873881164,-0.00025403912266729793,-0.0029838731253560387
1.0,40.0,60.0,2.926114080316483,0.5753640803164828,29.5,-0.0795534830758157,-0.00025403912266729793,-0.0029753664213795676
1.0,41.0,60.0,2.926114080316483,0.7131140803164828,29.5,-0.07956348741281977,-0.00025403912266729793,-0.00297120651997362
2.0,1.0,60.0,5.9261140803164825,2.213114080316483,29.5,-0.07967242756168438,-3.61588249380605e-5,-0.00990437709544081
2.0,2.0,60.0,5.9261140803164825,2.350864080316483,29.5,-0.07968243189868845,-3.61588249380605e-5,-0.009901190269980605
2.0,3.0,60.0,5.9261140803164825,2.488614080316483,29.5,-0.07969243623569251,-3.61588249380605e-5,-0.00990225456766007
2.0,4.0,60.0,5.9261140803164825,2.626364080316483,29.5,-0.07970244057269658,-3.61588249380605e-5,-0.009907747953625036
2.0,5.0,60.0,5.926228160632966,2.7612108185127324,29.5,-0.07971223405518525,-3.6150539653620427e-5,-0.009917755171068372
2.0,6.0,60.0,5.918185199544742,2.8141698042120584,29.5,-0.07971608029504246,-3.6734673905796046e-5,-0.009888979034004028
2.0,7.0,60.0,5.895170689293565,2.859335698724533,29.5,-0.07971936054789032,-3.840614335433568e-5,-0.009797957116674506
2.0,8.0,60.0,5.859335698724533,2.8951706892935642,29.5,-0.07972196312736175,-4.1008722825770746e-5,-0.009654103222042224
2.0,9.0,60.0,5.814169804212058,2.918185199544742,29.5,-0.0797236345968103,-4.428897567363245e-5,-0.009472139267202462
2.0,10.0,60.0,5.7612108185127315,2.9262281606329656,29.5,-0.07972421873106247,-4.813521553083504e-5,-0.009259351403633181
2.0,11.0,60.0,5.1136140803164825,2.926114080316483,29.5,-0.07972421044577803,-9.516807223972896e-5,-0.006699782519223399
2.0,12.0,60.0,4.463114080316483,2.926114080316483,29.5,-0.07972421044577803,-0.00014241178346401857,-0.004175572385179566
2.0,13.0,60.0,3.8126140803164827,2.926114080316483,29.5,-0.07972421044577803,-0.00018965549468830827,-0.0016629961072813638
2.0,14.0,60.0,3.1650173421202332,2.9262281606329656,29.5,-0.07972421873106247,-0.00023668835139720225,0.0008626679004641826
2.0,15.0,60.0,3.112058356420907,2.918185199544742,29.5,-0.0797236345968103,-0.0002405345912544048,0.0010711833851546452
2.0,16.0,60.0,3.0668924619084326,2.8951706892935642,29.5,-0.07972196312736175,-0.00024381484410226654,0.001248116137463737
2.0,17.0,60.0,3.0310574713394014,2.859335698724533,29.5,-0.07971936054789032,-0.0002464174235737015,0.001386081843694506
2.0,18.0,60.0,3.0080429610882238,2.8141698042120584,29.5,-0.07971608029504246,-0.00024808889302224127,0.001470508280419501
2.0,19.0,60.0,3.0,2.7612108185127324,29.5,-0.07971223405518525,-0.00024867302727441687,0.0014920779575314056
2.0,20.0,60.0,3.0001140803164827,2.113614080316483,29.5,-0.07966520119847637,-0.00024866474198997673,0.0013824684825296163
2.0,21.0,60.0,3.0001140803164827,1.4631140803164828,29.5,-0.07961795748725208,-0.00024866474198997673,0.0013412885737592991
2.0,22.0,60.0,3.0001140803164827,0.8126140803164827,29.5,-0.07957071377602778,-0.00024866474198997673,0.001370464289796459
2.0,23.0,60.0,3.0,0.16501734212023322,29.5,-0.0795236809193189,-0.00024867302727441687,0.0014671203596253648
2.0,24.0,60.0,3.0080429610882238,0.11205835642090678,29.5,-0.07951983467946169,-0.00024808889302224127,0.0014446384758289577
2.0,25.0,60.0,3.0310574713394014,0.06689246190843257,29.5,-0.07951655442661383,-0.0002464174235737015,0.0013597606662895736
2.0,26.0,60.0,3.0668924619084326,0.0310574713394014,29.5,-0.0795139518471424,-0.00024381484410226654,0.0012219393147933702
2.0,27.0,60.0,3.112058356420907,0.008042961088223777,29.5,-0.07951228037769385,-0.0002405345912544048,0.0010457871118027264
2.0,28.0,60.0,3.1650173421202332,0.0,29.5,-0.07951169624344168,-0.00023668835139720225,0.000838662701088572
2.0,29.0,60.0,3.8126140803164827,0.0001140803164827453,29.5,-0.07951170452872612,-0.00018965549468830827,-0.0016680944524390077
2.0,30.0,60.0,4.463114080316483,0.0001140803164827453,29.5,-0.07951170452872612,-0.00014241178346401857,-0.00416330170729984
2.0,31.0,60.0,5.1136140803164825,0.0001140803164827453,29.5,-0.07951170452872612,-9.516807223972896e-5,-0.006671276777347702
2.0,32.0,60.0,5.761210818512732,0.0,29.5,-0.07951169624344168,-4.813521553083504e-5,-0.009215272554433886
2.0,33.0,60.0,5.814169804212058,0.008042961088223777,29.5,-0.07951228037769385,-4.428897567363245e-5,-0.009426182542133146
2.0,34.0,60.0,5.859335698724533,0.0310574713394014,29.5,-0.0795139518471424,-4.1008722825770746e-5,-0.00960530091185572
2.0,35.0,60.0,5.895170689293565,0.06689246190843257,29.5,-0.07951655442661383,-3.840614335433568e-5,-0.009745539011701908
2.0,36.0,60.0,5.918185199544742,0.11205835642090678,29.5,-0.07951983467946169,-3.6734673905796046e-5,-0.009832524244052563
2.0,37.0,60.0,5.926228160632966,0.16501734212023322,29.5,-0.0795236809193189,-3.6150539653620427e-5,-0.009857006942354597
2.0,38.0,60.0,5.9261140803164825,0.29986408031648293,29.5,-0.07953347440180757,-3.61588249380605e-5,-0.0098365153953589
2.0,39.0,60.0,5.9261140803164825,0.43761408031648275,29.5,-0.07954347873881164,-3.61588249380605e-5,-0.009820258433670074
2.0,40.0,60.0,5.9261140803164825,0.5753640803164828,29.5,-0.0795534830758157,-3.61588249380605e-5,-0.0098083553756666
2.0,41.0,60.0,5.9261140803164825,0.7131140803164828,29.5,-0.07956348741281977,-3.61588249380605e-5,-0.00980060904452248
1.0,1.0,61.0,2.926114080316483,2.213114080316483,30.0,-0.07752348124372457,-0.00026023904937447543,-0.003209173867409186
1.0,2.0,61.0,2.926114080316483,2.350864080316483,30.0,-0.07753287010281784,-0.00026023904937447543,-0.0032100849245135774
1.0,3.0,61.0,2.926114080316483,2.488614080316483,30.0,-0.07754225896191111,-0.00026023904937447543,-0.0032156536338792444
1.0,4.0,61.0,2.926114080316483,2.626364080316483,30.0,-0.07755164782100438,-0.00026023904937447543,-0.003226065198587407
1.0,5.0,61.0,2.9262281606329656,2.7612108185127324,30.0,-0.07756083879758595,-0.00026023127380992534,-0.0032413004004801047
1.0,6.0,61.0,2.918185199544742,2.8141698042120584,30.0,-0.07756444841250032,-0.0002607794714748979,-0.0032129831002938925
1.0,7.0,61.0,2.8951706892935642,2.859335698724533,30.0,-0.07756752686055403,-0.000262348110268719,-0.0031188574308755033
1.0,8.0,61.0,2.859335698724533,2.8951706892935642,30.0,-0.0775699693264492,-0.0002647905761639001,-0.002968951471970073
1.0,9.0,61.0,2.814169804212059,2.918185199544742,30.0,-0.07757153796524303,-0.00026786902421761327,-0.002778652860387155
1.0,10.0,61.0,2.761210818512732,2.9262281606329656,30.0,-0.077572086162908,-0.000271478639131975,-0.002555461644992497
1.0,11.0,61.0,2.113614080316483,2.926114080316483,30.0,-0.07757207838734345,-0.00031561798232024394,0.0001300348945690761
1.0,12.0,61.0,1.4631140803164828,2.926114080316483,30.0,-0.07757207838734345,-0.00035995520802020996,0.0027759835973592394
1.0,13.0,61.0,0.8126140803164827,2.926114080316483,30.0,-0.07757207838734345,-0.000404292433720176,0.005408736417973792
1.0,14.0,61.0,0.16501734212023322,2.9262281606329656,30.0,-0.077572086162908,-0.0004484317769084449,0.008055567505438507
1.0,15.0,61.0,0.11205835642090678,2.918185199544742,30.0,-0.07757153796524303,-0.00045204139182280665,0.008274364383725127
1.0,16.0,61.0,0.06689246190843257,2.8951706892935642,30.0,-0.0775699693264492,-0.00045511983987651987,0.008460393867103067
1.0,17.0,61.0,0.0310574713394014,2.859335698724533,30.0,-0.07756752686055403,-0.00045756230577170094,0.008605859427413147
1.0,18.0,61.0,0.008042961088223777,2.8141698042120584,30.0,-0.07756444841250032,-0.0004591309445655221,0.008695313954041202
1.0,19.0,61.0,0.0,2.7612108185127324,30.0,-0.07756083879758595,-0.0004596791422304946,0.008718765891181134
1.0,20.0,61.0,0.0001140803164827453,2.113614080316483,30.0,-0.07751669945439768,-0.0004596713666659445,0.008614345639429515
1.0,21.0,61.0,0.0001140803164827453,1.4631140803164828,30.0,-0.07747236222869772,-0.0004596713666659445,0.008584280907588912
1.0,22.0,61.0,0.0001140803164827453,0.8126140803164827,30.0,-0.07742802500299775,-0.0004596713666659445,0.008631205577275225
1.0,23.0,61.0,0.0,0.16501734212023322,30.0,-0.07738388565980948,-0.0004596791422304946,0.00875214162111305
1.0,24.0,61.0,0.008042961088223777,0.11205835642090678,30.0,-0.07738027604489511,-0.0004591309445655221,0.008730202902628603
1.0,25.0,61.0,0.0310574713394014,0.06689246190843257,30.0,-0.0773771975968414,-0.00045756230577170094,0.0086424042795312
1.0,26.0,61.0,0.06689246190843257,0.0310574713394014,30.0,-0.07737475513094623,-0.00045511983987651987,0.008498646782702441
1.0,27.0,61.0,0.11205835642090678,0.008042961088223777,30.0,-0.0773731864921524,-0.00045204139182280665,0.008314204823768141
1.0,28.0,61.0,0.16501734212023322,0.0,30.0,-0.07737263829448743,-0.0004484317769084449,0.008096778923887736
1.0,29.0,61.0,0.8126140803164827,0.0001140803164827453,30.0,-0.07737264607005198,-0.000404292433720176,0.005463974171268466
1.0,30.0,61.0,1.4631140803164828,0.0001140803164827453,30.0,-0.07737264607005198,-0.00035995520802020996,0.002845168123350874
1.0,31.0,61.0,2.113614080316483,0.0001140803164827453,30.0,-0.07737264607005198,-0.00031561798232024394,0.00021337318591762878
1.0,32.0,61.0,2.7612108185127324,0.0,30.0,-0.07737263829448743,-0.000271478639131975,-0.0024575099872406344
1.0,33.0,61.0,2.814169804212059,0.008042961088223777,30.0,-0.0773731864921524,-0.00026786902421761327,-0.0026793109010743318
1.0,34.0,61.0,2.859335698724533,0.0310574713394014,30.0,-0.07737475513094623,-0.0002647905761639001,-0.0028681171464350432
1.0,35.0,61.0,2.8951706892935642,0.06689246190843257,30.0,-0.0773771975968414,-0.000262348110268719,-0.003016417863969518
1.0,36.0,61.0,2.918185199544742,0.11205835642090678,30.0,-0.07738027604489511,-0.0002607794714748979,-0.0031090293005988927
1.0,37.0,61.0,2.9262281606329656,0.16501734212023322,30.0,-0.07738388565980948,-0.00026023127380992534,-0.003136114036673522
1.0,38.0,61.0,2.926114080316483,0.29986408031648293,30.0,-0.07739307663639106,-0.00026023904937447543,-0.0031179875359969994
1.0,39.0,61.0,2.926114080316483,0.43761408031648275,30.0,-0.07740246549548432,-0.00026023904937447543,-0.003104581181765031
1.0,40.0,61.0,2.926114080316483,0.5753640803164828,30.0,-0.07741185435457759,-0.00026023904937447543,-0.0030959348678474877
1.0,41.0,61.0,2.926114080316483,0.7131140803164828,30.0,-0.07742124321367086,-0.00026023904937447543,-0.003091850788165159
2.0,1.0,61.0,5.9261140803164825,2.213114080316483,30.0,-0.07752348124372457,-5.576298926702253e-5,-0.010458739174937825
2.0,2.0,61.0,5.9261140803164825,2.350864080316483,30.0,-0.07753287010281784,-5.576298926702253e-5,-0.01045586531151991
2.0,3.0,61.0,5.9261140803164825,2.488614080316483,30.0,-0.07754225896191111,-5.576298926702253e-5,-0.01045746885214717
2.0,4.0,61.0,5.9261140803164825,2.626364080316483,30.0,-0.07755164782100438,-5.576298926702253e-5,-0.010463738692879325
2.0,5.0,61.0,5.926228160632966,2.7612108185127324,30.0,-0.07756083879758595,-5.57552137024725e-5,-0.01047475391274877
2.0,6.0,61.0,5.918185199544742,2.8141698042120584,30.0,-0.07756444841250032,-5.630341136744502e-5,-0.010444678325333917
2.0,7.0,61.0,5.895170689293565,2.859335698724533,30.0,-0.07756752686055403,-5.7872050161266055e-5,-0.01034910093600394
2.0,8.0,61.0,5.859335698724533,2.8951706892935642,30.0,-0.0775699693264492,-6.031451605644722e-5,-0.01019791981221774
2.0,9.0,61.0,5.814169804212058,2.918185199544742,30.0,-0.07757153796524303,-6.339296411016038e-5,-0.010006608475942199
2.0,10.0,61.0,5.7612108185127315,2.9262281606329656,30.0,-0.077572086162908,-6.700257902452214e-5,-0.009782825635680876
2.0,11.0,61.0,5.1136140803164825,2.926114080316483,30.0,-0.07757207838734345,-0.00011114192221279102,-0.007090777659216387
2.0,12.0,61.0,4.463114080316483,2.926114080316483,30.0,-0.07757207838734345,-0.000155479147912757,-0.004436058818942034
2.0,13.0,61.0,3.8126140803164827,2.926114080316483,30.0,-0.07757207838734345,-0.0001998163736127231,-0.0017936658537652584
2.0,14.0,61.0,3.1650173421202332,2.9262281606329656,30.0,-0.077572086162908,-0.00024395571680099203,0.0008624499748482898
2.0,15.0,61.0,3.112058356420907,2.918185199544742,30.0,-0.07757153796524303,-0.00024756533171535375,0.0010817580561559392
2.0,16.0,61.0,3.0668924619084326,2.8951706892935642,30.0,-0.0775699693264492,-0.00025064377976906696,0.0012678227439792745
2.0,17.0,61.0,3.0310574713394014,2.859335698724533,30.0,-0.07756752686055403,-0.00025308624566424803,0.0014130015167750406
2.0,18.0,61.0,3.0080429610882238,2.8141698042120584,30.0,-0.07756444841250032,-0.00025465488445806917,0.0015019294832679052
2.0,19.0,61.0,3.0,2.7612108185127324,30.0,-0.07756083879758595,-0.0002552030821230417,0.0015246198385352593
2.0,20.0,61.0,3.0001140803164827,2.113614080316483,30.0,-0.07751669945439768,-0.0002551953065584916,0.0014101195829217036
2.0,21.0,61.0,3.0001140803164827,1.4631140803164828,30.0,-0.07747236222869772,-0.0002551953065584916,0.0013677134114211972
2.0,22.0,61.0,3.0001140803164827,0.8126140803164827,30.0,-0.07742802500299775,-0.0002551953065584916,0.0013995190632707392
2.0,23.0,61.0,3.0,0.16501734212023322,30.0,-0.07738388565980948,-0.0002552030821230417,0.0015025294175027902
2.0,24.0,61.0,3.0080429610882238,0.11205835642090678,30.0,-0.07738027604489511,-0.00025465488445806917,0.0014789904057203385
2.0,25.0,61.0,3.0310574713394014,0.06689246190843257,30.0,-0.0773771975968414,-0.00025308624566424803,0.0013897861328828255
2.0,26.0,61.0,3.0668924619084326,0.0310574713394014,30.0,-0.07737475513094623,-0.00025064377976906696,0.0012448562706868433
2.0,27.0,61.0,3.112058356420907,0.008042961088223777,30.0,-0.0773731864921524,-0.00024756533171535375,0.0010595691379013793
2.0,28.0,61.0,3.1650173421202332,0.0,30.0,-0.07737263829448743,-0.00024395571680099203,0.0008416599938218853
2.0,29.0,61.0,3.8126140803164827,0.0001140803164827453,30.0,-0.07737264607005198,-0.0001998163736127231,-0.0017957150395798234
2.0,30.0,61.0,4.463114080316483,0.0001140803164827453,30.0,-0.07737264607005198,-0.000155479147912757,-0.004420800798433485
2.0,31.0,61.0,5.1136140803164825,0.0001140803164827453,30.0,-0.07737264607005198,-0.00011114192221279102,-0.007059260065653071
2.0,32.0,61.0,5.761210818512732,0.0,30.0,-0.07737263829448743,-6.700257902452214e-5,-0.009735659992805555
2.0,33.0,61.0,5.814169804212058,0.008042961088223777,30.0,-0.0773731864921524,-6.339296411016038e-5,-0.009957579544050495
2.0,34.0,61.0,5.859335698724533,0.0310574713394014,30.0,-0.07737475513094623,-6.031451605644722e-5,-0.010146101732350211
2.0,35.0,61.0,5.895170689293565,0.06689246190843257,30.0,-0.0773771975968414,-5.7872050161266055e-5,-0.010293759254000421
2.0,36.0,61.0,5.918185199544742,0.11205835642090678,30.0,-0.07738027604489511,-5.630341136744502e-5,-0.01038541822839375
2.0,37.0,61.0,5.926228160632966,0.16501734212023322,30.0,-0.07738388565980948,-5.57552137024725e-5,-0.010411340269765779
2.0,38.0,61.0,5.9261140803164825,0.29986408031648293,30.0,-0.07739307663639106,-5.576298926702253e-5,-0.010390198643173811
2.0,39.0,61.0,5.9261140803164825,0.43761408031648275,30.0,-0.07740246549548432,-5.576298926702253e-5,-0.010373533290133252
2.0,40.0,61.0,5.9261140803164825,0.5753640803164828,30.0,-0.07741185435457759,-5.576298926702253e-5,-0.010361462754506171
2.0,41.0,61.0,5.9261140803164825,0.7131140803164828,30.0,-0.07742124321367086,-5.576298926702253e-5,-0.010353780772179424
1.0,1.0,62.0,2.926114080316483,2.213114080316483,30.5,-0.07526922988720001,-0.0002656812696200951,-0.0033097679618386065
1.0,2.0,62.0,2.926114080316483,2.350864080316483,30.5,-0.0752780044530137,-0.0002656812696200951,-0.00331101693041222
1.0,3.0,62.0,2.926114080316483,2.488614080316483,30.5,-0.0752867790188274,-0.0002656812696200951,-0.0033171144683921557
1.0,4.0,62.0,2.926114080316483,2.626364080316483,30.5,-0.07529555358464107,-0.0002656812696200951,-0.0033282773447782603
1.0,5.0,62.0,2.9262281606329656,2.7612108185127324,30.5,-0.07530414321497911,-0.0002656740027943599,-0.003344479568957746
1.0,6.0,62.0,2.918185199544742,2.8141698042120584,30.5,-0.07530751666039069,-0.00026618633304049814,-0.0033148651068224204
1.0,7.0,62.0,2.8951706892935642,2.859335698724533,30.5,-0.07531039369207079,-0.0002676523391012511,-0.0032165825212427746
1.0,8.0,62.0,2.859335698724533,2.8951706892935642,30.5,-0.07531267635256575,-0.0002699349995962115,-0.003059834051257859
1.0,9.0,62.0,2.814169804212059,2.918185199544742,30.5,-0.0753141423586265,-0.00027281203127631123,-0.002860693293405377
1.0,10.0,62.0,2.761210818512732,2.9262281606329656,30.5,-0.07531465468887263,-0.0002761854766878889,-0.0026272426457328293
1.0,11.0,62.0,2.113614080316483,2.926114080316483,30.5,-0.07531464742204691,-0.0003174368755991901,0.00018245921363747286
1.0,12.0,62.0,1.4631140803164828,2.926114080316483,30.5,-0.07531464742204691,-0.0003588732099861455,0.0029508272571454916
1.0,13.0,62.0,0.8126140803164827,2.926114080316483,30.5,-0.07531464742204691,-0.00040030954437310096,0.0057053365729178
1.0,14.0,62.0,0.16501734212023322,2.9262281606329656,30.5,-0.07531465468887263,-0.00044156094328440216,0.008474467581489994
1.0,15.0,62.0,0.11205835642090678,2.918185199544742,30.5,-0.0753141423586265,-0.00044493438869597983,0.00870337583846338
1.0,16.0,62.0,0.06689246190843257,2.8951706892935642,30.5,-0.07531267635256575,-0.0004478114203760795,0.008898016838231949
1.0,17.0,62.0,0.0310574713394014,2.859335698724533,30.5,-0.07531039369207079,-0.00045009408087103996,0.009050233198182997
1.0,18.0,62.0,0.008042961088223777,2.8141698042120584,30.5,-0.07530751666039069,-0.0004515600869317929,0.009143861765951992
1.0,19.0,62.0,0.0,2.7612108185127324,30.5,-0.07530414321497911,-0.0004520724171779312,0.009168448708481075
1.0,20.0,62.0,0.0001140803164827453,2.113614080316483,30.5,-0.07526289181606781,-0.00045206515035219595,0.009059806492880169
1.0,21.0,62.0,0.0001140803164827453,1.4631140803164828,30.5,-0.07522145548168085,-0.00045206515035219595,0.009028894901782464
1.0,22.0,62.0,0.0001140803164827453,0.8126140803164827,30.5,-0.0751800191472939,-0.00045206515035219595,0.00907850078018345
1.0,23.0,62.0,0.0,0.16501734212023322,30.5,-0.0751387677483826,-0.0004520724171779312,0.009205523544538756
1.0,24.0,62.0,0.008042961088223777,0.11205835642090678,30.5,-0.07513539430297102,-0.0004515600869317929,0.009182604308309647
1.0,25.0,62.0,0.0310574713394014,0.06689246190843257,30.5,-0.07513251727129092,-0.00045009408087103996,0.009090761957739118
1.0,26.0,62.0,0.06689246190843257,0.0310574713394014,30.5,-0.07513023461079596,-0.0004478114203760795,0.008940355084446218
1.0,27.0,62.0,0.11205835642090678,0.008042961088223777,30.5,-0.0751287686047352,-0.00044493438869597983,0.008747364029476208
1.0,28.0,62.0,0.16501734212023322,0.0,30.5,-0.07512825627448907,-0.00044156094328440216,0.008519844116970326
1.0,29.0,62.0,0.8126140803164827,0.0001140803164827453,30.5,-0.0751282635413148,-0.00040030954437310096,0.0057646974823963824
1.0,30.0,62.0,1.4631140803164828,0.0001140803164827453,30.5,-0.0751282635413148,-0.0003588732099861455,0.0030241437994995416
1.0,31.0,62.0,2.113614080316483,0.0001140803164827453,30.5,-0.0751282635413148,-0.0003174368755991901,0.000269964513664829
1.0,32.0,62.0,2.7612108185127324,0.0,30.5,-0.07512825627448907,-0.0002761854766878889,-0.002525097846510479
1.0,33.0,62.0,2.814169804212059,0.008042961088223777,30.5,-0.0751287686047352,-0.00027281203127631123,-0.002757183232605009
1.0,34.0,62.0,2.859335698724533,0.0310574713394014,30.5,-0.07513023461079596,-0.0002699349995962115,-0.0029548492343276357
1.0,35.0,62.0,2.8951706892935642,0.06689246190843257,30.5,-0.07513251727129092,-0.0002676523391012511,-0.003110159026439506
1.0,36.0,62.0,2.918185199544742,0.11205835642090678,30.5,-0.07513539430297102,-0.00026618633304049814,-0.003207139170900005
1.0,37.0,62.0,2.9262281606329656,0.16501734212023322,30.5,-0.0751387677483826,-0.0002656740027943599,-0.0032355781819821293
1.0,38.0,62.0,2.926114080316483,0.29986408031648293,30.5,-0.07514735737872064,-0.0002656812696200951,-0.0032169469589079483
1.0,39.0,62.0,2.926114080316483,0.43761408031648275,30.5,-0.07515613194453431,-0.0002656812696200951,-0.003203215782540213
1.0,40.0,62.0,2.926114080316483,0.5753640803164828,30.5,-0.075164906510348,-0.0002656812696200951,-0.003194474076756641
1.0,41.0,62.0,2.926114080316483,0.7131140803164828,30.5,-0.0751736810761617,-0.0002656812696200951,-0.003190501536255889
2.0,1.0,62.0,5.9261140803164825,2.213114080316483,30.5,-0.07526922988720001,-7.458364754343668e-5,-0.010991452470930356
2.0,2.0,62.0,5.9261140803164825,2.350864080316483,30.5,-0.0752780044530137,-7.458364754343668e-5,-0.010988932906474907
2.0,3.0,62.0,5.9261140803164825,2.488614080316483,30.5,-0.0752867790188274,-7.458364754343668e-5,-0.01099109929488367
2.0,4.0,62.0,5.9261140803164825,2.626364080316483,30.5,-0.07529555358464107,-7.458364754343668e-5,-0.010998150188616952
2.0,5.0,62.0,5.926228160632966,2.7612108185127324,30.5,-0.07530414321497911,-7.45763807177015e-5,-0.011010158787500845
2.0,6.0,62.0,5.918185199544742,2.8141698042120584,30.5,-0.07530751666039069,-7.508871096383972e-5,-0.010978887549431307
2.0,7.0,62.0,5.895170689293565,2.859335698724533,30.5,-0.07531039369207079,-7.655471702459261e-5,-0.010879065546171185
2.0,8.0,62.0,5.859335698724533,2.8951706892935642,30.5,-0.07531267635256575,-7.883737751955314e-5,-0.010721042617811797
2.0,9.0,62.0,5.814169804212058,2.918185199544742,30.5,-0.0753141423586265,-8.171440919965278e-5,-0.010520994544132068
2.0,10.0,62.0,5.7612108185127315,2.9262281606329656,30.5,-0.07531465468887263,-8.508785461123049e-5,-0.01028692702437809
2.0,11.0,62.0,5.1136140803164825,2.926114080316483,30.5,-0.07531464742204691,-0.00012633925352253166,-0.007470889062389053
2.0,12.0,62.0,4.463114080316483,2.926114080316483,30.5,-0.07531464742204691,-0.00016777558790948704,-0.004694002821660581
2.0,13.0,62.0,3.8126140803164827,2.926114080316483,30.5,-0.07531464742204691,-0.00020921192229644253,-0.001930085004079211
2.0,14.0,62.0,3.1650173421202332,2.9262281606329656,30.5,-0.07531465468887263,-0.00025046332120774376,0.0008481285717353389
2.0,15.0,62.0,3.112058356420907,2.918185199544742,30.5,-0.0753141423586265,-0.0002538367666193214,0.001077527075760682
2.0,16.0,62.0,3.0668924619084326,2.8951706892935642,30.5,-0.07531267635256575,-0.0002567137982994211,0.0012722288280467208
2.0,17.0,62.0,3.0310574713394014,2.859335698724533,30.5,-0.07531039369207079,-0.00025899645879438155,0.001424131142821619
2.0,18.0,62.0,3.0080429610882238,2.8141698042120584,30.5,-0.07530751666039069,-0.0002604624648551345,0.00151717460260614
2.0,19.0,62.0,3.0,2.7612108185127324,30.5,-0.07530414321497911,-0.0002609747951012727,0.0015410333157630347
2.0,20.0,62.0,3.0001140803164827,2.113614080316483,30.5,-0.07526289181606781,-0.00026096752827553754,0.001422203027192548
2.0,21.0,62.0,3.0001140803164827,1.4631140803164828,30.5,-0.07522145548168085,-0.00026096752827553754,0.0013788390328541282
2.0,22.0,62.0,3.0001140803164827,0.8126140803164827,30.5,-0.0751800191472939,-0.00026096752827553754,0.0014132145136252414
2.0,23.0,62.0,3.0,0.16501734212023322,30.5,-0.0751387677483826,-0.0002609747951012727,0.0015222271869989518
2.0,24.0,62.0,3.0080429610882238,0.11205835642090678,30.5,-0.07513539430297102,-0.0002604624648551345,0.0014977038631457651
2.0,25.0,62.0,3.0310574713394014,0.06689246190843257,30.5,-0.07513251727129092,-0.00025899645879438155,0.0014044507711629638
2.0,26.0,62.0,3.0668924619084326,0.0310574713394014,30.5,-0.07513023461079596,-0.0002567137982994211,0.00125286643732592
2.0,27.0,62.0,3.112058356420907,0.008042961088223777,30.5,-0.0751287686047352,-0.0002538367666193214,0.0010590237118031022
2.0,28.0,62.0,3.1650173421202332,0.0,30.5,-0.07512825627448907,-0.00025046332120774376,0.0008310131450295834
2.0,29.0,62.0,3.8126140803164827,0.0001140803164827453,30.5,-0.0751282635413148,-0.00020921192229644253,-0.0019287592273546804
2.0,30.0,62.0,4.463114080316483,0.0001140803164827453,30.5,-0.0751282635413148,-0.00016777558790948704,-0.0046755420690413356
2.0,31.0,62.0,5.1136140803164825,0.0001140803164827453,30.5,-0.0751282635413148,-0.00012633925352253166,-0.007436248355205604
2.0,32.0,62.0,5.761210818512732,0.0,30.5,-0.07512825627448907,-8.508785461123049e-5,-0.010236660078684878
2.0,33.0,62.0,5.814169804212058,0.008042961088223777,30.5,-0.0751287686047352,-8.171440919965278e-5,-0.010468892631148493
2.0,34.0,62.0,5.859335698724533,0.0310574713394014,30.5,-0.07513023461079596,-7.883737751955314e-5,-0.010666231390515044
2.0,35.0,62.0,5.895170689293565,0.06689246190843257,30.5,-0.07513251727129092,-7.655471702459261e-5,-0.010820854129553432
2.0,36.0,62.0,5.918185199544742,0.11205835642090678,30.5,-0.07513539430297102,-7.508871096383972e-5,-0.010916912276041722
2.0,37.0,62.0,5.926228160632966,0.16501734212023322,30.5,-0.0751387677483826,-7.45763807177015e-5,-0.010944209803097609
2.0,38.0,62.0,5.9261140803164825,0.29986408031648293,30.5,-0.07514735737872064,-7.458364754343668e-5,-0.01092253145592106
2.0,39.0,62.0,5.9261140803164825,0.43761408031648275,30.5,-0.07515613194453431,-7.458364754343668e-5,-0.010905554281558953
2.0,40.0,62.0,5.9261140803164825,0.5753640803164828,30.5,-0.075164906510348,-7.458364754343668e-5,-0.010893394782438986
2.0,41.0,62.0,5.9261140803164825,0.7131140803164828,30.5,-0.0751736810761617,-7.458364754343668e-5,-0.010885837910466071
1.0,1.0,63.0,2.926114080316483,2.213114080316483,31.0,-0.07291687333998426,-0.00027026561146313864,-0.003386910736620154
1.0,2.0,63.0,2.926114080316483,2.350864080316483,31.0,-0.07292503848702246,-0.00027026561146313864,-0.0033885094049891113
1.0,3.0,63.0,2.926114080316483,2.488614080316483,31.0,-0.07293320363406067,-0.00027026561146313864,-0.0033951586188157796
1.0,4.0,63.0,2.926114080316483,2.626364080316483,31.0,-0.07294136878109886,-0.00027026561146313864,-0.003407065882203871
1.0,5.0,63.0,2.9262281606329656,2.7612108185127324,31.0,-0.0729493618369609,-0.0002702588493393038,-0.003424202564747971
1.0,6.0,63.0,2.918185199544742,2.8141698042120584,31.0,-0.0729525009869081,-0.00027073559677965133,-0.0033935571251296668
1.0,7.0,63.0,2.8951706892935642,2.859335698724533,31.0,-0.07295517820048202,-0.0002720997845125954,-0.0032912559017593385
1.0,8.0,63.0,2.859335698724533,2.8951706892935642,31.0,-0.07295730232365522,-0.00027422390768579814,-0.0031281550316056964
1.0,9.0,63.0,2.814169804212059,2.918185199544742,31.0,-0.07295866651138816,-0.00027690112125970895,-0.002920991897048418
1.0,10.0,63.0,2.761210818512732,2.9262281606329656,31.0,-0.0729591432588285,-0.0002800402712069247,-0.002677966220030023
1.0,11.0,63.0,2.113614080316483,2.926114080316483,31.0,-0.07295913649670467,-0.00031842664208773456,0.00024677135774267377
1.0,12.0,63.0,1.4631140803164828,2.926114080316483,31.0,-0.07295913649670467,-0.0003569851041447187,0.0031285165500274078
1.0,13.0,63.0,0.8126140803164827,2.926114080316483,31.0,-0.07295913649670467,-0.0003955435662017029,0.005995844962031284
1.0,14.0,63.0,0.16501734212023322,2.9262281606329656,31.0,-0.0729591432588285,-0.00043392993708251277,0.008878369560676069
1.0,15.0,63.0,0.11205835642090678,2.918185199544742,31.0,-0.07295866651138816,-0.00043706908702972853,0.009116657057845865
1.0,16.0,63.0,0.06689246190843257,2.8951706892935642,31.0,-0.07295730232365522,-0.00043974630060363934,0.009319288670927975
1.0,17.0,63.0,0.0310574713394014,2.859335698724533,31.0,-0.07295517820048202,-0.00044187042377684204,0.009477771856045045
1.0,18.0,63.0,0.008042961088223777,2.8141698042120584,31.0,-0.0729525009869081,-0.0004432346115097861,0.00957527917335781
1.0,19.0,63.0,0.0,2.7612108185127324,31.0,-0.0729493618369609,-0.0004437113589501337,0.009600927674280281
1.0,20.0,63.0,0.0001140803164827453,2.113614080316483,31.0,-0.07291097546608008,-0.00044370459682629884,0.009488483059387695
1.0,21.0,63.0,0.0001140803164827453,1.4631140803164828,31.0,-0.0728724170040231,-0.00044370459682629884,0.009456889276685284
1.0,22.0,63.0,0.0001140803164827453,0.8126140803164827,31.0,-0.07283385854196611,-0.00044370459682629884,0.009509061494294847
1.0,23.0,63.0,0.0,0.16501734212023322,31.0,-0.0727954721710853,-0.0004437113589501337,0.009641806539141984
1.0,24.0,63.0,0.008042961088223777,0.11205835642090678,31.0,-0.07279233302113809,-0.0004432346115097861,0.009617984149442437
1.0,25.0,63.0,0.0310574713394014,0.06689246190843257,31.0,-0.07278965580756418,-0.00044187042377684204,0.00952239458150908
1.0,26.0,63.0,0.06689246190843257,0.0310574713394014,31.0,-0.07278753168439098,-0.00043974630060363934,0.009365820907920964
1.0,27.0,63.0,0.11205835642090678,0.008042961088223777,31.0,-0.07278616749665803,-0.00043706908702972853,0.009164897939203538
1.0,28.0,63.0,0.16501734212023322,0.0,31.0,-0.07278569074921769,-0.00043392993708251277,0.008928010114551669
1.0,29.0,63.0,0.8126140803164827,0.0001140803164827453,31.0,-0.07278569751134152,-0.0003955435662017029,0.006059348957607808
1.0,30.0,63.0,1.4631140803164828,0.0001140803164827453,31.0,-0.07278569751134152,-0.0003569851041447187,0.0032059162059081673
1.0,31.0,63.0,2.113614080316483,0.0001140803164827453,31.0,-0.07278569751134152,-0.00031842664208773456,0.00033832758078027427
1.0,32.0,63.0,2.7612108185127324,0.0,31.0,-0.07278569074921769,-0.0002800402712069247,-0.00257180195239543
1.0,33.0,63.0,2.814169804212059,0.008042961088223777,31.0,-0.07278616749665803,-0.00027690112125970895,-0.002813494196598528
1.0,34.0,63.0,2.859335698724533,0.0310574713394014,31.0,-0.07278753168439098,-0.00027422390768579814,-0.003019314857370335
1.0,35.0,63.0,2.8951706892935642,0.06689246190843257,31.0,-0.07278965580756418,-0.0002720997845125954,-0.0031810615044825345
1.0,36.0,63.0,2.918185199544742,0.11205835642090678,31.0,-0.07279233302113809,-0.00027073559677965133,-0.0032821630487621725
1.0,37.0,63.0,2.9262281606329656,0.16501734212023322,31.0,-0.0727954721710853,-0.0002702588493393038,-0.0033119056116277788
1.0,38.0,63.0,2.926114080316483,0.29986408031648293,31.0,-0.07280346522694733,-0.00027026561146313864,-0.0032927738989935425
1.0,39.0,63.0,2.926114080316483,0.43761408031648275,31.0,-0.07281163037398553,-0.00027026561146313864,-0.0032787854362315376
1.0,40.0,63.0,2.926114080316483,0.5753640803164828,31.0,-0.07281979552102373,-0.00027026561146313864,-0.00326998367143235
1.0,41.0,63.0,2.926114080316483,0.7131140803164828,31.0,-0.07282796066806194,-0.00027026561146313864,-0.0032661513200696775
2.0,1.0,63.0,5.9261140803164825,2.213114080316483,31.0,-0.07291687333998426,-9.244026761847677e-5,-0.011501514778252038
2.0,2.0,63.0,5.9261140803164825,2.350864080316483,31.0,-0.07292503848702246,-9.244026761847677e-5,-0.011499387344818276
2.0,3.0,63.0,5.9261140803164825,2.488614080316483,31.0,-0.07293320363406067,-9.244026761847677e-5,-0.011502135435112892
2.0,4.0,63.0,5.9261140803164825,2.626364080316483,31.0,-0.07294136878109886,-9.244026761847677e-5,-0.011509967195637008
2.0,5.0,63.0,5.926228160632966,2.7612108185127324,31.0,-0.0729493618369609,-9.243350549464197e-5,-0.011522949670996038
2.0,6.0,63.0,5.918185199544742,2.8141698042120584,31.0,-0.0729525009869081,-9.291025293498951e-5,-0.011490588913434283
2.0,7.0,63.0,5.895170689293565,2.859335698724533,31.0,-0.07295517820048202,-9.427444066793348e-5,-0.01138684592608496
2.0,8.0,63.0,5.859335698724533,2.8951706892935642,31.0,-0.07295730232365522,-9.639856384113629e-5,-0.011222488811274729
2.0,9.0,63.0,5.814169804212058,2.918185199544742,31.0,-0.07295866651138816,-9.907577741504709e-5,-0.011014342282475175
2.0,10.0,63.0,5.7612108185127315,2.9262281606329656,31.0,-0.0729591432588285,-0.00010221492736226286,-0.010770732571892185
2.0,11.0,63.0,5.1136140803164825,2.926114080316483,31.0,-0.07295913649670467,-0.00014060129824307267,-0.007839593452970571
2.0,12.0,63.0,4.463114080316483,2.926114080316483,31.0,-0.07295913649670467,-0.00017915976030005682,-0.004949271809588369
2.0,13.0,63.0,3.8126140803164827,2.926114080316483,31.0,-0.07295913649670467,-0.00021771822235704106,-0.0020725098258988694
2.0,14.0,63.0,3.1650173421202332,2.9262281606329656,31.0,-0.0729591432588285,-0.0002561045932378509,0.0008190744163126594
2.0,15.0,63.0,3.112058356420907,2.918185199544742,31.0,-0.07295866651138816,-0.00025924374318506664,0.0010578556607512537
2.0,16.0,63.0,3.0668924619084326,2.8951706892935642,31.0,-0.07295730232365522,-0.00026192095675897745,0.0012605148805867419
2.0,17.0,63.0,3.0310574713394014,2.859335698724533,31.0,-0.07295517820048202,-0.0002640450799321802,0.001418704371141201
2.0,18.0,63.0,3.0080429610882238,2.8141698042120584,31.0,-0.0729525009869081,-0.00026540926766512426,0.0015156783475157854
2.0,19.0,63.0,3.0,2.7612108185127324,31.0,-0.0729493618369609,-0.0002658860151054718,0.0015405690287378017
2.0,20.0,63.0,3.0001140803164827,2.113614080316483,31.0,-0.07291097546608008,-0.00026587925298163695,0.0014179958656634476
2.0,21.0,63.0,3.0001140803164827,1.4631140803164828,31.0,-0.0728724170040231,-0.00026587925298163695,0.0013739360801830176
2.0,22.0,63.0,3.0001140803164827,0.8126140803164827,31.0,-0.07283385854196611,-0.00026587925298163695,0.0014108085390220776
2.0,23.0,63.0,3.0,0.16501734212023322,31.0,-0.0727954721710853,-0.0002658860151054718,0.0015254456536947971
2.0,24.0,63.0,3.0080429610882238,0.11205835642090678,31.0,-0.07279233302113809,-0.00026540926766512426,0.0015000100274672717
2.0,25.0,63.0,3.0310574713394014,0.06689246190843257,31.0,-0.07278965580756418,-0.0002640450799321802,0.0014030017020682478
2.0,26.0,63.0,3.0668924619084326,0.0310574713394014,31.0,-0.07278753168439098,-0.00026192095675897745,0.0012452385300404326
2.0,27.0,63.0,3.112058356420907,0.008042961088223777,31.0,-0.07278616749665803,-0.00025924374318506664,0.001043447932257604
2.0,28.0,63.0,3.1650173421202332,0.0,31.0,-0.07278569074921769,-0.0002561045932378509,0.0008060486212905997
2.0,29.0,63.0,3.8126140803164827,0.0001140803164827453,31.0,-0.07278569751134152,-0.00021771822235704106,-0.002067507555853768
2.0,30.0,63.0,4.463114080316483,0.0001140803164827453,31.0,-0.07278569751134152,-0.00017915976030005682,-0.004927413107268879
2.0,31.0,63.0,5.1136140803164825,0.0001140803164827453,31.0,-0.07278569751134152,-0.00014060129824307267,-0.007801730126453132
2.0,32.0,63.0,5.761210818512732,0.0,31.0,-0.07278569074921769,-0.00010221492736226286,-0.010717355248247044
2.0,33.0,63.0,5.814169804212058,0.008042961088223777,31.0,-0.07278616749665803,-9.907577741504709e-5,-0.010959170750109243
2.0,34.0,63.0,5.859335698724533,0.0310574713394014,31.0,-0.07278753168439098,-9.639856384113629e-5,-0.011164709371894989
2.0,35.0,63.0,5.895170689293565,0.06689246190843257,31.0,-0.07278965580756418,-9.427444066793348e-5,-0.011325818847545011
2.0,36.0,63.0,5.918185199544742,0.11205835642090678,31.0,-0.07279233302113809,-9.291025293498951e-5,-0.011425986154533597
2.0,37.0,63.0,5.926228160632966,0.16501734212023322,31.0,-0.0727954721710853,-9.243350549464197e-5,-0.011454589827565932
2.0,38.0,63.0,5.9261140803164825,0.29986408031648293,31.0,-0.07280346522694733,-9.244026761847677e-5,-0.011432485470639686
2.0,39.0,63.0,5.9261140803164825,0.43761408031648275,31.0,-0.07281163037398553,-9.244026761847677e-5,-0.011415290225601327
2.0,40.0,63.0,5.9261140803164825,0.5753640803164828,31.0,-0.07281979552102373,-9.244026761847677e-5,-0.011403116806743049
2.0,41.0,63.0,5.9261140803164825,0.7131140803164828,31.0,-0.07282796066806194,-9.244026761847677e-5,-0.011395742589369382
1.0,1.0,64.0,2.926114080316483,2.213114080316483,31.5,-0.07047392276782123,-0.00027390127864520213,-0.003439665469496657
1.0,2.0,64.0,2.926114080316483,2.350864080316483,31.5,-0.0704814867705684,-0.00027390127864520213,-0.003441640908678607
1.0,3.0,64.0,2.926114080316483,2.488614080316483,31.5,-0.07048905077331556,-0.00027390127864520213,-0.003448840165925397
1.0,4.0,64.0,2.926114080316483,2.626364080316483,31.5,-0.07049661477606273,-0.00027390127864520213,-0.003461498899222644
1.0,5.0,64.0,2.9262281606329656,2.7612108185127324,31.5,-0.07050401935753758,-0.000273895014370594,-0.0034795763146063642
1.0,6.0,64.0,2.918185199544742,2.8141698042120584,31.5,-0.07050692739320595,-0.00027433666213659525,-0.0034478721597282474
1.0,7.0,64.0,2.8951706892935642,2.859335698724533,31.5,-0.07050940750173713,-0.00027560041399695513,-0.003342081480998858
1.0,8.0,64.0,2.859335698724533,2.8951706892935642,31.5,-0.07051137524015534,-0.0002775681524151678,-0.003173189576092406
1.0,9.0,64.0,2.814169804212059,2.918185199544742,31.5,-0.07051263899201571,-0.00028004826094635136,-0.0029585168679958545
1.0,10.0,64.0,2.761210818512732,2.9262281606329656,31.5,-0.0705130806397817,-0.0002829562966147129,-0.0027067830687835196
1.0,11.0,64.0,2.113614080316483,2.926114080316483,31.5,-0.07051307437550709,-0.00031851653985806507,0.0003234496192503459
1.0,12.0,64.0,1.4631140803164828,2.926114080316483,31.5,-0.07051307437550709,-0.0003542362043737172,0.0033091660342224717
1.0,13.0,64.0,0.8126140803164827,2.926114080316483,31.5,-0.07051307437550709,-0.00038995586888936924,0.006280016947178106
1.0,14.0,64.0,0.16501734212023322,2.9262281606329656,31.5,-0.0705130806397817,-0.0004255161121327215,0.00926667344978787
1.0,15.0,64.0,0.11205835642090678,2.918185199544742,31.5,-0.07051263899201571,-0.00042842414780108295,0.009513578346549567
1.0,16.0,64.0,0.06689246190843257,2.8951706892935642,31.5,-0.07051137524015534,-0.0004309042563322665,0.00972355487160223
1.0,17.0,64.0,0.0310574713394014,2.859335698724533,31.5,-0.07050940750173713,-0.00043287199475047924,0.009887801882532923
1.0,18.0,64.0,0.008042961088223777,2.8141698042120584,31.5,-0.07050692739320595,-0.0004341357466108391,0.009988880664005115
1.0,19.0,64.0,0.0,2.7612108185127324,31.5,-0.07050401935753758,-0.00043457739437684033,0.010015514038742792
1.0,20.0,64.0,0.0001140803164827453,2.113614080316483,31.5,-0.07046845911429424,-0.0004345711301022322,0.009899703043471134
1.0,21.0,64.0,0.0001140803164827453,1.4631140803164828,31.5,-0.07043273944977858,-0.0004345711301022322,0.00986759468359487
1.0,22.0,64.0,0.0001140803164827453,0.8126140803164827,31.5,-0.07039701978526293,-0.0004345711301022322,0.009922205589009336
1.0,23.0,64.0,0.0,0.16501734212023322,31.5,-0.07036145954201958,-0.00043457739437684033,0.010060282088638007
1.0,24.0,64.0,0.008042961088223777,0.11205835642090678,31.5,-0.07035855150635122,-0.0004341357466108391,0.010035636350082344
1.0,25.0,64.0,0.0310574713394014,0.06689246190843257,31.5,-0.07035607139782003,-0.00043287199475047924,0.009936607657194996
1.0,26.0,64.0,0.06689246190843257,0.0310574713394014,31.5,-0.07035410365940183,-0.0004309042563322665,0.009774368772617613
1.0,27.0,64.0,0.11205835642090678,0.008042961088223777,31.5,-0.07035283990754146,-0.00042842414780108295,0.009566155943585557
1.0,28.0,64.0,0.16501734212023322,0.0,31.5,-0.07035239825977546,-0.0004255161121327215,0.009320656241763814
1.0,29.0,64.0,0.8126140803164827,0.0001140803164827453,31.5,-0.07035240452405007,-0.00038995586888936924,0.006347670992622996
1.0,30.0,64.0,1.4631140803164828,0.0001140803164827453,31.5,-0.07035240452405007,-0.0003542362043737172,0.003390592589630431
1.0,31.0,64.0,2.113614080316483,0.0001140803164827453,31.5,-0.07035240452405007,-0.00031851653985806507,0.00041894581958029767
1.0,32.0,64.0,2.7612108185127324,0.0,31.5,-0.07035239825977546,-0.0002829562966147129,-0.0025967768077011367
1.0,33.0,64.0,2.814169804212059,0.008042961088223777,31.5,-0.07035283990754146,-0.00028004826094635136,-0.00284721815207931
1.0,34.0,64.0,2.859335698724533,0.0310574713394014,31.5,-0.07035410365940183,-0.0002775681524151678,-0.003060597205821164
1.0,35.0,64.0,2.8951706892935642,0.06689246190843257,31.5,-0.07035607139782003,-0.00027560041399695513,-0.0032283280986940104
1.0,36.0,64.0,2.918185199544742,0.11205835642090678,31.5,-0.07035855150635122,-0.00027433666213659525,-0.0033331567448527267
1.0,37.0,64.0,2.9262281606329656,0.16501734212023322,31.5,-0.07036145954201958,-0.000273895014370594,-0.003364065649769418
1.0,38.0,64.0,2.926114080316483,0.29986408031648293,31.5,-0.07036886412349444,-0.00027390127864520213,-0.0033445395656389884
1.0,39.0,64.0,2.926114080316483,0.43761408031648275,31.5,-0.0703764281262416,-0.00027390127864520213,-0.003330320808790339
1.0,40.0,64.0,2.926114080316483,0.5753640803164828,31.5,-0.07038399212898877,-0.00027390127864520213,-0.0033214989403410936
1.0,41.0,64.0,2.926114080316483,0.7131140803164828,31.5,-0.07039155613173594,-0.00027390127864520213,-0.0033178369159031908
2.0,1.0,64.0,5.9261140803164825,2.213114080316483,31.5,-0.07047392276782123,-0.0001091680064746314,-0.011988015538132453
2.0,2.0,64.0,5.9261140803164825,2.350864080316483,31.5,-0.0704814867705684,-0.0001091680064746314,-0.011986312667846234
2.0,3.0,64.0,5.9261140803164825,2.488614080316483,31.5,-0.07048905077331556,-0.0001091680064746314,-0.011989656119874438
2.0,4.0,64.0,5.9261140803164825,2.626364080316483,31.5,-0.07049661477606273,-0.0001091680064746314,-0.011998262470854752
2.0,5.0,64.0,5.926228160632966,2.7612108185127324,31.5,-0.07050401935753758,-0.00010916174220002328,-0.012012192480653735
2.0,6.0,64.0,5.918185199544742,2.8141698042120584,31.5,-0.07050692739320595,-0.00010960338996602449,-0.011978851072230427
2.0,7.0,64.0,5.895170689293565,2.859335698724533,31.5,-0.07050940750173713,-0.0001108671418263843,-0.011871522056265274
2.0,8.0,64.0,5.859335698724533,2.8951706892935642,31.5,-0.07051137524015534,-0.00011283488024459706,-0.011701356672267911
2.0,9.0,64.0,5.814169804212058,2.918185199544742,31.5,-0.07051263899201571,-0.0001153149887757806,-0.011485775143038845
2.0,10.0,64.0,5.7612108185127315,2.9262281606329656,31.5,-0.0705130806397817,-0.00011822302444414213,-0.011233396362248538
2.0,11.0,64.0,5.1136140803164825,2.926114080316483,31.5,-0.07051307437550709,-0.00015378326768749432,-0.008196409933953928
2.0,12.0,64.0,4.463114080316483,2.926114080316483,31.5,-0.07051307437550709,-0.00018950293220314636,-0.005201745551465188
2.0,13.0,64.0,3.8126140803164827,2.926114080316483,31.5,-0.07051307437550709,-0.0002252225967187985,-0.0022211713920947574
2.0,14.0,64.0,3.1650173421202332,2.9262281606329656,31.5,-0.0705130806397817,-0.0002607828399621507,0.0007746963169917333
2.0,15.0,64.0,3.112058356420907,2.918185199544742,31.5,-0.07051263899201571,-0.00026369087563051224,0.0010220980402009085
2.0,16.0,64.0,3.0668924619084326,2.8951706892935642,31.5,-0.07051137524015534,-0.0002661709841616958,0.0012321561095294193
2.0,17.0,64.0,3.0310574713394014,2.859335698724533,31.5,-0.07050940750173713,-0.00026813872257990846,0.0013961087864061581
2.0,18.0,64.0,3.0080429610882238,2.8141698042120584,31.5,-0.07050692739320595,-0.00026940247444026834,0.0014966227464569936
2.0,19.0,64.0,3.0,2.7612108185127324,31.5,-0.07050401935753758,-0.00026984412220626956,0.0015225673887912614
2.0,20.0,64.0,3.0001140803164827,2.113614080316483,31.5,-0.07046845911429424,-0.0002698378579316614,0.0013968380326019876
2.0,21.0,64.0,3.0001140803164827,1.4631140803164828,31.5,-0.07043273944977858,-0.0002698378579316614,0.0013523485855634167
2.0,22.0,64.0,3.0001140803164827,0.8126140803164827,31.5,-0.07039701978526293,-0.0002698378579316614,0.0013916255167853876
2.0,23.0,64.0,3.0,0.16501734212023322,31.5,-0.07036145954201958,-0.00026984412220626956,0.0015114742433918217
2.0,24.0,64.0,3.0080429610882238,0.11205835642090678,31.5,-0.07035855150635122,-0.00026940247444026834,0.0014852031436930365
2.0,25.0,64.0,3.0310574713394014,0.06689246190843257,31.5,-0.07035607139782003,-0.00026813872257990846,0.001384738757133714
2.0,26.0,64.0,3.0668924619084326,0.0310574713394014,31.5,-0.07035410365940183,-0.0002661709841616958,0.0012212916315968605
2.0,27.0,64.0,3.112058356420907,0.008042961088223777,31.5,-0.07035283990754146,-0.00026369087563051224,0.0010121874435494377
2.0,28.0,64.0,3.1650173421202332,0.0,31.5,-0.07035239825977546,-0.0002607828399621507,0.0007661414670030106
2.0,29.0,64.0,3.8126140803164827,0.0001140803164827453,31.5,-0.07035240452405007,-0.0002252225967187985,-0.002212223434605019
2.0,30.0,64.0,4.463114080316483,0.0001140803164827453,31.5,-0.07035240452405007,-0.00018950293220314636,-0.005176313709539212
2.0,31.0,64.0,5.1136140803164825,0.0001140803164827453,31.5,-0.07035240452405007,-0.00015378326768749432,-0.008155237899770741
2.0,32.0,64.0,5.761210818512732,0.0,31.5,-0.07035239825977546,-0.00011822302444414213,-0.011176905754263035
2.0,33.0,64.0,5.814169804212058,0.008042961088223777,31.5,-0.07035283990754146,-0.0001153149887757806,-0.01142754275125905
2.0,34.0,64.0,5.859335698724533,0.0310574713394014,31.5,-0.07035410365940183,-0.00011283488024459706,-0.01164063748323002
2.0,35.0,64.0,5.895170689293565,0.06689246190843257,31.5,-0.07035607139782003,-0.0001108671418263843,-0.011807733984470398
2.0,36.0,64.0,5.918185199544742,0.11205835642090678,31.5,-0.07035855150635122,-0.00010960338996602449,-0.011911705917732704
2.0,37.0,64.0,5.926228160632966,0.16501734212023322,31.5,-0.07036145954201958,-0.00010916174220002328,-0.011941540305942296
2.0,38.0,64.0,5.9261140803164825,0.29986408031648293,31.5,-0.07036886412349444,-0.0001091680064746314,-0.011919118858088655
2.0,39.0,64.0,5.9261140803164825,0.43761408031648275,31.5,-0.0703764281262416,-0.0001091680064746314,-0.011901796402800861
2.0,40.0,64.0,5.9261140803164825,0.5753640803164828,31.5,-0.07038399212898877,-0.0001091680064746314,-0.01188968074320581
2.0,41.0,64.0,5.9261140803164825,0.7131140803164828,31.5,-0.07039155613173594,-0.0001091680064746314,-0.011882542105712096
1.0,1.0,65.0,2.926114080316483,2.213114080316483,32.0,-0.06794817826789343,-0.0002765080421070968,-0.003467159486662044
1.0,2.0,65.0,2.926114080316483,2.350864080316483,32.0,-0.06795515247460206,-0.0002765080421070968,-0.0034695165691376135
1.0,3.0,65.0,2.926114080316483,2.488614080316483,32.0,-0.06796212668131067,-0.0002765080421070968,-0.003477284459238902
1.0,4.0,65.0,2.926114080316483,2.626364080316483,32.0,-0.0679691008880193,-0.0002765080421070968,-0.003490680003754108
1.0,5.0,65.0,2.9262281606329656,2.7612108185127324,32.0,-0.0679759281041802,-0.00027650226628344135,-0.003509659375775587
1.0,6.0,65.0,2.918185199544742,2.8141698042120584,32.0,-0.06797860938848761,-0.0002769094769780233,-0.0034771893622347486
1.0,7.0,65.0,2.8951706892935642,2.859335698724533,32.0,-0.06798089611287607,-0.0002780746889692348,-0.003368038404027666
1.0,8.0,65.0,2.859335698724533,2.8951706892935642,32.0,-0.06798271041873181,-0.0002798889948249872,-0.003193885598309685
1.0,9.0,65.0,2.814169804212059,2.918185199544742,32.0,-0.06798387563072303,-0.0002821757192134427,-0.002972607859615208
1.0,10.0,65.0,2.761210818512732,2.9262281606329656,32.0,-0.06798428284141761,-0.00028485700352085463,-0.002712890592496626
1.0,11.0,65.0,2.113614080316483,2.926114080316483,32.0,-0.06798427706559396,-0.00031764447006175553,0.00041293360932318364
1.0,12.0,65.0,1.4631140803164828,2.926114080316483,32.0,-0.06798427706559396,-0.0003505789271503777,0.003492863551141395
1.0,13.0,65.0,0.8126140803164827,2.926114080316483,32.0,-0.06798427706559396,-0.00038351338423899987,0.006557607960806259
1.0,14.0,65.0,0.16501734212023322,2.9262281606329656,32.0,-0.06798428284141761,-0.00041630085077990083,0.009638815523187804
1.0,15.0,65.0,0.11205835642090678,2.918185199544742,32.0,-0.06798387563072303,-0.0004189821350873127,0.009893550530710307
1.0,16.0,65.0,0.06689246190843257,2.8951706892935642,32.0,-0.06798271041873181,-0.0004212688594757682,0.010110204180221813
1.0,17.0,65.0,0.0310574713394014,2.859335698724533,32.0,-0.06798089611287607,-0.0004230831653315206,0.01027969459267053
1.0,18.0,65.0,0.008042961088223777,2.8141698042120584,32.0,-0.06797860938848761,-0.0004242483773227321,0.010384027679639755
1.0,19.0,65.0,0.0,2.7612108185127324,32.0,-0.0679759281041802,-0.00042465558801731406,0.010411567901143856
1.0,20.0,65.0,0.0001140803164827453,2.113614080316483,32.0,-0.06794314063763929,-0.0004246498121936586,0.010292853642910143
1.0,21.0,65.0,0.0001140803164827453,1.4631140803164828,32.0,-0.06791020618055067,-0.0004246498121936586,0.010260405567688482
1.0,22.0,65.0,0.0001140803164827453,0.8126140803164827,32.0,-0.06787727172346206,-0.0004246498121936586,0.010317309266715315
1.0,23.0,65.0,0.0,0.16501734212023322,32.0,-0.06784448425692115,-0.00042465558801731406,0.010460288005191084
1.0,24.0,65.0,0.008042961088223777,0.11205835642090678,32.0,-0.06784180297261373,-0.0004242483773227321,0.010434899290632718
1.0,25.0,65.0,0.0310574713394014,0.06689246190843257,32.0,-0.06783951624822528,-0.0004230831653315206,0.010332748878760506
1.0,26.0,65.0,0.06689246190843257,0.0310574713394014,32.0,-0.06783770194236953,-0.0004212688594757682,0.010165363443832492
1.0,27.0,65.0,0.11205835642090678,0.008042961088223777,32.0,-0.06783653673037832,-0.0004189821350873127,0.00995052511926911
1.0,28.0,65.0,0.16501734212023322,0.0,32.0,-0.06783612951968374,-0.00041630085077990083,0.009697195774072676
1.0,29.0,65.0,0.8126140803164827,0.0001140803164827453,32.0,-0.06783613529550739,-0.00038351338423899987,0.006629403137690196
1.0,30.0,65.0,1.4631140803164828,0.0001140803164827453,32.0,-0.06783613529550739,-0.0003505789271503777,0.003578254716710864
1.0,31.0,65.0,2.113614080316483,0.0001140803164827453,32.0,-0.06783613529550739,-0.00031764447006175553,0.0005122561332920935
1.0,32.0,65.0,2.7612108185127324,0.0,32.0,-0.06783612951968374,-0.0002848570035208546,-0.0025991954152664804
1.0,33.0,65.0,2.814169804212059,0.008042961088223777,32.0,-0.06783653673037832,-0.0002821757192134427,-0.0028576695256070286
1.0,34.0,65.0,2.859335698724533,0.0310574713394014,32.0,-0.06783770194236953,-0.0002798889948249872,-0.0030778224779325833
1.0,35.0,65.0,2.8951706892935642,0.06689246190843257,32.0,-0.06783951624822528,-0.0002780746889692348,-0.003250907100390857
1.0,36.0,65.0,2.918185199544742,0.11205835642090678,32.0,-0.06784180297261373,-0.0002769094769780233,-0.0033592064592106135
1.0,37.0,65.0,2.9262281606329656,0.16501734212023322,32.0,-0.06784448425692115,-0.00027650226628344135,-0.00339122679070819
1.0,38.0,65.0,2.926114080316483,0.29986408031648293,32.0,-0.06785131147308204,-0.0002765080421070968,-0.00337129345436827
1.0,39.0,65.0,2.926114080316483,0.43761408031648275,32.0,-0.06785828567979067,-0.0002765080421070968,-0.0033569104097539828
1.0,40.0,65.0,2.926114080316483,0.5753640803164828,32.0,-0.06786525988649929,-0.0002765080421070968,-0.0033480974851930866
1.0,41.0,65.0,2.926114080316483,0.7131140803164828,32.0,-0.06787223409320792,-0.0002765080421070968,-0.003344627911110414
2.0,1.0,65.0,5.9261140803164825,2.213114080316483,32.0,-0.06794817826789343,-0.00012461969273604913,-0.012450137109892706
2.0,2.0,65.0,5.9261140803164825,2.350864080316483,32.0,-0.06795515247460206,-0.00012461969273604913,-0.012448886241402446
2.0,3.0,65.0,5.9261140803164825,2.488614080316483,32.0,-0.06796212668131067,-0.00012461969273604913,-0.012452832004070612
2.0,4.0,65.0,5.9261140803164825,2.626364080316483,32.0,-0.0679691008880193,-0.00012461969273604913,-0.012462199470074434
2.0,5.0,65.0,5.926228160632966,2.7612108185127324,32.0,-0.0679759281041802,-0.00012461391691239373,-0.012477043055428507
2.0,6.0,65.0,5.918185199544742,2.8141698042120584,32.0,-0.06797860938848761,-0.00012502112760697567,-0.012442830247491566
2.0,7.0,65.0,5.895170689293565,2.859335698724533,32.0,-0.06798089611287607,-0.00012618633959818708,-0.012332259814534832
2.0,8.0,65.0,5.859335698724533,2.8951706892935642,32.0,-0.06798271041873181,-0.00012800064545393956,-0.012156830147226511
2.0,9.0,65.0,5.814169804212058,2.918185199544742,32.0,-0.06798387563072303,-0.00013028736984239505,-0.011934499414619546
2.0,10.0,65.0,5.7612108185127315,2.9262281606329656,32.0,-0.06798428284141761,-0.00013296865414980696,-0.011674151244555137
2.0,11.0,65.0,5.1136140803164825,2.926114080316483,32.0,-0.06798427706559396,-0.00016575612069070787,-0.008540902644330666
2.0,12.0,65.0,4.463114080316483,2.926114080316483,32.0,-0.06798427706559396,-0.00019869057777933,-0.0054513139223302046
2.0,13.0,65.0,3.8126140803164827,2.926114080316483,32.0,-0.06798427706559396,-0.0002316250348679522,-0.0023762865733745865
2.0,14.0,65.0,3.1650173421202332,2.9262281606329656,32.0,-0.06798428284141761,-0.00026441250140885313,0.0007144728417484784
2.0,15.0,65.0,3.112058356420907,2.918185199544742,32.0,-0.06798387563072303,-0.00026709378571626504,0.0009697324327278185
2.0,16.0,65.0,3.0668924619084326,2.8951706892935642,32.0,-0.06798271041873181,-0.00026938051010472056,0.0011864400444932214
2.0,17.0,65.0,3.0310574713394014,2.859335698724533,32.0,-0.06798089611287607,-0.00027119481596047295,0.0013556981638480898
2.0,18.0,65.0,3.0080429610882238,2.8141698042120584,32.0,-0.06797860938848761,-0.0002723600279516844,0.0014595806701026383
2.0,19.0,65.0,3.0,2.7612108185127324,32.0,-0.0679759281041802,-0.00027276723864626636,0.0014864050085951128
2.0,20.0,65.0,3.0001140803164827,2.113614080316483,32.0,-0.06794314063763929,-0.00027276146282261096,0.0013581491598355425
2.0,21.0,65.0,3.0001140803164827,1.4631140803164828,32.0,-0.06791020618055067,-0.00027276146282261096,0.0013134953039379022
2.0,22.0,65.0,3.0001140803164827,0.8126140803164827,32.0,-0.06787727172346206,-0.00027276146282261096,0.0013550605819916668
2.0,23.0,65.0,3.0,0.16501734212023322,32.0,-0.06784448425692115,-0.00027276723864626636,0.0014796623329734718
2.0,24.0,65.0,3.0080429610882238,0.11205835642090678,32.0,-0.06784180297261373,-0.0002723600279516844,0.0014526285084155235
2.0,25.0,65.0,3.0310574713394014,0.06689246190843257,32.0,-0.06783951624822528,-0.00027119481596047295,0.0013490248214107178
2.0,26.0,65.0,3.0668924619084326,0.0310574713394014,32.0,-0.06783770194236953,-0.00026938051010472056,0.0011804034688568245
2.0,27.0,65.0,3.112058356420907,0.008042961088223777,32.0,-0.06783653673037832,-0.00026709378571626504,0.0009646366523495537
2.0,28.0,65.0,3.1650173421202332,0.0,32.0,-0.06783612951968374,-0.00026441250140885313,0.0007107157579949124
2.0,29.0,65.0,3.8126140803164827,0.0001140803164827453,32.0,-0.06783613529550739,-0.0002316250348679522,-0.002363153120958618
2.0,30.0,65.0,4.463114080316483,0.0001140803164827453,32.0,-0.06783613529550739,-0.00019869057777933,-0.005422156718445108
2.0,31.0,65.0,5.1136140803164825,0.0001140803164827453,32.0,-0.06783613529550739,-0.00016575612069070787,-0.00849634960195255
2.0,32.0,65.0,5.761210818512732,0.0,32.0,-0.06783612951968374,-0.00013296865414980696,-0.011614551961129753
2.0,33.0,65.0,5.814169804212058,0.008042961088223777,32.0,-0.06783653673037832,-0.00013028736984239505,-0.0118732209637106
2.0,34.0,65.0,5.859335698724533,0.0310574713394014,32.0,-0.06783770194236953,-0.00012800064545393956,-0.01209320349085401
2.0,35.0,65.0,5.895170689293565,0.06689246190843257,32.0,-0.06783951624822528,-0.00012618633959818708,-0.012265766579313183
2.0,36.0,65.0,5.918185199544742,0.11205835642090678,32.0,-0.06784180297261373,-0.00012502112760697567,-0.012373225540426802
2.0,37.0,65.0,5.926228160632966,0.16501734212023322,32.0,-0.06784448425692115,-0.00012461391691239373,-0.012404210842633817
2.0,38.0,65.0,5.9261140803164825,0.29986408031648293,32.0,-0.06785131147308204,-0.00012461969273604913,-0.012381579244377694
2.0,39.0,65.0,5.9261140803164825,0.43761408031648275,32.0,-0.06785828567979067,-0.00012461969273604913,-0.012364217866195203
2.0,40.0,65.0,5.9261140803164825,0.5753640803164828,32.0,-0.06786525988649929,-0.00012461969273604913,-0.01235222785275866
2.0,41.0,65.0,5.9261140803164825,0.7131140803164828,32.0,-0.06787223409320792,-0.00012461969273604913,-0.012345373610712033
1.0,1.0,66.0,2.926114080316483,2.213114080316483,32.5,-0.06534770621539121,-0.00027801734066616247,-0.003468542029674078
1.0,2.0,66.0,2.926114080316483,2.350864080316483,32.5,-0.0653541047032549,-0.00027801734066616247,-0.003471309494620452
1.0,3.0,66.0,2.926114080316483,2.488614080316483,32.5,-0.06536050319111858,-0.00027801734066616247,-0.003479632414615139
1.0,4.0,66.0,2.926114080316483,2.626364080316483,32.5,-0.06536690167898225,-0.00027801734066616247,-0.0034937758212720046
1.0,5.0,66.0,2.9262281606329656,2.7612108185127324,32.5,-0.06537316531032748,-0.00027801204163516066,-0.0035136783563323795
1.0,6.0,66.0,2.918185199544742,2.8141698042120584,32.5,-0.06537562525535304,-0.0002783856371989431,-0.003480316171510499
1.0,7.0,66.0,2.8951706892935642,2.859335698724533,32.5,-0.06537772321127239,-0.0002794546612608717,-0.003368500399845263
1.0,8.0,66.0,2.859335698724533,2.8951706892935642,32.5,-0.06537938774667892,-0.0002811191966674123,-0.003189699110879878
1.0,9.0,66.0,2.814169804212059,2.918185199544742,32.5,-0.06538045677074085,-0.00028321715258676066,-0.0029622500120052428
1.0,10.0,66.0,2.761210818512732,2.9262281606329656,32.5,-0.06538083036630463,-0.0002856770976123131,-0.0026955404871455706
1.0,11.0,66.0,2.113614080316483,2.926114080316483,32.5,-0.06538082506727363,-0.0003157579678112699,0.0005156196364384685
1.0,12.0,66.0,1.4631140803164828,2.926114080316483,32.5,-0.06538082506727363,-0.00034597369452867585,0.003679667299860567
1.0,13.0,66.0,0.8126140803164827,2.926114080316483,32.5,-0.06538082506727363,-0.0003761894212460818,0.006828369515938056
1.0,14.0,66.0,0.16501734212023322,2.9262281606329656,32.5,-0.06538083036630463,-0.00040627029144503865,0.009994269149448355
1.0,15.0,66.0,0.11205835642090678,2.918185199544742,32.5,-0.06538045677074085,-0.00040873023647059105,0.01025602412006358
1.0,16.0,66.0,0.06689246190843257,2.8951706892935642,32.5,-0.06537938774667892,-0.0004108281923899394,0.01047866865821751
1.0,17.0,66.0,0.0310574713394014,2.859335698724533,32.5,-0.06537772321127239,-0.00041249272779648,0.010652868646085712
1.0,18.0,66.0,0.008042961088223777,2.8141698042120584,32.5,-0.06537562525535304,-0.0004135617518584086,0.010760131086748965
1.0,19.0,66.0,0.0,2.7612108185127324,32.5,-0.06537316531032748,-0.00041393534742219105,0.010788499711420985
1.0,20.0,66.0,0.0001140803164827453,2.113614080316483,32.5,-0.06534308444012853,-0.00041393004839118924,0.010667386311902748
1.0,21.0,66.0,0.0001140803164827453,1.4631140803164828,32.5,-0.06531286871341112,-0.00041393004839118924,0.01063478601766657
1.0,22.0,66.0,0.0001140803164827453,0.8126140803164827,32.5,-0.06528265298669371,-0.00041393004839118924,0.010693811910961436
1.0,23.0,66.0,0.0,0.16501734212023322,32.5,-0.06525257211649475,-0.00041393534742219105,0.010841210069237269
1.0,24.0,66.0,0.008042961088223777,0.11205835642090678,32.5,-0.0652501121714692,-0.0004135617518584086,0.010815158120000987
1.0,25.0,66.0,0.0310574713394014,0.06689246190843257,32.5,-0.06524801421554985,-0.00041249272779648,0.010710210646829957
1.0,26.0,66.0,0.06689246190843257,0.0310574713394014,32.5,-0.06524634968014331,-0.0004108281923899394,0.010538210679500025
1.0,27.0,66.0,0.11205835642090678,0.008042961088223777,32.5,-0.06524528065608139,-0.00040873023647059105,0.010317429694781683
1.0,28.0,66.0,0.16501734212023322,0.0,32.5,-0.06524490706051761,-0.00040627029144503865,0.010057075981957401
1.0,29.0,66.0,0.8126140803164827,0.0001140803164827453,32.5,-0.0652449123595486,-0.0003761894212460818,0.006904279744504886
1.0,30.0,66.0,1.4631140803164828,0.0001140803164827453,32.5,-0.0652449123595486,-0.00034597369452867585,0.0037689502601822382
1.0,31.0,66.0,2.113614080316483,0.0001140803164827453,32.5,-0.0652449123595486,-0.0003157579678112699,0.0006186621631507736
1.0,32.0,66.0,2.7612108185127324,0.0,32.5,-0.06524490706051761,-0.00028567709761231306,-0.002578314492489645
1.0,33.0,66.0,2.814169804212059,0.008042961088223777,32.5,-0.06524528065608139,-0.00028321715258676066,-0.002843826452706197
1.0,34.0,66.0,2.859335698724533,0.0310574713394014,32.5,-0.06524634968014331,-0.0002811191966674123,-0.0030701803691646043
1.0,35.0,66.0,2.8951706892935642,0.06689246190843257,32.5,-0.06524801421554985,-0.0002794546612608717,-0.0032481794301792654
1.0,36.0,66.0,2.918185199544742,0.11205835642090678,32.5,-0.0652501121714692,-0.0002783856371989431,-0.0033594690612155104
1.0,37.0,66.0,2.9262281606329656,0.16501734212023322,32.5,-0.06525257211649475,-0.00027801204163516066,-0.0033924083892033427
1.0,38.0,66.0,2.926114080316483,0.29986408031648293,32.5,-0.06525883574783999,-0.00027801734066616247,-0.0033722113994747505
1.0,39.0,66.0,2.926114080316483,0.43761408031648275,32.5,-0.06526523423570366,-0.00027801734066616247,-0.0033576618410344687
1.0,40.0,66.0,2.926114080316483,0.5753640803164828,32.5,-0.06527163272356734,-0.00027801734066616247,-0.003348891279763885
1.0,41.0,66.0,2.926114080316483,0.7131140803164828,32.5,-0.06527803121143103,-0.00027801734066616247,-0.003345639897656311
2.0,1.0,66.0,5.9261140803164825,2.213114080316483,32.5,-0.06534770621539121,-0.00013866733274576592,-0.01288716056916031
2.0,2.0,66.0,5.9261140803164825,2.350864080316483,32.5,-0.0653541047032549,-0.00013866733274576592,-0.012886382001745987
2.0,3.0,66.0,5.9261140803164825,2.488614080316483,32.5,-0.06536050319111858,-0.00013866733274576592,-0.0128909299800439
2.0,4.0,66.0,5.9261140803164825,2.626364080316483,32.5,-0.06536690167898225,-0.00013866733274576592,-0.012901036297236516
2.0,5.0,66.0,5.926228160632966,2.7612108185127324,32.5,-0.06537316531032748,-0.00013866203371476412,-0.012916749528016634
2.0,6.0,66.0,5.918185199544742,2.8141698042120584,32.5,-0.06537562525535304,-0.0001390356292785466,-0.012881775734706658
2.0,7.0,66.0,5.895170689293565,2.859335698724533,32.5,-0.06537772321127239,-0.0001401046533404751,-0.012768316378796888
2.0,8.0,66.0,5.859335698724533,2.8951706892935642,32.5,-0.06537938774667892,-0.00014176918874701577,-0.012588179535650166
2.0,9.0,66.0,5.814169804212058,2.918185199544742,32.5,-0.06538045677074085,-0.0001438671446663641,-0.012359805540277243
2.0,10.0,66.0,5.7612108185127315,2.9262281606329656,32.5,-0.06538083036630463,-0.00014632708969191654,-0.01209231260150553
2.0,11.0,66.0,5.1136140803164825,2.926114080316483,32.5,-0.06538082506727363,-0.0001764079598908733,-0.008872680070788203
2.0,12.0,66.0,4.463114080316483,2.926114080316483,32.5,-0.06538082506727363,-0.00020662368660827926,-0.005697881495994068
2.0,13.0,66.0,3.8126140803164827,2.926114080316483,32.5,-0.06538082506727363,-0.00023683941332568528,-0.0025380466731359775
2.0,14.0,66.0,3.1650173421202332,2.9262281606329656,32.5,-0.06538083036630463,-0.00026692028352464205,0.0006379121560715055
2.0,15.0,66.0,3.112058356420907,2.918185199544742,32.5,-0.06538045677074085,-0.0002693802285501945,0.0009002205413379556
2.0,16.0,66.0,3.0668924619084326,2.8951706892935642,32.5,-0.06537938774667892,-0.00027147818446954285,0.0011230405566307329
2.0,17.0,66.0,3.0310574713394014,2.859335698724533,32.5,-0.06537772321127239,-0.0002731427198760835,0.0012970062546132119
2.0,18.0,66.0,3.0080429610882238,2.8141698042120584,32.5,-0.06537562525535304,-0.000274211743938012,0.0014037444931752799
2.0,19.0,66.0,3.0,2.7612108185127324,32.5,-0.06537316531032748,-0.0002745853395017945,0.0014315624685185178
2.0,20.0,66.0,3.0001140803164827,2.113614080316483,32.5,-0.06534308444012853,-0.0002745800404707927,0.0013014167677551168
2.0,21.0,66.0,3.0001140803164827,1.4631140803164828,32.5,-0.06531286871341112,-0.0002745800404707927,0.0012568806828853166
2.0,22.0,66.0,3.0001140803164827,0.8126140803164827,32.5,-0.06528265298669371,-0.0002745800404707927,0.001300583675982093
2.0,23.0,66.0,3.0,0.16501734212023322,32.5,-0.06525257211649475,-0.0002745853395017945,0.0014294199904393923
2.0,24.0,66.0,3.0080429610882238,0.11205835642090678,32.5,-0.0652501121714692,-0.000274211743938012,0.0014017017033472305
2.0,25.0,66.0,3.0310574713394014,0.06689246190843257,32.5,-0.06524801421554985,-0.0002731427198760835,0.0012952683876358343
2.0,26.0,66.0,3.0668924619084326,0.0310574713394014,32.5,-0.06524634968014331,-0.00027147818446954285,0.0011219999102908586
2.0,27.0,66.0,3.112058356420907,0.008042961088223777,32.5,-0.06524528065608139,-0.0002693802285501945,0.0009002511040122418
2.0,28.0,66.0,3.1650173421202332,0.0,32.5,-0.06524490706051761,-0.00026692028352464205,0.0006392441717382897
2.0,29.0,66.0,3.8126140803164827,0.0001140803164827453,32.5,-0.0652449123595486,-0.00023683941332568528,-0.002520526568697321
2.0,30.0,66.0,4.463114080316483,0.0001140803164827453,32.5,-0.0652449123595486,-0.00020662368660827926,-0.005664867967250183
2.0,31.0,66.0,5.1136140803164825,0.0001140803164827453,32.5,-0.0652449123595486,-0.0001764079598908733,-0.008824688999588305
2.0,32.0,66.0,5.761210818512732,0.0,32.5,-0.06524490706051761,-0.00014632708969191654,-0.012029617435586098
2.0,33.0,66.0,5.814169804212058,0.008042961088223777,32.5,-0.06524528065608139,-0.0001438671446663641,-0.012295503330997238
2.0,34.0,66.0,5.859335698724533,0.0310574713394014,32.5,-0.06524634968014331,-0.00014176918874701577,-0.012521683030810027
2.0,35.0,66.0,5.895170689293565,0.06689246190843257,32.5,-0.06524801421554985,-0.0001401046533404751,-0.012699175563812245
2.0,36.0,66.0,5.918185199544742,0.11205835642090678,32.5,-0.0652501121714692,-0.0001390356292785466,-0.012809792217016737
2.0,37.0,66.0,5.926228160632966,0.16501734212023322,32.5,-0.06525257211649475,-0.00013866203371476412,-0.012841843473635239
2.0,38.0,66.0,5.9261140803164825,0.29986408031648293,32.5,-0.06525883574783999,-0.00013866733274576592,-0.012819108198898853
2.0,39.0,66.0,5.9261140803164825,0.43761408031648275,32.5,-0.06526523423570366,-0.00013866733274576592,-0.012801793983436211
2.0,40.0,66.0,5.9261140803164825,0.5753640803164828,32.5,-0.06527163272356734,-0.00013866733274576592,-0.01278999426671343
2.0,41.0,66.0,5.9261140803164825,0.7131140803164828,32.5,-0.06527803121143103,-0.00013866733274576592,-0.012783467657399546
1.0,1.0,67.0,2.926114080316483,2.213114080316483,33.0,-0.06268081532503578,-0.0002783736111683604,-0.003443032182716523
1.0,2.0,67.0,2.926114080316483,2.350864080316483,33.0,-0.0626866544829196,-0.0002783736111683604,-0.003446194426382903
1.0,3.0,67.0,2.926114080316483,2.488614080316483,33.0,-0.06269249364080343,-0.0002783736111683604,-0.003455107124663986
1.0,4.0,67.0,2.926114080316483,2.626364080316483,33.0,-0.06269833279868726,-0.0002783736111683604,-0.003469974217245066
1.0,5.0,67.0,2.9262281606329656,2.7612108185127324,33.0,-0.0627040488886651,-0.0002783687753572578,-0.0034907284830251383
1.0,6.0,67.0,2.918185199544742,2.8141698042120584,33.0,-0.06270629379522674,-0.000278709712704972,-0.0034570020197011793
1.0,7.0,67.0,2.8951706892935642,2.859335698724533,33.0,-0.06270820835630857,-0.00027968528699880607,-0.003342390374713929
1.0,8.0,67.0,2.859335698724533,2.8951706892935642,33.0,-0.06270972738474921,-0.0002812043154394458,-0.00315948195452013
1.0,9.0,67.0,2.814169804212059,2.918185199544742,33.0,-0.06271070295904305,-0.0002831188765212805,-0.0029270707934892664
1.0,10.0,67.0,2.761210818512732,2.9262281606329656,33.0,-0.06271104389639076,-0.00028536378308291997,-0.002654021046484031
1.0,11.0,67.0,2.113614080316483,2.926114080316483,33.0,-0.06271103906057966,-0.0003128151050384986,0.0006318569937680203
1.0,12.0,67.0,1.4631140803164828,2.926114080316483,33.0,-0.06271103906057966,-0.00034038949490006773,0.0038695959680859313
1.0,13.0,67.0,0.8126140803164827,2.926114080316483,33.0,-0.06271103906057966,-0.0003679638847616369,0.0070920436400696936
1.0,14.0,67.0,0.16501734212023322,2.9262281606329656,33.0,-0.06271104389639076,-0.00039541520671721554,0.01033254315279756
1.0,15.0,67.0,0.11205835642090678,2.918185199544742,33.0,-0.06271070295904305,-0.00039766011327885503,0.010600490844176512
1.0,16.0,67.0,0.06689246190843257,2.8951706892935642,33.0,-0.06270972738474921,-0.0003995746743606897,0.010828424758332279
1.0,17.0,67.0,0.0310574713394014,2.859335698724533,33.0,-0.06270820835630857,-0.0004010937028013294,0.011006788719535004
1.0,18.0,67.0,0.008042961088223777,2.8141698042120584,33.0,-0.06270629379522674,-0.00040206927709516345,0.01111665076947113
1.0,19.0,67.0,0.0,2.7612108185127324,33.0,-0.0627040488886651,-0.0004024102144428777,0.011145772263780072
1.0,20.0,67.0,0.0001140803164827453,2.113614080316483,33.0,-0.06267659756670953,-0.0004024053786317751,0.011022823439309267
1.0,21.0,67.0,0.0001140803164827453,1.4631140803164828,33.0,-0.06264902317684795,-0.0004024053786317751,0.010990278600902112
1.0,22.0,67.0,0.0001140803164827453,0.8126140803164827,33.0,-0.06262144878698638,-0.0004024053786317751,0.011051222917724167
1.0,23.0,67.0,0.0,0.16501734212023322,33.0,-0.0625939974650308,-0.0004024102144428777,0.011202484223845595
1.0,24.0,67.0,0.008042961088223777,0.11205835642090678,33.0,-0.06259175255846916,-0.00040206927709516345,0.011175844930634794
1.0,25.0,67.0,0.0310574713394014,0.06689246190843257,33.0,-0.06258983799738733,-0.0004010937028013294,0.011068429063051518
1.0,26.0,67.0,0.06689246190843257,0.0310574713394014,33.0,-0.06258831896894669,-0.0003995746743606897,0.01089235777449952
1.0,27.0,67.0,0.11205835642090678,0.008042961088223777,33.0,-0.06258734339465286,-0.00039766011327885503,0.0106663324875197
1.0,28.0,67.0,0.16501734212023322,0.0,33.0,-0.06258700245730514,-0.00039541520671721554,0.010399777773820073
1.0,29.0,67.0,0.8126140803164827,0.0001140803164827453,33.0,-0.06258700729311624,-0.0003679638847616369,0.007172021981381756
1.0,30.0,67.0,1.4631140803164828,0.0001140803164827453,33.0,-0.06258700729311624,-0.00034038949490006773,0.00396268978463164
1.0,31.0,67.0,2.113614080316483,0.0001140803164827453,33.0,-0.06258700729311624,-0.0003128151050384986,0.0007385060636265395
1.0,32.0,67.0,2.7612108185127324,0.0,33.0,-0.06258700245730514,-0.00028536378308291997,-0.002533378555926097
1.0,33.0,67.0,2.814169804212059,0.008042961088223777,33.0,-0.06258734339465286,-0.0002831188765212805,-0.002805303949320884
1.0,34.0,67.0,2.859335698724533,0.0310574713394014,33.0,-0.06258831896894669,-0.0002812043154394458,-0.003036870645942702
1.0,35.0,67.0,2.8951706892935642,0.06689246190843257,33.0,-0.06258983799738733,-0.00027968528699880607,-0.0032189961445723133
1.0,36.0,67.0,2.918185199544742,0.11205835642090678,33.0,-0.06259175255846916,-0.000278709712704972,-0.0033330946985947454
1.0,37.0,67.0,2.9262281606329656,0.16501734212023322,33.0,-0.0625939974650308,-0.0002783687753572578,-0.003366972787890496
1.0,38.0,67.0,2.926114080316483,0.29986408031648293,33.0,-0.06259971355500864,-0.0002783736111683604,-0.0033463760432417265
1.0,39.0,67.0,2.926114080316483,0.43761408031648275,33.0,-0.06260555271289248,-0.0002783736111683604,-0.003331747833148974
1.0,40.0,67.0,2.926114080316483,0.5753640803164828,33.0,-0.0626113918707763,-0.0002783736111683604,-0.003323029879319264
1.0,41.0,67.0,2.926114080316483,0.7131140803164828,33.0,-0.06261723102866013,-0.0002783736111683604,-0.0033200026253362024
2.0,1.0,67.0,5.9261140803164825,2.213114080316483,33.0,-0.06268081532503578,-0.0001512050184170807,-0.01329846949644543
2.0,2.0,67.0,5.9261140803164825,2.350864080316483,33.0,-0.0626866544829196,-0.0001512050184170807,-0.013298177832395619
2.0,3.0,67.0,5.9261140803164825,2.488614080316483,33.0,-0.06269249364080343,-0.0001512050184170807,-0.013303318355336326
2.0,4.0,67.0,5.9261140803164825,2.626364080316483,33.0,-0.06269833279868726,-0.0001512050184170807,-0.0133141309273203
2.0,5.0,67.0,5.926228160632966,2.7612108185127324,33.0,-0.0627040488886651,-0.00015120018260597815,-0.013330658573388332
2.0,6.0,67.0,5.918185199544742,2.8141698042120584,33.0,-0.06270629379522674,-0.0001515411199536924,-0.013295031126766598
2.0,7.0,67.0,5.895170689293565,2.859335698724533,33.0,-0.06270820835630857,-0.00015251669424752638,-0.01317904134400786
2.0,8.0,67.0,5.859335698724533,2.8951706892935642,33.0,-0.06270972738474921,-0.00015403572268816613,-0.01299476888391035
2.0,9.0,67.0,5.814169804212058,2.918185199544742,33.0,-0.06271070295904305,-0.00015595028377000082,-0.012761073760609653
2.0,10.0,67.0,5.7612108185127315,2.9262281606329656,33.0,-0.06271104389639076,-0.00015819519033164034,-0.012487279940704187
2.0,11.0,67.0,5.1136140803164825,2.926114080316483,33.0,-0.06271103906057966,-0.00018564651228721894,-0.009191396577205078
2.0,12.0,67.0,4.463114080316483,2.926114080316483,33.0,-0.06271103906057966,-0.00021322090214878804,-0.00594136076628112
2.0,13.0,67.0,3.8126140803164827,2.926114080316483,33.0,-0.06271103906057966,-0.00024079529201035722,-0.002706640105286315
2.0,14.0,67.0,3.1650173421202332,2.9262281606329656,33.0,-0.06271104389639076,-0.00026824661396593585,0.0005446104006671631
2.0,15.0,67.0,3.112058356420907,2.918185199544742,33.0,-0.06271070295904305,-0.00027049152052757534,0.0008131551983448656
2.0,16.0,67.0,3.0668924619084326,2.8951706892935642,33.0,-0.06270972738474921,-0.0002724060816094101,0.0010411872278837976
2.0,17.0,67.0,3.0310574713394014,2.859335698724533,33.0,-0.06270820835630857,-0.00027392511005004975,0.001219458475585373
2.0,18.0,67.0,3.0080429610882238,2.8141698042120584,33.0,-0.06270629379522674,-0.0002749006843438838,0.0013290687436760002
2.0,19.0,67.0,3.0,2.7612108185127324,33.0,-0.0627040488886651,-0.00027524162169159807,0.0013575183135093455
2.0,20.0,67.0,3.0001140803164827,2.113614080316483,33.0,-0.06267659756670953,-0.0002752367858804955,0.0012262287618873538
2.0,21.0,67.0,3.0001140803164827,1.4631140803164828,33.0,-0.06264902317684795,-0.0002752367858804955,0.0011820997547453687
2.0,22.0,67.0,3.0001140803164827,0.8126140803164827,33.0,-0.06262144878698638,-0.0002752367858804955,0.0012277477319279616
2.0,23.0,67.0,3.0,0.16501734212023322,33.0,-0.0625939974650308,-0.00027524162169159807,0.0013602164716135445
2.0,24.0,67.0,3.0080429610882238,0.11205835642090678,33.0,-0.06259175255846916,-0.0002749006843438838,0.001331878161832953
2.0,25.0,67.0,3.0310574713394014,0.06689246190843257,33.0,-0.06258983799738733,-0.00027392511005004975,0.001222953380832412
2.0,26.0,67.0,3.0668924619084326,0.0310574713394014,33.0,-0.06258831896894669,-0.0002724060816094101,0.0010455703101944626
2.0,27.0,67.0,3.112058356420907,0.008042961088223777,33.0,-0.06258734339465286,-0.00027049152052757534,0.0008185181952844545
2.0,28.0,67.0,3.1650173421202332,0.0,33.0,-0.06258700245730514,-0.00026824661396593585,0.0005512460533659358
2.0,29.0,67.0,3.8126140803164827,0.0001140803164827453,33.0,-0.06258700729311624,-0.00024079529201035722,-0.0026845593815098085
2.0,30.0,67.0,4.463114080316483,0.0001140803164827453,33.0,-0.06258700729311624,-0.00021322090214878804,-0.005904384870146075
2.0,31.0,67.0,5.1136140803164825,0.0001140803164827453,33.0,-0.06258700729311624,-0.00018564651228721894,-0.009139924879740947
2.0,32.0,67.0,5.761210818512732,0.0,33.0,-0.06258700245730514,-0.00015819519033164034,-0.012421511919230046
2.0,33.0,67.0,5.814169804212058,0.008042961088223777,33.0,-0.06258734339465286,-0.00015595028377000082,-0.012693778409278916
2.0,34.0,67.0,5.859335698724533,0.0310574713394014,33.0,-0.06258831896894669,-0.00015403572268816613,-0.01292544591449765
2.0,35.0,67.0,5.895170689293565,0.06689246190843257,33.0,-0.06258983799738733,-0.00015251669424752638,-0.013107313526862653
2.0,36.0,67.0,5.918185199544742,0.11205835642090678,33.0,-0.06259175255846916,-0.0001515411199536924,-0.013220748699436605
2.0,37.0,67.0,5.926228160632966,0.16501734212023322,33.0,-0.0625939974650308,-0.00015120018260597815,-0.013253779328813164
2.0,38.0,67.0,5.9261140803164825,0.29986408031648293,33.0,-0.06259971355500864,-0.0001512050184170807,-0.01323104703082798
2.0,39.0,67.0,5.9261140803164825,0.43761408031648275,33.0,-0.06260555271289248,-0.0001512050184170807,-0.013213865145340179
2.0,40.0,67.0,5.9261140803164825,0.5753640803164828,33.0,-0.0626113918707763,-0.0001512050184170807,-0.013202317035543264
2.0,41.0,67.0,5.9261140803164825,0.7131140803164828,33.0,-0.06261723102866013,-0.0001512050184170807,-0.013196157513799258
1.0,1.0,68.0,2.926114080316483,2.213114080316483,33.5,-0.05995603571475158,-0.0002775347426572497,-0.003389820552099707
1.0,2.0,68.0,2.926114080316483,2.350864080316483,33.5,-0.05996133388199377,-0.0002775347426572497,-0.00339343047995162
1.0,3.0,68.0,2.926114080316483,2.488614080316483,33.5,-0.059966632049235954,-0.0002775347426572497,-0.0034028887528319194
1.0,4.0,68.0,2.926114080316483,2.626364080316483,33.5,-0.05997193021647814,-0.0002775347426572497,-0.0034185200930966957
1.0,5.0,68.0,2.9262281606329656,2.7612108185127324,33.5,-0.0599771167179012,-0.00027753035487797006,-0.003440236132375482
1.0,6.0,68.0,2.918185199544742,2.8141698042120584,33.5,-0.059979153636690395,-0.0002778397048087708,-0.003405627825627328
1.0,7.0,68.0,2.8951706892935642,2.859335698724533,33.5,-0.059980890816093445,-0.0002787248933699885,-0.0032894463029682027
1.0,8.0,68.0,2.859335698724533,2.8951706892935642,33.5,-0.05998226910845756,-0.0002801031857341038,-0.0031031316467409653
1.0,9.0,68.0,2.814169804212059,2.918185199544742,33.5,-0.05998315429701878,-0.0002818403651371529,-0.0028657922813537626
1.0,10.0,68.0,2.761210818512732,2.9262281606329656,33.5,-0.05998346364694958,-0.00028387728392634753,-0.0025876837861057394
1.0,11.0,68.0,2.113614080316483,2.926114080316483,33.5,-0.0599834592591703,-0.0003087852753924657,0.0007619426779899429
1.0,12.0,68.0,1.4631140803164828,2.926114080316483,33.5,-0.0599834592591703,-0.0003338049326777064,0.0040626169844770015
1.0,13.0,68.0,0.8126140803164827,2.926114080316483,33.5,-0.0599834592591703,-0.00035882458996294703,0.007348350993912855
1.0,14.0,68.0,0.16501734212023322,2.9262281606329656,33.5,-0.05998346364694958,-0.00038373258142906523,0.010653180827370712
1.0,15.0,68.0,0.11205835642090678,2.918185199544742,33.5,-0.05998315429701878,-0.0003857695002182599,0.010926479556579225
1.0,16.0,68.0,0.06689246190843257,2.8951706892935642,33.5,-0.05998226910845756,-0.00038750667962130896,0.011158991706648691
1.0,17.0,68.0,0.0310574713394014,2.859335698724533,33.5,-0.059980890816093445,-0.00038888497198542426,0.011340969118555455
1.0,18.0,68.0,0.008042961088223777,2.8141698042120584,33.5,-0.059979153636690395,-0.00038977016054664196,0.011453099403815956
1.0,19.0,68.0,0.0,2.7612108185127324,33.5,-0.0599771167179012,-0.0003900795104774427,0.011482901987601461
1.0,20.0,68.0,0.0001140803164827453,2.113614080316483,33.5,-0.059952208726435086,-0.0003900751226981631,0.011358768180506075
1.0,21.0,68.0,0.0001140803164827453,1.4631140803164828,33.5,-0.059927189069149844,-0.0003900751226981631,0.0113265167614969
1.0,22.0,68.0,0.0001140803164827453,0.8126140803164827,33.5,-0.0599021694118646,-0.0003900751226981631,0.011389131773643089
1.0,23.0,68.0,0.0,0.16501734212023322,33.5,-0.05987726142039849,-0.0003900795104774427,0.011543598189153164
1.0,24.0,68.0,0.008042961088223777,0.11205835642090678,33.5,-0.059875224501609293,-0.00038977016054664196,0.011516442296318301
1.0,25.0,68.0,0.0310574713394014,0.06689246190843257,33.5,-0.059873487322206244,-0.00038888497198542426,0.011406887699060477
1.0,26.0,68.0,0.06689246190843257,0.0310574713394014,33.5,-0.05987210902984213,-0.00038750667962130896,0.01122729324077503
1.0,27.0,68.0,0.11205835642090678,0.008042961088223777,33.5,-0.05987122384128091,-0.0003857695002182599,0.010996731473379838
1.0,28.0,68.0,0.16501734212023322,0.0,33.5,-0.05987091449135011,-0.00038373258142906523,0.010724813326271001
1.0,29.0,68.0,0.8126140803164827,0.0001140803164827453,33.5,-0.05987091887912939,-0.00035882458996294703,0.007432329054177478
1.0,30.0,68.0,1.4631140803164828,0.0001140803164827453,33.5,-0.05987091887912939,-0.0003338049326777064,0.00415942344873901
1.0,31.0,68.0,2.113614080316483,0.0001140803164827453,33.5,-0.05987091887912939,-0.0003087852753924657,0.0008720989979821525
1.0,32.0,68.0,2.7612108185127324,0.0,33.5,-0.05987091449135011,-0.00028387728392634753,-0.002463765570173877
1.0,33.0,68.0,2.814169804212059,0.008042961088223777,33.5,-0.05987122384128091,-0.0002818403651371529,-0.002740771362740426
1.0,34.0,68.0,2.859335698724533,0.0310574713394014,33.5,-0.05987210902984213,-0.0002801031857341038,-0.0029771968966996742
1.0,35.0,68.0,2.8951706892935642,0.06689246190843257,33.5,-0.059873487322206244,-0.0002787248933699885,-0.0031631648800147685
1.0,36.0,68.0,2.918185199544742,0.11205835642090678,33.5,-0.059875224501609293,-0.0002778397048087708,-0.003279377377390784
1.0,37.0,68.0,2.9262281606329656,0.16501734212023322,33.5,-0.05987726142039849,-0.00027753035487797006,-0.0033138054543760498
1.0,38.0,68.0,2.926114080316483,0.29986408031648293,33.5,-0.05988244792182155,-0.0002775347426572497,-0.0032931147066688473
1.0,39.0,68.0,2.926114080316483,0.43761408031648275,33.5,-0.059887746089063734,-0.0002775347426572497,-0.0032783070390765
1.0,40.0,68.0,2.926114080316483,0.5753640803164828,33.5,-0.05989304425630592,-0.0002775347426572497,-0.003269667470912918
1.0,41.0,68.0,2.926114080316483,0.7131140803164828,33.5,-0.05989834242354811,-0.0002775347426572497,-0.003266893359797399
2.0,1.0,68.0,5.9261140803164825,2.213114080316483,33.5,-0.05995603571475158,-0.0001621481602502981,-0.013683563071370483
2.0,2.0,68.0,5.9261140803164825,2.350864080316483,33.5,-0.05996133388199377,-0.0001621481602502981,-0.013683762561887846
2.0,3.0,68.0,5.9261140803164825,2.488614080316483,33.5,-0.059966632049235954,-0.0001621481602502981,-0.013689476455980835
2.0,4.0,68.0,5.9261140803164825,2.626364080316483,33.5,-0.05997193021647814,-0.0001621481602502981,-0.013700948729805516
2.0,5.0,68.0,5.926228160632966,2.7612108185127324,33.5,-0.0599771167179012,-0.0001621437724710185,-0.01371821935995998
2.0,6.0,68.0,5.918185199544742,2.8141698042120584,33.5,-0.059979153636690395,-0.00016245312240181924,-0.013682045258505365
2.0,7.0,68.0,5.895170689293565,2.859335698724533,33.5,-0.059980890816093445,-0.0001633383109630369,-0.013563886535261365
2.0,8.0,68.0,5.859335698724533,2.8951706892935642,33.5,-0.05998226910845756,-0.00016471660332715223,-0.013376054910296987
2.0,9.0,68.0,5.814169804212058,2.918185199544742,33.5,-0.05998315429701878,-0.00016645378273020132,-0.013137774758576958
2.0,10.0,68.0,5.7612108185127315,2.9262281606329656,33.5,-0.05998346364694958,-0.00016849070151939597,-0.012858542841212097
2.0,11.0,68.0,5.1136140803164825,2.926114080316483,33.5,-0.0599834592591703,-0.00019339869298551414,-0.009496745945998895
2.0,12.0,68.0,4.463114080316483,2.926114080316483,33.5,-0.0599834592591703,-0.00021841835027075477,-0.006181679813326607
2.0,13.0,68.0,3.8126140803164827,2.926114080316483,33.5,-0.0599834592591703,-0.00024343800755599547,-0.002882223259363579
2.0,14.0,68.0,3.1650173421202332,2.9262281606329656,33.5,-0.05998346364694958,-0.00026834599902211364,0.0004341362127140646
2.0,15.0,68.0,3.112058356420907,2.918185199544742,33.5,-0.05998315429701878,-0.0002703829178113083,0.0007080993642249557
2.0,16.0,68.0,3.0668924619084326,2.8951706892935642,33.5,-0.05998226910845756,-0.0002721200972143574,0.0009409708338504586
2.0,17.0,68.0,3.0310574713394014,2.859335698724533,33.5,-0.059980890816093445,-0.0002734983895784727,0.0011227796293810958
2.0,18.0,68.0,3.0080429610882238,2.8141698042120584,33.5,-0.059979153636690395,-0.00027438357813969037,0.0012343784243217997
2.0,19.0,68.0,3.0,2.7612108185127324,33.5,-0.0599771167179012,-0.0002746929280704911,0.0012639233919227537
2.0,20.0,68.0,3.0001140803164827,2.113614080316483,33.5,-0.059952208726435086,-0.00027468854029121155,0.0011322378742260112
2.0,21.0,68.0,3.0001140803164827,1.4631140803164828,33.5,-0.059927189069149844,-0.00027468854029121155,0.001088867060106191
2.0,22.0,68.0,3.0001140803164827,0.8126140803164827,33.5,-0.0599021694118646,-0.00027468854029121155,0.0011361950737682489
2.0,23.0,68.0,3.0,0.16501734212023322,33.5,-0.05987726142039849,-0.0002746929280704911,0.0012715758927451632
2.0,24.0,68.0,3.0080429610882238,0.11205835642090678,33.5,-0.059875224501609293,-0.00027438357813969037,0.0012426939081114786
2.0,25.0,68.0,3.0310574713394014,0.06689246190843257,33.5,-0.059873487322206244,-0.0002734983895784727,0.0011315777984709202
2.0,26.0,68.0,3.0668924619084326,0.0310574713394014,33.5,-0.05987210902984213,-0.0002721200972143574,0.0009506304850476447
2.0,27.0,68.0,3.112058356420907,0.008042961088223777,33.5,-0.05987122384128091,-0.0002703829178113083,0.000718997326010815
2.0,28.0,68.0,3.1650173421202332,0.0,33.5,-0.05987091449135011,-0.00026834599902211364,0.0004462777492209859
2.0,29.0,68.0,3.8126140803164827,0.0001140803164827453,33.5,-0.05987091887912939,-0.00024343800755599547,-0.0028554557404300404
2.0,30.0,68.0,4.463114080316483,0.0001140803164827453,33.5,-0.05987091887912939,-0.00021841835027075477,-0.006140652540145998
2.0,31.0,68.0,5.1136140803164825,0.0001140803164827453,33.5,-0.05987091887912939,-0.00019339869298551414,-0.009441767512617638
2.0,32.0,68.0,5.761210818512732,0.0,33.5,-0.05987091449135011,-0.00016849070151939597,-0.012789735930711458
2.0,33.0,68.0,5.814169804212058,0.008042961088223777,33.5,-0.05987122384128091,-0.00016645378273020132,-0.013067527957157203
2.0,34.0,68.0,5.859335698724533,0.0310574713394014,33.5,-0.05987210902984213,-0.00016471660332715223,-0.013303957807725664
2.0,35.0,68.0,5.895170689293565,0.06689246190843257,33.5,-0.059873487322206244,-0.0001633383109630369,-0.013489636882817563
2.0,36.0,68.0,5.918185199544742,0.11205835642090678,33.5,-0.059875224501609293,-0.00016245312240181924,-0.013605544007944084
2.0,37.0,68.0,5.926228160632966,0.16501734212023322,33.5,-0.05987726142039849,-0.0001621437724710185,-0.013639463518834997
2.0,38.0,68.0,5.9261140803164825,0.29986408031648293,33.5,-0.05988244792182155,-0.0001621481602502981,-0.013616845413104782
2.0,39.0,68.0,5.9261140803164825,0.43761408031648275,33.5,-0.059887746089063734,-0.0001621481602502981,-0.013599882328557692
2.0,40.0,68.0,5.9261140803164825,0.5753640803164828,33.5,-0.05989304425630592,-0.0001621481602502981,-0.013588646092201895
2.0,41.0,68.0,5.9261140803164825,0.7131140803164828,33.5,-0.05989834242354811,-0.0001621481602502981,-0.013582886251161894
1.0,1.0,69.0,2.926114080316483,2.213114080316483,34.0,-0.05718209430748811,-0.0002754738501606488,-0.0033081891197552296
1.0,2.0,69.0,2.926114080316483,2.350864080316483,34.0,-0.05718687123806785,-0.0002754738501606488,-0.003312180280169636
1.0,3.0,69.0,2.926114080316483,2.488614080316483,34.0,-0.0571916481686476,-0.0002754738501606488,-0.003322287429771975
1.0,4.0,69.0,2.926114080316483,2.626364080316483,34.0,-0.057196425099227344,-0.0002754738501606488,-0.003338639192958218
1.0,5.0,69.0,2.9262281606329656,2.7612108185127324,34.0,-0.05720110134973383,-0.00027546989405355366,-0.003361129592833948
1.0,6.0,69.0,2.918185199544742,2.8141698042120584,34.0,-0.057202937875311034,-0.00027574880996479893,-0.0033268889634253725
1.0,7.0,69.0,2.8951706892935642,2.859335698724533,34.0,-0.05720450415003087,-0.0002765469131792942,-0.0032081911299440217
1.0,8.0,69.0,2.859335698724533,2.8951706892935642,34.0,-0.0572057468452198,-0.0002777896083682169,-0.0030189752638319035
1.0,9.0,69.0,2.814169804212059,2.918185199544742,34.0,-0.05720654494843429,-0.00027935588308805864,-0.0027787244002793273
1.0,10.0,69.0,2.761210818512732,2.9262281606329656,34.0,-0.057206823864345537,-0.00028119240866525955,-0.0024958674606303413
1.0,11.0,69.0,2.113614080316483,2.926114080316483,34.0,-0.05720681990823844,-0.00030364993797221543,0.0009061040033608865
1.0,12.0,69.0,1.4631140803164828,2.926114080316483,34.0,-0.05720681990823844,-0.0003262081473524297,0.004258623893850379
1.0,13.0,69.0,0.8126140803164827,2.926114080316483,34.0,-0.05720681990823844,-0.00034876635673264405,0.007596975840999769
1.0,14.0,69.0,0.16501734212023322,2.9262281606329656,34.0,-0.057206823864345537,-0.00037122388603959993,0.010955756220555349
1.0,15.0,69.0,0.11205835642090678,2.918185199544742,34.0,-0.05720654494843429,-0.00037306041161680085,0.011233559605895558
1.0,16.0,69.0,0.06689246190843257,2.8951706892935642,34.0,-0.0572057468452198,-0.0003746266863366426,0.011469932648555104
1.0,17.0,69.0,0.0310574713394014,2.859335698724533,34.0,-0.05720450415003087,-0.0003758693815255653,0.011654968650814201
1.0,18.0,69.0,0.008042961088223777,2.8141698042120584,34.0,-0.057202937875311034,-0.0003766674847400605,0.011769039342718373
1.0,19.0,69.0,0.0,2.7612108185127324,34.0,-0.05720110134973383,-0.0003769464006513058,0.011799463122693506
1.0,20.0,69.0,0.0001140803164827453,2.113614080316483,34.0,-0.057178643820426873,-0.0003769424445442107,0.011674917719186577
1.0,21.0,69.0,0.0001140803164827453,1.4631140803164828,34.0,-0.05715608561104666,-0.0003769424445442107,0.011643242360332618
1.0,22.0,69.0,0.0001140803164827453,0.8126140803164827,34.0,-0.05713352740166645,-0.0003769424445442107,0.011707221690150746
1.0,23.0,69.0,0.0,0.16501734212023322,34.0,-0.05711106987235949,-0.0003769464006513058,0.011864096146860105
1.0,24.0,69.0,0.008042961088223777,0.11205835642090678,34.0,-0.057109233346782286,-0.0003766674847400605,0.011836481493419303
1.0,25.0,69.0,0.0310574713394014,0.06689246190843257,34.0,-0.05710766707206245,-0.0003758693815255653,0.011725113124985856
1.0,26.0,69.0,0.06689246190843257,0.0310574713394014,34.0,-0.05710642437687352,-0.0003746266863366426,0.01154254691881045
1.0,27.0,69.0,0.11205835642090678,0.008042961088223777,34.0,-0.05710562627365903,-0.00037306041161680085,0.011308162963297473
1.0,28.0,69.0,0.16501734212023322,0.0,34.0,-0.057105347357747784,-0.00037122388603959993,0.011031725185978692
1.0,29.0,69.0,0.8126140803164827,0.0001140803164827453,34.0,-0.05710535131385488,-0.00034876635673264405,0.007684857860965918
1.0,30.0,69.0,1.4631140803164828,0.0001140803164827453,34.0,-0.05710535131385488,-0.0003262081473524297,0.004359034047305392
1.0,31.0,69.0,2.113614080316483,0.0001140803164827453,34.0,-0.05710535131385488,-0.00030364993797221543,0.0010196452760983822
1.0,32.0,69.0,2.7612108185127324,0.0,34.0,-0.057105347357747784,-0.0002811924086652595,-0.002368721013255818
1.0,33.0,69.0,2.814169804212059,0.008042961088223777,34.0,-0.05710562627365903,-0.00027935588308805864,-0.002650604896782843
1.0,34.0,69.0,2.859335698724533,0.0310574713394014,34.0,-0.05710642437687352,-0.0002777896083682169,-0.002890362027207191
1.0,35.0,69.0,2.8951706892935642,0.06689246190843257,34.0,-0.05710766707206245,-0.0002765469131792942,-0.00307899224421944
1.0,36.0,69.0,2.918185199544742,0.11205835642090678,34.0,-0.057109233346782286,-0.00027574880996479893,-0.0031973939056706147
1.0,37.0,69.0,2.9262281606329656,0.16501734212023322,34.0,-0.05711106987235949,-0.00027546989405355366,-0.0032326897951470723
1.0,38.0,69.0,2.926114080316483,0.29986408031648293,34.0,-0.057115746122865976,-0.0002754738501606488,-0.003211376633647166
1.0,39.0,69.0,2.926114080316483,0.43761408031648275,34.0,-0.05712052305344572,-0.0002754738501606488,-0.0031965771384136997
1.0,40.0,69.0,2.926114080316483,0.5753640803164828,34.0,-0.05712529998402547,-0.0002754738501606488,-0.003187981172377839
1.0,41.0,69.0,2.926114080316483,0.7131140803164828,34.0,-0.05713007691460521,-0.0002754738501606488,-0.003185421163992941
2.0,1.0,69.0,5.9261140803164825,2.213114080316483,34.0,-0.05718209430748811,-0.00017143906439486415,-0.01404206421537045
2.0,2.0,69.0,5.9261140803164825,2.350864080316483,34.0,-0.05718687123806785,-0.00017143906439486415,-0.014042753853836272
2.0,3.0,69.0,5.9261140803164825,2.488614080316483,34.0,-0.0571916481686476,-0.00017143906439486415,-0.014049006013824132
2.0,4.0,69.0,5.9261140803164825,2.626364080316483,34.0,-0.057196425099227344,-0.00017143906439486415,-0.014061074525013538
2.0,5.0,69.0,5.926228160632966,2.7612108185127324,34.0,-0.05720110134973383,-0.00017143510828776903,-0.01407899663324468
2.0,6.0,69.0,5.918185199544742,2.8141698042120584,34.0,-0.057202937875311034,-0.00017171402419901432,-0.014042371812451755
2.0,7.0,69.0,5.895170689293565,2.859335698724533,34.0,-0.05720450415003087,-0.00017251212741350953,-0.013922406110611464
2.0,8.0,69.0,5.859335698724533,2.8951706892935642,34.0,-0.0572057468452198,-0.00017375482260243227,-0.013731603065144794
2.0,9.0,69.0,5.814169804212058,2.918185199544742,34.0,-0.05720654494843429,-0.000175321097322274,-0.013489481369545819
2.0,10.0,69.0,5.7612108185127315,2.9262281606329656,34.0,-0.057206823864345537,-0.00017715762289947492,-0.013205681684640848
2.0,11.0,69.0,5.1136140803164825,2.926114080316483,34.0,-0.05720681990823844,-0.0001996151522064308,-0.00978846000898712
2.0,12.0,69.0,4.463114080316483,2.926114080316483,34.0,-0.05720681990823844,-0.00022217336158664508,-0.00641875706676765
2.0,13.0,69.0,3.8126140803164827,2.926114080316483,34.0,-0.05720681990823844,-0.0002447315709668594,-0.0030649865605283048
2.0,14.0,69.0,3.1650173421202332,2.9262281606329656,34.0,-0.057206823864345537,-0.0002671891002738153,0.00030620236003117273
2.0,15.0,69.0,3.112058356420907,2.918185199544742,34.0,-0.05720654494843429,-0.0002690256258510162,0.0005846794516488774
2.0,16.0,69.0,3.0668924619084326,2.8951706892935642,34.0,-0.0572057468452198,-0.000270591900570858,0.0008211625905761779
2.0,17.0,69.0,3.0310574713394014,2.859335698724533,34.0,-0.05720450415003087,-0.0002718345957597807,0.0010063611700444428
2.0,18.0,69.0,3.0080429610882238,2.8141698042120584,34.0,-0.057202937875311034,-0.0002726326989742759,0.0011205921764006655
2.0,19.0,69.0,3.0,2.7612108185127324,34.0,-0.05720110134973383,-0.0002729116148855212,0.0011502634220198335
2.0,20.0,69.0,3.0001140803164827,2.113614080316483,34.0,-0.057178643820426873,-0.0002729076587784261,0.0010192583980649893
2.0,21.0,69.0,3.0001140803164827,1.4631140803164828,34.0,-0.05715608561104666,-0.0002729076587784261,0.0009770263002772553
2.0,22.0,69.0,3.0001140803164827,0.8126140803164827,34.0,-0.05713352740166645,-0.0002729076587784261,0.0010256764014398838
2.0,23.0,69.0,3.0,0.16501734212023322,34.0,-0.05711106987235949,-0.0002729116148855212,0.0011630619257578456
2.0,24.0,69.0,3.0080429610882238,0.11205835642090678,34.0,-0.057109233346782286,-0.0002726326989742759,0.0011336733326219625
2.0,25.0,69.0,3.0310574713394014,0.06689246190843257,34.0,-0.05710766707206245,-0.0002718345957597807,0.0010207305606660564
2.0,26.0,69.0,3.0668924619084326,0.0310574713394014,34.0,-0.05710642437687352,-0.000270591900570858,0.0008367568130862215
2.0,27.0,69.0,3.112058356420907,0.008042961088223777,34.0,-0.05710562627365903,-0.0002690256258510162,0.0006012218477157868
2.0,28.0,69.0,3.1650173421202332,0.0,34.0,-0.057105347357747784,-0.0002671891002738153,0.00032391918154214274
2.0,29.0,69.0,3.8126140803164827,0.0001140803164827453,34.0,-0.05710535131385488,-0.0002447315709668594,-0.0030334143980088185
2.0,30.0,69.0,4.463114080316483,0.0001140803164827453,34.0,-0.05710535131385488,-0.00022217336158664508,-0.006373614413752011
2.0,31.0,69.0,5.1136140803164825,0.0001140803164827453,34.0,-0.05710535131385488,-0.0001996151522064308,-0.009729961221389026
2.0,32.0,69.0,5.761210818512732,0.0,34.0,-0.057105347357747784,-0.00017715762289947492,-0.013133885283552582
2.0,33.0,69.0,5.814169804212058,0.008042961088223777,34.0,-0.05710562627365903,-0.000175321097322274,-0.013416337287800485
2.0,34.0,69.0,5.859335698724533,0.0310574713394014,34.0,-0.05710642437687352,-0.00017375482260243227,-0.01365679384407096
2.0,35.0,69.0,5.895170689293565,0.06689246190843257,34.0,-0.05710766707206245,-0.00017251212741350953,-0.013845707376759143
2.0,36.0,69.0,5.918185199544742,0.11205835642090678,34.0,-0.057109233346782286,-0.00017171402419901432,-0.013963735643352123
2.0,37.0,69.0,5.926228160632966,0.16501734212023322,34.0,-0.05711106987235949,-0.00017143510828776903,-0.01399845928189978
2.0,38.0,69.0,5.9261140803164825,0.29986408031648293,34.0,-0.057115746122865976,-0.00017143906439486415,-0.013976074610350121
2.0,39.0,69.0,5.9261140803164825,0.43761408031648275,34.0,-0.05712052305344572,-0.00017143906439486415,-0.013959421790273568
2.0,40.0,69.0,5.9261140803164825,0.5753640803164828,34.0,-0.05712529998402547,-0.00017143906439486415,-0.013948557218410616
2.0,41.0,69.0,5.9261140803164825,0.7131140803164828,34.0,-0.05713007691460521,-0.00017143906439486415,-0.013943229240955307
1.0,1.0,70.0,2.926114080316483,2.213114080316483,34.5,-0.05436790294579407,-0.0002721788323624238,-0.0031972539192947785
1.0,2.0,70.0,2.926114080316483,2.350864080316483,34.5,-0.05437217953076301,-0.0002721788323624238,-0.003201757334640628
1.0,3.0,70.0,2.926114080316483,2.488614080316483,34.5,-0.05437645611573195,-0.0002721788323624238,-0.0032123696989187957
1.0,4.0,70.0,2.926114080316483,2.626364080316483,34.5,-0.05438073270070089,-0.0002721788323624238,-0.003229584590431628
1.0,5.0,70.0,2.9262281606329656,2.7612108185127324,34.5,-0.05438491915103614,-0.00027217529062618625,-0.0032532674546562764
1.0,6.0,70.0,2.918185199544742,2.8141698042120584,34.5,-0.054386563315117535,-0.0002724249923067356,-0.003217696599985585
1.0,7.0,70.0,2.8951706892935642,2.859335698724533,34.5,-0.05438796553497656,-0.00027313950053619256,-0.003099147031233844
1.0,8.0,70.0,2.859335698724533,2.8951706892935642,34.5,-0.05438907806769547,-0.00027425203325510093,-0.0029079046703423574
1.0,9.0,70.0,2.814169804212059,2.918185199544742,34.5,-0.054389792575924925,-0.00027565425311412657,-0.00266358408526173
1.0,10.0,70.0,2.761210818512732,2.9262281606329656,34.5,-0.05439004227760547,-0.00027729841719552074,-0.002378025621737821
1.0,11.0,70.0,2.113614080316483,2.926114080316483,34.5,-0.054390038735869235,-0.0002974036983316709,0.0010645043915415028
1.0,12.0,70.0,1.4631140803164828,2.926114080316483,34.5,-0.054390038735869235,-0.0003175991141015112,0.0044574014809687715
1.0,13.0,70.0,0.8126140803164827,2.926114080316483,34.5,-0.054390038735869235,-0.0003377945298713515,0.007837541088267405
1.0,14.0,70.0,0.16501734212023322,2.9262281606329656,34.5,-0.05439004227760547,-0.0003578998110075016,0.011239872867160168
1.0,15.0,70.0,0.11205835642090678,2.918185199544742,34.5,-0.054389792575924925,-0.0003595439750888958,0.011521332390136004
1.0,16.0,70.0,0.06689246190843257,2.8951706892935642,34.5,-0.05438907806769547,-0.0003609461949479214,0.011760854207754958
1.0,17.0,70.0,0.0310574713394014,2.859335698724533,34.5,-0.05438796553497656,-0.0003620587276668298,0.01194840405020819
1.0,18.0,70.0,0.008042961088223777,2.8141698042120584,34.5,-0.054386563315117535,-0.00036277323589628676,0.012064095971630138
1.0,19.0,70.0,0.0,2.7612108185127324,34.5,-0.05438491915103614,-0.0003630229375768361,0.012095090899875514
1.0,20.0,70.0,0.0001140803164827453,2.113614080316483,34.5,-0.05436481386989999,-0.00036301939584059854,0.01197108327321883
1.0,21.0,70.0,0.0001140803164827453,1.4631140803164828,34.5,-0.05434461845413015,-0.00036301939584059854,0.011940328734776982
1.0,22.0,70.0,0.0001140803164827453,0.8126140803164827,34.5,-0.054324423038360305,-0.00036301939584059854,0.012005290174556524
1.0,23.0,70.0,0.0,0.16501734212023322,34.5,-0.054304317757224156,-0.0003630229375768361,0.012163582717951498
1.0,24.0,70.0,0.008042961088223777,0.11205835642090678,34.5,-0.05430267359314276,-0.00036277323589628676,0.012135555341444722
1.0,25.0,70.0,0.0310574713394014,0.06689246190843257,34.5,-0.054301271373283735,-0.0003620587276668298,0.012022688894255576
1.0,26.0,70.0,0.06689246190843257,0.0310574713394014,34.5,-0.05430015884056483,-0.0003609461949479214,0.01183769254144834
1.0,27.0,70.0,0.11205835642090678,0.008042961088223777,34.5,-0.05429944433233537,-0.0003595439750888958,0.011600194989867784
1.0,28.0,70.0,0.16501734212023322,0.0,34.5,-0.05429919463065482,-0.0003578998110075016,0.011320082253230107
1.0,29.0,70.0,0.8126140803164827,0.0001140803164827453,34.5,-0.05429919817239106,-0.0003377945298713515,0.007929205634483894
1.0,30.0,70.0,1.4631140803164828,0.0001140803164827453,34.5,-0.05429919817239106,-0.0003175991141015112,0.004561274242916751
1.0,31.0,70.0,2.113614080316483,0.0001140803164827453,34.5,-0.05429919817239106,-0.0002974036983316709,0.0011813360280923143
1.0,32.0,70.0,2.7612108185127324,0.0,34.5,-0.05429919463065482,-0.00027729841719552074,-0.0022477876657416604
1.0,33.0,70.0,2.814169804212059,0.008042961088223777,34.5,-0.05429944433233537,-0.00027565425311412657,-0.002532289040186097
1.0,34.0,70.0,2.859335698724533,0.0310574713394014,34.5,-0.05430015884056483,-0.00027425203325510093,-0.0027758001376476543
1.0,35.0,70.0,2.8951706892935642,0.06689246190843257,34.5,-0.054301271373283735,-0.00027313950053619256,-0.00296732619753878
1.0,36.0,70.0,2.918185199544742,0.11205835642090678,34.5,-0.05430267359314276,-0.0002724249923067356,-0.0030866998164975567
1.0,37.0,70.0,2.9262281606329656,0.16501734212023322,34.5,-0.054304317757224156,-0.00027217529062618625,-0.0031218464880188577
1.0,38.0,70.0,2.926114080316483,0.29986408031648293,34.5,-0.05430850420755941,-0.0002721788323624238,-0.003100775566359531
1.0,39.0,70.0,2.926114080316483,0.43761408031648275,34.5,-0.054312780792528347,-0.0002721788323624238,-0.0030855786192267322
1.0,40.0,70.0,2.926114080316483,0.5753640803164828,34.5,-0.054317057377497285,-0.0002721788323624238,-0.0030770543487083596
1.0,41.0,70.0,2.926114080316483,0.7131140803164828,34.5,-0.054321333962466224,-0.0002721788323624238,-0.003074784831631951
2.0,1.0,70.0,5.9261140803164825,2.213114080316483,34.5,-0.05436790294579407,-0.00017904086570674226,-0.014373754134092425
2.0,2.0,70.0,5.9261140803164825,2.350864080316483,34.5,-0.05437217953076301,-0.00017904086570674226,-0.014374914667551196
2.0,3.0,70.0,5.9261140803164825,2.488614080316483,34.5,-0.05437645611573195,-0.00017904086570674226,-0.014381655593787438
2.0,4.0,70.0,5.9261140803164825,2.626364080316483,34.5,-0.05438073270070089,-0.00017904086570674226,-0.01439422963843496
2.0,5.0,70.0,5.926228160632966,2.7612108185127324,34.5,-0.05438491915103614,-0.00017903732397050472,-0.014412680259407758
2.0,6.0,70.0,5.918185199544742,2.8141698042120584,34.5,-0.054386563315117535,-0.00017928702565105404,-0.01437569833899358
2.0,7.0,70.0,5.895170689293565,2.859335698724533,34.5,-0.05438796553497656,-0.000180001533880511,-0.014254281031641718
2.0,8.0,70.0,5.859335698724533,2.8951706892935642,34.5,-0.05438907806769547,-0.0001811140665994194,-0.014061082494022752
2.0,9.0,70.0,5.814169804212058,2.918185199544742,34.5,-0.054389792575924925,-0.00018251628645844502,-0.013815866891655088
2.0,10.0,70.0,5.7612108185127315,2.9262281606329656,34.5,-0.05439004227760547,-0.0001841604505398392,-0.01352838134439078
2.0,11.0,70.0,5.1136140803164825,2.926114080316483,34.5,-0.054390038735869235,-0.00020426573167598935,-0.010066284486655357
2.0,12.0,70.0,4.463114080316483,2.926114080316483,34.5,-0.054390038735869235,-0.0002244611474458296,-0.006652514124753815
2.0,13.0,70.0,3.8126140803164827,2.926114080316483,34.5,-0.054390038735869235,-0.0002446565632156699,-0.003255063964947534
2.0,14.0,70.0,3.1650173421202332,2.9262281606329656,34.5,-0.05439004227760547,-0.00026476184435182004,0.0001602980830594097
2.0,15.0,70.0,3.112058356420907,2.918185199544742,34.5,-0.054389792575924925,-0.00026640600843321426,0.0004426012608640601
2.0,16.0,70.0,3.0668924619084326,2.8951706892935642,34.5,-0.05438907806769547,-0.00026780822829223984,0.000682786182348702
2.0,17.0,70.0,3.0310574713394014,2.859335698724533,34.5,-0.05438796553497656,-0.0002689207610111482,0.0008701303152410735
2.0,18.0,70.0,3.0080429610882238,2.8141698042120584,34.5,-0.054386563315117535,-0.00026963526924060524,0.0009850331600205914
2.0,19.0,70.0,3.0,2.7612108185127324,34.5,-0.05438491915103614,-0.00026988497092115453,0.0010164273899021855
2.0,20.0,70.0,3.0001140803164827,2.113614080316483,34.5,-0.05436481386989999,-0.000269881429184917,0.0008871350899277254
2.0,21.0,70.0,3.0001140803164827,1.4631140803164828,34.5,-0.05434461845413015,-0.000269881429184917,0.0008466420204342836
2.0,22.0,70.0,3.0001140803164827,0.8126140803164827,34.5,-0.054324423038360305,-0.000269881429184917,0.0008960605470621515
2.0,23.0,70.0,3.0,0.16501734212023322,34.5,-0.054304317757224156,-0.00026988497092115453,0.0010342525534318503
2.0,24.0,70.0,3.0080429610882238,0.11205835642090678,34.5,-0.05430267359314276,-0.00026963526924060524,0.001004426873810616
2.0,25.0,70.0,3.0310574713394014,0.06689246190843257,34.5,-0.054301271373283735,-0.0002689207610111482,0.0008899029127965342
2.0,26.0,70.0,3.0668924619084326,0.0310574713394014,34.5,-0.05430015884056483,-0.00026780822829223984,0.0007034671703279654
2.0,27.0,70.0,3.112058356420907,0.008042961088223777,34.5,-0.05429944433233537,-0.00026640600843321426,0.0004648011228891364
2.0,28.0,70.0,3.1650173421202332,0.0,34.5,-0.05429919463065482,-0.00026476184435182004,0.00018373355120819654
2.0,29.0,70.0,3.8126140803164827,0.0001140803164827453,34.5,-0.05429919817239106,-0.0002446565632156699,-0.0032186353103743548
2.0,30.0,70.0,4.463114080316483,0.0001140803164827453,34.5,-0.05429919817239106,-0.0002244611474458296,-0.00660319249503258
2.0,31.0,70.0,5.1136140803164825,0.0001140803164827453,34.5,-0.05429919817239106,-0.00020426573167598935,-0.010004269054456937
2.0,32.0,70.0,5.761210818512732,0.0,34.5,-0.05429919463065482,-0.0001841604505398392,-0.013453661210117342
2.0,33.0,70.0,5.814169804212058,0.008042961088223777,34.5,-0.05429944433233537,-0.00018251628645844502,-0.013739898691024974
2.0,34.0,70.0,5.859335698724533,0.0310574713394014,34.5,-0.05430015884056483,-0.0001811140665994194,-0.01398364060997761
2.0,35.0,70.0,5.895170689293565,0.06689246190843257,34.5,-0.054301271373283735,-0.000180001533880511,-0.014175217788443929
2.0,36.0,70.0,5.918185199544742,0.11205835642090678,34.5,-0.05430267359314276,-0.00017928702565105404,-0.014295017920231273
2.0,37.0,70.0,5.926228160632966,0.16501734212023322,34.5,-0.054304317757224156,-0.00017903732397050472,-0.014330459260016496
2.0,38.0,70.0,5.9261140803164825,0.29986408031648293,34.5,-0.05430850420755941,-0.00017904086570674226,-0.014308446566356539
2.0,39.0,70.0,5.9261140803164825,0.43761408031648275,34.5,-0.054312780792528347,-0.00017904086570674226,-0.01429220862291159
2.0,40.0,70.0,5.9261140803164825,0.5753640803164828,34.5,-0.054317057377497285,-0.00017904086570674226,-0.014281781965222869
2.0,41.0,70.0,5.9261140803164825,0.7131140803164828,34.5,-0.054321333962466224,-0.00017904086570674226,-0.014276908090346901
1.0,1.0,71.0,2.926114080316483,2.213114080316483,35.0,-0.0515225318353276,-0.0002676556130342149,-0.0030562656370828455
1.0,2.0,71.0,2.926114080316483,2.350864080316483,35.0,-0.05152632928870488,-0.0002676556130342149,-0.003061099781044619
1.0,3.0,71.0,2.926114080316483,2.488614080316483,35.0,-0.05153012674208216,-0.0002676556130342149,-0.0030725637465597593
1.0,4.0,71.0,2.926114080316483,2.626364080316483,35.0,-0.05153392419545944,-0.0002676556130342149,-0.0030904905927909235
1.0,5.0,71.0,2.9262281606329656,2.7612108185127324,35.0,-0.05153764161252934,-0.0002676524681000363,-0.0031147527399279424
1.0,6.0,71.0,2.918185199544742,2.8141698042120584,35.0,-0.051539101570998315,-0.0002678741941962091,-0.003081213635889619
1.0,7.0,71.0,2.8951706892935642,2.859335698724533,35.0,-0.0515403466917145,-0.0002685086517619425,-0.002959621542258603
1.0,8.0,71.0,2.859335698724533,2.8951706892935642,35.0,-0.05154133458068699,-0.0002694965407344374,-0.0027667283060818547
1.0,9.0,71.0,2.814169804212059,2.918185199544742,35.0,-0.05154196903825273,-0.0002707416614506209,-0.002522473850934813
1.0,10.0,71.0,2.761210818512732,2.9262281606329656,35.0,-0.0515421907643489,-0.0002722016199195954,-0.0022333852385444325
1.0,11.0,71.0,2.113614080316483,2.926114080316483,35.0,-0.051542187619414724,-0.00029005438522325383,0.0012371564052282428
1.0,12.0,71.0,1.4631140803164828,2.926114080316483,35.0,-0.051542187619414724,-0.00030798718683429355,0.004658580713849656
1.0,13.0,71.0,0.8126140803164827,2.926114080316483,35.0,-0.051542187619414724,-0.0003259199884453333,0.008069573497608873
1.0,14.0,71.0,0.16501734212023322,2.9262281606329656,35.0,-0.0515421907643489,-0.00034377275374899177,0.011505165658580703
1.0,15.0,71.0,0.11205835642090678,2.918185199544742,35.0,-0.05154196903825273,-0.00034523271221796625,0.01178944782311603
1.0,16.0,71.0,0.06689246190843257,2.8951706892935642,35.0,-0.05154133458068699,-0.00034647783293414975,0.01203141177300689
1.0,17.0,71.0,0.0310574713394014,2.859335698724533,35.0,-0.0515403466917145,-0.0003474657219066446,0.01222093605747972
1.0,18.0,71.0,0.008042961088223777,2.8141698042120584,35.0,-0.051539101570998315,-0.00034810017947237804,0.01233794878846141
1.0,19.0,71.0,0.0,2.7612108185127324,35.0,-0.05153764161252934,-0.0003483219055685509,0.012369497773001508
1.0,20.0,71.0,0.0001140803164827453,2.113614080316483,35.0,-0.05151978884722568,-0.00034831876063437224,0.012247215443960511
1.0,21.0,71.0,0.0001140803164827453,1.4631140803164828,35.0,-0.05150185604561464,-0.00034831876063437224,0.01221781229814462
1.0,22.0,71.0,0.0001140803164827453,0.8126140803164827,35.0,-0.0514839232440036,-0.00034831876063437224,0.012283275157593143
1.0,23.0,71.0,0.0,0.16501734212023322,35.0,-0.05146607047869994,-0.0003483219055685509,0.012441740505765396
1.0,24.0,71.0,0.008042961088223777,0.11205835642090678,35.0,-0.05146461052023097,-0.00034810017947237804,0.012413312684946458
1.0,25.0,71.0,0.0310574713394014,0.06689246190843257,35.0,-0.051463365399514786,-0.0003474657219066446,0.012299243281397872
1.0,26.0,71.0,0.06689246190843257,0.0310574713394014,35.0,-0.05146237751054229,-0.00034647783293414975,0.012112351034309998
1.0,27.0,71.0,0.11205835642090678,0.008042961088223777,35.0,-0.05146174305297656,-0.00034523271221796625,0.011872443178204073
1.0,28.0,71.0,0.16501734212023322,0.0,35.0,-0.05146152132688039,-0.00034377275374899177,0.011589487746857745
1.0,29.0,71.0,0.8126140803164827,0.0001140803164827453,35.0,-0.05146152447181456,-0.0003259199884453333,0.008164864205510046
1.0,30.0,71.0,1.4631140803164828,0.0001140803164827453,35.0,-0.05146152447181456,-0.00030798718683429355,0.004765758120175816
1.0,31.0,71.0,2.113614080316483,0.0001140803164827453,35.0,-0.05146152447181456,-0.00029005438522325383,0.0013571199327530516
1.0,32.0,71.0,2.7612108185127324,0.0,35.0,-0.05146152132688039,-0.0002722016199195954,-0.0020999934019045544
1.0,33.0,71.0,2.814169804212059,0.008042961088223777,35.0,-0.05146174305297656,-0.0002707416614506209,-0.0023883181507798825
1.0,34.0,71.0,2.859335698724533,0.0310574713394014,35.0,-0.05146237751054229,-0.0002694965407344374,-0.0026325121847883635
1.0,35.0,71.0,2.8951706892935642,0.06689246190843257,35.0,-0.051463365399514786,-0.0002685086517619425,-0.0028247231366219008
1.0,36.0,71.0,2.918185199544742,0.11205835642090678,35.0,-0.05146461052023097,-0.0002678741941962091,-0.0029458409866426846
1.0,37.0,71.0,2.9262281606329656,0.16501734212023322,35.0,-0.05146607047869994,-0.0002676524681000363,-0.0029821805654396197
1.0,38.0,71.0,2.926114080316483,0.29986408031648293,35.0,-0.05146978789576984,-0.0002676556130342149,-0.0029596051346460032
1.0,39.0,71.0,2.926114080316483,0.43761408031648275,35.0,-0.05147358534914712,-0.0002676556130342149,-0.0029446046689764675
1.0,40.0,71.0,2.926114080316483,0.5753640803164828,35.0,-0.0514773828025244,-0.0002676556130342149,-0.0029359994813938214
1.0,41.0,71.0,2.926114080316483,0.7131140803164828,35.0,-0.05148118025590168,-0.0002676556130342149,-0.002933818612410657
2.0,1.0,71.0,5.9261140803164825,2.213114080316483,35.0,-0.0515225318353276,-0.00018495245418237896,-0.014678589446467803
2.0,2.0,71.0,5.9261140803164825,2.350864080316483,35.0,-0.05152632928870488,-0.00018495245418237896,-0.014680200126284156
2.0,3.0,71.0,5.9261140803164825,2.488614080316483,35.0,-0.05153012674208216,-0.00018495245418237896,-0.014687348727812284
2.0,4.0,71.0,5.9261140803164825,2.626364080316483,35.0,-0.05153392419545944,-0.00018495245418237896,-0.014700305707650579
2.0,5.0,71.0,5.926228160632966,2.7612108185127324,35.0,-0.05153764161252934,-0.00018494930924820032,-0.014719117654726497
2.0,6.0,71.0,5.918185199544742,2.8141698042120584,35.0,-0.051539101570998315,-0.00018517103534437316,-0.014681840816450933
2.0,7.0,71.0,5.895170689293565,2.859335698724533,35.0,-0.0515403466917145,-0.00018580549291010657,-0.01455931785853635
2.0,8.0,71.0,5.859335698724533,2.8951706892935642,35.0,-0.05154133458068699,-0.00018679338188260148,-0.014364309596268356
2.0,9.0,71.0,5.814169804212058,2.918185199544742,35.0,-0.05154196903825273,-0.00018803850259878493,-0.014116739969562015
2.0,10.0,71.0,5.7612108185127315,2.9262281606329656,35.0,-0.0515421907643489,-0.00018949846106775946,-0.013826434034355828
2.0,11.0,71.0,5.1136140803164825,2.926114080316483,35.0,-0.051542187619414724,-0.00020735122637141785,-0.010329969407228906
2.0,12.0,71.0,4.463114080316483,2.926114080316483,35.0,-0.051542187619414724,-0.0002252840279824576,-0.006882787220229117
2.0,13.0,71.0,3.8126140803164827,2.926114080316483,35.0,-0.051542187619414724,-0.0002432168295934974,-0.003452717919489193
2.0,14.0,71.0,3.1650173421202332,2.9262281606329656,35.0,-0.0515421907643489,-0.0002610695948971558,-3.8102790501016975e-6
2.0,15.0,71.0,3.112058356420907,2.918185199544742,35.0,-0.05154196903825273,-0.0002625295533661303,0.0002810927066966948
2.0,16.0,71.0,3.0668924619084326,2.8951706892935642,35.0,-0.05154133458068699,-0.00026377467408231377,0.000523042017067804
2.0,17.0,71.0,3.0310574713394014,2.859335698724533,35.0,-0.0515403466917145,-0.00026476256305480865,0.0007132323815939864
2.0,18.0,71.0,3.0080429610882238,2.8141698042120584,35.0,-0.051539101570998315,-0.0002653970206205421,0.0008313348727341635
2.0,19.0,71.0,3.0,2.7612108185127324,35.0,-0.05153764161252934,-0.00026561874671671495,0.0008615259696098246
2.0,20.0,71.0,3.0001140803164827,2.113614080316483,35.0,-0.05151978884722568,-0.0002656156017825363,0.0007360719799734279
2.0,21.0,71.0,3.0001140803164827,1.4631140803164828,35.0,-0.05150185604561464,-0.0002656156017825363,0.0006980214360673767
2.0,22.0,71.0,3.0001140803164827,0.8126140803164827,35.0,-0.0514839232440036,-0.0002656156017825363,0.0007473872667032468
2.0,23.0,71.0,3.0,0.16501734212023322,35.0,-0.05146607047869994,-0.00026561874671671495,0.0008846678077729247
2.0,24.0,71.0,3.0080429610882238,0.11205835642090678,35.0,-0.05146461052023097,-0.0002653970206205421,0.000854366591927814
2.0,25.0,71.0,3.0310574713394014,0.06689246190843257,35.0,-0.051463365399514786,-0.00026476256305480865,0.0007386786555540649
2.0,26.0,71.0,3.0668924619084326,0.0310574713394014,35.0,-0.05146237751054229,-0.00026377467408231377,0.0005502925080174816
2.0,27.0,71.0,3.112058356420907,0.008042961088223777,35.0,-0.05146174305297656,-0.0002625295533661303,0.00030912075567668813
2.0,28.0,71.0,3.1650173421202332,0.0,35.0,-0.05146152132688039,-0.0002610695948971558,2.5207654094025794e-5
2.0,29.0,71.0,3.8126140803164827,0.0001140803164827453,35.0,-0.05146152447181456,-0.0002432168295934974,-0.0034113298677418582
2.0,30.0,71.0,4.463114080316483,0.0001140803164827453,35.0,-0.05146152447181456,-0.0002252840279824576,-0.006829244957110538
2.0,31.0,71.0,5.1136140803164825,0.0001140803164827453,35.0,-0.05146152447181456,-0.00020735122637141785,-0.01026444777697216
2.0,32.0,71.0,5.761210818512732,0.0,35.0,-0.05146152132688039,-0.00018949846106775946,-0.013748882736000676
2.0,33.0,71.0,5.814169804212058,0.008042961088223777,35.0,-0.05146174305297656,-0.00018803850259878493,-0.014038041970621772
2.0,34.0,71.0,5.859335698724533,0.0310574713394014,35.0,-0.05146237751054229,-0.00018679338188260148,-0.014284332761054553
2.0,35.0,71.0,5.895170689293565,0.06689246190843257,35.0,-0.051463365399514786,-0.00018580549291010657,-0.014477993167126705
2.0,36.0,71.0,5.918185199544742,0.11205835642090678,35.0,-0.05146461052023097,-0.00018517103534437316,-0.014599222695258865
2.0,37.0,71.0,5.926228160632966,0.16501734212023322,35.0,-0.05146607047869994,-0.00018494930924820032,-0.01463532094259111
2.0,38.0,71.0,5.9261140803164825,0.29986408031648293,35.0,-0.05146978789576984,-0.00018495245418237896,-0.014613850560402456
2.0,39.0,71.0,5.9261140803164825,0.43761408031648275,35.0,-0.05147358534914712,-0.00018495245418237896,-0.014598151985878905
2.0,40.0,71.0,5.9261140803164825,0.5753640803164828,35.0,-0.0514773828025244,-0.00018495245418237896,-0.014588237440094414
2.0,41.0,71.0,5.9261140803164825,0.7131140803164828,35.0,-0.05148118025590168,-0.00018495245418237896,-0.014583851636137018
1.0,1.0,72.0,2.926114080316483,2.213114080316483,35.5,-0.04865523553089213,-0.00026192621663459167,-0.002884089370948761
1.0,2.0,72.0,2.926114080316483,2.350864080316483,35.5,-0.04865857552547118,-0.00026192621663459167,-0.0028895389453672776
1.0,3.0,72.0,2.926114080316483,2.488614080316483,35.5,-0.04866191552005024,-0.00026192621663459167,-0.002901311890606212
1.0,4.0,72.0,2.926114080316483,2.626364080316483,35.5,-0.048665255514629295,-0.00026192621663459167,-0.0029205121279774495
1.0,5.0,72.0,2.9262281606329656,2.7612108185127324,35.5,-0.04866852511444475,-0.0002619234505537305,-0.002946759418565067
1.0,6.0,72.0,2.918185199544742,2.8141698042120584,35.5,-0.04866980919956379,-0.00026211846649880653,-0.002910006780374083
1.0,7.0,72.0,2.8951706892935642,2.859335698724533,35.5,-0.048670904327279434,-0.000262676494371609,-0.0027918162575276684
1.0,8.0,72.0,2.859335698724533,2.8951706892935642,35.5,-0.04867177321057701,-0.00026354537766918484,-0.002598500397037392
1.0,9.0,72.0,2.814169804212059,2.918185199544742,35.5,-0.04867233123844981,-0.000264640505384828,-0.002349908360029083
1.0,10.0,72.0,2.761210818512732,2.9262281606329656,35.5,-0.04867252625439489,-0.00026592459050386993,-0.002061607930661872
1.0,11.0,72.0,2.113614080316483,2.926114080316483,35.5,-0.04867252348831402,-0.00028162672912448273,0.001424038082633615
1.0,12.0,72.0,1.4631140803164828,2.926114080316483,35.5,-0.04867252348831402,-0.0002973992625086971,0.004861512814460017
1.0,13.0,72.0,0.8126140803164827,2.926114080316483,35.5,-0.04867252348831402,-0.00031317179589291136,0.008292467621749589
1.0,14.0,72.0,0.16501734212023322,2.9262281606329656,35.5,-0.04867252625439489,-0.0003288739345135242,0.011751305914277935
1.0,15.0,72.0,0.11205835642090678,2.918185199544742,35.5,-0.04867233123844981,-0.0003301580196325661,0.012037597073556788
1.0,16.0,72.0,0.06689246190843257,2.8951706892935642,35.5,-0.04867177321057701,-0.0003312531473482093,0.012281331426856015
1.0,17.0,72.0,0.0310574713394014,2.859335698724533,35.5,-0.048670904327279434,-0.0003321220306457851,0.012472329959287652
1.0,18.0,72.0,0.008042961088223777,2.8141698042120584,35.5,-0.04866980919956379,-0.0003326800585185876,0.012590387661042379
1.0,19.0,72.0,0.0,2.7612108185127324,35.5,-0.04866852511444475,-0.00033287507446366364,0.012622486141020881
1.0,20.0,72.0,0.0001140803164827453,2.113614080316483,35.5,-0.048652822975824135,-0.00033287230838280243,0.012503444025599265
1.0,21.0,72.0,0.0001140803164827453,1.4631140803164828,35.5,-0.04863705044243992,-0.00033287230838280243,0.012475929578502859
1.0,22.0,72.0,0.0001140803164827453,0.8126140803164827,35.5,-0.0486212779090557,-0.00033287230838280243,0.01254129595472168
1.0,23.0,72.0,0.0,0.16501734212023322,35.5,-0.04860557577043509,-0.00033287507446366364,0.01269834457878711
1.0,24.0,72.0,0.008042961088223777,0.11205835642090678,35.5,-0.04860429168531605,-0.0003326800585185876,0.012669513100239543
1.0,25.0,72.0,0.0310574713394014,0.06689246190843257,35.5,-0.048603196557600405,-0.0003321220306457851,0.012554511108108495
1.0,26.0,72.0,0.06689246190843257,0.0310574713394014,35.5,-0.04860232767430283,-0.0003312531473482093,0.012366219292806933
1.0,27.0,72.0,0.11205835642090678,0.008042961088223777,35.5,-0.04860176964643003,-0.0003301580196325661,0.01212456925487763
1.0,28.0,72.0,0.16501734212023322,0.0,35.5,-0.04860157463048495,-0.0003288739345135242,0.011839580853970666
1.0,29.0,72.0,0.8126140803164827,0.0001140803164827453,35.5,-0.048601577396565815,-0.00031317179589291136,0.008391200780670273
1.0,30.0,72.0,1.4631140803164828,0.0001140803164827453,35.5,-0.048601577396565815,-0.0002973992625086971,0.004971776053606063
1.0,31.0,72.0,2.113614080316483,0.0001140803164827453,35.5,-0.048601577396565815,-0.00028162672912448273,0.001547012153238317
1.0,32.0,72.0,2.7612108185127324,0.0,35.5,-0.04860157463048495,-0.00026592459050386993,-0.0019252126185679004
1.0,33.0,72.0,2.814169804212059,0.008042961088223777,35.5,-0.04860176964643003,-0.000264640505384828,-0.0022123510150851493
1.0,34.0,72.0,2.859335698724533,0.0310574713394014,35.5,-0.04860232767430283,-0.00026354537766918484,-0.002460093609822151
1.0,35.0,72.0,2.8951706892935642,0.06689246190843257,35.5,-0.048603196557600405,-0.000262676494371609,-0.002654730496075516
1.0,36.0,72.0,2.918185199544742,0.11205835642090678,35.5,-0.04860429168531605,-0.00026211846649880653,-0.0027751076982455974
1.0,37.0,72.0,2.9262281606329656,0.16501734212023322,35.5,-0.04860557577043509,-0.0002619234505537305,-0.0028096289965117713
1.0,38.0,72.0,2.926114080316483,0.29986408031648293,35.5,-0.04860884537025054,-0.00026192621663459167,-0.0027883332754312803
1.0,39.0,72.0,2.926114080316483,0.43761408031648275,35.5,-0.0486121853648296,-0.00026192621663459167,-0.002772104266050305
1.0,40.0,72.0,2.926114080316483,0.5753640803164828,35.5,-0.048615525359408655,-0.00026192621663459167,-0.0027635191870519823
1.0,41.0,72.0,2.926114080316483,0.7131140803164828,35.5,-0.04861886535398771,-0.00026192621663459167,-0.002761778830435759
2.0,1.0,72.0,5.9261140803164825,2.213114080316483,35.5,-0.04865523553089213,-0.00018918586282576317,-0.014956795437184011
2.0,2.0,72.0,5.9261140803164825,2.350864080316483,35.5,-0.04865857552547118,-0.00018918586282576317,-0.014958796066568535
2.0,3.0,72.0,5.9261140803164825,2.488614080316483,35.5,-0.04866191552005024,-0.00018918586282576317,-0.014966247116590796
2.0,4.0,72.0,5.9261140803164825,2.626364080316483,35.5,-0.048665255514629295,-0.00018918586282576317,-0.014979404570158105
2.0,5.0,72.0,5.926228160632966,2.7612108185127324,35.5,-0.04866852511444475,-0.00018918309674490201,-0.01499834728885071
2.0,6.0,72.0,5.918185199544742,2.8141698042120584,35.5,-0.04866980919956379,-0.000189378112689978,-0.014960834095018097
2.0,7.0,72.0,5.895170689293565,2.859335698724533,35.5,-0.048670904327279434,-0.0001899361405627805,-0.014837522945474604
2.0,8.0,72.0,5.859335698724533,2.8951706892935642,35.5,-0.04867177321057701,-0.00019080502386035632,-0.01464123976946648
2.0,9.0,72.0,5.814169804212058,2.918185199544742,35.5,-0.04867233123844981,-0.0001919001515759995,-0.014392040509768712
2.0,10.0,72.0,5.7612108185127315,2.9262281606329656,35.5,-0.04867252625439489,-0.00019318423669504141,-0.014099782346866457
2.0,11.0,72.0,5.1136140803164825,2.926114080316483,35.5,-0.04867252348831402,-0.00020888637531565424,-0.010579205047836288
2.0,12.0,72.0,4.463114080316483,2.926114080316483,35.5,-0.04867252348831402,-0.00022465890869986853,-0.007109324337731268
2.0,13.0,72.0,3.8126140803164827,2.926114080316483,35.5,-0.04867252348831402,-0.00024043144208408287,-0.0036580726550230216
2.0,14.0,72.0,3.1650173421202332,2.9262281606329656,35.5,-0.04867252625439489,-0.00025613358070469567,-0.00018716475828758498
2.0,15.0,72.0,3.112058356420907,2.918185199544742,35.5,-0.04867233123844981,-0.0002574176658237376,0.00010024948447574377
2.0,16.0,72.0,3.0668924619084326,2.8951706892935642,35.5,-0.04867177321057701,-0.00025851279353938077,0.00034507407926359895
2.0,17.0,72.0,3.0310574713394014,2.859335698724533,35.5,-0.048670904327279434,-0.0002593816768369566,0.0005354032375926159
2.0,18.0,72.0,3.0080429610882238,2.8141698042120584,35.5,-0.04866980919956379,-0.0002599397047097591,0.000651609754335353
2.0,19.0,72.0,3.0,2.7612108185127324,35.5,-0.04866852511444475,-0.0002601347206548351,0.000685897108009962
2.0,20.0,72.0,3.0001140803164827,2.113614080316483,35.5,-0.048652822975824135,-0.00026013195457397394,0.0005661276712028836
2.0,21.0,72.0,3.0001140803164827,1.4631140803164828,35.5,-0.04863705044243992,-0.00026013195457397394,0.0005320469890702053
2.0,22.0,72.0,3.0001140803164827,0.8126140803164827,35.5,-0.0486212779090557,-0.00026013195457397394,0.0005798764001260943
2.0,23.0,72.0,3.0,0.16501734212023322,35.5,-0.04860557577043509,-0.0002601347206548351,0.0007136534153172379
2.0,24.0,72.0,3.0080429610882238,0.11205835642090678,35.5,-0.04860429168531605,-0.0002599397047097591,0.0006829309873679931
2.0,25.0,72.0,3.0310574713394014,0.06689246190843257,35.5,-0.048603196557600405,-0.0002593816768369566,0.0005661582832111912
2.0,26.0,72.0,3.0668924619084326,0.0310574713394014,35.5,-0.04860232767430283,-0.00025851279353938077,0.00037639574272176367
2.0,27.0,72.0,3.112058356420907,0.008042961088223777,35.5,-0.04860176964643003,-0.0002574176658237376,0.00013358342837933488
2.0,28.0,72.0,3.1650173421202332,0.0,35.5,-0.04860157463048495,-0.00025613358070469567,-0.0001524034356306636
2.0,29.0,72.0,3.8126140803164827,0.0001140803164827453,35.5,-0.048601577396565815,-0.00024043144208408287,-0.003611718460480314
2.0,30.0,72.0,4.463114080316483,0.0001140803164827453,35.5,-0.048601577396565815,-0.00022465890869986853,-0.007051480406194955
2.0,31.0,72.0,5.1136140803164825,0.0001140803164827453,35.5,-0.048601577396565815,-0.00020888637531565424,-0.010510207153595316
2.0,32.0,72.0,5.761210818512732,0.0,35.5,-0.04860157463048495,-0.00019318423669504141,-0.014019520825761413
2.0,33.0,72.0,5.814169804212058,0.008042961088223777,35.5,-0.04860176964643003,-0.0001919001515759995,-0.014310744468707537
2.0,34.0,72.0,5.859335698724533,0.0310574713394014,35.5,-0.04860232767430283,-0.00019080502386035632,-0.014558862822323241
2.0,35.0,72.0,5.895170689293565,0.06689246190843257,35.5,-0.048603196557600405,-0.0001899361405627805,-0.014754068370667174
2.0,36.0,72.0,5.918185199544742,0.11205835642090678,35.5,-0.04860429168531605,-0.000189378112689978,-0.014876406538433324
2.0,37.0,72.0,5.926228160632966,0.16501734212023322,35.5,-0.04860557577043509,-0.00018918309674490201,-0.014913101196192071
2.0,38.0,72.0,5.9261140803164825,0.29986408031648293,35.5,-0.04860884537025054,-0.00018918586282576317,-0.01489239580610672
2.0,39.0,72.0,5.9261140803164825,0.43761408031648275,35.5,-0.0486121853648296,-0.00018918586282576317,-0.014877407270885995
2.0,40.0,72.0,5.9261140803164825,0.5753640803164828,35.5,-0.048615525359408655,-0.00018918586282576317,-0.01486810423520121
2.0,41.0,72.0,5.9261140803164825,0.7131140803164828,35.5,-0.04861886535398771,-0.00018918586282576317,-0.014864218645651905
1.0,1.0,73.0,2.926114080316483,2.213114080316483,36.0,-0.045775408521712635,-0.0002550360272420106,-0.0026796019335230876
1.0,2.0,73.0,2.926114080316483,2.350864080316483,36.0,-0.04577831143194031,-0.0002550360272420106,-0.002685367418207704
1.0,3.0,73.0,2.926114080316483,2.488614080316483,36.0,-0.04578121434216799,-0.0002550360272420106,-0.0026986642096135595
1.0,4.0,73.0,2.926114080316483,2.626364080316483,36.0,-0.045784117252395666,-0.0002550360272420106,-0.002718151297644931
1.0,5.0,73.0,2.9262281606329656,2.7612108185127324,36.0,-0.045786958979985345,-0.00025503362314097615,-0.0027442743769852764
1.0,6.0,73.0,2.918185199544742,2.8141698042120584,36.0,-0.04578807502485819,-0.0002552031185602415,-0.002714041303213716
1.0,7.0,73.0,2.8951706892935642,2.859335698724533,36.0,-0.04578902684000971,-0.00025568812079031835,-0.0025901834313377843
1.0,8.0,73.0,2.859335698724533,2.8951706892935642,36.0,-0.04578978201794533,-0.00025644329872593724,-0.002396524325344893
1.0,9.0,73.0,2.814169804212059,2.918185199544742,36.0,-0.045790267020175406,-0.00025739511387746084,-0.0021531919713304406
1.0,10.0,73.0,2.761210818512732,2.9262281606329656,36.0,-0.045790436515594675,-0.00025851115875030224,-0.0018610312521446313
1.0,11.0,73.0,2.113614080316483,2.926114080316483,36.0,-0.04579043411149364,-0.0002721584559896432,0.001624600654462807
1.0,12.0,73.0,1.4631140803164828,2.926114080316483,36.0,-0.04579043411149364,-0.0002858669358669786,0.005065210252152015
1.0,13.0,73.0,0.8126140803164827,2.926114080316483,36.0,-0.04579043411149364,-0.00029957541574431403,0.008505405678318307
1.0,14.0,73.0,0.16501734212023322,2.9262281606329656,36.0,-0.045790436515594675,-0.00031322271298365507,0.011978061175018241
1.0,15.0,73.0,0.11205835642090678,2.918185199544742,36.0,-0.045790267020175406,-0.0003143387578564964,0.012265585806695442
1.0,16.0,73.0,0.06689246190843257,2.8951706892935642,36.0,-0.04578978201794533,-0.00031529057300802,0.012510427299314732
1.0,17.0,73.0,0.0310574713394014,2.859335698724533,36.0,-0.04578902684000971,-0.00031604575094363886,0.012702409570952655
1.0,18.0,73.0,0.008042961088223777,2.8141698042120584,36.0,-0.04578807502485819,-0.00031653075317371576,0.012821281917105168
1.0,19.0,73.0,0.0,2.7612108185127324,36.0,-0.045786958979985345,-0.0003167002485929811,0.0128540108092251
1.0,20.0,73.0,0.0001140803164827453,2.113614080316483,36.0,-0.045773311682746,-0.00031669784449194665,0.012740120032765999
1.0,21.0,73.0,0.0001140803164827453,1.4631140803164828,36.0,-0.04575960320286867,-0.00031669784449194665,0.012715166433342093
1.0,22.0,73.0,0.0001140803164827453,0.8126140803164827,36.0,-0.045745894722991336,-0.00031669784449194665,0.012779696616027849
1.0,23.0,73.0,0.0,0.16501734212023322,36.0,-0.04573224742575199,-0.0003167002485929811,0.012933328012914058
1.0,24.0,73.0,0.008042961088223777,0.11205835642090678,36.0,-0.04573113138087915,-0.00031653075317371576,0.012904004545015675
1.0,25.0,73.0,0.0310574713394014,0.06689246190843257,36.0,-0.04573017956572763,-0.00031604575094363886,0.012788291904348917
1.0,26.0,73.0,0.06689246190843257,0.0310574713394014,36.0,-0.04572942438779201,-0.00031529057300802,0.012599083296011712
1.0,27.0,73.0,0.11205835642090678,0.008042961088223777,36.0,-0.04572893938556193,-0.0003143387578564964,0.01235634975690469
1.0,28.0,73.0,0.16501734212023322,0.0,36.0,-0.04572876989014266,-0.00031322271298365507,0.012070103975803409
1.0,29.0,73.0,0.8126140803164827,0.0001140803164827453,36.0,-0.0457287722942437,-0.00029957541574431403,0.008607365497570272
1.0,30.0,73.0,1.4631140803164828,0.0001140803164827453,36.0,-0.0457287722942437,-0.0002858669358669786,0.005178299571029968
1.0,31.0,73.0,2.113614080316483,0.0001140803164827453,36.0,-0.0457287722942437,-0.0002721584559896432,0.0017503267920086114
1.0,32.0,73.0,2.7612108185127324,0.0,36.0,-0.04572876989014266,-0.0002585111587503022,-0.0017214703959471337
1.0,33.0,73.0,2.814169804212059,0.008042961088223777,36.0,-0.04572893938556193,-0.00025739511387746084,-0.0020131562260247934
1.0,34.0,73.0,2.859335698724533,0.0310574713394014,36.0,-0.04572942438779201,-0.00025644329872593724,-0.002256857259030337
1.0,35.0,73.0,2.8951706892935642,0.06689246190843257,36.0,-0.04573017956572763,-0.00025568812079031835,-0.0024489483985992034
1.0,36.0,73.0,2.918185199544742,0.11205835642090678,36.0,-0.04573113138087915,-0.0002552031185602415,-0.0025711041639082098
1.0,37.0,73.0,2.9262281606329656,0.16501734212023322,36.0,-0.04573224742575199,-0.00025503362314097615,-0.002608501104072329
1.0,38.0,73.0,2.926114080316483,0.29986408031648293,36.0,-0.04573508915334167,-0.0002550360272420106,-0.002582797494604272
1.0,39.0,73.0,2.926114080316483,0.43761408031648275,36.0,-0.04573799206356935,-0.0002550360272420106,-0.0025676524334372892
1.0,40.0,73.0,2.926114080316483,0.5753640803164828,36.0,-0.045740894973797026,-0.0002550360272420106,-0.0025586390719102322
1.0,41.0,73.0,2.926114080316483,0.7131140803164828,36.0,-0.0457437978840247,-0.0002550360272420106,-0.002556458589040071
2.0,1.0,73.0,5.9261140803164825,2.213114080316483,36.0,-0.045775408521712635,-0.00019181475186613633,-0.015208886633143518
2.0,2.0,73.0,5.9261140803164825,2.350864080316483,36.0,-0.04577831143194031,-0.00019181475186613633,-0.01521123309254948
2.0,3.0,73.0,5.9261140803164825,2.488614080316483,36.0,-0.04578121434216799,-0.00019181475186613633,-0.015218818585967003
2.0,4.0,73.0,5.9261140803164825,2.626364080316483,36.0,-0.045784117252395666,-0.00019181475186613633,-0.015231936468084033
2.0,5.0,73.0,5.926228160632966,2.7612108185127324,36.0,-0.045786958979985345,-0.0001918123477651019,-0.015250673939681363
2.0,6.0,73.0,5.918185199544742,2.8141698042120584,36.0,-0.04578807502485819,-0.00019198184318436725,-0.015212903271480864
2.0,7.0,73.0,5.895170689293565,2.859335698724533,36.0,-0.04578902684000971,-0.0001924668454144441,-0.015089099611465437
2.0,8.0,73.0,5.859335698724533,2.8951706892935642,36.0,-0.04578978201794533,-0.000193222023350063,-0.01489209920078449
2.0,9.0,73.0,5.814169804212058,2.918185199544742,36.0,-0.045790267020175406,-0.00019417383850158656,-0.014641965195219002
2.0,10.0,73.0,5.7612108185127315,2.9262281606329656,36.0,-0.045790436515594675,-0.00019528988337442796,-0.014348554986068683
2.0,11.0,73.0,5.1136140803164825,2.926114080316483,36.0,-0.04579043411149364,-0.00020893718061376894,-0.010813606380837745
2.0,12.0,73.0,4.463114080316483,2.926114080316483,36.0,-0.04579043411149364,-0.00022264566049110435,-0.007331499471171278
2.0,13.0,73.0,3.8126140803164827,2.926114080316483,36.0,-0.04579043411149364,-0.00023635414036843978,-0.003871508448478442
2.0,14.0,73.0,3.1650173421202332,2.9262281606329656,36.0,-0.045790436515594675,-0.00025000143760778076,-0.000390448234589156
2.0,15.0,73.0,3.112058356420907,2.918185199544742,36.0,-0.045790267020175406,-0.00025111748248062216,-0.00010286575042512033
2.0,16.0,73.0,3.0668924619084326,2.8951706892935642,36.0,-0.04578978201794533,-0.00025206929763214576,0.00014158992629333006
2.0,17.0,73.0,3.0310574713394014,2.859335698724533,36.0,-0.04578902684000971,-0.0002528244755677646,0.00033544951598308794
2.0,18.0,73.0,3.0080429610882238,2.8141698042120584,36.0,-0.04578807502485819,-0.00025330947779784145,0.00045775351807840947
2.0,19.0,73.0,3.0,2.7612108185127324,36.0,-0.045786958979985345,-0.0002534789732171068,0.0004866559652855526
2.0,20.0,73.0,3.0001140803164827,2.113614080316483,36.0,-0.045773311682746,-0.0002534765691160724,0.00037844731847805775
2.0,21.0,73.0,3.0001140803164827,1.4631140803164828,36.0,-0.04575960320286867,-0.0002534765691160724,0.0003502381232653803
2.0,22.0,73.0,3.0001140803164827,0.8126140803164827,36.0,-0.045745894722991336,-0.0002534765691160724,0.0003940975030318058
2.0,23.0,73.0,3.0,0.16501734212023322,36.0,-0.04573224742575199,-0.0002534789732171068,0.0005200571651725578
2.0,24.0,73.0,3.0080429610882238,0.11205835642090678,36.0,-0.04573113138087915,-0.00025330947779784145,0.0004886660649708844
2.0,25.0,73.0,3.0310574713394014,0.06689246190843257,36.0,-0.04573017956572763,-0.0002528244755677646,0.00037136921342988355
2.0,26.0,73.0,3.0668924619084326,0.0310574713394014,36.0,-0.04572942438779201,-0.00025206929763214576,0.00018066054576038921
2.0,27.0,73.0,3.112058356420907,0.008042961088223777,36.0,-0.04572893938556193,-0.00025111748248062216,-6.33281297468923e-5
2.0,28.0,73.0,3.1650173421202332,0.0,36.0,-0.04572876989014266,-0.00025000143760778076,-0.0003503238003476228
2.0,29.0,73.0,3.8126140803164827,0.0001140803164827453,36.0,-0.0457287722942437,-0.00023635414036843978,-0.003820001030372842
2.0,30.0,73.0,4.463114080316483,0.0001140803164827453,36.0,-0.0457287722942437,-0.00022264566049110435,-0.007269279588021814
2.0,31.0,73.0,5.1136140803164825,0.0001140803164827453,36.0,-0.0457287722942437,-0.00020893718061376894,-0.010741165664669022
2.0,32.0,73.0,5.761210818512732,0.0,36.0,-0.04572876989014266,-0.00019528988337442796,-0.014265749301253456
2.0,33.0,73.0,5.814169804212058,0.008042961088223777,36.0,-0.04572893938556193,-0.00019417383850158656,-0.014558235355733596
2.0,34.0,73.0,5.859335698724533,0.0310574713394014,36.0,-0.04572942438779201,-0.000193222023350063,-0.014807487892663512
2.0,35.0,73.0,5.895170689293565,0.06689246190843257,36.0,-0.04573017956572763,-0.0001924668454144441,-0.015003685380628675
2.0,36.0,73.0,5.918185199544742,0.11205835642090678,36.0,-0.04573113138087915,-0.00019198184318436725,-0.015126836192951442
2.0,37.0,73.0,5.926228160632966,0.16501734212023322,36.0,-0.04573224742575199,-0.0001918123477651019,-0.015164142311506
2.0,38.0,73.0,5.9261140803164825,0.29986408031648293,36.0,-0.04573508915334167,-0.00019181475186613633,-0.015144518699530256
2.0,39.0,73.0,5.9261140803164825,0.43761408031648275,36.0,-0.04573799206356935,-0.00019181475186613633,-0.015130455038879375
2.0,40.0,73.0,5.9261140803164825,0.5753640803164828,36.0,-0.045740894973797026,-0.00019181475186613633,-0.015121888848759188
2.0,41.0,73.0,5.9261140803164825,0.7131140803164828,36.0,-0.0457437978840247,-0.00019181475186613633,-0.015118565363706095
1.0,1.0,74.0,2.926114080316483,2.213114080316483,36.5,-0.04289280191248396,-0.000247048264768709,-0.0024418285594463253
1.0,2.0,74.0,2.926114080316483,2.350864080316483,36.5,-0.0428952888434809,-0.000247048264768709,-0.002448013565019813
1.0,3.0,74.0,2.926114080316483,2.488614080316483,36.5,-0.04289777577447785,-0.000247048264768709,-0.0024605730214900525
1.0,4.0,74.0,2.926114080316483,2.626364080316483,36.5,-0.04290026270547479,-0.000247048264768709,-0.002483095829726477
1.0,5.0,74.0,2.9262281606329656,2.7612108185127324,36.5,-0.04290269722114127,-0.000247046205168889,-0.002513110486870944
1.0,6.0,74.0,2.918185199544742,2.8141698042120584,36.5,-0.042903653339784485,-0.00024719141235028674,-0.0024729074715179626
1.0,7.0,74.0,2.8951706892935642,2.859335698724533,36.5,-0.042904468762383886,-0.00024760691506479264,-0.002359272671429329
1.0,8.0,74.0,2.859335698724533,2.8951706892935642,36.5,-0.04290511572535174,-0.0002482538780326431,-0.0021671493354014013
1.0,9.0,74.0,2.814169804212059,2.918185199544742,36.5,-0.04290553122806624,-0.00024906930063204696,-0.001916420609435208
1.0,10.0,74.0,2.761210818512732,2.9262281606329656,36.5,-0.04290567643524764,-0.0002500254192752592,-0.0016323742343257485
1.0,11.0,74.0,2.113614080316483,2.926114080316483,36.5,-0.04290567437564782,-0.00026171709551294734,0.001838690026836907
1.0,12.0,74.0,1.4631140803164828,2.926114080316483,36.5,-0.04290567437564782,-0.0002734611870811037,0.00526773360914607
1.0,13.0,74.0,0.8126140803164827,2.926114080316483,36.5,-0.04290567437564782,-0.0002852052786492601,0.008707438566522997
1.0,14.0,74.0,0.16501734212023322,2.9262281606329656,36.5,-0.04290567643524764,-0.0002968969548869482,0.012185315135401505
1.0,15.0,74.0,0.11205835642090678,2.918185199544742,36.5,-0.04290553122806624,-0.00029785307353016047,0.012473360299877612
1.0,16.0,74.0,0.06689246190843257,2.8951706892935642,36.5,-0.04290511572535174,-0.00029866849612956433,0.012718743265988363
1.0,17.0,74.0,0.0310574713394014,2.859335698724533,36.5,-0.042904468762383886,-0.0002993154590974148,0.012911310228497447
1.0,18.0,74.0,0.008042961088223777,2.8141698042120584,36.5,-0.042903653339784485,-0.0002997309618119207,0.013030800223105696
1.0,19.0,74.0,0.0,2.7612108185127324,36.5,-0.04290269722114127,-0.0002998761689933184,0.013064213777744072
1.0,20.0,74.0,0.0001140803164827453,2.113614080316483,36.5,-0.04289100554490358,-0.00029987410939349843,0.012957887367227893
1.0,21.0,74.0,0.0001140803164827453,1.4631140803164828,36.5,-0.04287926145333543,-0.00029987410939349843,0.012936301885442337
1.0,22.0,74.0,0.0001140803164827453,0.8126140803164827,36.5,-0.04286751736176727,-0.00029987410939349843,0.012999120199099165
1.0,23.0,74.0,0.0,0.16501734212023322,36.5,-0.042855825685529585,-0.0002998761689933184,0.013146818245529778
1.0,24.0,74.0,0.008042961088223777,0.11205835642090678,36.5,-0.04285486956688637,-0.0002997309618119207,0.013116936609548524
1.0,25.0,74.0,0.0310574713394014,0.06689246190843257,36.5,-0.04285405414428697,-0.0002993154590974148,0.013000703879016723
1.0,26.0,74.0,0.06689246190843257,0.0310574713394014,36.5,-0.042853407181319116,-0.00029866849612956433,0.012810975008581516
1.0,27.0,74.0,0.11205835642090678,0.008042961088223777,36.5,-0.04285299167860461,-0.00029785307353016047,0.012567723449397068
1.0,28.0,74.0,0.16501734212023322,0.0,36.5,-0.04285284647142321,-0.0002968969548869482,0.012280932503752973
1.0,29.0,74.0,0.8126140803164827,0.0001140803164827453,36.5,-0.04285284853102303,-0.0002852052786492601,0.00881238980358632
1.0,30.0,74.0,1.4631140803164828,0.0001140803164827453,36.5,-0.04285284853102303,-0.0002734611870811037,0.005383312726042886
1.0,31.0,74.0,2.113614080316483,0.0001140803164827453,36.5,-0.04285284853102303,-0.00026171709551294734,0.001966817048656281
1.0,32.0,74.0,2.7612108185127324,0.0,36.5,-0.04285284647142321,-0.00025002541927525917,-0.0014896686169361903
1.0,33.0,74.0,2.814169804212059,0.008042961088223777,36.5,-0.04285299167860461,-0.00024906930063204696,-0.0017722208759592783
1.0,34.0,74.0,2.859335698724533,0.0310574713394014,36.5,-0.042853407181319116,-0.0002482538780326431,-0.0020220429518226645
1.0,35.0,74.0,2.8951706892935642,0.06689246190843257,36.5,-0.04285405414428697,-0.00024760691506479264,-0.0022175064412106515
1.0,36.0,74.0,2.918185199544742,0.11205835642090678,36.5,-0.04285486956688637,-0.00024719141235028674,-0.0023360400148137207
1.0,37.0,74.0,2.9262281606329656,0.16501734212023322,36.5,-0.042855825685529585,-0.000247046205168889,-0.0023671964266307414
1.0,38.0,74.0,2.926114080316483,0.29986408031648293,36.5,-0.04285826020119606,-0.000247048264768709,-0.00234701046880327
1.0,39.0,74.0,2.926114080316483,0.43761408031648275,36.5,-0.042860747132193004,-0.000247048264768709,-0.002327853864631215
1.0,40.0,74.0,2.926114080316483,0.5753640803164828,36.5,-0.04286323406318995,-0.000247048264768709,-0.0023188527648793345
1.0,41.0,74.0,2.926114080316483,0.7131140803164828,36.5,-0.042865720994186896,-0.000247048264768709,-0.0023179466897288955
2.0,1.0,74.0,5.9261140803164825,2.213114080316483,36.5,-0.04289280191248396,-0.00019288642817459815,-0.015435911953568655
2.0,2.0,74.0,5.9261140803164825,2.350864080316483,36.5,-0.0428952888434809,-0.00019288642817459815,-0.015438463167513466
2.0,3.0,74.0,5.9261140803164825,2.488614080316483,36.5,-0.04289777577447785,-0.00019288642817459815,-0.015445971578104924
2.0,4.0,74.0,5.9261140803164825,2.626364080316483,36.5,-0.04290026270547479,-0.00019288642817459815,-0.015458687563430143
2.0,5.0,74.0,5.926228160632966,2.7612108185127324,36.5,-0.04290269722114127,-0.0001928843685747782,-0.015476794171434312
2.0,6.0,74.0,5.918185199544742,2.8141698042120584,36.5,-0.042903653339784485,-0.00019302957575617591,-0.015438756090568577
2.0,7.0,74.0,5.895170689293565,2.859335698724533,36.5,-0.042904468762383886,-0.0001934450784706818,-0.01531468132744396
2.0,8.0,74.0,5.859335698724533,2.8951706892935642,36.5,-0.04290511572535174,-0.00019409204143853228,-0.01511738118252477
2.0,9.0,74.0,5.814169804212058,2.918185199544742,36.5,-0.04290553122806624,-0.0001949074640379361,-0.014866957323999189
2.0,10.0,74.0,5.7612108185127315,2.9262281606329656,36.5,-0.04290567643524764,-0.00019586358268114837,-0.014573206705279642
2.0,11.0,74.0,5.1136140803164825,2.926114080316483,36.5,-0.04290567437564782,-0.0002075552589188365,-0.011032662611000006
2.0,12.0,74.0,4.463114080316483,2.926114080316483,36.5,-0.04290567437564782,-0.00021929935048699286,-0.007548082737689925
2.0,13.0,74.0,3.8126140803164827,2.926114080316483,36.5,-0.04290567437564782,-0.00023104344205514924,-0.004093015488539098
2.0,14.0,74.0,3.1650173421202332,2.9262281606329656,36.5,-0.04290567643524764,-0.00024273511829283738,-0.0006165073285781365
2.0,15.0,74.0,3.112058356420907,2.918185199544742,36.5,-0.04290553122806624,-0.00024369123693604965,-0.0003271217561736888
2.0,16.0,74.0,3.0668924619084326,2.8951706892935642,36.5,-0.04290511572535174,-0.00024450665953545345,-8.050761981710067e-5
2.0,17.0,74.0,3.0310574713394014,2.859335698724533,36.5,-0.042904468762383886,-0.0002451536225033039,0.00010951503159479003
2.0,18.0,74.0,3.0080429610882238,2.8141698042120584,36.5,-0.042903653339784485,-0.00024556912521780987,0.00022390344074432058
2.0,19.0,74.0,3.0,2.7612108185127324,36.5,-0.04290269722114127,-0.00024571433239920756,0.0002654098928923038
2.0,20.0,74.0,3.0001140803164827,2.113614080316483,36.5,-0.04289100554490358,-0.0002457122727993876,0.00017317062620917089
2.0,21.0,74.0,3.0001140803164827,1.4631140803164828,36.5,-0.04287926145333543,-0.0002457122727993876,0.00015610301659985102
2.0,22.0,74.0,3.0001140803164827,0.8126140803164827,36.5,-0.04286751736176727,-0.0002457122727993876,0.00019093809541131232
2.0,23.0,74.0,3.0,0.16501734212023322,36.5,-0.042855825685529585,-0.00024571433239920756,0.00030166679705974554
2.0,24.0,74.0,3.0080429610882238,0.11205835642090678,36.5,-0.04285486956688637,-0.00024556912521780987,0.000269645676939359
2.0,25.0,74.0,3.0310574713394014,0.06689246190843257,36.5,-0.04285405414428697,-0.0002451536225033039,0.0001514703910993292
2.0,26.0,74.0,3.0668924619084326,0.0310574713394014,36.5,-0.042853407181319116,-0.00024450665953545345,-3.955975860191492e-5
2.0,27.0,74.0,3.112058356420907,0.008042961088223777,36.5,-0.04285299167860461,-0.00024369123693604965,-0.0002835728870154765
2.0,28.0,74.0,3.1650173421202332,0.0,36.5,-0.04285284647142321,-0.00024273511829283738,-0.000570899145506083
2.0,29.0,74.0,3.8126140803164827,0.0001140803164827453,36.5,-0.04285284853102303,-0.00023104344205514924,-0.004036169707789097
2.0,30.0,74.0,4.463114080316483,0.0001140803164827453,36.5,-0.04285284853102303,-0.00021929935048699286,-0.00748134719652607
2.0,31.0,74.0,5.1136140803164825,0.0001140803164827453,36.5,-0.04285284853102303,-0.0002075552589188365,-0.010956833854855129
2.0,32.0,74.0,5.761210818512732,0.0,36.5,-0.04285284647142321,-0.00019586358268114837,-0.014488069015711045
2.0,33.0,74.0,5.814169804212058,0.008042961088223777,36.5,-0.04285299167860461,-0.0001949074640379361,-0.01478102907720026
2.0,34.0,74.0,5.859335698724533,0.0310574713394014,36.5,-0.042853407181319116,-0.00019409204143853228,-0.015030773126166365
2.0,35.0,74.0,5.895170689293565,0.06689246190843257,36.5,-0.04285405414428697,-0.0001934450784706818,-0.015227531919254647
2.0,36.0,74.0,5.918185199544742,0.11205835642090678,36.5,-0.04285486956688637,-0.00019302957575617591,-0.015351260283952306
2.0,37.0,74.0,5.926228160632966,0.16501734212023322,36.5,-0.042855825685529585,-0.0001928843685747782,-0.015389178746488368
2.0,38.0,74.0,5.9261140803164825,0.29986408031648293,36.5,-0.04285826020119606,-0.00019288642817459815,-0.015371047400110636
2.0,39.0,74.0,5.9261140803164825,0.43761408031648275,36.5,-0.042860747132193004,-0.00019288642817459815,-0.015358254222873603
2.0,40.0,74.0,5.9261140803164825,0.5753640803164828,36.5,-0.04286323406318995,-0.00019288642817459815,-0.01535061645540659
2.0,41.0,74.0,5.9261140803164825,0.7131140803164828,36.5,-0.042865720994186896,-0.00019288642817459815,-0.015347851321553658
1.0,1.0,75.0,2.926114080316483,2.213114080316483,37.0,-0.04001734872202336,-0.00023806232716968952,-0.002168700125723277
1.0,2.0,75.0,2.926114080316483,2.350864080316483,37.0,-0.040019435823225494,-0.00023806232716968952,-0.0021756824344539797
1.0,3.0,75.0,2.926114080316483,2.488614080316483,37.0,-0.04002152292442762,-0.00023806232716968952,-0.0021910167421194133
1.0,4.0,75.0,2.926114080316483,2.626364080316483,37.0,-0.040023610025629756,-0.00023806232716968952,-0.002209151623377062
1.0,5.0,75.0,2.9262281606329656,2.7612108185127324,37.0,-0.04002565313843842,-0.0002380605986966175,-0.0022369164334204036
1.0,6.0,75.0,2.918185199544742,2.8141698042120584,37.0,-0.040026455539619664,-0.00023818246057506352,-0.002217040613975343
1.0,7.0,75.0,2.8951706892935642,2.859335698724533,37.0,-0.04002713986479377,-0.00023853116193268048,-0.0020901520739725473
1.0,8.0,75.0,2.859335698724533,2.8951706892935642,37.0,-0.04002768281399083,-0.00023907411112974073,-0.0018988606450629929
1.0,9.0,75.0,2.814169804212059,2.918185199544742,37.0,-0.04002803151534844,-0.00023975843630384162,-0.0016630160531468316
1.0,10.0,75.0,2.761210818512732,2.9262281606329656,37.0,-0.04002815337722689,-0.0002405608374850889,-0.001367897487832931
1.0,11.0,75.0,2.113614080316483,2.926114080316483,37.0,-0.04002815164875382,-0.00025037281520404945,0.0020631841782785447
1.0,12.0,75.0,1.4631140803164828,2.926114080316483,37.0,-0.04002815164875382,-0.0002602287813164816,0.005466438495224273
1.0,13.0,75.0,0.8126140803164827,2.926114080316483,37.0,-0.04002815164875382,-0.00027008474742891376,0.008897344436894947
1.0,14.0,75.0,0.16501734212023322,2.9262281606329656,37.0,-0.04002815337722689,-0.0002798967251478743,0.012373448469637316
1.0,15.0,75.0,0.11205835642090678,2.918185199544742,37.0,-0.04002803151534844,-0.00028069912632912157,0.01266127951996328
1.0,16.0,75.0,0.06689246190843257,2.8951706892935642,37.0,-0.04002768281399083,-0.00028138345150322246,0.012906542401772829
1.0,17.0,75.0,0.0310574713394014,2.859335698724533,37.0,-0.04002713986479377,-0.0002819264007002827,0.013099231856506216
1.0,18.0,75.0,0.008042961088223777,2.8141698042120584,37.0,-0.040026455539619664,-0.00028227510205789964,0.013219208147602522
1.0,19.0,75.0,0.0,2.7612108185127324,37.0,-0.04002565313843842,-0.0002823969639363457,0.013253576247978674
1.0,20.0,75.0,0.0001140803164827453,2.113614080316483,37.0,-0.040015841160719455,-0.00028239523546327367,0.013157753324817887
1.0,21.0,75.0,0.0001140803164827453,1.4631140803164828,37.0,-0.040005985194607026,-0.00028239523546327367,0.013140447179977227
1.0,22.0,75.0,0.0001140803164827453,0.8126140803164827,37.0,-0.0399961292284946,-0.00028239523546327367,0.013200579481736472
1.0,23.0,75.0,0.0,0.16501734212023322,37.0,-0.03998631725077563,-0.0002823969639363457,0.013339300997686421
1.0,24.0,75.0,0.008042961088223777,0.11205835642090678,37.0,-0.03998551484959439,-0.00028227510205789964,0.013308580234551821
1.0,25.0,75.0,0.0310574713394014,0.06689246190843257,37.0,-0.039984830524420284,-0.0002819264007002827,0.013191944342356475
1.0,26.0,75.0,0.06689246190843257,0.0310574713394014,37.0,-0.039984287575223224,-0.00028138345150322246,0.013002143213932631
1.0,27.0,75.0,0.11205835642090678,0.008042961088223777,37.0,-0.03998393887386561,-0.00028069912632912157,0.01275902412027532
1.0,28.0,75.0,0.16501734212023322,0.0,37.0,-0.03998381701198716,-0.0002798967251478743,0.012472420841073459
1.0,29.0,75.0,0.8126140803164827,0.0001140803164827453,37.0,-0.03998381874046023,-0.00027008474742891376,0.00900509847003975
1.0,30.0,75.0,1.4631140803164828,0.0001140803164827453,37.0,-0.03998381874046023,-0.0002602287813164816,0.005584020028348721
1.0,31.0,75.0,2.113614080316483,0.0001140803164827453,37.0,-0.03998381874046023,-0.00025037281520404945,0.0021932918878998947
1.0,32.0,75.0,2.7612108185127324,0.0,37.0,-0.03998381701198716,-0.0002405608374850889,-0.0012225333460530894
1.0,33.0,75.0,2.814169804212059,0.008042961088223777,37.0,-0.03998393887386561,-0.00023975843630384162,-0.0015170704897736493
1.0,34.0,75.0,2.859335698724533,0.0310574713394014,37.0,-0.039984287575223224,-0.00023907411112974073,-0.0017528619838913556
1.0,35.0,75.0,2.8951706892935642,0.06689246190843257,37.0,-0.039984830524420284,-0.00023853116193268048,-0.0019397468628751802
1.0,36.0,75.0,2.918185199544742,0.11205835642090678,37.0,-0.03998551484959439,-0.00023818246057506352,-0.002061284710747972
1.0,37.0,75.0,2.9262281606329656,0.16501734212023322,37.0,-0.03998631725077563,-0.0002380605986966175,-0.002101263517288132
1.0,38.0,75.0,2.926114080316483,0.29986408031648293,37.0,-0.039988360363584295,-0.00023806232716968952,-0.00206673017181428
1.0,39.0,75.0,2.926114080316483,0.43761408031648275,37.0,-0.03999044746478643,-0.00023806232716968952,-0.0020538044569963295
1.0,40.0,75.0,2.926114080316483,0.5753640803164828,37.0,-0.03999253456598856,-0.00023806232716968952,-0.0020448537294407974
1.0,41.0,75.0,2.926114080316483,0.7131140803164828,37.0,-0.03999462166719069,-0.00023806232716968952,-0.002041899277975968
2.0,1.0,75.0,5.9261140803164825,2.213114080316483,37.0,-0.04001734872202336,-0.0001926082175043606,-0.015639404544300253
2.0,2.0,75.0,5.9261140803164825,2.350864080316483,37.0,-0.040019435823225494,-0.0001926082175043606,-0.015642101935332255
2.0,3.0,75.0,5.9261140803164825,2.488614080316483,37.0,-0.04002152292442762,-0.0001926082175043606,-0.01564921754029696
2.0,4.0,75.0,5.9261140803164825,2.626364080316483,37.0,-0.040023610025629756,-0.0001926082175043606,-0.01566106517881237
2.0,5.0,75.0,5.926228160632966,2.7612108185127324,37.0,-0.04002565313843842,-0.00019260648903128856,-0.01567784201450462
2.0,6.0,75.0,5.918185199544742,2.8141698042120584,37.0,-0.040026455539619664,-0.0001927283509097346,-0.015639356521349474
2.0,7.0,75.0,5.895170689293565,2.859335698724533,37.0,-0.04002713986479377,-0.00019307705226735152,-0.015515245712483207
2.0,8.0,75.0,5.859335698724533,2.8951706892935642,37.0,-0.04002768281399083,-0.0001936200014644118,-0.015318203221985724
2.0,9.0,75.0,5.814169804212058,2.918185199544742,37.0,-0.04002803151534844,-0.0001943043266385127,-0.015068134839720118
2.0,10.0,75.0,5.7612108185127315,2.9262281606329656,37.0,-0.04002815337722689,-0.00019510672781975996,-0.014774718717592311
2.0,11.0,75.0,5.1136140803164825,2.926114080316483,37.0,-0.04002815164875382,-0.0002049187055387205,-0.011235890128361946
2.0,12.0,75.0,4.463114080316483,2.926114080316483,37.0,-0.04002815164875382,-0.00021477467165115265,-0.007756510046658362
2.0,13.0,75.0,3.8126140803164827,2.926114080316483,37.0,-0.04002815164875382,-0.0002246306377635848,-0.004321936821793944
2.0,14.0,75.0,3.1650173421202332,2.9262281606329656,37.0,-0.04002815337722689,-0.00023444261548254537,-0.0008700779190068963
2.0,15.0,75.0,3.112058356420907,2.918185199544742,37.0,-0.04002803151534844,-0.0002352450166637926,-0.0005838939096962199
2.0,16.0,75.0,3.0668924619084326,2.8951706892935642,37.0,-0.04002768281399083,-0.0002359293418378935,-0.00033905340930581897
2.0,17.0,75.0,3.0310574713394014,2.859335698724533,37.0,-0.04002713986479377,-0.00023647229103495375,-0.00014101889715735283
2.0,18.0,75.0,3.0080429610882238,2.8141698042120584,37.0,-0.040026455539619664,-0.00023682099239257073,-1.1542353746757492e-5
2.0,19.0,75.0,3.0,2.7612108185127324,37.0,-0.04002565313843842,-0.00023694285427101674,9.664213337592784e-6
2.0,20.0,75.0,3.0001140803164827,2.113614080316483,37.0,-0.040015841160719455,-0.00023694112579794474,-4.5298418232388926e-5
2.0,21.0,75.0,3.0001140803164827,1.4631140803164828,37.0,-0.040005985194607026,-0.00023694112579794474,-4.477281071262432e-5
2.0,22.0,75.0,3.0001140803164827,0.8126140803164827,37.0,-0.0399961292284946,-0.00023694112579794474,-2.769257034853009e-5
2.0,23.0,75.0,3.0,0.16501734212023322,37.0,-0.03998631725077563,-0.00023694285427101674,5.366348473681595e-5
2.0,24.0,75.0,3.0080429610882238,0.11205835642090678,37.0,-0.03998551484959439,-0.00023682099239257073,2.0126941466951064e-5
2.0,25.0,75.0,3.0310574713394014,0.06689246190843257,37.0,-0.039984830524420284,-0.00023647229103495375,-9.792777359163706e-5
2.0,26.0,75.0,3.0668924619084326,0.0310574713394014,37.0,-0.039984287575223224,-0.0002359293418378935,-0.00028895252482285096
2.0,27.0,75.0,3.112058356420907,0.008042961088223777,37.0,-0.03998393887386561,-0.0002352450166637926,-0.0005327769417198277
2.0,28.0,75.0,3.1650173421202332,0.0,37.0,-0.03998381701198716,-0.00023444261548254537,-0.0008186800553597994
2.0,29.0,75.0,3.8126140803164827,0.0001140803164827453,37.0,-0.03998381874046023,-0.0002246306377635848,-0.004259421350381081
2.0,30.0,75.0,4.463114080316483,0.0001140803164827453,37.0,-0.03998381874046023,-0.00021477467165115265,-0.007685031356268341
2.0,31.0,75.0,5.1136140803164825,0.0001140803164827453,37.0,-0.03998381874046023,-0.0002049187055387205,-0.011156796893314136
2.0,32.0,75.0,5.761210818512732,0.0,37.0,-0.03998381701198716,-0.00019510672781975996,-0.014687461982257234
2.0,33.0,75.0,5.814169804212058,0.008042961088223777,37.0,-0.03998393887386561,-0.0001943043266385127,-0.01498021517690998
2.0,34.0,75.0,5.859335698724533,0.0310574713394014,37.0,-0.039984287575223224,-0.0001936200014644118,-0.015229820472859217
2.0,35.0,75.0,5.895170689293565,0.06689246190843257,37.0,-0.039984830524420284,-0.00019307705226735152,-0.015426611639909717
2.0,36.0,75.0,5.918185199544742,0.11205835642090678,37.0,-0.03998551484959439,-0.0001927283509097346,-0.015550705501098175
2.0,37.0,75.0,5.926228160632966,0.16501734212023322,37.0,-0.03998631725077563,-0.00019260648903128856,-0.015589428016205147
2.0,38.0,75.0,5.9261140803164825,0.29986408031648293,37.0,-0.039988360363584295,-0.0001926082175043606,-0.015573484226415074
2.0,39.0,75.0,5.9261140803164825,0.43761408031648275,37.0,-0.03999044746478643,-0.0001926082175043606,-0.015562395426535825
2.0,40.0,75.0,5.9261140803164825,0.5753640803164828,37.0,-0.03999253456598856,-0.0001926082175043606,-0.015555961846920837
2.0,41.0,75.0,5.9261140803164825,0.7131140803164828,37.0,-0.03999462166719069,-0.0001926082175043606,-0.015553920680149958
1.0,1.0,76.0,2.926114080316483,2.213114080316483,37.5,-0.03716076714511496,-0.00022818779117504454,-0.0018646410432441602
1.0,2.0,76.0,2.926114080316483,2.350864080316483,37.5,-0.03716247842753865,-0.00022818779117504454,-0.0018693825726171574
1.0,3.0,76.0,2.926114080316483,2.488614080316483,37.5,-0.037164189709962346,-0.00022818779117504454,-0.0018796305349445513
1.0,4.0,76.0,2.926114080316483,2.626364080316483,37.5,-0.037165900992386036,-0.00022818779117504454,-0.0019072010071384932
1.0,5.0,76.0,2.9262281606329656,2.7612108185127324,37.5,-0.03716757620728961,-0.00022818637394353465,-0.0019346019730606132
1.0,6.0,76.0,2.918185199544742,2.8141698042120584,37.5,-0.03716823412221813,-0.0002282862924767087,-0.0018782750466251994
1.0,7.0,76.0,2.8951706892935642,2.859335698724533,37.5,-0.03716879522277298,-0.0002285722041056215,-0.0017746480225544084
1.0,8.0,76.0,2.859335698724533,2.8951706892935642,37.5,-0.03716924040454803,-0.00022901738588067768,-0.001587799549639358
1.0,9.0,76.0,2.814169804212059,2.918185199544742,37.5,-0.03716952631617695,-0.00022957848643552026,-0.00133768070102163
1.0,10.0,76.0,2.761210818512732,2.9262281606329656,37.5,-0.03716962623471012,-0.00023023640136404197,-0.0010752298927120207
1.0,11.0,76.0,2.113614080316483,2.926114080316483,37.5,-0.03716962481747861,-0.00023828156227668175,0.0022983624213085904
1.0,12.0,76.0,1.4631140803164828,2.926114080316483,37.5,-0.03716962481747861,-0.0002463627907094387,0.005654420285851095
1.0,13.0,76.0,0.8126140803164827,2.926114080316483,37.5,-0.03716962481747861,-0.00025444401914219563,0.009075209383993053
1.0,14.0,76.0,0.16501734212023322,2.9262281606329656,37.5,-0.03716962623471012,-0.00026248918005483544,0.012543009303916972
1.0,15.0,76.0,0.11205835642090678,2.918185199544742,37.5,-0.03716952631617695,-0.0002631470949833571,0.012829998045765258
1.0,16.0,76.0,0.06689246190843257,2.8951706892935642,37.5,-0.03716924040454803,-0.0002637081955381997,0.013074711386551573
1.0,17.0,76.0,0.0310574713394014,2.859335698724533,37.5,-0.03716879522277298,-0.0002641533773132559,0.013267258171436508
1.0,18.0,76.0,0.008042961088223777,2.8141698042120584,37.5,-0.03716823412221813,-0.0002644392889421687,0.013387605019045174
1.0,19.0,76.0,0.0,2.7612108185127324,37.5,-0.03716757620728961,-0.00026453920747534273,0.013423003219161794
1.0,20.0,76.0,0.0001140803164827453,2.113614080316483,37.5,-0.037159531046376974,-0.00026453779024383285,0.013341259297440386
1.0,21.0,76.0,0.0001140803164827453,1.4631140803164828,37.5,-0.037151449817944215,-0.00026453779024383285,0.013328969822297497
1.0,22.0,76.0,0.0001140803164827453,0.8126140803164827,37.5,-0.03714336858951146,-0.00026453779024383285,0.01338562291896359
1.0,23.0,76.0,0.0,0.16501734212023322,37.5,-0.03713532342859882,-0.00026453920747534273,0.013511722386516071
1.0,24.0,76.0,0.008042961088223777,0.11205835642090678,37.5,-0.0371346655136703,-0.0002644392889421687,0.01348006835715347
1.0,25.0,76.0,0.0310574713394014,0.06689246190843257,37.5,-0.03713410441311545,-0.0002641533773132559,0.013363132906841517
1.0,26.0,76.0,0.06689246190843257,0.0310574713394014,37.5,-0.0371336592313404,-0.0002637081955381997,0.01317352050686039
1.0,27.0,76.0,0.11205835642090678,0.008042961088223777,37.5,-0.037133373319711484,-0.0002631470949833571,0.01293096924585819
1.0,28.0,76.0,0.16501734212023322,0.0,37.5,-0.037133273401178314,-0.00026248918005483544,0.01264519128350225
1.0,29.0,76.0,0.8126140803164827,0.0001140803164827453,37.5,-0.03713327481840982,-0.00025444401914219563,0.009185517237376348
1.0,30.0,76.0,1.4631140803164828,0.0001140803164827453,37.5,-0.03713327481840982,-0.0002463627907094387,0.005773826604584902
1.0,31.0,76.0,2.113614080316483,0.0001140803164827453,37.5,-0.03713327481840982,-0.00023828156227668175,0.0024286670438353874
1.0,32.0,76.0,2.7612108185127324,0.0,37.5,-0.037133273401178314,-0.00023023640136404197,-0.0009254933207116537
1.0,33.0,76.0,2.814169804212059,0.008042961088223777,37.5,-0.037133373319711484,-0.00022957848643552026,-0.0011870362943008515
1.0,34.0,76.0,2.859335698724533,0.0310574713394014,37.5,-0.0371336592313404,-0.00022901738588067768,-0.0014377668703359566
1.0,35.0,76.0,2.8951706892935642,0.06689246190843257,37.5,-0.03713410441311545,-0.0002285722041056215,-0.001632067889186596
1.0,36.0,76.0,2.918185199544742,0.11205835642090678,37.5,-0.0371346655136703,-0.0002282862924767087,-0.0017456778682248936
1.0,37.0,76.0,2.9262281606329656,0.16501734212023322,37.5,-0.03713532342859882,-0.00022818637394353465,-0.0017692961820306495
1.0,38.0,76.0,2.926114080316483,0.29986408031648293,37.5,-0.037136998643502395,-0.00022818779117504454,-0.001764955167466174
1.0,39.0,76.0,2.926114080316483,0.43761408031648275,37.5,-0.037138709925926085,-0.00022818779117504454,-0.001741242919344828
1.0,40.0,76.0,2.926114080316483,0.5753640803164828,37.5,-0.03714042120834978,-0.00022818779117504454,-0.0017316257593712032
1.0,41.0,76.0,2.926114080316483,0.7131140803164828,37.5,-0.03714213249077347,-0.00022818779117504454,-0.0017330146888805496
2.0,1.0,76.0,5.9261140803164825,2.213114080316483,37.5,-0.03716076714511496,-0.00019091848249207634,-0.015822149982607437
2.0,2.0,76.0,5.9261140803164825,2.350864080316483,37.5,-0.03716247842753865,-0.00019091848249207634,-0.01582466458963441
2.0,3.0,76.0,5.9261140803164825,2.488614080316483,37.5,-0.037164189709962346,-0.00019091848249207634,-0.015830873332568874
2.0,4.0,76.0,5.9261140803164825,2.626364080316483,37.5,-0.037165900992386036,-0.00019091848249207634,-0.01584109591767236
2.0,5.0,76.0,5.926228160632966,2.7612108185127324,37.5,-0.03716757620728961,-0.00019091706526056646,-0.015855790560663486
2.0,6.0,76.0,5.918185199544742,2.8141698042120584,37.5,-0.03716823412221813,-0.0001910169837937405,-0.01581673173729365
2.0,7.0,76.0,5.895170689293565,2.859335698724533,37.5,-0.03716879522277298,-0.0001913028954226533,-0.015692638172448342
2.0,8.0,76.0,5.859335698724533,2.8951706892935642,37.5,-0.03716924040454803,-0.00019174807719770948,-0.015496084049257059
2.0,9.0,76.0,5.814169804212058,2.918185199544742,37.5,-0.03716952631617695,-0.00019230917775255206,-0.01524697176167375
2.0,10.0,76.0,5.7612108185127315,2.9262281606329656,37.5,-0.03716962623471012,-0.00019296709268107378,-0.01495478808801208
2.0,11.0,76.0,5.1136140803164825,2.926114080316483,37.5,-0.03716962481747861,-0.00020101225359371355,-0.011423775715880952
2.0,12.0,76.0,4.463114080316483,2.926114080316483,37.5,-0.03716962481747861,-0.00020909348202647048,-0.00795125967419632
2.0,13.0,76.0,3.8126140803164827,2.926114080316483,37.5,-0.03716962481747861,-0.00021717471045922744,-0.004555963492665777
2.0,14.0,76.0,3.1650173421202332,2.9262281606329656,37.5,-0.03716962623471012,-0.0002252198713718672,-0.0011587006992763175
2.0,15.0,76.0,3.112058356420907,2.918185199544742,37.5,-0.03716952631617695,-0.00022587778630038893,-0.0008732988105023034
2.0,16.0,76.0,3.0668924619084326,2.8951706892935642,37.5,-0.03716924040454803,-0.0002264388868552315,-0.0006311265798817454
2.0,17.0,76.0,3.0310574713394014,2.859335698724533,37.5,-0.03716879522277298,-0.00022688406863028768,-0.0004475551370421051
2.0,18.0,76.0,3.0080429610882238,2.8141698042120584,37.5,-0.03716823412221813,-0.0002271699802592005,-0.00034023343468575365
2.0,19.0,76.0,3.0,2.7612108185127324,37.5,-0.03716757620728961,-0.00022726989879237453,-0.0002740191652226472
2.0,20.0,76.0,3.0001140803164827,2.113614080316483,37.5,-0.037159531046376974,-0.00022726848156086465,-0.0002773160379710296
2.0,21.0,76.0,3.0001140803164827,1.4631140803164828,37.5,-0.037151449817944215,-0.00022726848156086465,-0.000239399801464342
2.0,22.0,76.0,3.0001140803164827,0.8126140803164827,37.5,-0.03714336858951146,-0.00022726848156086465,-0.00025851240319007613
2.0,23.0,76.0,3.0,0.16501734212023322,37.5,-0.03713532342859882,-0.00022726989879237453,-0.0002346848859753828
2.0,24.0,76.0,3.0080429610882238,0.11205835642090678,37.5,-0.0371346655136703,-0.0002271699802592005,-0.0002696282536899052
2.0,25.0,76.0,3.0310574713394014,0.06689246190843257,37.5,-0.03713410441311545,-0.00022688406863028768,-0.0003888876367665373
2.0,26.0,76.0,3.0668924619084326,0.0310574713394014,37.5,-0.0371336592313404,-0.0002264388868552315,-0.0005788748730428502
2.0,27.0,76.0,3.112058356420907,0.008042961088223777,37.5,-0.037133373319711484,-0.00022587778630038893,-0.0008202443449007315
2.0,28.0,76.0,3.1650173421202332,0.0,37.5,-0.037133273401178314,-0.0002252198713718672,-0.0011038456814539868
2.0,29.0,76.0,3.8126140803164827,0.0001140803164827453,37.5,-0.03713327481840982,-0.00021717471045922744,-0.004485715780546023
2.0,30.0,76.0,4.463114080316483,0.0001140803164827453,37.5,-0.03713327481840982,-0.00020909348202647048,-0.007875398055202319
2.0,31.0,76.0,5.1136140803164825,0.0001140803164827453,37.5,-0.03713327481840982,-0.00020101225359371355,-0.011341442829064512
2.0,32.0,76.0,5.761210818512732,0.0,37.5,-0.037133273401178314,-0.00019296709268107378,-0.014865567165952137
2.0,33.0,76.0,5.814169804212058,0.008042961088223777,37.5,-0.037133373319711484,-0.00019230917775255206,-0.01515730795515753
2.0,34.0,76.0,5.859335698724533,0.0310574713394014,37.5,-0.0371336592313404,-0.00019174807719770948,-0.015406215990447714
2.0,35.0,76.0,5.895170689293565,0.06689246190843257,37.5,-0.03713410441311545,-0.0001913028954226533,-0.015602814158117394
2.0,36.0,76.0,5.918185199544742,0.11205835642090678,37.5,-0.0371346655136703,-0.0001910169837937405,-0.015727221747785805
2.0,37.0,76.0,5.926228160632966,0.16501734212023322,37.5,-0.03713532342859882,-0.00019091706526056646,-0.015766889884611307
2.0,38.0,76.0,5.9261140803164825,0.29986408031648293,37.5,-0.037136998643502395,-0.00019091848249207634,-0.015753994166716412
2.0,39.0,76.0,5.9261140803164825,0.43761408031648275,37.5,-0.037138709925926085,-0.00019091848249207634,-0.015745486387919786
2.0,40.0,76.0,5.9261140803164825,0.5753640803164828,37.5,-0.03714042120834978,-0.00019091848249207634,-0.015740758158550226
2.0,41.0,76.0,5.9261140803164825,0.7131140803164828,37.5,-0.03714213249077347,-0.00019091848249207634,-0.015739459949288125
1.0,1.0,77.0,2.926114080316483,2.213114080316483,38.0,-0.034335211604990305,-0.00021765971111405524,-0.0015524587978083062
1.0,2.0,77.0,2.926114080316483,2.350864080316483,38.0,-0.03433654952346505,-0.00021765971111405524,-0.001551477532132716
1.0,3.0,77.0,2.926114080316483,2.488614080316483,38.0,-0.0343378874419398,-0.00021765971111405524,-0.0015429683454366275
1.0,4.0,77.0,2.926114080316483,2.626364080316483,38.0,-0.034339225360414546,-0.00021765971111405524,-0.0015246227759705647
1.0,5.0,77.0,2.9262281606329656,2.7612108185127324,38.0,-0.03434053508050378,-0.00021765860309109315,-0.0015534623135545682
1.0,6.0,77.0,2.918185199544742,2.8141698042120584,38.0,-0.03434104945295657,-0.00021773672161183084,-0.0015663590639985357
1.0,7.0,77.0,2.8951706892935642,2.859335698724533,38.0,-0.03434148813378921,-0.00021796025365141225,-0.0014307806864199283
1.0,8.0,77.0,2.859335698724533,2.8951706892935642,38.0,-0.03434183618675418,-0.00021830830661638315,-0.0012389040200212502
1.0,9.0,77.0,2.814169804212059,2.918185199544742,38.0,-0.03434205971879376,-0.00021874698744902765,-0.0010099029891357774
1.0,10.0,77.0,2.761210818512732,2.9262281606329656,38.0,-0.034342137837314504,-0.00021926135990181216,-0.0006898107603713747
1.0,11.0,77.0,2.113614080316483,2.926114080316483,38.0,-0.03434213672929154,-0.0002255512447672901,0.0025144604979847694
1.0,12.0,77.0,1.4631140803164828,2.926114080316483,38.0,-0.03434213672929154,-0.00023186932801828,0.005829227114681664
1.0,13.0,77.0,0.8126140803164827,2.926114080316483,38.0,-0.03434213672929154,-0.00023818741126926986,0.009241089980715758
1.0,14.0,77.0,0.16501734212023322,2.9262281606329656,38.0,-0.034342137837314504,-0.0002444772961347478,0.012695844822752198
1.0,15.0,77.0,0.11205835642090678,2.918185199544742,38.0,-0.03434205971879376,-0.0002449916685875323,0.012981181191047892
1.0,16.0,77.0,0.06689246190843257,2.8951706892935642,38.0,-0.03434183618675418,-0.0002454303494201768,0.013224556029039075
1.0,17.0,77.0,0.0310574713394014,2.859335698724533,38.0,-0.03434148813378921,-0.0002457784023851477,0.013416473112794959
1.0,18.0,77.0,0.008042961088223777,2.8141698042120584,38.0,-0.03434104945295657,-0.0002460019344247291,0.013537277844337678
1.0,19.0,77.0,0.0,2.7612108185127324,38.0,-0.03434053508050378,-0.0002460800529454668,0.013574487096435547
1.0,20.0,77.0,0.0001140803164827453,2.113614080316483,38.0,-0.034334245195638304,-0.0002460789449225047,0.01351071751043871
1.0,21.0,77.0,0.0001140803164827453,1.4631140803164828,38.0,-0.034327927112387316,-0.0002460789449225047,0.013503116632240915
1.0,22.0,77.0,0.0001140803164827453,0.8126140803164827,38.0,-0.03432160902913633,-0.0002460789449225047,0.013556548505023896
1.0,23.0,77.0,0.0,0.16501734212023322,38.0,-0.03431531914427085,-0.0002460800529454668,0.013666179553402828
1.0,24.0,77.0,0.008042961088223777,0.11205835642090678,38.0,-0.034314804771818065,-0.0002460019344247291,0.013632822720839365
1.0,25.0,77.0,0.0310574713394014,0.06689246190843257,38.0,-0.03431436609098542,-0.0002457784023851477,0.013515508663065914
1.0,26.0,77.0,0.06689246190843257,0.0310574713394014,38.0,-0.03431401803802045,-0.0002454303494201768,0.013326570295025604
1.0,27.0,77.0,0.11205835642090678,0.008042961088223777,38.0,-0.03431379450598087,-0.0002449916685875323,0.013085356854173107
1.0,28.0,77.0,0.16501734212023322,0.0,38.0,-0.03431371638746013,-0.0002444772961347478,0.012801177079859406
1.0,29.0,77.0,0.8126140803164827,0.0001140803164827453,38.0,-0.03431371749548309,-0.00023818741126926986,0.00935370856007775
1.0,30.0,77.0,1.4631140803164828,0.0001140803164827453,38.0,-0.03431371749548309,-0.00023186932801828,0.005950172780332886
1.0,31.0,77.0,2.113614080316483,0.0001140803164827453,38.0,-0.03431371749548309,-0.0002255512447672901,0.0026444921148449166
1.0,32.0,77.0,2.7612108185127324,0.0,38.0,-0.03431371638746013,-0.00021926135990181216,-0.000542694655028812
1.0,33.0,77.0,2.814169804212059,0.008042961088223777,38.0,-0.03431379450598087,-0.00021874698744902765,-0.0008567408234478471
1.0,34.0,77.0,2.859335698724533,0.0310574713394014,38.0,-0.03431401803802045,-0.00021830830661638315,-0.001079256007837661
1.0,35.0,77.0,2.8951706892935642,0.06689246190843257,38.0,-0.03431436609098542,-0.00021796025365141225,-0.0012596479972212511
1.0,36.0,77.0,2.918185199544742,0.11205835642090678,38.0,-0.034314804771818065,-0.00021773672161183084,-0.0013826891654824432
1.0,37.0,77.0,2.9262281606329656,0.16501734212023322,38.0,-0.03431531914427085,-0.00021765860309109315,-0.00143283497433258
1.0,38.0,77.0,2.926114080316483,0.29986408031648293,38.0,-0.034316628864360085,-0.00021765971111405524,-0.0013706903580678964
1.0,39.0,77.0,2.926114080316483,0.43761408031648275,38.0,-0.03431796678283483,-0.00021765971111405524,-0.0013871165361237707
1.0,40.0,77.0,2.926114080316483,0.5753640803164828,38.0,-0.03431930470130958,-0.00021765971111405524,-0.001407526371406913
1.0,41.0,77.0,2.926114080316483,0.7131140803164828,38.0,-0.034320642619784326,-0.00021765971111405524,-0.0014141020820965988
2.0,1.0,77.0,5.9261140803164825,2.213114080316483,38.0,-0.034335211604990305,-0.00018852174070211114,-0.01598733756430914
2.0,2.0,77.0,5.9261140803164825,2.350864080316483,38.0,-0.03433654952346505,-0.00018852174070211114,-0.015989739893050352
2.0,3.0,77.0,5.9261140803164825,2.488614080316483,38.0,-0.0343378874419398,-0.00018852174070211114,-0.01599485505897013
2.0,4.0,77.0,5.9261140803164825,2.626364080316483,38.0,-0.034339225360414546,-0.00018852174070211114,-0.0160025972863349
2.0,5.0,77.0,5.926228160632966,2.7612108185127324,38.0,-0.03434053508050378,-0.00018852063267914908,-0.016013343988290844
2.0,6.0,77.0,5.918185199544742,2.8141698042120584,38.0,-0.03434104945295657,-0.00018859875119988677,-0.015973079823004666
2.0,7.0,77.0,5.895170689293565,2.859335698724533,38.0,-0.03434148813378921,-0.00018882228323946815,-0.015849099329398222
2.0,8.0,77.0,5.859335698724533,2.8951706892935642,38.0,-0.03434183618675418,-0.00018917033620443908,-0.015653647641492626
2.0,9.0,77.0,5.814169804212058,2.918185199544742,38.0,-0.03434205971879376,-0.00018960901703708356,-0.015406082063767165
2.0,10.0,77.0,5.7612108185127315,2.9262281606329656,38.0,-0.034342137837314504,-0.0001901233894898681,-0.015115598024491389
2.0,11.0,77.0,5.1136140803164825,2.926114080316483,38.0,-0.03434213672929154,-0.00019641327435534602,-0.011598790513535313
2.0,12.0,77.0,4.463114080316483,2.926114080316483,38.0,-0.03434213672929154,-0.00020273135760633587,-0.008126463826683602
2.0,13.0,77.0,3.8126140803164827,2.926114080316483,38.0,-0.03434213672929154,-0.00020904944085732577,-0.004775521468427766
2.0,14.0,77.0,3.1650173421202332,2.9262281606329656,38.0,-0.034342137837314504,-0.0002153393257228037,-0.0015202494925934213
2.0,15.0,77.0,3.112058356420907,2.918185199544742,38.0,-0.03434205971879376,-0.00021585369817558823,-0.0012378512002303706
2.0,16.0,77.0,3.0668924619084326,2.8951706892935642,38.0,-0.03434183618675418,-0.0002162923790082327,-0.0009888587252738668
2.0,17.0,77.0,3.0310574713394014,2.859335698724533,38.0,-0.03434148813378921,-0.0002166404319732036,-0.0007810996288671724
2.0,18.0,77.0,3.0080429610882238,2.8141698042120584,38.0,-0.03434104945295657,-0.00021686396401278502,-0.0006371768888551198
2.0,19.0,77.0,3.0,2.7612108185127324,38.0,-0.03434053508050378,-0.0002169420825335227,-0.0006502870315227131
2.0,20.0,77.0,3.0001140803164827,2.113614080316483,38.0,-0.034334245195638304,-0.00021694097451056062,-0.0004970387018335426
2.0,21.0,77.0,3.0001140803164827,1.4631140803164828,38.0,-0.034327927112387316,-0.00021694097451056062,-0.00041422152302433515
2.0,22.0,77.0,3.0001140803164827,0.8126140803164827,38.0,-0.03432160902913633,-0.00021694097451056062,-0.000488710478130168
2.0,23.0,77.0,3.0,0.16501734212023322,38.0,-0.03431531914427085,-0.0002169420825335227,-0.000588823506992748
2.0,24.0,77.0,3.0080429610882238,0.11205835642090678,38.0,-0.034314804771818065,-0.00021686396401278502,-0.0006300089642554562
2.0,25.0,77.0,3.0310574713394014,0.06689246190843257,38.0,-0.03431436609098542,-0.0002166404319732036,-0.0007493066216847495
2.0,26.0,77.0,3.0668924619084326,0.0310574713394014,38.0,-0.03431401803802045,-0.0002162923790082327,-0.0009381760171947574
2.0,27.0,77.0,3.112058356420907,0.008042961088223777,38.0,-0.03431379450598087,-0.00021585369817558823,-0.0011764787118047463
2.0,28.0,77.0,3.1650173421202332,0.0,38.0,-0.03431371638746013,-0.0002153393257228037,-0.0014517655461346165
2.0,29.0,77.0,3.8126140803164827,0.0001140803164827453,38.0,-0.03431371749548309,-0.00020904944085732577,-0.0046975180107005875
2.0,30.0,77.0,4.463114080316483,0.0001140803164827453,38.0,-0.03431371749548309,-0.00020273135760633587,-0.00804676056836276
2.0,31.0,77.0,5.1136140803164825,0.0001140803164827453,38.0,-0.03431371749548309,-0.00019641327435534602,-0.01151318415999549
2.0,32.0,77.0,5.761210818512732,0.0,38.0,-0.03431371638746013,-0.0001901233894898681,-0.01502424453920285
2.0,33.0,77.0,5.814169804212058,0.008042961088223777,38.0,-0.03431379450598087,-0.00018960901703708356,-0.0153144542146409
2.0,34.0,77.0,5.859335698724533,0.0310574713394014,38.0,-0.03431401803802045,-0.00018917033620443908,-0.015562089231412972
2.0,35.0,77.0,5.895170689293565,0.06689246190843257,38.0,-0.03431436609098542,-0.00018882228323946815,-0.015757958895603014
2.0,36.0,77.0,5.918185199544742,0.11205835642090678,38.0,-0.034314804771818065,-0.00018859875119988677,-0.015882694671940895
2.0,37.0,77.0,5.926228160632966,0.16501734212023322,38.0,-0.03431531914427085,-0.00018852063267914908,-0.015924076979974326
2.0,38.0,77.0,5.9261140803164825,0.29986408031648293,38.0,-0.034316628864360085,-0.00018852174070211114,-0.015916458367798998
2.0,39.0,77.0,5.9261140803164825,0.43761408031648275,38.0,-0.03431796678283483,-0.00018852174070211114,-0.01591182363317256
2.0,40.0,77.0,5.9261140803164825,0.5753640803164828,38.0,-0.03431930470130958,-0.00018852174070211114,-0.015909547792271717
2.0,41.0,77.0,5.9261140803164825,0.7131140803164828,38.0,-0.034320642619784326,-0.00018852174070211114,-0.015909341261157565
1.0,1.0,78.0,2.926114080316483,2.213114080316483,38.5,-0.03157277318030097,-0.0002050121538236743,-0.0012791230803363043
1.0,2.0,78.0,2.926114080316483,2.350864080316483,38.5,-0.03157381635667363,-0.0002050121538236743,-0.001271879459228788
1.0,3.0,78.0,2.926114080316483,2.488614080316483,38.5,-0.031574859533046305,-0.0002050121538236743,-0.0012420604988223286
1.0,4.0,78.0,2.926114080316483,2.626364080316483,38.5,-0.03157590270941898,-0.0002050121538236743,-0.0011850284369452947
1.0,5.0,78.0,2.9262281606329656,2.7612108185127324,38.5,-0.031576923899482266,-0.00020501128989706274,-0.0010308236979342893
1.0,6.0,78.0,2.918185199544742,2.8141698042120584,38.5,-0.03157732495619807,-0.00020507219898579994,-0.0008716805344947436
1.0,7.0,78.0,2.8951706892935642,2.859335698724533,38.5,-0.031577666996081964,-0.00020524648714059215,-0.0007721384785216936
1.0,8.0,78.0,2.859335698724533,2.8951706892935642,38.5,-0.0315779383733268,-0.00020551786438543067,-0.0006130224352265262
1.0,9.0,78.0,2.814169804212059,2.918185199544742,38.5,-0.0315781126614816,-0.00020585990426932155,-0.00040982696946486463
1.0,10.0,78.0,2.761210818512732,2.9262281606329656,38.5,-0.03157817357057033,-0.00020626096098512678,-0.00027404884612388655
1.0,11.0,78.0,2.113614080316483,2.926114080316483,38.5,-0.03157817270664372,-0.000211165190504584,0.002682582880646243
1.0,12.0,78.0,1.4631140803164828,2.926114080316483,38.5,-0.03157817270664372,-0.0002160914063334231,0.005993321769281212
1.0,13.0,78.0,0.8126140803164827,2.926114080316483,38.5,-0.03157817270664372,-0.0002210176221622622,0.009392722655249762
1.0,14.0,78.0,0.16501734212023322,2.9262281606329656,38.5,-0.03157817357057033,-0.00022592185168171942,0.012838439842778611
1.0,15.0,78.0,0.11205835642090678,2.918185199544742,38.5,-0.0315781126614816,-0.00022632290839752462,0.013121658046448591
1.0,16.0,78.0,0.06689246190843257,2.8951706892935642,38.5,-0.0315779383733268,-0.00022666494828141553,0.01336322476417781
1.0,17.0,78.0,0.0310574713394014,2.859335698724533,38.5,-0.031577666996081964,-0.00022693632552625405,0.01355430264401797
1.0,18.0,78.0,0.008042961088223777,2.8141698042120584,38.5,-0.03157732495619807,-0.00022711061368104626,0.013675673710696256
1.0,19.0,78.0,0.0,2.7612108185127324,38.5,-0.031576923899482266,-0.00022717152276978346,0.013715181668893248
1.0,20.0,78.0,0.0001140803164827453,2.113614080316483,38.5,-0.03157201966996281,-0.0002271706588431719,0.01366802930100667
1.0,21.0,78.0,0.0001140803164827453,1.4631140803164828,38.5,-0.03156709345413397,-0.0002271706588431719,0.013664118868240554
1.0,22.0,78.0,0.0001140803164827453,0.8126140803164827,38.5,-0.031562167238305135,-0.0002271706588431719,0.013715238477307712
1.0,23.0,78.0,0.0,0.16501734212023322,38.5,-0.031557263008785676,-0.00022717152276978346,0.013809827209168813
1.0,24.0,78.0,0.008042961088223777,0.11205835642090678,38.5,-0.03155686195206987,-0.00022711061368104626,0.01377430937670745
1.0,25.0,78.0,0.0310574713394014,0.06689246190843257,38.5,-0.03155651991218598,-0.00022693632552625405,0.0136564846452942
1.0,26.0,78.0,0.06689246190843257,0.0310574713394014,38.5,-0.03155624853494114,-0.00022666494828141553,0.013468374398176252
1.0,27.0,78.0,0.11205835642090678,0.008042961088223777,38.5,-0.031556074246786345,-0.00022632290839752462,0.013228907717787147
1.0,28.0,78.0,0.16501734212023322,0.0,38.5,-0.031556013337697614,-0.00022592185168171942,0.012946757800970094
1.0,29.0,78.0,0.8126140803164827,0.0001140803164827453,38.5,-0.031556014201624225,-0.0002210176221622622,0.009507510993048867
1.0,30.0,78.0,1.4631140803164828,0.0001140803164827453,38.5,-0.031556014201624225,-0.0002160914063334231,0.006115308245220343
1.0,31.0,78.0,2.113614080316483,0.0001140803164827453,38.5,-0.031556014201624225,-0.000211165190504584,0.0028131931605324834
1.0,32.0,78.0,2.7612108185127324,0.0,38.5,-0.031556013337697614,-0.00020626096098512675,-0.00013878252143379428
1.0,33.0,78.0,2.814169804212059,0.008042961088223777,38.5,-0.031556074246786345,-0.00020585990426932155,-0.00027948022616181126
1.0,34.0,78.0,2.859335698724533,0.0310574713394014,38.5,-0.03155624853494114,-0.00020551786438543067,-0.0004869791573747151
1.0,35.0,78.0,2.8951706892935642,0.06689246190843257,38.5,-0.03155651991218598,-0.00020524648714059215,-0.0006501276274685587
1.0,36.0,78.0,2.918185199544742,0.11205835642090678,38.5,-0.03155686195206987,-0.00020507219898579994,-0.0007530383978053418
1.0,37.0,78.0,2.9262281606329656,0.16501734212023322,38.5,-0.031557263008785676,-0.00020501128989706274,-0.0007858664037869358
1.0,38.0,78.0,2.926114080316483,0.29986408031648293,38.5,-0.031558284198848964,-0.0002050121538236743,-0.0009941510585061526
1.0,39.0,78.0,2.926114080316483,0.43761408031648275,38.5,-0.03155932737522164,-0.0002050121538236743,-0.0010857584485847328
1.0,40.0,78.0,2.926114080316483,0.5753640803164828,38.5,-0.03156037055159431,-0.0002050121538236743,-0.0011231599438851485
1.0,41.0,78.0,2.926114080316483,0.7131140803164828,38.5,-0.031561413727966975,-0.0002050121538236743,-0.0011410960242467232
2.0,1.0,78.0,5.9261140803164825,2.213114080316483,38.5,-0.03157277318030097,-0.0001822932491557,-0.016139006407440072
2.0,2.0,78.0,5.9261140803164825,2.350864080316483,38.5,-0.03157381635667363,-0.0001822932491557,-0.016142342817675535
2.0,3.0,78.0,5.9261140803164825,2.488614080316483,38.5,-0.031574859533046305,-0.0001822932491557,-0.016146928387128938
2.0,4.0,78.0,5.9261140803164825,2.626364080316483,38.5,-0.03157590270941898,-0.0001822932491557,-0.016152582360498366
2.0,5.0,78.0,5.926228160632966,2.7612108185127324,38.5,-0.031576923899482266,-0.00018229238522908845,-0.016159069258480072
2.0,6.0,78.0,5.918185199544742,2.8141698042120584,38.5,-0.03157732495619807,-0.00018235329431782565,-0.01611734058694904
2.0,7.0,78.0,5.895170689293565,2.859335698724533,38.5,-0.031577666996081964,-0.00018252758247261784,-0.015993560164577758
2.0,8.0,78.0,5.859335698724533,2.8951706892935642,38.5,-0.0315779383733268,-0.00018279895971745638,-0.015799507664214705
2.0,9.0,78.0,5.814169804212058,2.918185199544742,38.5,-0.0315781126614816,-0.00018314099960134726,-0.015554327990203854
2.0,10.0,78.0,5.7612108185127315,2.9262281606329656,38.5,-0.03157817357057033,-0.00018354205631715246,-0.015266353801629325
2.0,11.0,78.0,5.1136140803164825,2.926114080316483,38.5,-0.03157817270664372,-0.00018844628583660972,-0.011755587434787404
2.0,12.0,78.0,4.463114080316483,2.926114080316483,38.5,-0.03157817270664372,-0.0001933725016654488,-0.00829888528333073
2.0,13.0,78.0,3.8126140803164827,2.926114080316483,38.5,-0.03157817270664372,-0.0001982987174942879,-0.0049089902425494235
2.0,14.0,78.0,3.1650173421202332,2.9262281606329656,38.5,-0.03157817357057033,-0.00020320294701374513,-0.0020105763714342137
2.0,15.0,78.0,3.112058356420907,2.918185199544742,38.5,-0.0315781126614816,-0.00020360400372955033,-0.0017681335466558485
2.0,16.0,78.0,3.0668924619084326,2.8951706892935642,38.5,-0.0315779383733268,-0.00020394604361344122,-0.0015594358320579213
2.0,17.0,78.0,3.0310574713394014,2.859335698724533,38.5,-0.031577666996081964,-0.00020421742085827976,-0.0013917524530687021
2.0,18.0,78.0,3.0080429610882238,2.8141698042120584,38.5,-0.03157732495619807,-0.00020439170901307197,-0.0012814122533242706
2.0,19.0,78.0,3.0,2.7612108185127324,38.5,-0.031576923899482266,-0.00020445261810180914,-0.0010959113557693105
2.0,20.0,78.0,3.0001140803164827,2.113614080316483,38.5,-0.03157201966996281,-0.0002044517541751976,-0.0006579991782448116
2.0,21.0,78.0,3.0001140803164827,1.4631140803164828,38.5,-0.03156709345413397,-0.0002044517541751976,-0.0005896183758171179
2.0,22.0,78.0,3.0001140803164827,0.8126140803164827,38.5,-0.031562167238305135,-0.0002044517541751976,-0.0006304704610084689
2.0,23.0,78.0,3.0,0.16501734212023322,38.5,-0.031557263008785676,-0.00020445261810180914,-0.0011279570484271128
2.0,24.0,78.0,3.0080429610882238,0.11205835642090678,38.5,-0.03155686195206987,-0.00020439170901307197,-0.0011697217804629964
2.0,25.0,78.0,3.0310574713394014,0.06689246190843257,38.5,-0.03155651991218598,-0.00020421742085827976,-0.001280254207841071
2.0,26.0,78.0,3.0668924619084326,0.0310574713394014,38.5,-0.03155624853494114,-0.00020394604361344122,-0.0014494497630451108
2.0,27.0,78.0,3.112058356420907,0.008042961088223777,38.5,-0.031556074246786345,-0.00020360400372955033,-0.0016608323481964817
2.0,28.0,78.0,3.1650173421202332,0.0,38.5,-0.031556013337697614,-0.00020320294701374513,-0.001907089409702426
2.0,29.0,78.0,3.8126140803164827,0.0001140803164827453,38.5,-0.031556014201624225,-0.0001982987174942879,-0.004829590934137512
2.0,30.0,78.0,4.463114080316483,0.0001140803164827453,38.5,-0.031556014201624225,-0.0001933725016654488,-0.0082141373795749
2.0,31.0,78.0,5.1136140803164825,0.0001140803164827453,38.5,-0.031556014201624225,-0.00018844628583660972,-0.011667352299150247
2.0,32.0,78.0,5.761210818512732,0.0,38.5,-0.031556013337697614,-0.00018354205631715246,-0.015172291818150779
2.0,33.0,78.0,5.814169804212058,0.008042961088223777,38.5,-0.031556074246786345,-0.00018314099960134726,-0.01546005298720487
2.0,34.0,78.0,5.859335698724533,0.0310574713394014,38.5,-0.03155624853494114,-0.00018279895971745638,-0.01570565260855143
2.0,35.0,78.0,5.895170689293565,0.06689246190843257,38.5,-0.03155651991218598,-0.00018252758247261784,-0.015900677664481954
2.0,36.0,78.0,5.918185199544742,0.11205835642090678,38.5,-0.03155686195206987,-0.00018235329431782565,-0.01602588515522144
2.0,37.0,78.0,5.926228160632966,0.16501734212023322,38.5,-0.031557263008785676,-0.00018229238522908845,-0.016069445351956084
2.0,38.0,78.0,5.9261140803164825,0.29986408031648293,38.5,-0.031558284198848964,-0.0001822932491557,-0.01606775989915697
2.0,39.0,78.0,5.9261140803164825,0.43761408031648275,38.5,-0.03155932737522164,-0.0001822932491557,-0.016067000423345187
2.0,40.0,78.0,5.9261140803164825,0.5753640803164828,38.5,-0.03156037055159431,-0.0001822932491557,-0.016067352566926436
2.0,41.0,78.0,5.9261140803164825,0.7131140803164828,38.5,-0.031561413727966975,-0.0001822932491557,-0.016069145455200242
1.0,1.0,79.0,2.926114080316483,2.213114080316483,39.0,-0.028847420357875152,-0.00018964944942852108,-0.001086904659839702
1.0,2.0,79.0,2.926114080316483,2.350864080316483,39.0,-0.028848311926930558,-0.00018964944942852108,-0.001080093640486705
1.0,3.0,79.0,2.926114080316483,2.488614080316483,39.0,-0.02884920349598596,-0.00018964944942852108,-0.0010508507462546669
1.0,4.0,79.0,2.926114080316483,2.626364080316483,39.0,-0.028850095065041367,-0.00018964944942852108,-0.0009888456283193212
1.0,5.0,79.0,2.9262281606329656,2.7612108185127324,39.0,-0.028850967843110316,-0.0001896487110584303,-0.000917430750465668
1.0,6.0,79.0,2.918185199544742,2.8141698042120584,39.0,-0.028851310613294382,-0.00018970076808362142,-0.0008716805344947436
1.0,7.0,79.0,2.8951706892935642,2.859335698724533,39.0,-0.028851602943703872,-0.00018984972652402244,-0.0007721384785216936
1.0,8.0,79.0,2.859335698724533,2.8951706892935642,39.0,-0.028851834881044647,-0.0001900816638647996,-0.0006130224352265262
1.0,9.0,79.0,2.814169804212059,2.918185199544742,39.0,-0.02885198383948505,-0.00019037399427428766,-0.00040982696946486463
1.0,10.0,79.0,2.761210818512732,2.9262281606329656,39.0,-0.02885203589651024,-0.0001907167644583539,-0.0001560336243316597
1.0,11.0,79.0,2.113614080316483,2.926114080316483,39.0,-0.02885203515814015,-0.00019490825057201337,0.0028500255841746006
1.0,12.0,79.0,1.4631140803164828,2.926114080316483,39.0,-0.02885203515814015,-0.00019911852767212626,0.006131772500213339
1.0,13.0,79.0,0.8126140803164827,2.926114080316483,39.0,-0.02885203515814015,-0.00020332880477223918,0.009532199543698078
1.0,14.0,79.0,0.16501734212023322,2.9262281606329656,39.0,-0.02885203589651024,-0.00020752029088589864,0.012976149098285228
1.0,15.0,79.0,0.11205835642090678,2.918185199544742,39.0,-0.02885198383948505,-0.00020786306106996487,0.01325948695600636
1.0,16.0,79.0,0.06689246190843257,2.8951706892935642,39.0,-0.028851834881044647,-0.00020815539147945293,0.013501225721082376
1.0,17.0,79.0,0.0310574713394014,2.859335698724533,39.0,-0.028851602943703872,-0.00020838732882023011,0.013692497510112154
1.0,18.0,79.0,0.008042961088223777,2.8141698042120584,39.0,-0.028851310613294382,-0.0002085362872606311,0.013814141488560255
1.0,19.0,79.0,0.0,2.7612108185127324,39.0,-0.028850967843110316,-0.00020858834428582227,0.013854049338259587
1.0,20.0,79.0,0.0001140803164827453,2.113614080316483,39.0,-0.028846776356996656,-0.00020858760591573148,0.01381418468216537
1.0,21.0,79.0,0.0001140803164827453,1.4631140803164828,39.0,-0.028842566079896544,-0.00020858760591573148,0.013813215797029658
1.0,22.0,79.0,0.0001140803164827453,0.8126140803164827,39.0,-0.028838355802796433,-0.00020858760591573148,0.0138626894697042
1.0,23.0,79.0,0.0,0.16501734212023322,39.0,-0.028834164316682773,-0.00020858834428582227,0.013951415963802366
1.0,24.0,79.0,0.008042961088223777,0.11205835642090678,39.0,-0.028833821546498706,-0.0002085362872606311,0.013915596867531441
1.0,25.0,79.0,0.0310574713394014,0.06689246190843257,39.0,-0.028833529216089216,-0.00020838732882023011,0.013797532224365203
1.0,26.0,79.0,0.06689246190843257,0.0310574713394014,39.0,-0.028833297278748442,-0.00020815539147945293,0.013609214204083809
1.0,27.0,79.0,0.11205835642090678,0.008042961088223777,39.0,-0.02883314832030804,-0.00020786306106996487,0.013369535508192422
1.0,28.0,79.0,0.16501734212023322,0.0,39.0,-0.02883309626328285,-0.00020752029088589864,0.013087215926853642
1.0,29.0,79.0,0.8126140803164827,0.0001140803164827453,39.0,-0.02883309700165294,-0.00020332880477223918,0.009648942889507526
1.0,30.0,79.0,1.4631140803164828,0.0001140803164827453,39.0,-0.02883309700165294,-0.00019911852767212626,0.006254938275410426
1.0,31.0,79.0,2.113614080316483,0.0001140803164827453,39.0,-0.02883309700165294,-0.00019490825057201337,0.002979642960795468
1.0,32.0,79.0,2.7612108185127324,0.0,39.0,-0.02883309626328285,-0.0001907167644583539,-2.5208637013882347e-5
1.0,33.0,79.0,2.814169804212059,0.008042961088223777,39.0,-0.02883314832030804,-0.00019037399427428766,-0.00027948022616181126
1.0,34.0,79.0,2.859335698724533,0.0310574713394014,39.0,-0.028833297278748442,-0.0001900816638647996,-0.0004869791573747151
1.0,35.0,79.0,2.8951706892935642,0.06689246190843257,39.0,-0.028833529216089216,-0.00018984972652402244,-0.0006501276274685587
1.0,36.0,79.0,2.918185199544742,0.11205835642090678,39.0,-0.028833821546498706,-0.00018970076808362142,-0.0007530383978053418
1.0,37.0,79.0,2.9262281606329656,0.16501734212023322,39.0,-0.028834164316682773,-0.0001896487110584303,-0.0007858664037869358
1.0,38.0,79.0,2.926114080316483,0.29986408031648293,39.0,-0.02883503709475172,-0.00018964944942852108,-0.0008249740891271785
1.0,39.0,79.0,2.926114080316483,0.43761408031648275,39.0,-0.028835928663807128,-0.00018964944942852108,-0.0008975185538283778
1.0,40.0,79.0,2.926114080316483,0.5753640803164828,39.0,-0.02883682023286253,-0.00018964944942852108,-0.0009407123050921357
1.0,41.0,79.0,2.926114080316483,0.7131140803164828,39.0,-0.028837711801917937,-0.00018964944942852108,-0.000956058283751908
2.0,1.0,79.0,5.9261140803164825,2.213114080316483,39.0,-0.028847420357875152,-0.00017023233751408797,-0.01628348725616541
2.0,2.0,79.0,5.9261140803164825,2.350864080316483,39.0,-0.028848311926930558,-0.00017023233751408797,-0.016287716718046234
2.0,3.0,79.0,5.9261140803164825,2.488614080316483,39.0,-0.02884920349598596,-0.00017023233751408797,-0.01629259262469445
2.0,4.0,79.0,5.9261140803164825,2.626364080316483,39.0,-0.028850095065041367,-0.00017023233751408797,-0.01629803367865839
2.0,5.0,79.0,5.926228160632966,2.7612108185127324,39.0,-0.028850967843110316,-0.00017023159914399718,-0.01630421860680306
2.0,6.0,79.0,5.918185199544742,2.8141698042120584,39.0,-0.028851310613294382,-0.00017028365616918834,-0.01626250082326271
2.0,7.0,79.0,5.895170689293565,2.859335698724533,39.0,-0.028851602943703872,-0.00017043261460958933,-0.016138797215828733
2.0,8.0,79.0,5.859335698724533,2.8951706892935642,39.0,-0.028851834881044647,-0.00017066455195036652,-0.01594483995889606
2.0,9.0,79.0,5.814169804212058,2.918185199544742,39.0,-0.02885198383948505,-0.00017095688235985458,-0.01569945919578117
2.0,10.0,79.0,5.7612108185127315,2.9262281606329656,39.0,-0.02885203589651024,-0.0001712996525439208,-0.015411213460619504
2.0,11.0,79.0,5.1136140803164825,2.926114080316483,39.0,-0.02885203515814015,-0.00017549113865758027,-0.011902065187505856
2.0,12.0,79.0,4.463114080316483,2.926114080316483,39.0,-0.02885203515814015,-0.00017970141575769319,-0.008434862076573567
2.0,13.0,79.0,3.8126140803164827,2.926114080316483,39.0,-0.02885203515814015,-0.0001839116928578061,-0.005083445683523886
2.0,14.0,79.0,3.1650173421202332,2.9262281606329656,39.0,-0.02885203589651024,-0.00018810317897146556,-0.0020105763714342137
2.0,15.0,79.0,3.112058356420907,2.918185199544742,39.0,-0.02885198383948505,-0.0001884459491555318,-0.0017681335466558485
2.0,16.0,79.0,3.0668924619084326,2.8951706892935642,39.0,-0.028851834881044647,-0.00018873827956501985,-0.0015594358320579213
2.0,17.0,79.0,3.0310574713394014,2.859335698724533,39.0,-0.028851602943703872,-0.00018897021690579704,-0.0013917524530687021
2.0,18.0,79.0,3.0080429610882238,2.8141698042120584,39.0,-0.028851310613294382,-0.00018911917534619803,-0.0012814122533242706
2.0,19.0,79.0,3.0,2.7612108185127324,39.0,-0.028850967843110316,-0.0001891712323713892,-0.0012235495173831808
2.0,20.0,79.0,3.0001140803164827,2.113614080316483,39.0,-0.028846776356996656,-0.0001891704940012984,-0.0008244459937035955
2.0,21.0,79.0,3.0001140803164827,1.4631140803164828,39.0,-0.028842566079896544,-0.0001891704940012984,-0.000714337016965255
2.0,22.0,79.0,3.0001140803164827,0.8126140803164827,39.0,-0.028838355802796433,-0.0001891704940012984,-0.0008160219584695909
2.0,23.0,79.0,3.0,0.16501734212023322,39.0,-0.028834164316682773,-0.0001891712323713892,-0.0011279570484271128
2.0,24.0,79.0,3.0080429610882238,0.11205835642090678,39.0,-0.028833821546498706,-0.00018911917534619803,-0.0011697217804629964
2.0,25.0,79.0,3.0310574713394014,0.06689246190843257,39.0,-0.028833529216089216,-0.00018897021690579704,-0.001280254207841071
2.0,26.0,79.0,3.0668924619084326,0.0310574713394014,39.0,-0.028833297278748442,-0.00018873827956501985,-0.0014494497630451108
2.0,27.0,79.0,3.112058356420907,0.008042961088223777,39.0,-0.02883314832030804,-0.0001884459491555318,-0.0016608323481964817
2.0,28.0,79.0,3.1650173421202332,0.0,39.0,-0.02883309626328285,-0.00018810317897146556,-0.001907089409702426
2.0,29.0,79.0,3.8126140803164827,0.0001140803164827453,39.0,-0.02883309700165294,-0.0001839116928578061,-0.00499661913403753
2.0,30.0,79.0,4.463114080316483,0.0001140803164827453,39.0,-0.02883309700165294,-0.00017970141575769319,-0.008347137740117673
2.0,31.0,79.0,5.1136140803164825,0.0001140803164827453,39.0,-0.02883309700165294,-0.00017549113865758027,-0.011811059441578111
2.0,32.0,79.0,5.761210818512732,0.0,39.0,-0.02883309626328285,-0.0001712996525439208,-0.015314879633046693
2.0,33.0,79.0,5.814169804212058,0.008042961088223777,39.0,-0.02883314832030804,-0.00017095688235985458,-0.015602966236337008
2.0,34.0,79.0,5.859335698724533,0.0310574713394014,39.0,-0.028833297278748442,-0.00017066455195036652,-0.01584905411028646
2.0,35.0,79.0,5.895170689293565,0.06689246190843257,39.0,-0.028833529216089216,-0.00017043261460958933,-0.01604446985309402
2.0,36.0,79.0,5.918185199544742,0.11205835642090678,39.0,-0.028833821546498706,-0.00017028365616918834,-0.01617018818622158
2.0,37.0,79.0,5.926228160632966,0.16501734212023322,39.0,-0.028834164316682773,-0.00017023159914399718,-0.016214375095589664
2.0,38.0,79.0,5.9261140803164825,0.29986408031648293,39.0,-0.02883503709475172,-0.00017023233751408797,-0.016214548434439553
2.0,39.0,79.0,5.9261140803164825,0.43761408031648275,39.0,-0.028835928663807128,-0.00017023233751408797,-0.016215687098649883
2.0,40.0,79.0,5.9261140803164825,0.5753640803164828,39.0,-0.02883682023286253,-0.00017023233751408797,-0.016217666026679893
2.0,41.0,79.0,5.9261140803164825,0.7131140803164828,39.0,-0.028837711801917937,-0.00017023233751408797,-0.01622082314420966
1.0,1.0,80.0,2.926114080316483,2.213114080316483,39.5,-0.026100996234401517,-0.0001730642086787871,-0.0009840574578040273
1.0,2.0,80.0,2.926114080316483,2.350864080316483,39.5,-0.026101790421963828,-0.0001730642086787871,-0.0009817586411939362
1.0,3.0,80.0,2.926114080316483,2.488614080316483,39.5,-0.026102584609526136,-0.0001730642086787871,-0.0009668949387924312
1.0,4.0,80.0,2.926114080316483,2.626364080316483,39.5,-0.026103378797088447,-0.0001730642086787871,-0.0009497855341974901
1.0,5.0,80.0,2.9262281606329656,2.7612108185127324,39.5,-0.026104156246106913,-0.000173063550957056,-0.0009311639659765292
1.0,6.0,80.0,2.918185199544742,2.8141698042120584,39.5,-0.026104461577270286,-0.0001731099220616688,-0.0008716805344947436
1.0,7.0,80.0,2.8951706892935642,2.859335698724533,39.5,-0.026104721977935712,-0.00017324261053930322,-0.0007721384785216936
1.0,8.0,80.0,2.859335698724533,2.8951706892935642,39.5,-0.02610492858195608,-0.00017344921455966927,-0.0006130224352265262
1.0,9.0,80.0,2.814169804212059,2.918185199544742,39.5,-0.026105061270433712,-0.00017370961522509513,-0.00040982696946486463
1.0,10.0,80.0,2.761210818512732,2.9262281606329656,39.5,-0.026105107641538325,-0.0001740149463884705,-0.0001678849285335361
1.0,11.0,80.0,2.113614080316483,2.926114080316483,39.5,-0.026105106983816594,-0.00017774861807535243,0.0029720941765763865
1.0,12.0,80.0,1.4631140803164828,2.926114080316483,39.5,-0.026105106983816594,-0.0001814990283060795,0.006252129945433322
1.0,13.0,80.0,0.8126140803164827,2.926114080316483,39.5,-0.026105106983816594,-0.00018524943853680657,0.009657159247877857
1.0,14.0,80.0,0.16501734212023322,2.9262281606329656,39.5,-0.026105107641538325,-0.0001889831102236885,0.013110570464846127
1.0,15.0,80.0,0.11205835642090678,2.918185199544742,39.5,-0.026105061270433712,-0.00018928844138706388,0.013395214937869153
1.0,16.0,80.0,0.06689246190843257,2.8951706892935642,39.5,-0.02610492858195608,-0.00018954884205248974,0.013638182268900088
1.0,17.0,80.0,0.0310574713394014,2.859335698724533,39.5,-0.026104721977935712,-0.0001897554460728558,0.013830315384609633
1.0,18.0,80.0,0.008042961088223777,2.8141698042120584,39.5,-0.026104461577270286,-0.0001898881345504902,0.01395218335364688
1.0,19.0,80.0,0.0,2.7612108185127324,39.5,-0.026104156246106913,-0.000189934505655103,0.01399155129758964
1.0,20.0,80.0,0.0001140803164827453,2.113614080316483,39.5,-0.02610042257442003,-0.0001899338479333719,0.013950473313148847
1.0,21.0,80.0,0.0001140803164827453,1.4631140803164828,39.5,-0.026096672164189302,-0.0001899338479333719,0.013951064198158399
1.0,22.0,80.0,0.0001140803164827453,0.8126140803164827,39.5,-0.026092921753958574,-0.0001899338479333719,0.014000182613593676
1.0,23.0,80.0,0.0,0.16501734212023322,39.5,-0.026089188082271692,-0.000189934505655103,0.014091295340223046
1.0,24.0,80.0,0.008042961088223777,0.11205835642090678,39.5,-0.02608888275110832,-0.0001898881345504902,0.014056089003743517
1.0,25.0,80.0,0.0310574713394014,0.06689246190843257,39.5,-0.026088622350442892,-0.0001897554460728558,0.013937850112704722
1.0,26.0,80.0,0.06689246190843257,0.0310574713394014,39.5,-0.026088415746422525,-0.00018954884205248974,0.013748696679597194
1.0,27.0,80.0,0.11205835642090678,0.008042961088223777,39.5,-0.026088283057944892,-0.00018928844138706388,0.013507784868538536
1.0,28.0,80.0,0.16501734212023322,0.0,39.5,-0.02608823668684028,-0.0001889831102236885,0.013224117563826996
1.0,29.0,80.0,0.8126140803164827,0.0001140803164827453,39.5,-0.02608823734456201,-0.00018524943853680657,0.009775757295360349
1.0,30.0,80.0,1.4631140803164828,0.0001140803164827453,39.5,-0.02608823734456201,-0.0001814990283060795,0.0063763555339040896
1.0,31.0,80.0,2.113614080316483,0.0001140803164827453,39.5,-0.02608823734456201,-0.00017774861807535243,0.003100821964853648
1.0,32.0,80.0,2.7612108185127324,0.0,39.5,-0.02608823668684028,-0.0001740149463884705,-3.62067422430757e-5
1.0,33.0,80.0,2.814169804212059,0.008042961088223777,39.5,-0.026088283057944892,-0.00017370961522509513,-0.00027948022616181126
1.0,34.0,80.0,2.859335698724533,0.0310574713394014,39.5,-0.026088415746422525,-0.00017344921455966927,-0.0004869791573747151
1.0,35.0,80.0,2.8951706892935642,0.06689246190843257,39.5,-0.026088622350442892,-0.00017324261053930322,-0.0006501276274685587
1.0,36.0,80.0,2.918185199544742,0.11205835642090678,39.5,-0.02608888275110832,-0.0001731099220616688,-0.0007530383978053418
1.0,37.0,80.0,2.9262281606329656,0.16501734212023322,39.5,-0.026089188082271692,-0.000173063550957056,-0.0007858664037869358
1.0,38.0,80.0,2.926114080316483,0.29986408031648293,39.5,-0.026089965531290157,-0.0001730642086787871,-0.000814278587784349
1.0,39.0,80.0,2.926114080316483,0.43761408031648275,39.5,-0.02609075971885247,-0.0001730642086787871,-0.0008344801165547423
1.0,40.0,80.0,2.926114080316483,0.5753640803164828,39.5,-0.026091553906414777,-0.0001730642086787871,-0.0008537810383213769
1.0,41.0,80.0,2.926114080316483,0.7131140803164828,39.5,-0.026092348093977088,-0.0001730642086787871,-0.0008659607130970376
2.0,1.0,80.0,5.9261140803164825,2.213114080316483,39.5,-0.026100996234401517,-0.00015576792782993047,-0.016424011104341545
2.0,2.0,80.0,5.9261140803164825,2.350864080316483,39.5,-0.026101790421963828,-0.00015576792782993047,-0.0164286761448599
2.0,3.0,80.0,5.9261140803164825,2.488614080316483,39.5,-0.026102584609526136,-0.00015576792782993047,-0.016434322999985887
2.0,4.0,80.0,5.9261140803164825,2.626364080316483,39.5,-0.026103378797088447,-0.00015576792782993047,-0.016440992590246555
2.0,5.0,80.0,5.926228160632966,2.7612108185127324,39.5,-0.026104156246106913,-0.0001557672701081994,-0.016449264662136826
2.0,6.0,80.0,5.918185199544742,2.8141698042120584,39.5,-0.026104461577270286,-0.00015581364121281218,-0.016408226508838192
2.0,7.0,80.0,5.895170689293565,2.859335698724533,39.5,-0.026104721977935712,-0.00015594632969044662,-0.016284355004919256
2.0,8.0,80.0,5.859335698724533,2.8951706892935642,39.5,-0.02610492858195608,-0.00015615293371081264,-0.016089592077453658
2.0,9.0,80.0,5.814169804212058,2.918185199544742,39.5,-0.026105061270433712,-0.0001564133343762385,-0.015843175490335155
2.0,10.0,80.0,5.7612108185127315,2.9262281606329656,39.5,-0.026105107641538325,-0.00015671866553961387,-0.015553791494741556
2.0,11.0,80.0,5.1136140803164825,2.926114080316483,39.5,-0.026105106983816594,-0.0001604523372264958,-0.012032160284434367
2.0,12.0,80.0,4.463114080316483,2.926114080316483,39.5,-0.026105106983816594,-0.0001642027474572229,-0.008560976123757488
2.0,13.0,80.0,3.8126140803164827,2.926114080316483,39.5,-0.026105106983816594,-0.00016795315768794997,-0.005181617678581223
2.0,14.0,80.0,3.1650173421202332,2.9262281606329656,39.5,-0.026105107641538325,-0.0001716868293748319,-0.0020105763714342137
2.0,15.0,80.0,3.112058356420907,2.918185199544742,39.5,-0.026105061270433712,-0.00017199216053820728,-0.0017681335466558485
2.0,16.0,80.0,3.0668924619084326,2.8951706892935642,39.5,-0.02610492858195608,-0.00017225256120363314,-0.0015594358320579213
2.0,17.0,80.0,3.0310574713394014,2.859335698724533,39.5,-0.026104721977935712,-0.00017245916522399917,-0.0013917524530687021
2.0,18.0,80.0,3.0080429610882238,2.8141698042120584,39.5,-0.026104461577270286,-0.0001725918537016336,-0.0012814122533242706
2.0,19.0,80.0,3.0,2.7612108185127324,39.5,-0.026104156246106913,-0.00017263822480624637,-0.0012095732449080765
2.0,20.0,80.0,3.0001140803164827,2.113614080316483,39.5,-0.02610042257442003,-0.0001726375670845153,-0.0009388937612911805
2.0,21.0,80.0,3.0001140803164827,1.4631140803164828,39.5,-0.026096672164189302,-0.0001726375670845153,-0.0008239003212747738
2.0,22.0,80.0,3.0001140803164827,0.8126140803164827,39.5,-0.026092921753958574,-0.0001726375670845153,-0.0009103983091431194
2.0,23.0,80.0,3.0,0.16501734212023322,39.5,-0.026089188082271692,-0.00017263822480624637,-0.0011279570484271128
2.0,24.0,80.0,3.0080429610882238,0.11205835642090678,39.5,-0.02608888275110832,-0.0001725918537016336,-0.0011697217804629964
2.0,25.0,80.0,3.0310574713394014,0.06689246190843257,39.5,-0.026088622350442892,-0.00017245916522399917,-0.001280254207841071
2.0,26.0,80.0,3.0668924619084326,0.0310574713394014,39.5,-0.026088415746422525,-0.00017225256120363314,-0.0014494497630451108
2.0,27.0,80.0,3.112058356420907,0.008042961088223777,39.5,-0.026088283057944892,-0.00017199216053820728,-0.0016608323481964817
2.0,28.0,80.0,3.1650173421202332,0.0,39.5,-0.02608823668684028,-0.0001716868293748319,-0.001907089409702426
2.0,29.0,80.0,3.8126140803164827,0.0001140803164827453,39.5,-0.02608823734456201,-0.00016795315768794997,-0.0050911511482634045
2.0,30.0,80.0,4.463114080316483,0.0001140803164827453,39.5,-0.02608823734456201,-0.0001642027474572229,-0.008469991484003014
2.0,31.0,80.0,5.1136140803164825,0.0001140803164827453,39.5,-0.02608823734456201,-0.0001604523372264958,-0.011938908643879299
2.0,32.0,80.0,5.761210818512732,0.0,39.5,-0.02608823668684028,-0.00015671866553961387,-0.015455834331967682
2.0,33.0,80.0,5.814169804212058,0.008042961088223777,39.5,-0.026088283057944892,-0.0001564133343762385,-0.015745264065539655
2.0,34.0,80.0,5.859335698724533,0.0310574713394014,39.5,-0.026088415746422525,-0.00015615293371081264,-0.01599265336064461
2.0,35.0,80.0,5.895170689293565,0.06689246190843257,39.5,-0.026088622350442892,-0.00015594632969044662,-0.01618918486718683
2.0,36.0,80.0,5.918185199544742,0.11205835642090678,39.5,-0.02608888275110832,-0.00015581364121281218,-0.01631543117203465
2.0,37.0,80.0,5.926228160632966,0.16501734212023322,39.5,-0.026089188082271692,-0.0001557672701081994,-0.01635935314398361
2.0,38.0,80.0,5.9261140803164825,0.29986408031648293,39.5,-0.026089965531290157,-0.00015576792782993047,-0.016358533233322058
2.0,39.0,80.0,5.9261140803164825,0.43761408031648275,39.5,-0.02609075971885247,-0.00015576792782993047,-0.016359589797039196
2.0,40.0,80.0,5.9261140803164825,0.5753640803164828,39.5,-0.026091553906414777,-0.00015576792782993047,-0.016361874345725495
2.0,41.0,80.0,5.9261140803164825,0.7131140803164828,39.5,-0.026092348093977088,-0.00015576792782993047,-0.016365346458615822
1.0,1.0,81.0,2.926114080316483,2.213114080316483,40.0,-0.02332945883900617,-0.00015572752757404864,-0.0009451462254710391
1.0,2.0,81.0,2.926114080316483,2.350864080316483,40.0,-0.02333017076061231,-0.00015572752757404864,-0.0009466535983363534
1.0,3.0,81.0,2.926114080316483,2.488614080316483,40.0,-0.02333088268221845,-0.00015572752757404864,-0.0009437029887769012
1.0,4.0,81.0,2.926114080316483,2.626364080316483,40.0,-0.023331594603824585,-0.00015572752757404864,-0.000933055444289363
1.0,5.0,81.0,2.9262281606329656,2.7612108185127324,40.0,-0.023332291520749733,-0.00015572693798245415,-0.0009141210782818855
1.0,6.0,81.0,2.918185199544742,2.8141698042120584,40.0,-0.023332565224170123,-0.00015576850573400432,-0.0008716805344947436
1.0,7.0,81.0,2.8951706892935642,2.859335698724533,40.0,-0.023332798651220316,-0.00015588744966941263,-0.0007721384785216936
1.0,8.0,81.0,2.859335698724533,2.8951706892935642,40.0,-0.02333298385415347,-0.00015607265260256576,-0.0006130224352265262
1.0,9.0,81.0,2.814169804212059,2.918185199544742,40.0,-0.023333102798088878,-0.00015630607965275799,-0.00040982696946486463
1.0,10.0,81.0,2.761210818512732,2.9262281606329656,40.0,-0.023333144365840428,-0.0001565797830731464,-0.0001567942530349027
1.0,11.0,81.0,2.113614080316483,2.926114080316483,40.0,-0.023333143776248833,-0.00015992670220190422,0.00304146013522913
1.0,12.0,81.0,1.4631140803164828,2.926114080316483,40.0,-0.023333143776248833,-0.00016328862601165198,0.006352357098774012
1.0,13.0,81.0,0.8126140803164827,2.926114080316483,40.0,-0.023333143776248833,-0.00016665054982139974,0.009768610346991733
1.0,14.0,81.0,0.16501734212023322,2.9262281606329656,40.0,-0.023333144365840428,-0.00016999746895015756,0.013238130354652506
1.0,15.0,81.0,0.11205835642090678,2.918185199544742,40.0,-0.023333102798088878,-0.00017027117237054595,0.013524304900149756
1.0,16.0,81.0,0.06689246190843257,2.8951706892935642,40.0,-0.02333298385415347,-0.00017050459942073818,0.013768517384958372
1.0,17.0,81.0,0.0310574713394014,2.859335698724533,40.0,-0.023332798651220316,-0.00017068980235389133,0.013961529446336586
1.0,18.0,81.0,0.008042961088223777,2.8141698042120584,40.0,-0.023332565224170123,-0.00017080874628929964,0.01408379024546049
1.0,19.0,81.0,0.0,2.7612108185127324,40.0,-0.023332291520749733,-0.0001708503140408498,0.014122958229563413
1.0,20.0,81.0,0.0001140803164827453,2.113614080316483,40.0,-0.023328944601620976,-0.00017084972444925532,0.014077602045996954
1.0,21.0,81.0,0.0001140803164827453,1.4631140803164828,40.0,-0.023325582677811228,-0.00017084972444925532,0.014077941437666944
1.0,22.0,81.0,0.0001140803164827453,0.8126140803164827,40.0,-0.02332222075400148,-0.00017084972444925532,0.014128408123234648
1.0,23.0,81.0,0.0,0.16501734212023322,40.0,-0.023318873834872723,-0.0001708503140408498,0.01422480033434527
1.0,24.0,81.0,0.008042961088223777,0.11205835642090678,40.0,-0.023318600131452333,-0.00017080874628929964,0.01418986931903966
1.0,25.0,81.0,0.0310574713394014,0.06689246190843257,40.0,-0.02331836670440214,-0.00017068980235389133,0.014071290653973752
1.0,26.0,81.0,0.06689246190843257,0.0310574713394014,40.0,-0.023318181501468988,-0.00017050459942073818,0.013881287320228653
1.0,27.0,81.0,0.11205835642090678,0.008042961088223777,40.0,-0.02331806255753358,-0.00017027117237054595,0.013639133010122541
1.0,28.0,81.0,0.16501734212023322,0.0,40.0,-0.02331802098978203,-0.00016999746895015756,0.013353910946048281
1.0,29.0,81.0,0.8126140803164827,0.0001140803164827453,40.0,-0.023318021579373623,-0.00016665054982139974,0.009888971183556436
1.0,30.0,81.0,1.4631140803164828,0.0001140803164827453,40.0,-0.023318021579373623,-0.00016328862601165198,0.006477570400434229
1.0,31.0,81.0,2.113614080316483,0.0001140803164827453,40.0,-0.023318021579373623,-0.00015992670220190422,0.0031705279713595234
1.0,32.0,81.0,2.7612108185127324,0.0,40.0,-0.02331802098978203,-0.0001565797830731464,-2.5349228184635264e-5
1.0,33.0,81.0,2.814169804212059,0.008042961088223777,40.0,-0.02331806255753358,-0.00015630607965275799,-0.00027948022616181126
1.0,34.0,81.0,2.859335698724533,0.0310574713394014,40.0,-0.023318181501468988,-0.00015607265260256576,-0.0004869791573747151
1.0,35.0,81.0,2.8951706892935642,0.06689246190843257,40.0,-0.02331836670440214,-0.00015588744966941263,-0.0006501276274685587
1.0,36.0,81.0,2.918185199544742,0.11205835642090678,40.0,-0.023318600131452333,-0.00015576850573400432,-0.0007530383978053418
1.0,37.0,81.0,2.9262281606329656,0.16501734212023322,40.0,-0.023318873834872723,-0.00015572693798245415,-0.0007858664037869358
1.0,38.0,81.0,2.926114080316483,0.29986408031648293,40.0,-0.023319570751797872,-0.00015572752757404864,-0.0007972058944381087
1.0,39.0,81.0,2.926114080316483,0.43761408031648275,40.0,-0.023320282673404007,-0.00015572752757404864,-0.0008178336457006197
1.0,40.0,81.0,2.926114080316483,0.5753640803164828,40.0,-0.023320994595010146,-0.00015572752757404864,-0.0008290485167461838
1.0,41.0,81.0,2.926114080316483,0.7131140803164828,40.0,-0.023321706516616286,-0.00015572752757404864,-0.0008352321133142955
2.0,1.0,81.0,5.9261140803164825,2.213114080316483,40.0,-0.02332945883900617,-0.00014022288279427416,-0.016559746989929725
2.0,2.0,81.0,5.9261140803164825,2.350864080316483,40.0,-0.02333017076061231,-0.00014022288279427416,-0.01656486986262932
2.0,3.0,81.0,5.9261140803164825,2.488614080316483,40.0,-0.02333088268221845,-0.00014022288279427416,-0.016571323835551332
2.0,4.0,81.0,5.9261140803164825,2.626364080316483,40.0,-0.023331594603824585,-0.00014022288279427416,-0.016579261815151604
2.0,5.0,81.0,5.926228160632966,2.7612108185127324,40.0,-0.023332291520749733,-0.0001402222932026797,-0.01658908005897403
2.0,6.0,81.0,5.918185199544742,2.8141698042120584,40.0,-0.023332565224170123,-0.00014026386095422985,-0.01654832758117344
2.0,7.0,81.0,5.895170689293565,2.859335698724533,40.0,-0.023332798651220316,-0.00014038280488963816,-0.016424118327106635
2.0,8.0,81.0,5.859335698724533,2.8951706892935642,40.0,-0.02333298385415347,-0.0001405680078227913,-0.01622848704297337
2.0,9.0,81.0,5.814169804212058,2.918185199544742,40.0,-0.023333102798088878,-0.00014080143487298354,-0.015980654702080477
2.0,10.0,81.0,5.7612108185127315,2.9262281606329656,40.0,-0.023333144365840428,-0.00014107513829337195,-0.015689469236200355
2.0,11.0,81.0,5.1136140803164825,2.926114080316483,40.0,-0.023333143776248833,-0.00014442205742212975,-0.01215066944327236
2.0,12.0,81.0,4.463114080316483,2.926114080316483,40.0,-0.023333143776248833,-0.0001477839812318775,-0.00866377184148187
2.0,13.0,81.0,3.8126140803164827,2.926114080316483,40.0,-0.023333143776248833,-0.0001511459050416253,-0.005245654310634719
2.0,14.0,81.0,3.1650173421202332,2.9262281606329656,40.0,-0.023333144365840428,-0.0001544928241703831,-0.0020105763714342137
2.0,15.0,81.0,3.112058356420907,2.918185199544742,40.0,-0.023333102798088878,-0.0001547665275907715,-0.0017681335466558485
2.0,16.0,81.0,3.0668924619084326,2.8951706892935642,40.0,-0.02333298385415347,-0.00015499995464096373,-0.0015594358320579213
2.0,17.0,81.0,3.0310574713394014,2.859335698724533,40.0,-0.023332798651220316,-0.00015518515757411685,-0.0013917524530687021
2.0,18.0,81.0,3.0080429610882238,2.8141698042120584,40.0,-0.023332565224170123,-0.0001553041015095252,-0.0012814122533242706
2.0,19.0,81.0,3.0,2.7612108185127324,40.0,-0.023332291520749733,-0.00015534566926107534,-0.0012202725913410236
2.0,20.0,81.0,3.0001140803164827,2.113614080316483,40.0,-0.023328944601620976,-0.00015534507966948085,-0.0009956384815668826
2.0,21.0,81.0,3.0001140803164827,1.4631140803164828,40.0,-0.023325582677811228,-0.00015534507966948085,-0.0008988456580037238
2.0,22.0,81.0,3.0001140803164827,0.8126140803164827,40.0,-0.02332222075400148,-0.00015534507966948085,-0.0009617653493406112
2.0,23.0,81.0,3.0,0.16501734212023322,40.0,-0.023318873834872723,-0.00015534566926107534,-0.0011279570484271128
2.0,24.0,81.0,3.0080429610882238,0.11205835642090678,40.0,-0.023318600131452333,-0.0001553041015095252,-0.0011697217804629964
2.0,25.0,81.0,3.0310574713394014,0.06689246190843257,40.0,-0.02331836670440214,-0.00015518515757411685,-0.001280254207841071
2.0,26.0,81.0,3.0668924619084326,0.0310574713394014,40.0,-0.023318181501468988,-0.00015499995464096373,-0.0014494497630451108
2.0,27.0,81.0,3.112058356420907,0.008042961088223777,40.0,-0.02331806255753358,-0.0001547665275907715,-0.0016608323481964817
2.0,28.0,81.0,3.1650173421202332,0.0,40.0,-0.02331802098978203,-0.0001544928241703831,-0.001907089409702426
2.0,29.0,81.0,3.8126140803164827,0.0001140803164827453,40.0,-0.023318021579373623,-0.0001511459050416253,-0.005153038357947225
2.0,30.0,81.0,4.463114080316483,0.0001140803164827453,40.0,-0.023318021579373623,-0.0001477839812318775,-0.008570201466110263
2.0,31.0,81.0,5.1136140803164825,0.0001140803164827453,40.0,-0.023318021579373623,-0.00014442205742212975,-0.012055466179829336
2.0,32.0,81.0,5.761210818512732,0.0,40.0,-0.02331802098978203,-0.00014107513829337195,-0.015590410184343312
2.0,33.0,81.0,5.814169804212058,0.008042961088223777,40.0,-0.02331806255753358,-0.00014080143487298354,-0.015881739495394384
2.0,34.0,81.0,5.859335698724533,0.0310574713394014,40.0,-0.023318181501468988,-0.0001405680078227913,-0.016130707917031768
2.0,35.0,81.0,5.895170689293565,0.06689246190843257,40.0,-0.02331836670440214,-0.00014038280488963816,-0.01632832963109624
2.0,36.0,81.0,5.918185199544742,0.11205835642090678,40.0,-0.023318600131452333,-0.00014026386095422985,-0.016455162863652974
2.0,37.0,81.0,5.926228160632966,0.16501734212023322,40.0,-0.023318873834872723,-0.0001402222932026797,-0.016499070141298533
2.0,38.0,81.0,5.9261140803164825,0.29986408031648293,40.0,-0.023319570751797872,-0.00014022288279427416,-0.016497374931323267
2.0,39.0,81.0,5.9261140803164825,0.43761408031648275,40.0,-0.023320282673404007,-0.00014022288279427416,-0.016497814659607448
2.0,40.0,81.0,5.9261140803164825,0.5753640803164828,40.0,-0.023320994595010146,-0.00014022288279427416,-0.016499869207645967
2.0,41.0,81.0,5.9261140803164825,0.7131140803164828,40.0,-0.023321706516616286,-0.00014022288279427416,-0.016503460126911784
1.0,1.0,82.0,2.926114080316483,2.213114080316483,40.5,-0.02053437985052719,-0.0001378765087704437,-0.0009479528142752126
1.0,2.0,82.0,2.926114080316483,2.350864080316483,40.5,-0.02053501852412512,-0.0001378765087704437,-0.0009488190230764953
1.0,3.0,82.0,2.926114080316483,2.488614080316483,40.5,-0.020535657197723052,-0.0001378765087704437,-0.0009416574531114511
1.0,4.0,82.0,2.926114080316483,2.626364080316483,40.5,-0.020536295871320984,-0.0001378765087704437,-0.0009333637294194274
1.0,5.0,82.0,2.9262281606329656,2.7612108185127324,40.5,-0.02053692108403571,-0.00013787597984059847,-0.000924639665422252
1.0,6.0,82.0,2.918185199544742,2.8141698042120584,40.5,-0.020537166626728554,-0.0001379132707799541,-0.0008716805344947436
1.0,7.0,82.0,2.8951706892935642,2.859335698724533,40.5,-0.020537376036996083,-0.0001380199768421447,-0.0007721384785216936
1.0,8.0,82.0,2.859335698724533,2.8951706892935642,40.5,-0.020537542184817195,-0.00013818612466325955,-0.0006130224352265262
1.0,9.0,82.0,2.814169804212059,2.918185199544742,40.5,-0.020537648890879386,-0.00013839553493078828,-0.00040982696946486463
1.0,10.0,82.0,2.761210818512732,2.9262281606329656,40.5,-0.020537686181818744,-0.00013864107762363327,-0.0001571313531972662
1.0,11.0,82.0,2.113614080316483,2.926114080316483,40.5,-0.020537685652888896,-0.00014164363979272653,0.0030858375850852287
1.0,12.0,82.0,1.4631140803164828,2.926114080316483,40.5,-0.020537685652888896,-0.00014465966284502802,0.00642779945470813
1.0,13.0,82.0,0.8126140803164827,2.926114080316483,40.5,-0.020537685652888896,-0.00014767568589732955,0.009867428827204469
1.0,14.0,82.0,0.16501734212023322,2.9262281606329656,40.5,-0.020537686181818744,-0.00015067824806642277,0.013356414569240256
1.0,15.0,82.0,0.11205835642090678,2.918185199544742,40.5,-0.020537648890879386,-0.0001509237907592678,0.013644339174933908
1.0,16.0,82.0,0.06689246190843257,2.8951706892935642,40.5,-0.020537542184817195,-0.00015113320102679652,0.01389005126717763
1.0,17.0,82.0,0.0310574713394014,2.859335698724533,40.5,-0.020537376036996083,-0.00015129934884791136,0.014084137740077931
1.0,18.0,82.0,0.008042961088223777,2.8141698042120584,40.5,-0.020537166626728554,-0.00015140605491010194,0.014206843932643428
1.0,19.0,82.0,0.0,2.7612108185127324,40.5,-0.02053692108403571,-0.0001514433458494576,0.014245692848549204
1.0,20.0,82.0,0.0001140803164827453,2.113614080316483,40.5,-0.020533918521866614,-0.00015144281691961236,0.014195021466299702
1.0,21.0,82.0,0.0001140803164827453,1.4631140803164828,40.5,-0.020530902498814313,-0.00015144281691961236,0.014193783488352527
1.0,22.0,82.0,0.0001140803164827453,0.8126140803164827,40.5,-0.020527886475762012,-0.00015144281691961236,0.014246828836023549
1.0,23.0,82.0,0.0,0.16501734212023322,40.5,-0.020524883913592917,-0.0001514433458494576,0.014349413115038331
1.0,24.0,82.0,0.008042961088223777,0.11205835642090678,40.5,-0.020524638370900072,-0.00015140605491010194,0.014314858259276503
1.0,25.0,82.0,0.0310574713394014,0.06689246190843257,40.5,-0.020524428960632543,-0.00015129934884791136,0.01419587873959063
1.0,26.0,82.0,0.06689246190843257,0.0310574713394014,40.5,-0.02052426281281143,-0.00015113320102679652,0.014004832721196576
1.0,27.0,82.0,0.11205835642090678,0.008042961088223777,40.5,-0.02052415610674924,-0.0001509237907592678,0.013761193163036976
1.0,28.0,82.0,0.16501734212023322,0.0,40.5,-0.020524118815809882,-0.00015067824806642277,0.013474212468074469
1.0,29.0,82.0,0.8126140803164827,0.0001140803164827453,40.5,-0.02052411934473973,-0.00014767568589732955,0.00998942705432118
1.0,30.0,82.0,1.4631140803164828,0.0001140803164827453,40.5,-0.02052411934473973,-0.00014465966284502802,0.00655425918453263
1.0,31.0,82.0,2.113614080316483,0.0001140803164827453,40.5,-0.02052411934473973,-0.00014164363979272653,0.0032156281212551126
1.0,32.0,82.0,2.7612108185127324,0.0,40.5,-0.020524118815809882,-0.00013864107762363327,-2.542319698573472e-5
1.0,33.0,82.0,2.814169804212059,0.008042961088223777,40.5,-0.02052415610674924,-0.00013839553493078828,-0.00027948022616181126
1.0,34.0,82.0,2.859335698724533,0.0310574713394014,40.5,-0.02052426281281143,-0.00013818612466325955,-0.0004869791573747151
1.0,35.0,82.0,2.8951706892935642,0.06689246190843257,40.5,-0.020524428960632543,-0.0001380199768421447,-0.0006501276274685587
1.0,36.0,82.0,2.918185199544742,0.11205835642090678,40.5,-0.020524638370900072,-0.0001379132707799541,-0.0007530383978053418
1.0,37.0,82.0,2.9262281606329656,0.16501734212023322,40.5,-0.020524883913592917,-0.00013787597984059847,-0.0007858664037869358
1.0,38.0,82.0,2.926114080316483,0.29986408031648293,40.5,-0.020525509126307642,-0.0001378765087704437,-0.0008035059043279327
1.0,39.0,82.0,2.926114080316483,0.43761408031648275,40.5,-0.020526147799905574,-0.0001378765087704437,-0.000817359322469603
1.0,40.0,82.0,2.926114080316483,0.5753640803164828,40.5,-0.020526786473503505,-0.0001378765087704437,-0.0008310878398203719
1.0,41.0,82.0,2.926114080316483,0.7131140803164828,40.5,-0.020527425147101437,-0.0001378765087704437,-0.000840642644803886
2.0,1.0,82.0,5.9261140803164825,2.213114080316483,40.5,-0.02053437985052719,-0.0001239671019189379,-0.016689296425248714
2.0,2.0,82.0,5.9261140803164825,2.350864080316483,40.5,-0.02053501852412512,-0.0001239671019189379,-0.01669471420565945
2.0,3.0,82.0,5.9261140803164825,2.488614080316483,40.5,-0.020535657197723052,-0.0001239671019189379,-0.01670175976892183
2.0,4.0,82.0,5.9261140803164825,2.626364080316483,40.5,-0.020536295871320984,-0.0001239671019189379,-0.01671051897671823
2.0,5.0,82.0,5.926228160632966,2.7612108185127324,40.5,-0.02053692108403571,-0.00012396657298909265,-0.01672146432475203
2.0,6.0,82.0,5.918185199544742,2.8141698042120584,40.5,-0.020537166626728554,-0.00012400386392844828,-0.016680890001077385
2.0,7.0,82.0,5.895170689293565,2.859335698724533,40.5,-0.020537376036996083,-0.0001241105699906389,-0.016556087863815985
2.0,8.0,82.0,5.859335698724533,2.8951706892935642,40.5,-0.020537542184817195,-0.00012427671781175374,-0.0163592378458748
2.0,9.0,82.0,5.814169804212058,2.918185199544742,40.5,-0.020537648890879386,-0.00012448612807928246,-0.01610985256772909
2.0,10.0,82.0,5.7612108185127315,2.9262281606329656,40.5,-0.020537686181818744,-0.00012473167077212748,-0.01581689765767807
2.0,11.0,82.0,5.1136140803164825,2.926114080316483,40.5,-0.020537685652888896,-0.0001277342329412207,-0.012256503962752094
2.0,12.0,82.0,4.463114080316483,2.926114080316483,40.5,-0.020537685652888896,-0.0001307502559935222,-0.008745712578479628
2.0,13.0,82.0,3.8126140803164827,2.926114080316483,40.5,-0.020537685652888896,-0.00013376627904582373,-0.005289460638124319
2.0,14.0,82.0,3.1650173421202332,2.9262281606329656,40.5,-0.020537686181818744,-0.00013676884121491698,-0.0020105763714342137
2.0,15.0,82.0,3.112058356420907,2.918185199544742,40.5,-0.020537648890879386,-0.00013701438390776197,-0.0017681335466558485
2.0,16.0,82.0,3.0668924619084326,2.8951706892935642,40.5,-0.020537542184817195,-0.0001372237941752907,-0.0015594358320579213
2.0,17.0,82.0,3.0310574713394014,2.859335698724533,40.5,-0.020537376036996083,-0.00013738994199640554,-0.0013917524530687021
2.0,18.0,82.0,3.0080429610882238,2.8141698042120584,40.5,-0.020537166626728554,-0.00013749664805859615,-0.0012814122533242706
2.0,19.0,82.0,3.0,2.7612108185127324,40.5,-0.02053692108403571,-0.00013753393899795178,-0.001218190336873664
2.0,20.0,82.0,3.0001140803164827,2.113614080316483,40.5,-0.020533918521866614,-0.00013753341006810655,-0.001023461285306989
2.0,21.0,82.0,3.0001140803164827,1.4631140803164828,40.5,-0.020530902498814313,-0.00013753341006810655,-0.0009355978011114382
2.0,22.0,82.0,3.0001140803164827,0.8126140803164827,40.5,-0.020527886475762012,-0.00013753341006810655,-0.0009857218119742476
2.0,23.0,82.0,3.0,0.16501734212023322,40.5,-0.020524883913592917,-0.00013753393899795178,-0.0011279570484271128
2.0,24.0,82.0,3.0080429610882238,0.11205835642090678,40.5,-0.020524638370900072,-0.00013749664805859615,-0.0011697217804629964
2.0,25.0,82.0,3.0310574713394014,0.06689246190843257,40.5,-0.020524428960632543,-0.00013738994199640554,-0.001280254207841071
2.0,26.0,82.0,3.0668924619084326,0.0310574713394014,40.5,-0.02052426281281143,-0.0001372237941752907,-0.0014494497630451108
2.0,27.0,82.0,3.112058356420907,0.008042961088223777,40.5,-0.02052415610674924,-0.00013701438390776197,-0.0016608323481964817
2.0,28.0,82.0,3.1650173421202332,0.0,40.5,-0.020524118815809882,-0.00013676884121491698,-0.001907089409702426
2.0,29.0,82.0,3.8126140803164827,0.0001140803164827453,40.5,-0.02052411934473973,-0.00013376627904582373,-0.005195405877431824
2.0,30.0,82.0,4.463114080316483,0.0001140803164827453,40.5,-0.02052411934473973,-0.0001307502559935222,-0.008650159468606256
2.0,31.0,82.0,5.1136140803164825,0.0001140803164827453,40.5,-0.02052411934473973,-0.0001277342329412207,-0.012159698191975194
2.0,32.0,82.0,5.761210818512732,0.0,40.5,-0.020524118815809882,-0.00012473167077212748,-0.015716991860616356
2.0,33.0,82.0,5.814169804212058,0.008042961088223777,40.5,-0.02052415610674924,-0.00012448612807928246,-0.016010187310879786
2.0,34.0,82.0,5.859335698724533,0.0310574713394014,40.5,-0.02052426281281143,-0.00012427671781175374,-0.01626082053929466
2.0,35.0,82.0,5.895170689293565,0.06689246190843257,40.5,-0.020524428960632543,-0.0001241105699906389,-0.016459787120412968
2.0,36.0,82.0,5.918185199544742,0.11205835642090678,40.5,-0.020524638370900072,-0.00012400386392844828,-0.016587357343639583
2.0,37.0,82.0,5.926228160632966,0.16501734212023322,40.5,-0.020524883913592917,-0.00012396657298909265,-0.01663124755601422
2.0,38.0,82.0,5.9261140803164825,0.29986408031648293,40.5,-0.020525509126307642,-0.0001239671019189379,-0.01662881461728704
2.0,39.0,82.0,5.9261140803164825,0.43761408031648275,40.5,-0.020526147799905574,-0.0001239671019189379,-0.016628802317281335
2.0,40.0,82.0,5.9261140803164825,0.5753640803164828,40.5,-0.020526786473503505,-0.0001239671019189379,-0.016630612586536486
2.0,41.0,82.0,5.9261140803164825,0.7131140803164828,40.5,-0.020527425147101437,-0.0001239671019189379,-0.016634183253295198
1.0,1.0,83.0,2.926114080316483,2.213114080316483,41.0,-0.017717361351514426,-0.00011982516018224953,-0.0009892227248774242
1.0,2.0,83.0,2.926114080316483,2.350864080316483,41.0,-0.017717928705221868,-0.00011982516018224953,-0.0009886295736311974
1.0,3.0,83.0,2.926114080316483,2.488614080316483,41.0,-0.017718496058929313,-0.00011982516018224953,-0.0009771980035368475
1.0,4.0,83.0,2.926114080316483,2.626364080316483,41.0,-0.017719063412636755,-0.00011982516018224953,-0.0009486322426946247
1.0,5.0,83.0,2.9262281606329656,2.7612108185127324,41.0,-0.017719618808621163,-0.00011982469031734571,-0.0009140151585178372
1.0,6.0,83.0,2.918185199544742,2.8141698042120584,41.0,-0.017719836931865296,-0.00011985781702364136,-0.0008716805344947436
1.0,7.0,83.0,2.8951706892935642,2.859335698724533,41.0,-0.01772002295754734,-0.00011995260735188816,-0.0007721384785216936
1.0,8.0,83.0,2.859335698724533,2.8951706892935642,41.0,-0.017720170551846836,-0.0001201002016513839,-0.0006130224352265262
1.0,9.0,83.0,2.814169804212059,2.918185199544742,41.0,-0.017720265342175082,-0.00012028622733342852,-0.00040982696946486463
1.0,10.0,83.0,2.761210818512732,2.9262281606329656,41.0,-0.017720298468881377,-0.00012050435057755884,-0.00014772692793818914
1.0,11.0,83.0,2.113614080316483,2.926114080316483,41.0,-0.017720297999016473,-0.0001231716203441204,0.0030990763137163854
1.0,12.0,83.0,1.4631140803164828,2.926114080316483,41.0,-0.017720297999016473,-0.00012585084783371672,0.006484647098402897
1.0,13.0,83.0,0.8126140803164827,2.926114080316483,41.0,-0.017720297999016473,-0.00012853007532331303,0.009952458398900445
1.0,14.0,83.0,0.16501734212023322,2.9262281606329656,41.0,-0.017720298468881377,-0.0001311973450898746,0.013465258492467774
1.0,15.0,83.0,0.11205835642090678,2.918185199544742,41.0,-0.017720265342175082,-0.00013141546833400492,0.013754971143298425
1.0,16.0,83.0,0.06689246190843257,2.8951706892935642,41.0,-0.017720170551846836,-0.00013160149401604955,0.014002105336674477
1.0,17.0,83.0,0.0310574713394014,2.859335698724533,41.0,-0.01772002295754734,-0.00013174908831554527,0.01419723054567469
1.0,18.0,83.0,0.008042961088223777,2.8141698042120584,41.0,-0.017719836931865296,-0.0001318438786437921,0.014320497695579713
1.0,19.0,83.0,0.0,2.7612108185127324,41.0,-0.017719618808621163,-0.00013187700535008772,0.014359317007866062
1.0,20.0,83.0,0.0001140803164827453,2.113614080316483,41.0,-0.0177169515388546,-0.0001318765354851839,0.014301739804568251
1.0,21.0,83.0,0.0001140803164827453,1.4631140803164828,41.0,-0.017714272311365006,-0.0001318765354851839,0.014297827143340202
1.0,22.0,83.0,0.0001140803164827453,0.8126140803164827,41.0,-0.01771159308387541,-0.0001318765354851839,0.014354467656459457
1.0,23.0,83.0,0.0,0.16501734212023322,41.0,-0.01770892581410885,-0.00013187700535008772,0.01446477755299705
1.0,24.0,83.0,0.008042961088223777,0.11205835642090678,41.0,-0.017708707690864717,-0.0001318438786437921,0.014430300228916513
1.0,25.0,83.0,0.0310574713394014,0.06689246190843257,41.0,-0.017708521665182674,-0.00013174908831554527,0.014310796029736533
1.0,26.0,83.0,0.06689246190843257,0.0310574713394014,41.0,-0.017708374070883177,-0.00013160149401604955,0.014118739676466945
1.0,27.0,83.0,0.11205835642090678,0.008042961088223777,41.0,-0.01770827928055493,-0.00013141546833400492,0.013873699970572332
1.0,28.0,83.0,0.16501734212023322,0.0,41.0,-0.017708246153848636,-0.0001311973450898746,0.013584945769386386
1.0,29.0,83.0,0.8126140803164827,0.0001140803164827453,41.0,-0.01770824662371354,-0.00012853007532331303,0.010076040631693954
1.0,30.0,83.0,1.4631140803164828,0.0001140803164827453,41.0,-0.01770824662371354,-0.00012585084783371672,0.006612370189607357
1.0,31.0,83.0,2.113614080316483,0.0001140803164827453,41.0,-0.01770824662371354,-0.0001231716203441204,0.003230579644202351
1.0,32.0,83.0,2.7612108185127324,0.0,41.0,-0.017708246153848636,-0.00012050435057755884,-1.650919348437695e-5
1.0,33.0,83.0,2.814169804212059,0.008042961088223777,41.0,-0.01770827928055493,-0.00012028622733342852,-0.00027948022616181126
1.0,34.0,83.0,2.859335698724533,0.0310574713394014,41.0,-0.017708374070883177,-0.0001201002016513839,-0.0004869791573747151
1.0,35.0,83.0,2.8951706892935642,0.06689246190843257,41.0,-0.017708521665182674,-0.00011995260735188816,-0.0006501276274685587
1.0,36.0,83.0,2.918185199544742,0.11205835642090678,41.0,-0.017708707690864717,-0.00011985781702364136,-0.0007530383978053418
1.0,37.0,83.0,2.9262281606329656,0.16501734212023322,41.0,-0.01770892581410885,-0.00011982469031734571,-0.0007858664037869358
1.0,38.0,83.0,2.926114080316483,0.29986408031648293,41.0,-0.017709481210093258,-0.00011982516018224953,-0.0008054271306394125
1.0,39.0,83.0,2.926114080316483,0.43761408031648275,41.0,-0.0177100485638007,-0.00011982516018224953,-0.000845444802128725
1.0,40.0,83.0,2.926114080316483,0.5753640803164828,41.0,-0.017710615917508145,-0.00011982516018224953,-0.0008694878990868588
1.0,41.0,83.0,2.926114080316483,0.7131140803164828,41.0,-0.017711183271215587,-0.00011982516018224953,-0.0008795946137518577
2.0,1.0,83.0,5.9261140803164825,2.213114080316483,41.0,-0.017717361351514426,-0.00010746899958457247,-0.01681095539773248
2.0,2.0,83.0,5.9261140803164825,2.350864080316483,41.0,-0.017717928705221868,-0.00010746899958457247,-0.016816599711657877
2.0,3.0,83.0,5.9261140803164825,2.488614080316483,41.0,-0.017718496058929313,-0.00010746899958457247,-0.01682423709503045
2.0,4.0,83.0,5.9261140803164825,2.626364080316483,41.0,-0.017719063412636755,-0.00010746899958457247,-0.01683384020943311
2.0,5.0,83.0,5.926228160632966,2.7612108185127324,41.0,-0.017719618808621163,-0.00010746852971966864,-0.01684549745341979
2.0,6.0,83.0,5.918185199544742,2.8141698042120584,41.0,-0.017719836931865296,-0.0001075016564259643,-0.016804805066657248
2.0,7.0,83.0,5.895170689293565,2.859335698724533,41.0,-0.01772002295754734,-0.0001075964467542111,-0.01667933407792749
2.0,8.0,83.0,5.859335698724533,2.8951706892935642,41.0,-0.017720170551846836,-0.00010774404105370684,-0.016481336872280938
2.0,9.0,83.0,5.814169804212058,2.918185199544742,41.0,-0.017720265342175082,-0.00010793006673575145,-0.016230330397156885
2.0,10.0,83.0,5.7612108185127315,2.9262281606329656,41.0,-0.017720298468881377,-0.00010814818997988178,-0.015935312424422858
2.0,11.0,83.0,5.1136140803164825,2.926114080316483,41.0,-0.017720297999016473,-0.00011081545974644334,-0.012349485362766673
2.0,12.0,83.0,4.463114080316483,2.926114080316483,41.0,-0.017720297999016473,-0.00011349468723603965,-0.008810052197188431
2.0,13.0,83.0,3.8126140803164827,2.926114080316483,41.0,-0.017720297999016473,-0.00011617391472563596,-0.005317196898215442
2.0,14.0,83.0,3.1650173421202332,2.9262281606329656,41.0,-0.017720298468881377,-0.00011884118449219753,-0.0020105763714342137
2.0,15.0,83.0,3.112058356420907,2.918185199544742,41.0,-0.017720265342175082,-0.00011905930773632785,-0.0017681335466558485
2.0,16.0,83.0,3.0668924619084326,2.8951706892935642,41.0,-0.017720170551846836,-0.00011924533341837247,-0.0015594358320579213
2.0,17.0,83.0,3.0310574713394014,2.859335698724533,41.0,-0.01772002295754734,-0.0001193929277178682,-0.0013917524530687021
2.0,18.0,83.0,3.0080429610882238,2.8141698042120584,41.0,-0.017719836931865296,-0.00011948771804611502,-0.0012814122533242706
2.0,19.0,83.0,3.0,2.7612108185127324,41.0,-0.017719618808621163,-0.00011952084475241066,-0.0012286301189273403
2.0,20.0,83.0,3.0001140803164827,2.113614080316483,41.0,-0.0177169515388546,-0.00011952037488750683,-0.0010152380342176998
2.0,21.0,83.0,3.0001140803164827,1.4631140803164828,41.0,-0.017714272311365006,-0.00011952037488750683,-0.0009453570302797015
2.0,22.0,83.0,3.0001140803164827,0.8126140803164827,41.0,-0.01771159308387541,-0.00011952037488750683,-0.0009828805366247305
2.0,23.0,83.0,3.0,0.16501734212023322,41.0,-0.01770892581410885,-0.00011952084475241066,-0.0011279570484271128
2.0,24.0,83.0,3.0080429610882238,0.11205835642090678,41.0,-0.017708707690864717,-0.00011948771804611502,-0.0011697217804629964
2.0,25.0,83.0,3.0310574713394014,0.06689246190843257,41.0,-0.017708521665182674,-0.0001193929277178682,-0.001280254207841071
2.0,26.0,83.0,3.0668924619084326,0.0310574713394014,41.0,-0.017708374070883177,-0.00011924533341837247,-0.0014494497630451108
2.0,27.0,83.0,3.112058356420907,0.008042961088223777,41.0,-0.01770827928055493,-0.00011905930773632785,-0.0016608323481964817
2.0,28.0,83.0,3.1650173421202332,0.0,41.0,-0.017708246153848636,-0.00011884118449219753,-0.001907089409702426
2.0,29.0,83.0,3.8126140803164827,0.0001140803164827453,41.0,-0.01770824662371354,-0.00011617391472563596,-0.005222055177027255
2.0,30.0,83.0,4.463114080316483,0.0001140803164827453,41.0,-0.01770824662371354,-0.00011349468723603965,-0.008712950717902535
2.0,31.0,83.0,5.1136140803164825,0.0001140803164827453,41.0,-0.01770824662371354,-0.00011081545974644334,-0.01225137231670898
2.0,32.0,83.0,5.761210818512732,0.0,41.0,-0.017708246153848636,-0.00010814818997988178,-0.015834759441128495
2.0,33.0,83.0,5.814169804212058,0.008042961088223777,41.0,-0.01770827928055493,-0.00010793006673575145,-0.016130082310716387
2.0,34.0,83.0,5.859335698724533,0.0310574713394014,41.0,-0.017708374070883177,-0.00010774404105370684,-0.01638241033973438
2.0,35.0,83.0,5.895170689293565,0.06689246190843257,41.0,-0.017708521665182674,-0.0001075964467542111,-0.016582606691036273
2.0,36.0,83.0,5.918185199544742,0.11205835642090678,41.0,-0.017708707690864717,-0.0001075016564259643,-0.01671092716004246
2.0,37.0,83.0,5.926228160632966,0.16501734212023322,41.0,-0.01770892581410885,-0.00010746852971966864,-0.016755019477446
2.0,38.0,83.0,5.9261140803164825,0.29986408031648293,41.0,-0.017709481210093258,-0.00010746899958457247,-0.016752082136004844
2.0,39.0,83.0,5.9261140803164825,0.43761408031648275,41.0,-0.0177100485638007,-0.00010746899958457247,-0.016751403180172292
2.0,40.0,83.0,5.9261140803164825,0.5753640803164828,41.0,-0.017710615917508145,-0.00010746899958457247,-0.016752720398601637
2.0,41.0,83.0,5.9261140803164825,0.7131140803164828,41.0,-0.017711183271215587,-0.00010746899958457247,-0.016756112669242342
1.0,1.0,84.0,2.926114080316483,2.213114080316483,41.5,-0.014877360155337476,-0.00010174575048549155,-0.0010732448726531356
1.0,2.0,84.0,2.926114080316483,2.350864080316483,41.5,-0.014877841632101265,-0.00010174575048549155,-0.001073886572535519
1.0,3.0,84.0,2.926114080316483,2.488614080316483,41.5,-0.014878323108865051,-0.00010174575048549155,-0.001065141343111843
1.0,4.0,84.0,2.926114080316483,2.626364080316483,41.5,-0.01487880458562884,-0.00010174575048549155,-0.0010455098365479286
1.0,5.0,84.0,2.9262281606329656,2.7612108185127324,41.5,-0.01487927591463874,-0.00010174535174123317,-0.000974707336977491
1.0,6.0,84.0,2.918185199544742,2.8141698042120584,41.5,-0.01487946102186958,-0.00010177346425575968,-0.0008716805344947436
1.0,7.0,84.0,2.8951706892935642,2.859335698724533,41.5,-0.014879618889954687,-0.00010185390673790771,-0.0007721384785216936
1.0,8.0,84.0,2.859335698724533,2.8951706892935642,41.5,-0.01487974414378619,-0.00010197916056941068,-0.0006130224352265262
1.0,9.0,84.0,2.814169804212059,2.918185199544742,41.5,-0.014879824586268338,-0.00010213702865451729,-0.00040982696946486463
1.0,10.0,84.0,2.761210818512732,2.9262281606329656,41.5,-0.014879852698782864,-0.00010232213588535563,-0.00019178514507658067
1.0,11.0,84.0,2.113614080316483,2.926114080316483,41.5,-0.014879852300038606,-0.00010458567695066304,0.003089605767572524
1.0,12.0,84.0,1.4631140803164828,2.926114080316483,41.5,-0.014879852300038606,-0.00010685936576985572,0.00652643060616354
1.0,13.0,84.0,0.8126140803164827,2.926114080316483,41.5,-0.014879852300038606,-0.0001091330545890484,0.010023418945593452
1.0,14.0,84.0,0.16501734212023322,2.9262281606329656,41.5,-0.014879852698782864,-0.0001113965956543558,0.013564907311941557
1.0,15.0,84.0,0.11205835642090678,2.918185199544742,41.5,-0.014879824586268338,-0.00011158170288519414,0.01385709960635761
1.0,16.0,84.0,0.06689246190843257,2.8951706892935642,41.5,-0.01487974414378619,-0.00011173957097030074,0.014106283443040124
1.0,17.0,84.0,0.0310574713394014,2.859335698724533,41.5,-0.014879618889954687,-0.00011186482480180372,0.014302825120760594
1.0,18.0,84.0,0.008042961088223777,2.8141698042120584,41.5,-0.01487946102186958,-0.00011194526728395175,0.014426600998539542
1.0,19.0,84.0,0.0,2.7612108185127324,41.5,-0.01487927591463874,-0.00011197337979847826,0.014464808390547033
1.0,20.0,84.0,0.0001140803164827453,2.113614080316483,41.5,-0.014877012373573435,-0.00011197298105421988,0.014396097258674733
1.0,21.0,84.0,0.0001140803164827453,1.4631140803164828,41.5,-0.014874738684754241,-0.00011197298105421988,0.014389035123544953
1.0,22.0,84.0,0.0001140803164827453,0.8126140803164827,41.5,-0.014872464995935048,-0.00011197298105421988,0.014449661780513079
1.0,23.0,84.0,0.0,0.16501734212023322,41.5,-0.014870201454869742,-0.00011197337979847826,0.014571971906079652
1.0,24.0,84.0,0.008042961088223777,0.11205835642090678,41.5,-0.014870016347638904,-0.00011194526728395175,0.014538183872745638
1.0,25.0,84.0,0.0310574713394014,0.06689246190843257,41.5,-0.014869858479553796,-0.00011186482480180372,0.01441824659563096
1.0,26.0,84.0,0.06689246190843257,0.0310574713394014,41.5,-0.014869733225722293,-0.00011173957097030074,0.014224833735036876
1.0,27.0,84.0,0.11205835642090678,0.008042961088223777,41.5,-0.014869652783240145,-0.00011158170288519414,0.013977771011314165
1.0,28.0,84.0,0.16501734212023322,0.0,41.5,-0.014869624670725619,-0.0001113965956543558,0.013686516204489813
1.0,29.0,84.0,0.8126140803164827,0.0001140803164827453,41.5,-0.014869625069469877,-0.0001091330545890484,0.010148509330913267
1.0,30.0,84.0,1.4631140803164828,0.0001140803164827453,41.5,-0.014869625069469877,-0.00010685936576985572,0.0066553907160718925
1.0,31.0,84.0,2.113614080316483,0.0001140803164827453,41.5,-0.014869625069469877,-0.00010458567695066304,0.003223094619322182
1.0,32.0,84.0,2.7612108185127324,0.0,41.5,-0.014869624670725619,-0.00010232213588535563,-5.7440292844040527e-5
1.0,33.0,84.0,2.814169804212059,0.008042961088223777,41.5,-0.014869652783240145,-0.00010213702865451729,-0.00027948022616181126
1.0,34.0,84.0,2.859335698724533,0.0310574713394014,41.5,-0.014869733225722293,-0.00010197916056941068,-0.0004869791573747151
1.0,35.0,84.0,2.8951706892935642,0.06689246190843257,41.5,-0.014869858479553796,-0.00010185390673790771,-0.0006501276274685587
1.0,36.0,84.0,2.918185199544742,0.11205835642090678,41.5,-0.014870016347638904,-0.00010177346425575968,-0.0007530383978053418
1.0,37.0,84.0,2.9262281606329656,0.16501734212023322,41.5,-0.014870201454869742,-0.00010174535174123317,-0.0007858664037869358
1.0,38.0,84.0,2.926114080316483,0.29986408031648293,41.5,-0.014870672783879643,-0.00010174575048549155,-0.0008908176635233637
1.0,39.0,84.0,2.926114080316483,0.43761408031648275,41.5,-0.014871154260643431,-0.00010174575048549155,-0.0009350822153304008
1.0,40.0,84.0,2.926114080316483,0.5753640803164828,41.5,-0.014871635737407218,-0.00010174575048549155,-0.0009536182619342326
1.0,41.0,84.0,2.926114080316483,0.7131140803164828,41.5,-0.014872117214171006,-0.00010174575048549155,-0.0009646916553505912
2.0,1.0,84.0,5.9261140803164825,2.213114080316483,41.5,-0.014877360155337476,-9.125986815255066e-5,-0.016922391131029613
2.0,2.0,84.0,5.9261140803164825,2.350864080316483,41.5,-0.014877841632101265,-9.125986815255066e-5,-0.016928290112840666
2.0,3.0,84.0,5.9261140803164825,2.488614080316483,41.5,-0.014878323108865051,-9.125986815255066e-5,-0.016936953876002372
2.0,4.0,84.0,5.9261140803164825,2.626364080316483,41.5,-0.01487880458562884,-9.125986815255066e-5,-0.016948314671856802
2.0,5.0,84.0,5.926228160632966,2.7612108185127324,41.5,-0.01487927591463874,-9.125946940829228e-5,-0.01696222868858354
2.0,6.0,84.0,5.918185199544742,2.8141698042120584,41.5,-0.01487946102186958,-9.12875819228188e-5,-0.01692191350486609
2.0,7.0,84.0,5.895170689293565,2.859335698724533,41.5,-0.014879618889954687,-9.136802440496683e-5,-0.016795694408704168
2.0,8.0,84.0,5.859335698724533,2.8951706892935642,41.5,-0.01487974414378619,-9.14932782364698e-5,-0.016596025842793943
2.0,9.0,84.0,5.814169804212058,2.918185199544742,41.5,-0.014879824586268338,-9.165114632157642e-5,-0.016342811588753052
2.0,10.0,84.0,5.7612108185127315,2.9262281606329656,41.5,-0.014879852698782864,-9.183625355241476e-5,-0.016045264962132603
2.0,11.0,84.0,5.1136140803164825,2.926114080316483,41.5,-0.014879852300038606,-9.409979461772215e-5,-0.012428467068458642
2.0,12.0,84.0,4.463114080316483,2.926114080316483,41.5,-0.014879852300038606,-9.637348343691483e-5,-0.008861716745722179
2.0,13.0,84.0,3.8126140803164827,2.926114080316483,41.5,-0.014879852300038606,-9.864717225610751e-5,-0.005325291598451315
2.0,14.0,84.0,3.1650173421202332,2.9262281606329656,41.5,-0.014879852698782864,-0.00010091071332141491,-0.0020105763714342137
2.0,15.0,84.0,3.112058356420907,2.918185199544742,41.5,-0.014879824586268338,-0.00010109582055225325,-0.0017681335466558485
2.0,16.0,84.0,3.0668924619084326,2.8951706892935642,41.5,-0.01487974414378619,-0.00010125368863735986,-0.0015594358320579213
2.0,17.0,84.0,3.0310574713394014,2.859335698724533,41.5,-0.014879618889954687,-0.00010137894246886283,-0.0013917524530687021
2.0,18.0,84.0,3.0080429610882238,2.8141698042120584,41.5,-0.01487946102186958,-0.00010145938495101087,-0.0012814122533242706
2.0,19.0,84.0,3.0,2.7612108185127324,41.5,-0.01487927591463874,-0.00010148749746553739,-0.0011707033595179522
2.0,20.0,84.0,3.0001140803164827,2.113614080316483,41.5,-0.014877012373573435,-0.00010148709872127901,-0.0009827715381631739
2.0,21.0,84.0,3.0001140803164827,1.4631140803164828,41.5,-0.014874738684754241,-0.00010148709872127901,-0.0009431943379122906
2.0,22.0,84.0,3.0001140803164827,0.8126140803164827,41.5,-0.014872464995935048,-0.00010148709872127901,-0.0009388767324522918
2.0,23.0,84.0,3.0,0.16501734212023322,41.5,-0.014870201454869742,-0.00010148749746553739,-0.0011279570484271128
2.0,24.0,84.0,3.0080429610882238,0.11205835642090678,41.5,-0.014870016347638904,-0.00010145938495101087,-0.0011697217804629964
2.0,25.0,84.0,3.0310574713394014,0.06689246190843257,41.5,-0.014869858479553796,-0.00010137894246886283,-0.001280254207841071
2.0,26.0,84.0,3.0668924619084326,0.0310574713394014,41.5,-0.014869733225722293,-0.00010125368863735986,-0.0014494497630451108
2.0,27.0,84.0,3.112058356420907,0.008042961088223777,41.5,-0.014869652783240145,-0.00010109582055225325,-0.0016608323481964817
2.0,28.0,84.0,3.1650173421202332,0.0,41.5,-0.014869624670725619,-0.00010091071332141491,-0.001907089409702426
2.0,29.0,84.0,3.8126140803164827,0.0001140803164827453,41.5,-0.014869625069469877,-9.864717225610751e-5,-0.005229152690569599
2.0,30.0,84.0,4.463114080316483,0.0001140803164827453,41.5,-0.014869625069469877,-9.637348343691483e-5,-0.00876337242926371
2.0,31.0,84.0,5.1136140803164825,0.0001140803164827453,41.5,-0.014869625069469877,-9.409979461772215e-5,-0.012329301821665417
2.0,32.0,84.0,5.761210818512732,0.0,41.5,-0.014869624670725619,-9.183625355241476e-5,-0.01594408842685903
2.0,33.0,84.0,5.814169804212058,0.008042961088223777,41.5,-0.014869652783240145,-9.165114632157642e-5,-0.016242029746458726
2.0,34.0,84.0,5.859335698724533,0.0310574713394014,41.5,-0.014869733225722293,-9.14932782364698e-5,-0.016496623547475085
2.0,35.0,84.0,5.895170689293565,0.06689246190843257,41.5,-0.014869858479553796,-9.136802440496683e-5,-0.01669853257530802
2.0,36.0,84.0,5.918185199544742,0.11205835642090678,41.5,-0.014870016347638904,-9.12875819228188e-5,-0.01682764774246908
2.0,37.0,84.0,5.926228160632966,0.16501734212023322,41.5,-0.014870201454869742,-9.125946940829228e-5,-0.016871429410866792
2.0,38.0,84.0,5.9261140803164825,0.29986408031648293,41.5,-0.014870672783879643,-9.125986815255066e-5,-0.01686642850804642
2.0,39.0,84.0,5.9261140803164825,0.43761408031648275,41.5,-0.014871154260643431,-9.125986815255066e-5,-0.016864148812541675
2.0,40.0,84.0,5.9261140803164825,0.5753640803164828,41.5,-0.014871635737407218,-9.125986815255066e-5,-0.01686448719062226
2.0,41.0,84.0,5.9261140803164825,0.7131140803164828,41.5,-0.014872117214171006,-9.125986815255066e-5,-0.01686743538106712
1.0,1.0,85.0,2.926114080316483,2.213114080316483,42.0,-0.011980440738533474,-8.308932070881186e-5,-0.0011877481307990215
1.0,2.0,85.0,2.926114080316483,2.350864080316483,42.0,-0.011980799679906276,-8.308932070881186e-5,-0.0011929740301911118
1.0,3.0,85.0,2.926114080316483,2.488614080316483,42.0,-0.011981158621279075,-8.308932070881186e-5,-0.0011984402510479483
1.0,4.0,85.0,2.926114080316483,2.626364080316483,42.0,-0.011981517562651877,-8.308932070881186e-5,-0.0012032811328762214
1.0,5.0,85.0,2.9262281606329656,2.7612108185127324,42.0,-0.011981868938864769,-8.308902344459837e-5,-0.0012422593903456888
1.0,6.0,85.0,2.918185199544742,2.8141698042120584,42.0,-0.011982006936476596,-8.31099813501838e-5,-0.0012400637123023757
1.0,7.0,85.0,2.8951706892935642,2.859335698724533,42.0,-0.01198212462728008,-8.316995129503967e-5,-0.001109097234780543
1.0,8.0,85.0,2.859335698724533,2.8951706892935642,42.0,-0.011982218004127333,-8.326332814229306e-5,-0.0009074799061650102
1.0,9.0,85.0,2.814169804212059,2.918185199544742,42.0,-0.01198227797407219,-8.338101894577826e-5,-0.0006564012511068044
1.0,10.0,85.0,2.761210818512732,2.9262281606329656,42.0,-0.011982298931977775,-8.351901655760445e-5,-0.00035075110566146553
1.0,11.0,85.0,2.113614080316483,2.926114080316483,42.0,-0.011982298634713562,-8.520648851571351e-5,0.003077902194904596
1.0,12.0,85.0,1.4631140803164828,2.926114080316483,42.0,-0.011982298634713562,-8.69015256337314e-5,0.0065528905028541615
1.0,13.0,85.0,0.8126140803164827,2.926114080316483,42.0,-0.011982298634713562,-8.859656275174928e-5,0.010081310345195237
1.0,14.0,85.0,0.16501734212023322,2.9262281606329656,42.0,-0.011982298931977775,-9.028403470985835e-5,0.013652989644941929
1.0,15.0,85.0,0.11205835642090678,2.918185199544742,42.0,-0.01198227797407219,-9.042203232168454e-5,0.013948582670746683
1.0,16.0,85.0,0.06689246190843257,2.8951706892935642,42.0,-0.011982218004127333,-9.053972312516974e-5,0.014200680465918747
1.0,17.0,85.0,0.0310574713394014,2.859335698724533,42.0,-0.01198212462728008,-9.063309997242313e-5,0.014399098777910464
1.0,18.0,85.0,0.008042961088223777,2.8141698042120584,42.0,-0.011982006936476596,-9.0693069917279e-5,0.014523197279723602
1.0,19.0,85.0,0.0,2.7612108185127324,42.0,-0.011981868938864769,-9.071402782286443e-5,0.014559810796486675
1.0,20.0,85.0,0.0001140803164827453,2.113614080316483,42.0,-0.01198018146690666,-9.071373055865094e-5,0.014476363631702627
1.0,21.0,85.0,0.0001140803164827453,1.4631140803164828,42.0,-0.011978486429788642,-9.071373055865094e-5,0.014466195671189097
1.0,22.0,85.0,0.0001140803164827453,0.8126140803164827,42.0,-0.011976791392670624,-9.071373055865094e-5,0.014530667047384992
1.0,23.0,85.0,0.0,0.16501734212023322,42.0,-0.011975103920712516,-9.071402782286443e-5,0.014668640331832156
1.0,24.0,85.0,0.008042961088223777,0.11205835642090678,42.0,-0.011974965923100689,-9.0693069917279e-5,0.01463655878876652
1.0,25.0,85.0,0.0310574713394014,0.06689246190843257,42.0,-0.011974848232297204,-9.063309997242313e-5,0.014516404814637908
1.0,26.0,85.0,0.06689246190843257,0.0310574713394014,42.0,-0.011974754855449951,-9.053972312516974e-5,0.01432118930473191
1.0,27.0,85.0,0.11205835642090678,0.008042961088223777,42.0,-0.011974694885505094,-9.042203232168454e-5,0.014071229744662862
1.0,28.0,85.0,0.16501734212023322,0.0,42.0,-0.01197467392759951,-9.028403470985835e-5,0.013776513378496284
1.0,29.0,85.0,0.8126140803164827,0.0001140803164827453,42.0,-0.011974674224863723,-8.859656275174928e-5,0.010207729656209212
1.0,30.0,85.0,1.4631140803164828,0.0001140803164827453,42.0,-0.011974674224863723,-8.69015256337314e-5,0.006683208841242231
1.0,31.0,85.0,2.113614080316483,0.0001140803164827453,42.0,-0.011974674224863723,-8.520648851571351e-5,0.0032125258829829146
1.0,32.0,85.0,2.7612108185127324,0.0,42.0,-0.01197467392759951,-8.351901655760445e-5,-0.00020778327343749813
1.0,33.0,85.0,2.814169804212059,0.008042961088223777,42.0,-0.011974694885505094,-8.338101894577826e-5,-0.0005102398349823933
1.0,34.0,85.0,2.859335698724533,0.0310574713394014,42.0,-0.011974754855449951,-8.326332814229306e-5,-0.0007585217844062742
1.0,35.0,85.0,2.8951706892935642,0.06689246190843257,42.0,-0.011974848232297204,-8.316995129503967e-5,-0.000955219270554343
1.0,36.0,85.0,2.918185199544742,0.11205835642090678,42.0,-0.011974965923100689,-8.31099813501838e-5,-0.001081320609904063
1.0,37.0,85.0,2.9262281606329656,0.16501734212023322,42.0,-0.011975103920712516,-8.308902344459837e-5,-0.001122207533678383
1.0,38.0,85.0,2.926114080316483,0.29986408031648293,42.0,-0.011975455296925407,-8.308932070881186e-5,-0.0010708227885673212
1.0,39.0,85.0,2.926114080316483,0.43761408031648275,42.0,-0.011975814238298209,-8.308932070881186e-5,-0.0010712119465781794
1.0,40.0,85.0,2.926114080316483,0.5753640803164828,42.0,-0.011976173179671009,-8.308932070881186e-5,-0.001079046475715365
1.0,41.0,85.0,2.926114080316483,0.7131140803164828,42.0,-0.01197653212104381,-8.308932070881186e-5,-0.0010838334333859712
2.0,1.0,85.0,5.9261140803164825,2.213114080316483,42.0,-0.011980440738533474,-7.527208572948267e-5,-0.017019918117602752
2.0,2.0,85.0,5.9261140803164825,2.350864080316483,42.0,-0.011980799679906276,-7.527208572948267e-5,-0.01702640682302626
2.0,3.0,85.0,5.9261140803164825,2.488614080316483,42.0,-0.011981158621279075,-7.527208572948267e-5,-0.01703658024912445
2.0,4.0,85.0,5.9261140803164825,2.626364080316483,42.0,-0.011981517562651877,-7.527208572948267e-5,-0.017050615737394668
2.0,5.0,85.0,5.926228160632966,2.7612108185127324,42.0,-0.011981868938864769,-7.527178846526918e-5,-0.01706885224909522
2.0,6.0,85.0,5.918185199544742,2.8141698042120584,42.0,-0.011982006936476596,-7.52927463708546e-5,-0.017029755307326984
2.0,7.0,85.0,5.895170689293565,2.859335698724533,42.0,-0.01198212462728008,-7.535271631571048e-5,-0.016902831547626337
2.0,8.0,85.0,5.859335698724533,2.8951706892935642,42.0,-0.011982218004127333,-7.544609316296387e-5,-0.016700966334579886
2.0,9.0,85.0,5.814169804212058,2.918185199544742,42.0,-0.01198227797407219,-7.556378396644907e-5,-0.016444417639261997
2.0,10.0,85.0,5.7612108185127315,2.9262281606329656,42.0,-0.011982298931977775,-7.570178157827526e-5,-0.016142821672230044
2.0,11.0,85.0,5.1136140803164825,2.926114080316483,42.0,-0.011982298634713562,-7.738925353638432e-5,-0.012496068419672447
2.0,12.0,85.0,4.463114080316483,2.926114080316483,42.0,-0.011982298634713562,-7.90842906544022e-5,-0.008893076693396463
2.0,13.0,85.0,3.8126140803164827,2.926114080316483,42.0,-0.011982298634713562,-8.077932777242009e-5,-0.005350518348027721
2.0,14.0,85.0,3.1650173421202332,2.9262281606329656,42.0,-0.011982298931977775,-8.246679973052916e-5,-0.0018762696145382103
2.0,15.0,85.0,3.112058356420907,2.918185199544742,42.0,-0.01198227797407219,-8.260479734235535e-5,-0.0015766003005056616
2.0,16.0,85.0,3.0668924619084326,2.8951706892935642,42.0,-0.011982218004127333,-8.272248814584055e-5,-0.0013197778163983145
2.0,17.0,85.0,3.0310574713394014,2.859335698724533,42.0,-0.01198212462728008,-8.281586499309394e-5,-0.0011141793471355992
2.0,18.0,85.0,3.0080429610882238,2.8141698042120584,42.0,-0.011982006936476596,-8.287583493794981e-5,-0.0009826642501270608
2.0,19.0,85.0,3.0,2.7612108185127324,42.0,-0.011981868938864769,-8.289679284353524e-5,-0.0009774407723586638
2.0,20.0,85.0,3.0001140803164827,2.113614080316483,42.0,-0.01198018146690666,-8.289649557932175e-5,-0.000957886533378003
2.0,21.0,85.0,3.0001140803164827,1.4631140803164828,42.0,-0.011978486429788642,-8.289649557932175e-5,-0.0009169116834958328
2.0,22.0,85.0,3.0001140803164827,0.8126140803164827,42.0,-0.011976791392670624,-8.289649557932175e-5,-0.0009222831880624302
2.0,23.0,85.0,3.0,0.16501734212023322,42.0,-0.011975103920712516,-8.289679284353524e-5,-0.0008884643037202948
2.0,24.0,85.0,3.0080429610882238,0.11205835642090678,42.0,-0.011974965923100689,-8.287583493794981e-5,-0.0009173992763755244
2.0,25.0,85.0,3.0310574713394014,0.06689246190843257,42.0,-0.011974848232297204,-8.281586499309394e-5,-0.0010352567060490214
2.0,26.0,85.0,3.0668924619084326,0.0310574713394014,42.0,-0.011974754855449951,-8.272248814584055e-5,-0.0012304111964709925
2.0,27.0,85.0,3.112058356420907,0.008042961088223777,42.0,-0.011974694885505094,-8.260479734235535e-5,-0.001481448428421337
2.0,28.0,85.0,3.1650173421202332,0.0,42.0,-0.01197467392759951,-8.246679973052916e-5,-0.0017776657885032628
2.0,29.0,85.0,3.8126140803164827,0.0001140803164827453,42.0,-0.011974674224863723,-8.077932777242009e-5,-0.005251701628890799
2.0,30.0,85.0,4.463114080316483,0.0001140803164827453,42.0,-0.011974674224863723,-7.90842906544022e-5,-0.00879428887656099
2.0,31.0,85.0,5.1136140803164825,0.0001140803164827453,42.0,-0.011974674224863723,-7.738925353638432e-5,-0.012395890310787212
2.0,32.0,85.0,5.761210818512732,0.0,42.0,-0.01197467392759951,-7.570178157827526e-5,-0.016040925995596242
2.0,33.0,85.0,5.814169804212058,0.008042961088223777,42.0,-0.011974694885505094,-7.556378396644907e-5,-0.016342909990682008
2.0,34.0,85.0,5.859335698724533,0.0310574713394014,42.0,-0.011974754855449951,-7.544609316296387e-5,-0.01660087731059467
2.0,35.0,85.0,5.895170689293565,0.06689246190843257,42.0,-0.011974848232297204,-7.535271631571048e-5,-0.01680505843597769
2.0,36.0,85.0,5.918185199544742,0.11205835642090678,42.0,-0.011974965923100689,-7.52927463708546e-5,-0.016934980042767153
2.0,37.0,85.0,5.926228160632966,0.16501734212023322,42.0,-0.011975103920712516,-7.527178846526918e-5,-0.016977673337495308
2.0,38.0,85.0,5.9261140803164825,0.29986408031648293,42.0,-0.011975455296925407,-7.527208572948267e-5,-0.016968684028671112
2.0,39.0,85.0,5.9261140803164825,0.43761408031648275,42.0,-0.011975814238298209,-7.527208572948267e-5,-0.016964050480117933
2.0,40.0,85.0,5.9261140803164825,0.5753640803164828,42.0,-0.011976173179671009,-7.527208572948267e-5,-0.016963175439233223
2.0,41.0,85.0,5.9261140803164825,0.7131140803164828,42.0,-0.01197653212104381,-7.527208572948267e-5,-0.016965785636868454
1.0,1.0,86.0,2.926114080316483,2.213114080316483,42.5,-0.00902225599164452,-6.334388277615756e-5,-0.0013051624664594523
1.0,2.0,86.0,2.926114080316483,2.350864080316483,42.5,-0.009022496125626328,-6.334388277615756e-5,-0.0013141484495668404
1.0,3.0,86.0,2.926114080316483,2.488614080316483,42.5,-0.009022736259608137,-6.334388277615756e-5,-0.0013303040149188585
1.0,4.0,86.0,2.926114080316483,2.626364080316483,42.5,-0.009022976393589946,-6.334388277615756e-5,-0.0013608274130819489
1.0,5.0,86.0,2.9262281606329656,2.7612108185127324,42.5,-0.009023211466433334,-6.334368390457394e-5,-0.0013937416346540149
1.0,6.0,86.0,2.918185199544742,2.8141698042120584,42.5,-0.009023303787682761,-6.33577048720632e-5,-0.0013454729014605693
1.0,7.0,86.0,2.8951706892935642,2.859335698724533,42.5,-0.009023382523552751,-6.339782513330446e-5,-0.0012319187428378115
1.0,8.0,86.0,2.859335698724533,2.8951706892935642,42.5,-0.009023444993236769,-6.346029481732194e-5,-0.001038886697569239
1.0,9.0,86.0,2.814169804212059,2.918185199544742,42.5,-0.00902348511349801,-6.353903068731262e-5,-0.0007863070978116344
1.0,10.0,86.0,2.761210818512732,2.9262281606329656,42.5,-0.0090234991344655,-6.363135193673922e-5,-0.0004965492587556666
1.0,11.0,86.0,2.113614080316483,2.926114080316483,42.5,-0.009023498935593916,-6.476028103546288e-5,0.003051693372318457
1.0,12.0,86.0,1.4631140803164828,2.926114080316483,42.5,-0.009023498935593916,-6.589427127260517e-5,0.006570682307171972
1.0,13.0,86.0,0.8126140803164827,2.926114080316483,42.5,-0.009023498935593916,-6.702826150974746e-5,0.010125854920491032
1.0,14.0,86.0,0.16501734212023322,2.9262281606329656,42.5,-0.0090234991344655,-6.815719060847112e-5,0.01372500316695829
1.0,15.0,86.0,0.11205835642090678,2.918185199544742,42.5,-0.00902348511349801,-6.82495118578977e-5,0.014023221103951725
1.0,16.0,86.0,0.06689246190843257,2.8951706892935642,42.5,-0.009023444993236769,-6.83282477278884e-5,0.014277503193313452
1.0,17.0,86.0,0.0310574713394014,2.859335698724533,42.5,-0.009023382523552751,-6.839071741190587e-5,0.014477362958219792
1.0,18.0,86.0,0.008042961088223777,2.8141698042120584,42.5,-0.009023303787682761,-6.843083767314714e-5,0.01460184089303956
1.0,19.0,86.0,0.0,2.7612108185127324,42.5,-0.009023211466433334,-6.84448586406364e-5,0.01463752629108606
1.0,20.0,86.0,0.0001140803164827453,2.113614080316483,42.5,-0.009022082537334612,-6.844465976905278e-5,0.014541262325213106
1.0,21.0,86.0,0.0001140803164827453,1.4631140803164828,42.5,-0.009020948547097469,-6.844465976905278e-5,0.01452789294326314
1.0,22.0,86.0,0.0001140803164827453,0.8126140803164827,42.5,-0.009019814556860326,-6.844465976905278e-5,0.014596190021732508
1.0,23.0,86.0,0.0,0.16501734212023322,42.5,-0.009018685627761603,-6.84448586406364e-5,0.014747838924741557
1.0,24.0,86.0,0.008042961088223777,0.11205835642090678,42.5,-0.009018593306512177,-6.843083767314714e-5,0.014716774418283144
1.0,25.0,86.0,0.0310574713394014,0.06689246190843257,42.5,-0.009018514570642186,-6.839071741190587e-5,0.014596302124223422
1.0,26.0,86.0,0.06689246190843257,0.0310574713394014,42.5,-0.009018452100958169,-6.83282477278884e-5,0.014399675259217697
1.0,27.0,86.0,0.11205835642090678,0.008042961088223777,42.5,-0.009018411980696927,-6.82495118578977e-5,0.01414752848094112
1.0,28.0,86.0,0.16501734212023322,0.0,42.5,-0.009018397959729437,-6.815719060847112e-5,0.01385015040529572
1.0,29.0,86.0,0.8126140803164827,0.0001140803164827453,42.5,-0.009018398158601022,-6.702826150974746e-5,0.010253446905168844
1.0,30.0,86.0,1.4631140803164828,0.0001140803164827453,42.5,-0.009018398158601022,-6.589427127260517e-5,0.006702055348369527
1.0,31.0,86.0,2.113614080316483,0.0001140803164827453,42.5,-0.009018398158601022,-6.476028103546288e-5,0.0031880753907196253
1.0,32.0,86.0,2.7612108185127324,0.0,42.5,-0.009018397959729437,-6.363135193673922e-5,-0.00034999892880548214
1.0,33.0,86.0,2.814169804212059,0.008042961088223777,42.5,-0.009018411980696927,-6.353903068731262e-5,-0.000639745860062858
1.0,34.0,86.0,2.859335698724533,0.0310574713394014,42.5,-0.009018452100958169,-6.346029481732194e-5,-0.0008940241863907312
1.0,35.0,86.0,2.8951706892935642,0.06689246190843257,42.5,-0.009018514570642186,-6.339782513330446e-5,-0.0010935389596251806
1.0,36.0,86.0,2.918185199544742,0.11205835642090678,42.5,-0.009018593306512177,-6.33577048720632e-5,-0.0012154324487366665
1.0,37.0,86.0,2.9262281606329656,0.16501734212023322,42.5,-0.009018685627761603,-6.334368390457394e-5,-0.0012474205227446362
1.0,38.0,86.0,2.926114080316483,0.29986408031648293,42.5,-0.009018920700604992,-6.334388277615756e-5,-0.0012350973186699805
1.0,39.0,86.0,2.926114080316483,0.43761408031648275,42.5,-0.0090191608345868,-6.334388277615756e-5,-0.0012143132334287193
1.0,40.0,86.0,2.926114080316483,0.5753640803164828,42.5,-0.00901940096856861,-6.334388277615756e-5,-0.0012061590416024197
1.0,41.0,86.0,2.926114080316483,0.7131140803164828,42.5,-0.009019641102550418,-6.334388277615756e-5,-0.0012085809005468325
2.0,1.0,86.0,5.9261140803164825,2.213114080316483,42.5,-0.00902225599164452,-5.811410458795329e-5,-0.017099705015320422
2.0,2.0,86.0,5.9261140803164825,2.350864080316483,42.5,-0.009022496125626328,-5.811410458795329e-5,-0.017107023119910452
2.0,3.0,86.0,5.9261140803164825,2.488614080316483,42.5,-0.009022736259608137,-5.811410458795329e-5,-0.017118723285224346
2.0,4.0,86.0,5.9261140803164825,2.626364080316483,42.5,-0.009022976393589946,-5.811410458795329e-5,-0.01713516482450635
2.0,5.0,86.0,5.926228160632966,2.7612108185127324,42.5,-0.009023211466433334,-5.811390571636967e-5,-0.017156627066953214
2.0,6.0,86.0,5.918185199544742,2.8141698042120584,42.5,-0.009023303787682761,-5.812792668385893e-5,-0.017118292046686485
2.0,7.0,86.0,5.895170689293565,2.859335698724533,42.5,-0.009023382523552751,-5.8168046945100194e-5,-0.016990801337204917
2.0,8.0,86.0,5.859335698724533,2.8951706892935642,42.5,-0.009023444993236769,-5.823051662911767e-5,-0.016787284120776166
2.0,9.0,86.0,5.814169804212058,2.918185199544742,42.5,-0.00902348511349801,-5.830925249910836e-5,-0.01652838691591098
2.0,10.0,86.0,5.7612108185127315,2.9262281606329656,42.5,-0.0090234991344655,-5.840157374853495e-5,-0.016224117789134365
2.0,11.0,86.0,5.1136140803164825,2.926114080316483,42.5,-0.009023498935593916,-5.953050284725861e-5,-0.012547435645739657
2.0,12.0,86.0,4.463114080316483,2.926114080316483,42.5,-0.009023498935593916,-6.06644930844009e-5,-0.008921682409229274
2.0,13.0,86.0,3.8126140803164827,2.926114080316483,42.5,-0.009023498935593916,-6.17984833215432e-5,-0.0053447888957214515
2.0,14.0,86.0,3.1650173421202332,2.9262281606329656,42.5,-0.0090234991344655,-6.292741242026684e-5,-0.00176688265235881
2.0,15.0,86.0,3.112058356420907,2.918185199544742,42.5,-0.00902348511349801,-6.301973366969344e-5,-0.0014718073865212472
2.0,16.0,86.0,3.0668924619084326,2.8951706892935642,42.5,-0.009023444993236769,-6.309846953968412e-5,-0.0012195367161438738
2.0,17.0,86.0,3.0310574713394014,2.859335698724533,42.5,-0.009023382523552751,-6.31609392237016e-5,-0.0010242272098190566
2.0,18.0,86.0,3.0080429610882238,2.8141698042120584,42.5,-0.009023303787682761,-6.320105948494287e-5,-0.0009051438712052645
2.0,19.0,86.0,3.0,2.7612108185127324,42.5,-0.009023211466433334,-6.321508045243213e-5,-0.0008517786880087729
2.0,20.0,86.0,3.0001140803164827,2.113614080316483,42.5,-0.009022082537334612,-6.321488158084852e-5,-0.000910227580161227
2.0,21.0,86.0,3.0001140803164827,1.4631140803164828,42.5,-0.009020948547097469,-6.321488158084852e-5,-0.0008967046070060071
2.0,22.0,86.0,3.0001140803164827,0.8126140803164827,42.5,-0.009019814556860326,-6.321488158084852e-5,-0.000868692016928874
2.0,23.0,86.0,3.0,0.16501734212023322,42.5,-0.009018685627761603,-6.321508045243213e-5,-0.0007685216396775283
2.0,24.0,86.0,3.0080429610882238,0.11205835642090678,42.5,-0.009018593306512177,-6.320105948494287e-5,-0.0008040466613693589
2.0,25.0,86.0,3.0310574713394014,0.06689246190843257,42.5,-0.009018514570642186,-6.31609392237016e-5,-0.0009268478794403308
2.0,26.0,86.0,3.0668924619084326,0.0310574713394014,42.5,-0.009018452100958169,-6.309846953968412e-5,-0.0011237162613253922
2.0,27.0,86.0,3.112058356420907,0.008042961088223777,42.5,-0.009018411980696927,-6.301973366969344e-5,-0.0013746820622078698
2.0,28.0,86.0,3.1650173421202332,0.0,42.5,-0.009018397959729437,-6.292741242026684e-5,-0.0016690881782349819
2.0,29.0,86.0,3.8126140803164827,0.0001140803164827453,42.5,-0.009018398158601022,-6.17984833215432e-5,-0.005245101250860732
2.0,30.0,86.0,4.463114080316483,0.0001140803164827453,42.5,-0.009018398158601022,-6.06644930844009e-5,-0.00882208130932202
2.0,31.0,86.0,5.1136140803164825,0.0001140803164827453,42.5,-0.009018398158601022,-5.953050284725861e-5,-0.012446610821119374
2.0,32.0,86.0,5.761210818512732,0.0,42.5,-0.009018397959729437,-5.840157374853495e-5,-0.016121307897626516
2.0,33.0,86.0,5.814169804212058,0.008042961088223777,42.5,-0.009018411980696927,-5.830925249910836e-5,-0.016425965172066615
2.0,34.0,86.0,5.859335698724533,0.0310574713394014,42.5,-0.009018452100958169,-5.823051662911767e-5,-0.01668635267927916
2.0,35.0,86.0,5.895170689293565,0.06689246190843257,42.5,-0.009018514570642186,-5.8168046945100194e-5,-0.01689231971498892
2.0,36.0,86.0,5.918185199544742,0.11205835642090678,42.5,-0.009018593306512177,-5.812792668385893e-5,-0.01702298142498349
2.0,37.0,86.0,5.926228160632966,0.16501734212023322,42.5,-0.009018685627761603,-5.811390571636967e-5,-0.017065103540777934
2.0,38.0,86.0,5.9261140803164825,0.29986408031648293,42.5,-0.009018920700604992,-5.811410458795329e-5,-0.01705334126059302
2.0,39.0,86.0,5.9261140803164825,0.43761408031648275,42.5,-0.0090191608345868,-5.811410458795329e-5,-0.01704678382361755
2.0,40.0,86.0,5.9261140803164825,0.5753640803164828,42.5,-0.00901940096856861,-5.811410458795329e-5,-0.017044956495402715
2.0,41.0,86.0,5.9261140803164825,0.7131140803164828,42.5,-0.009019641102550418,-5.811410458795329e-5,-0.017047546728184183
1.0,1.0,87.0,2.926114080316483,2.213114080316483,43.0,-0.006032779093368557,-4.271853081425964e-5,-0.0013985023987525328
1.0,2.0,87.0,2.926114080316483,2.350864080316483,43.0,-0.00603292867094119,-4.271853081425964e-5,-0.001408775594764405
1.0,3.0,87.0,2.926114080316483,2.488614080316483,43.0,-0.006033078248513822,-4.271853081425964e-5,-0.0014277027506832242
1.0,4.0,87.0,2.926114080316483,2.626364080316483,43.0,-0.006033227826086456,-4.271853081425964e-5,-0.0014516022357227946
1.0,5.0,87.0,2.9262281606329656,2.7612108185127324,43.0,-0.006033374251115688,-4.2718406938711007e-5,-0.0014846683379503513
1.0,6.0,87.0,2.918185199544742,2.8141698042120584,43.0,-0.006033431757297395,-4.272714048931977e-5,-0.0014608941378950878
1.0,7.0,87.0,2.8951706892935642,2.859335698724533,43.0,-0.006033480801252871,-4.275213108517243e-5,-0.001333045728554671
1.0,8.0,87.0,2.859335698724533,2.8951706892935642,43.0,-0.006033519713128767,-4.279104296106815e-5,-0.0011323266773226714
1.0,9.0,87.0,2.814169804212059,2.918185199544742,43.0,-0.0060335447037246194,-4.284008691654522e-5,-0.0008800526010642189
1.0,10.0,87.0,2.761210818512732,2.9262281606329656,43.0,-0.006033553437275229,-4.289759309825122e-5,-0.0005782913189558021
1.0,11.0,87.0,2.113614080316483,2.926114080316483,43.0,-0.00603355331339968,-4.3600794173709145e-5,0.00302056154247559
1.0,12.0,87.0,1.4631140803164828,2.926114080316483,43.0,-0.00603355331339968,-4.430714779256687e-5,0.006581210208839902
1.0,13.0,87.0,0.8126140803164827,2.926114080316483,43.0,-0.00603355331339968,-4.501350141142459e-5,0.01015772054390427
1.0,14.0,87.0,0.16501734212023322,2.9262281606329656,43.0,-0.006033553437275229,-4.5716702486882515e-5,0.013777298338471215
1.0,15.0,87.0,0.11205835642090678,2.918185199544742,43.0,-0.0060335447037246194,-4.577420866858851e-5,0.014077220191214325
1.0,16.0,87.0,0.06689246190843257,2.8951706892935642,43.0,-0.006033519713128767,-4.582325262406558e-5,0.014332871448838852
1.0,17.0,87.0,0.0310574713394014,2.859335698724533,43.0,-0.006033480801252871,-4.58621644999613e-5,0.014533669685683075
1.0,18.0,87.0,0.008042961088223777,2.8141698042120584,43.0,-0.006033431757297395,-4.588715509581397e-5,0.014658498428943038
1.0,19.0,87.0,0.0,2.7612108185127324,43.0,-0.006033374251115688,-4.5895888646422724e-5,0.014693805038920503
1.0,20.0,87.0,0.0001140803164827453,2.113614080316483,43.0,-0.0060326710500402305,-4.589576477087409e-5,0.014589109514441704
1.0,21.0,87.0,0.0001140803164827453,1.4631140803164828,43.0,-0.006031964696421373,-4.589576477087409e-5,0.014572981509168996
1.0,22.0,87.0,0.0001140803164827453,0.8126140803164827,43.0,-0.006031258342802515,-4.589576477087409e-5,0.014644520030610486
1.0,23.0,87.0,0.0,0.16501734212023322,43.0,-0.006030555141727057,-4.5895888646422724e-5,0.01480525056935344
1.0,24.0,87.0,0.008042961088223777,0.11205835642090678,43.0,-0.006030497635545351,-4.588715509581397e-5,0.014774621555293257
1.0,25.0,87.0,0.0310574713394014,0.06689246190843257,43.0,-0.006030448591589874,-4.58621644999613e-5,0.014653836213707902
1.0,26.0,87.0,0.06689246190843257,0.0310574713394014,43.0,-0.006030409679713978,-4.582325262406558e-5,0.01445628879442917
1.0,27.0,87.0,0.11205835642090678,0.008042961088223777,43.0,-0.006030384689118126,-4.577420866858851e-5,0.014202768872330462
1.0,28.0,87.0,0.16501734212023322,0.0,43.0,-0.006030375955567517,-4.5716702486882515e-5,0.013903661963303377
1.0,29.0,87.0,0.8126140803164827,0.0001140803164827453,43.0,-0.0060303760794430655,-4.501350141142459e-5,0.01028620929253587
1.0,30.0,87.0,1.4631140803164828,0.0001140803164827453,43.0,-0.0060303760794430655,-4.430714779256687e-5,0.006713410812634138
1.0,31.0,87.0,2.113614080316483,0.0001140803164827453,43.0,-0.0060303760794430655,-4.3600794173709145e-5,0.003158563991217687
1.0,32.0,87.0,2.7612108185127324,0.0,43.0,-0.006030375955567517,-4.289759309825122e-5,-0.0004326615926245613
1.0,33.0,87.0,2.814169804212059,0.008042961088223777,43.0,-0.006030384689118126,-4.284008691654522e-5,-0.0007347577181095662
1.0,34.0,87.0,2.859335698724533,0.0310574713394014,43.0,-0.006030409679713978,-4.279104296106815e-5,-0.0009886027096641747
1.0,35.0,87.0,2.8951706892935642,0.06689246190843257,43.0,-0.006030448591589874,-4.275213108517243e-5,-0.0011886650850603448
1.0,36.0,87.0,2.918185199544742,0.11205835642090678,43.0,-0.006030497635545351,-4.272714048931977e-5,-0.0013157822477571956
1.0,37.0,87.0,2.9262281606329656,0.16501734212023322,43.0,-0.006030555141727057,-4.2718406938711007e-5,-0.0013551606345035402
1.0,38.0,87.0,2.926114080316483,0.29986408031648293,43.0,-0.00603070156675629,-4.271853081425964e-5,-0.0013256762572128697
1.0,39.0,87.0,2.926114080316483,0.43761408031648275,43.0,-0.006030851144328923,-4.271853081425964e-5,-0.0013130289687177442
1.0,40.0,87.0,2.926114080316483,0.5753640803164828,43.0,-0.006031000721901556,-4.271853081425964e-5,-0.0013061454423071925
1.0,41.0,87.0,2.926114080316483,0.7131140803164828,43.0,-0.006031150299474188,-4.271853081425964e-5,-0.001306570441649283
2.0,1.0,87.0,5.9261140803164825,2.213114080316483,43.0,-0.006032779093368557,-3.9460943025523025e-5,-0.01715890055868443
2.0,2.0,87.0,5.9261140803164825,2.350864080316483,43.0,-0.00603292867094119,-3.9460943025523025e-5,-0.017166800619497647
2.0,3.0,87.0,5.9261140803164825,2.488614080316483,43.0,-0.006033078248513822,-3.9460943025523025e-5,-0.01717954859713503
2.0,4.0,87.0,5.9261140803164825,2.626364080316483,43.0,-0.006033227826086456,-3.9460943025523025e-5,-0.017197447875955788
2.0,5.0,87.0,5.926228160632966,2.7612108185127324,43.0,-0.006033374251115688,-3.9460819149974385e-5,-0.017220554887293474
2.0,6.0,87.0,5.918185199544742,2.8141698042120584,43.0,-0.006033431757297395,-3.946955270058315e-5,-0.017182507469483233
2.0,7.0,87.0,5.895170689293565,2.859335698724533,43.0,-0.006033480801252871,-3.949454329643581e-5,-0.01705458417872983
2.0,8.0,87.0,5.859335698724533,2.8951706892935642,43.0,-0.006033519713128767,-3.953345517233154e-5,-0.0168500386329059
2.0,9.0,87.0,5.814169804212058,2.918185199544742,43.0,-0.0060335447037246194,-3.95824991278086e-5,-0.016589608530422607
2.0,10.0,87.0,5.7612108185127315,2.9262281606329656,43.0,-0.006033553437275229,-3.96400053095146e-5,-0.016283333669942147
2.0,11.0,87.0,5.1136140803164825,2.926114080316483,43.0,-0.00603355331339968,-4.0343206384972524e-5,-0.012585189226697855
2.0,12.0,87.0,4.463114080316483,2.926114080316483,43.0,-0.00603355331339968,-4.104956000383025e-5,-0.0089406990627434
2.0,13.0,87.0,3.8126140803164827,2.926114080316483,43.0,-0.00603355331339968,-4.175591362268797e-5,-0.005329579622667873
2.0,14.0,87.0,3.1650173421202332,2.9262281606329656,43.0,-0.006033553437275229,-4.245911469814589e-5,-0.0017074222484395533
2.0,15.0,87.0,3.112058356420907,2.918185199544742,43.0,-0.0060335447037246194,-4.2516620879851896e-5,-0.00140671203422237
2.0,16.0,87.0,3.0668924619084326,2.8951706892935642,43.0,-0.006033519713128767,-4.2565664835328964e-5,-0.0011506109874377553
2.0,17.0,87.0,3.0310574713394014,2.859335698724533,43.0,-0.006033480801252871,-4.260457671122468e-5,-0.0009463150790411306
2.0,18.0,87.0,3.0080429610882238,2.8141698042120584,43.0,-0.006033431757297395,-4.262956730707735e-5,-0.0008161828126540283
2.0,19.0,87.0,3.0,2.7612108185127324,43.0,-0.006033374251115688,-4.263830085768611e-5,-0.0007882214296715058
2.0,20.0,87.0,3.0001140803164827,2.113614080316483,43.0,-0.0060326710500402305,-4.263817698213747e-5,-0.000867580052181185
2.0,21.0,87.0,3.0001140803164827,1.4631140803164828,43.0,-0.006031964696421373,-4.263817698213747e-5,-0.000873515300819424
2.0,22.0,87.0,3.0001140803164827,0.8126140803164827,43.0,-0.006031258342802515,-4.263817698213747e-5,-0.0008252099043215772
2.0,23.0,87.0,3.0,0.16501734212023322,43.0,-0.006030555141727057,-4.263830085768611e-5,-0.0006985150482937456
2.0,24.0,87.0,3.0080429610882238,0.11205835642090678,43.0,-0.006030497635545351,-4.262956730707735e-5,-0.0007299991294353953
2.0,25.0,87.0,3.0310574713394014,0.06689246190843257,43.0,-0.006030448591589874,-4.260457671122468e-5,-0.0008518019257371067
2.0,26.0,87.0,3.0668924619084326,0.0310574713394014,43.0,-0.006030409679713978,-4.2565664835328964e-5,-0.0010508007355881097
2.0,27.0,87.0,3.112058356420907,0.008042961088223777,43.0,-0.006030384689118126,-4.2516620879851896e-5,-0.0013057571683187952
2.0,28.0,87.0,3.1650173421202332,0.0,43.0,-0.006030375955567517,-4.245911469814589e-5,-0.0016065146216007005
2.0,29.0,87.0,3.8126140803164827,0.0001140803164827453,43.0,-0.0060303760794430655,-4.175591362268797e-5,-0.005229756198921447
2.0,30.0,87.0,4.463114080316483,0.0001140803164827453,43.0,-0.0060303760794430655,-4.104956000383025e-5,-0.008840476292483775
2.0,31.0,87.0,5.1136140803164825,0.0001140803164827453,43.0,-0.0060303760794430655,-4.0343206384972524e-5,-0.012483847758553376
2.0,32.0,87.0,5.761210818512732,0.0,43.0,-0.006030375955567517,-3.96400053095146e-5,-0.01617978743372689
2.0,33.0,87.0,5.814169804212058,0.008042961088223777,43.0,-0.006030384689118126,-3.95824991278086e-5,-0.016486445469880203
2.0,34.0,87.0,5.859335698724533,0.0310574713394014,43.0,-0.006030409679713978,-3.953345517233154e-5,-0.016748434621637852
2.0,35.0,87.0,5.895170689293565,0.06689246190843257,43.0,-0.006030448591589874,-3.949454329643581e-5,-0.016955550878216607
2.0,36.0,87.0,5.918185199544742,0.11205835642090678,43.0,-0.006030497635545351,-3.946955270058315e-5,-0.017086797030525517
2.0,37.0,87.0,5.926228160632966,0.16501734212023322,43.0,-0.006030555141727057,-3.9460819149974385e-5,-0.01712880326606671
2.0,38.0,87.0,5.9261140803164825,0.29986408031648293,43.0,-0.00603070156675629,-3.9460943025523025e-5,-0.017115828253370147
2.0,39.0,87.0,5.9261140803164825,0.43761408031648275,43.0,-0.006030851144328923,-3.9460943025523025e-5,-0.017108289044371477
2.0,40.0,87.0,5.9261140803164825,0.5753640803164828,43.0,-0.006031000721901556,-3.9460943025523025e-5,-0.017105957237392538
2.0,41.0,87.0,5.9261140803164825,0.7131140803164828,43.0,-0.006031150299474188,-3.9460943025523025e-5,-0.017108572892532866
1.0,1.0,88.0,2.926114080316483,2.213114080316483,43.5,-0.003021513579189093,-2.1498183739145856e-5,-0.0014554746718358899
1.0,2.0,88.0,2.926114080316483,2.350864080316483,43.5,-0.003021584209426358,-2.1498183739145856e-5,-0.0014656326710156035
1.0,3.0,88.0,2.926114080316483,2.488614080316483,43.5,-0.0030216548396636233,-2.1498183739145856e-5,-0.0014828599674606454
1.0,4.0,88.0,2.926114080316483,2.626364080316483,43.5,-0.0030217254699008884,-2.1498183739145856e-5,-0.0015100882918920387
1.0,5.0,88.0,2.9262281606329656,2.7612108185127324,43.5,-0.0030217946115133256,-2.1498125245354056e-5,-0.001545388611681256
1.0,6.0,88.0,2.918185199544742,2.8141698042120584,43.5,-0.003021821765819861,-2.1502249210871125e-5,-0.001506198366226066
1.0,7.0,88.0,2.8951706892935642,2.859335698724533,43.5,-0.0030218449242797214,-2.1514049721358122e-5,-0.0013866184040921983
1.0,8.0,88.0,2.859335698724533,2.8951706892935642,43.5,-0.0030218632983914184,-2.153242383305531e-5,-0.0011875055190868735
1.0,9.0,88.0,2.814169804212059,2.918185199544742,43.5,-0.0030218750989019056,-2.155558229291529e-5,-0.0009291037968076159
1.0,10.0,88.0,2.761210818512732,2.9262281606329656,43.5,-0.0030218792228674228,-2.158273659945082e-5,-0.0006285836361616593
1.0,11.0,88.0,2.113614080316483,2.926114080316483,43.5,-0.003021879164373631,-2.1914786772016973e-5,0.0030013551274918645
1.0,12.0,88.0,1.4631140803164828,2.926114080316483,43.5,-0.003021879164373631,-2.224832556941102e-5,0.006585440135986915
1.0,13.0,88.0,0.8126140803164827,2.926114080316483,43.5,-0.003021879164373631,-2.2581864366805066e-5,0.010176997134256453
1.0,14.0,88.0,0.16501734212023322,2.9262281606329656,43.5,-0.0030218792228674228,-2.291391453937122e-5,0.013808870572109829
1.0,15.0,88.0,0.11205835642090678,2.918185199544742,43.5,-0.0030218750989019056,-2.2941068845906748e-5,0.014109889022571357
1.0,16.0,88.0,0.06689246190843257,2.8951706892935642,43.5,-0.0030218632983914184,-2.2964227305766727e-5,0.01436646373910005
1.0,17.0,88.0,0.0310574713394014,2.859335698724533,43.5,-0.0030218449242797214,-2.2982601417463917e-5,0.014567890063428795
1.0,18.0,88.0,0.008042961088223777,2.8141698042120584,43.5,-0.003021821765819861,-2.2994401927950913e-5,0.014692916240125817
1.0,19.0,88.0,0.0,2.7612108185127324,43.5,-0.0030217946115133256,-2.2998525893467983e-5,0.01472788730976572
1.0,20.0,88.0,0.0001140803164827453,2.113614080316483,43.5,-0.00302146256134076,-2.2998467399676182e-5,0.014618327320496761
1.0,21.0,88.0,0.0001140803164827453,1.4631140803164828,43.5,-0.0030211290225433656,-2.2998467399676182e-5,0.014600530478038151
1.0,22.0,88.0,0.0001140803164827453,0.8126140803164827,43.5,-0.0030207954837459714,-2.2998467399676182e-5,0.014674043449396167
1.0,23.0,88.0,0.0,0.16501734212023322,43.5,-0.0030204634335734056,-2.2998525893467983e-5,0.014840034851626131
1.0,24.0,88.0,0.008042961088223777,0.11205835642090678,43.5,-0.00302043627926687,-2.2994401927950913e-5,0.014809778260630731
1.0,25.0,88.0,0.0310574713394014,0.06689246190843257,43.5,-0.00302041312080701,-2.2982601417463917e-5,0.014688823043413473
1.0,26.0,88.0,0.06689246190843257,0.0310574713394014,43.5,-0.003020394746695313,-2.2964227305766727e-5,0.014490662693636185
1.0,27.0,88.0,0.11205835642090678,0.008042961088223777,43.5,-0.0030203829461848256,-2.2941068845906748e-5,0.014236218876967006
1.0,28.0,88.0,0.16501734212023322,0.0,43.5,-0.0030203788222193085,-2.291391453937122e-5,0.013935995696306545
1.0,29.0,88.0,0.8126140803164827,0.0001140803164827453,43.5,-0.0030203788807131003,-2.2581864366805066e-5,0.010306030314033404
1.0,30.0,88.0,1.4631140803164828,0.0001140803164827453,43.5,-0.0030203788807131003,-2.224832556941102e-5,0.006718278432727801
1.0,31.0,88.0,2.113614080316483,0.0001140803164827453,43.5,-0.0030203788807131003,-2.1914786772016973e-5,0.0031398922159987307
1.0,32.0,88.0,2.7612108185127324,0.0,43.5,-0.0030203788222193085,-2.158273659945082e-5,-0.0004828875092087449
1.0,33.0,88.0,2.814169804212059,0.008042961088223777,43.5,-0.0030203829461848256,-2.155558229291529e-5,-0.0007830253113948293
1.0,34.0,88.0,2.859335698724533,0.0310574713394014,43.5,-0.003020394746695313,-2.153242383305531e-5,-0.0010422599980946588
1.0,35.0,88.0,2.8951706892935642,0.06689246190843257,43.5,-0.00302041312080701,-2.1514049721358122e-5,-0.0012462770159715445
1.0,36.0,88.0,2.918185199544742,0.11205835642090678,43.5,-0.00302043627926687,-2.1502249210871125e-5,-0.0013723583513214576
1.0,37.0,88.0,2.9262281606329656,0.16501734212023322,43.5,-0.0030204634335734056,-2.1498125245354056e-5,-0.0014078834351305472
1.0,38.0,88.0,2.926114080316483,0.29986408031648293,43.5,-0.0030205325751858428,-2.1498183739145856e-5,-0.0013875893306907474
1.0,39.0,88.0,2.926114080316483,0.43761408031648275,43.5,-0.003020603205423108,-2.1498183739145856e-5,-0.0013708203683253611
1.0,40.0,88.0,2.926114080316483,0.5753640803164828,43.5,-0.003020673835660373,-2.1498183739145856e-5,-0.001364369655704759
1.0,41.0,88.0,2.926114080316483,0.7131140803164828,43.5,-0.0030207444658976383,-2.1498183739145856e-5,-0.0013664138086593054
2.0,1.0,88.0,5.9261140803164825,2.213114080316483,43.5,-0.003021513579189093,-1.9959957156237115e-5,-0.01719527837030297
2.0,2.0,88.0,5.9261140803164825,2.350864080316483,43.5,-0.003021584209426358,-1.9959957156237115e-5,-0.01720348161916523
2.0,3.0,88.0,5.9261140803164825,2.488614080316483,43.5,-0.0030216548396636233,-1.9959957156237115e-5,-0.01721677164094852
2.0,4.0,88.0,5.9261140803164825,2.626364080316483,43.5,-0.0030217254699008884,-1.9959957156237115e-5,-0.01723543322950908
2.0,5.0,88.0,5.926228160632966,2.7612108185127324,43.5,-0.0030217946115133256,-1.9959898662445315e-5,-0.0172595609200445
2.0,6.0,88.0,5.918185199544742,2.8141698042120584,43.5,-0.003021821765819861,-1.9964022627962384e-5,-0.017221740393724223
2.0,7.0,88.0,5.895170689293565,2.859335698724533,43.5,-0.0030218449242797214,-1.997582313844938e-5,-0.017093511748023312
2.0,8.0,88.0,5.859335698724533,2.8951706892935642,43.5,-0.0030218632983914184,-1.999419725014657e-5,-0.01688822133363471
2.0,9.0,88.0,5.814169804212058,2.918185199544742,43.5,-0.0030218750989019056,-2.001735571000655e-5,-0.0166267644122783
2.0,10.0,88.0,5.7612108185127315,2.9262281606329656,43.5,-0.0030218792228674228,-2.0044510016542077e-5,-0.01631932798070844
2.0,11.0,88.0,5.1136140803164825,2.926114080316483,43.5,-0.003021879164373631,-2.037656018910823e-5,-0.012608297054446221
2.0,12.0,88.0,4.463114080316483,2.926114080316483,43.5,-0.003021879164373631,-2.0710098986502277e-5,-0.008950519766709925
2.0,13.0,88.0,3.8126140803164827,2.926114080316483,43.5,-0.003021879164373631,-2.1043637783896325e-5,-0.005319574177677196
2.0,14.0,88.0,3.1650173421202332,2.9262281606329656,43.5,-0.0030218792228674228,-2.137568795646248e-5,-0.001672365911390094
2.0,15.0,88.0,3.112058356420907,2.918185199544742,43.5,-0.0030218750989019056,-2.1402842262998007e-5,-0.0013701970462534877
2.0,16.0,88.0,3.0668924619084326,2.8951706892935642,43.5,-0.0030218632983914184,-2.1426000722857986e-5,-0.0011119861299144908
2.0,17.0,88.0,3.0310574713394014,2.859335698724533,43.5,-0.0030218449242797214,-2.1444374834555176e-5,-0.0009114569743805996
2.0,18.0,88.0,3.0080429610882238,2.8141698042120584,43.5,-0.003021821765819861,-2.1456175345042172e-5,-0.0007888327167257219
2.0,19.0,88.0,3.0,2.7612108185127324,43.5,-0.0030217946115133256,-2.1460299310559242e-5,-0.0007475588647120026
2.0,20.0,88.0,3.0001140803164827,2.113614080316483,43.5,-0.00302146256134076,-2.146024081676744e-5,-0.0008427562271097356
2.0,21.0,88.0,3.0001140803164827,1.4631140803164828,43.5,-0.0030211290225433656,-2.146024081676744e-5,-0.0008553399987804742
2.0,22.0,88.0,3.0001140803164827,0.8126140803164827,43.5,-0.0030207954837459714,-2.146024081676744e-5,-0.0007988667569934059
2.0,23.0,88.0,3.0,0.16501734212023322,43.5,-0.0030204634335734056,-2.1460299310559242e-5,-0.0006583277474014364
2.0,24.0,88.0,3.0080429610882238,0.11205835642090678,43.5,-0.00302043627926687,-2.1456175345042172e-5,-0.0006909655608531155
2.0,25.0,88.0,3.0310574713394014,0.06689246190843257,43.5,-0.00302041312080701,-2.1444374834555176e-5,-0.0008137740747024077
2.0,26.0,88.0,3.0668924619084326,0.0310574713394014,43.5,-0.003020394746695313,-2.1426000722857986e-5,-0.001013348726331521
2.0,27.0,88.0,3.112058356420907,0.008042961088223777,43.5,-0.0030203829461848256,-2.1402842262998007e-5,-0.0012690815128454439
2.0,28.0,88.0,3.1650173421202332,0.0,43.5,-0.0030203788222193085,-2.137568795646248e-5,-0.0015703098834012389
2.0,29.0,88.0,3.8126140803164827,0.0001140803164827453,43.5,-0.0030203788807131003,-2.1043637783896325e-5,-0.005219219428273147
2.0,30.0,88.0,4.463114080316483,0.0001140803164827453,43.5,-0.0030203788807131003,-2.0710098986502277e-5,-0.008850042361579878
2.0,31.0,88.0,5.1136140803164825,0.0001140803164827453,43.5,-0.0030203788807131003,-2.037656018910823e-5,-0.012506598183062935
2.0,32.0,88.0,5.761210818512732,0.0,43.5,-0.0030203788222193085,-2.0044510016542077e-5,-0.016215337851377562
2.0,33.0,88.0,5.814169804212058,0.008042961088223777,43.5,-0.0030203829461848256,-2.001735571000655e-5,-0.016523171294146464
2.0,34.0,88.0,5.859335698724533,0.0310574713394014,43.5,-0.003020394746695313,-1.999419725014657e-5,-0.016786231476980485
2.0,35.0,88.0,5.895170689293565,0.06689246190843257,43.5,-0.00302041312080701,-1.997582313844938e-5,-0.01699416578570631
2.0,36.0,88.0,5.918185199544742,0.11205835642090678,43.5,-0.00302043627926687,-1.9964022627962384e-5,-0.017125812338648523
2.0,37.0,88.0,5.926228160632966,0.16501734212023322,43.5,-0.0030204634335734056,-1.9959898662445315e-5,-0.017167702776074965
2.0,38.0,88.0,5.9261140803164825,0.29986408031648293,43.5,-0.0030205325751858428,-1.9959957156237115e-5,-0.017153994627913147
2.0,39.0,88.0,5.9261140803164825,0.43761408031648275,43.5,-0.003020603205423108,-1.9959957156237115e-5,-0.01714600421643067
2.0,40.0,88.0,5.9261140803164825,0.5753640803164828,43.5,-0.003020673835660373,-1.9959957156237115e-5,-0.017143457062715084
2.0,41.0,88.0,5.9261140803164825,0.7131140803164828,43.5,-0.0030207444658976383,-1.9959957156237115e-5,-0.017146099396149788
1.0,1.0,89.0,2.926114080316483,2.213114080316483,44.0,0.0,0.0,-0.0014741623203518212
1.0,2.0,89.0,2.926114080316483,2.350864080316483,44.0,0.0,0.0,-0.001484253753352527
1.0,3.0,89.0,2.926114080316483,2.488614080316483,44.0,0.0,0.0,-0.0015028679027757875
1.0,4.0,89.0,2.926114080316483,2.626364080316483,44.0,0.0,0.0,-0.0015282109139481822
1.0,5.0,89.0,2.9262281606329656,2.7612108185127324,44.0,0.0,0.0,-0.0015606654221967213
1.0,6.0,89.0,2.918185199544742,2.8141698042120584,44.0,0.0,0.0,-0.0015321965578446227
1.0,7.0,89.0,2.8951706892935642,2.859335698724533,44.0,0.0,0.0,-0.0014046234352240545
1.0,8.0,89.0,2.859335698724533,2.8951706892935642,44.0,0.0,0.0,-0.0012026431304759243
1.0,9.0,89.0,2.814169804212059,2.918185199544742,44.0,0.0,0.0,-0.0009477109252840836
1.0,10.0,89.0,2.761210818512732,2.9262281606329656,44.0,0.0,0.0,-0.0006443689707117908
1.0,11.0,89.0,2.113614080316483,2.926114080316483,44.0,0.0,0.0,0.00299451905526985
1.0,12.0,89.0,1.4631140803164828,2.926114080316483,44.0,0.0,0.0,0.006586664032903393
1.0,13.0,89.0,0.8126140803164827,2.926114080316483,44.0,0.0,0.0,0.010183361132770484
1.0,14.0,89.0,0.16501734212023322,2.9262281606329656,44.0,0.0,0.0,0.013819479435178658
1.0,15.0,89.0,0.11205835642090678,2.918185199544742,44.0,0.0,0.0,0.014120830611043115
1.0,16.0,89.0,0.06689246190843257,2.8951706892935642,44.0,0.0,0.0,0.014377660822805893
1.0,17.0,89.0,0.0310574713394014,2.859335698724533,44.0,0.0,0.0,0.014579263189904771
1.0,18.0,89.0,0.008042961088223777,2.8141698042120584,44.0,0.0,0.0,0.01470436880722866
1.0,19.0,89.0,0.0,2.7612108185127324,44.0,0.0,0.0,0.014739303657845513
1.0,20.0,89.0,0.0001140803164827453,2.113614080316483,44.0,0.0,0.0,0.014628146726560664
1.0,21.0,89.0,0.0001140803164827453,1.4631140803164828,44.0,0.0,0.0,0.014609799350615599
1.0,22.0,89.0,0.0001140803164827453,0.8126140803164827,44.0,0.0,0.0,0.014683967008853263
1.0,23.0,89.0,0.0,0.16501734212023322,44.0,0.0,0.0,0.014851689808491228
1.0,24.0,89.0,0.008042961088223777,0.11205835642090678,44.0,0.0,0.0,0.014821480413851862
1.0,25.0,89.0,0.0310574713394014,0.06689246190843257,44.0,0.0,0.0,0.014700451011417481
1.0,26.0,89.0,0.06689246190843257,0.0310574713394014,44.0,0.0,0.0,0.014502115535010249
1.0,27.0,89.0,0.11205835642090678,0.008042961088223777,44.0,0.0,0.0,0.014247414269399957
1.0,28.0,89.0,0.16501734212023322,0.0,44.0,0.0,0.0,0.013946855372947124
1.0,29.0,89.0,0.8126140803164827,0.0001140803164827453,44.0,0.0,0.0,0.01031259076473656
1.0,30.0,89.0,1.4631140803164828,0.0001140803164827453,44.0,0.0,0.0,0.006719702085039087
1.0,31.0,89.0,2.113614080316483,0.0001140803164827453,44.0,0.0,0.0,0.0031332442885059673
1.0,32.0,89.0,2.7612108185127324,0.0,44.0,0.0,0.0,-0.0004987307787963939
1.0,33.0,89.0,2.814169804212059,0.008042961088223777,44.0,0.0,0.0,-0.0008026836092388177
1.0,34.0,89.0,2.859335698724533,0.0310574713394014,44.0,0.0,0.0,-0.0010597679885155204
1.0,35.0,89.0,2.8951706892935642,0.06689246190843257,44.0,0.0,0.0,-0.0012622701354769506
1.0,36.0,89.0,2.918185199544742,0.11205835642090678,44.0,0.0,0.0,-0.0013905330378676862
1.0,37.0,89.0,2.9262281606329656,0.16501734212023322,44.0,0.0,0.0,-0.0014298339134685592
1.0,38.0,89.0,2.926114080316483,0.29986408031648293,44.0,0.0,0.0,-0.0014045334963686785
1.0,39.0,89.0,2.926114080316483,0.43761408031648275,44.0,0.0,0.0,-0.0013910162527102589
1.0,40.0,89.0,2.926114080316483,0.5753640803164828,44.0,0.0,0.0,-0.001384290256611048
1.0,41.0,89.0,2.926114080316483,0.7131140803164828,44.0,0.0,0.0,-0.0013854005090000925
2.0,1.0,89.0,5.9261140803164825,2.213114080316483,44.0,0.0,0.0,-0.01720752019644258
2.0,2.0,89.0,5.9261140803164825,2.350864080316483,44.0,0.0,0.0,-0.01721583279829131
2.0,3.0,89.0,5.9261140803164825,2.488614080316483,44.0,0.0,0.0,-0.01722929811411093
2.0,4.0,89.0,5.9261140803164825,2.626364080316483,44.0,0.0,0.0,-0.017248225698903608
2.0,5.0,89.0,5.926228160632966,2.7612108185127324,44.0,0.0,0.0,-0.01727263176077835
2.0,6.0,89.0,5.918185199544742,2.8141698042120584,44.0,0.0,0.0,-0.01723482713469645
2.0,7.0,89.0,5.895170689293565,2.859335698724533,44.0,0.0,0.0,-0.01710650242471149
2.0,8.0,89.0,5.859335698724533,2.8951706892935642,44.0,0.0,0.0,-0.016901024056638587
2.0,9.0,89.0,5.814169804212058,2.918185199544742,44.0,0.0,0.0,-0.016639279103582975
2.0,10.0,89.0,5.7612108185127315,2.9262281606329656,44.0,0.0,0.0,-0.01633143377784327
2.0,11.0,89.0,5.1136140803164825,2.926114080316483,44.0,0.0,0.0,-0.012616009326598752
2.0,12.0,89.0,4.463114080316483,2.926114080316483,44.0,0.0,0.0,-0.008953630518773617
2.0,13.0,89.0,3.8126140803164827,2.926114080316483,44.0,0.0,0.0,-0.0053159169306907835
2.0,14.0,89.0,3.1650173421202332,2.9262281606329656,44.0,0.0,0.0,-0.001661465578990288
2.0,15.0,89.0,3.112058356420907,2.918185199544742,44.0,0.0,0.0,-0.0013592097962036754
2.0,16.0,89.0,3.0668924619084326,2.8951706892935642,44.0,0.0,0.0,-0.0011021184475027803
2.0,17.0,89.0,3.0310574713394014,2.859335698724533,44.0,0.0,0.0,-0.0008978717971171087
2.0,18.0,89.0,3.0080429610882238,2.8141698042120584,44.0,0.0,0.0,-0.0007686610894681005
2.0,19.0,89.0,3.0,2.7612108185127324,44.0,0.0,0.0,-0.0007368140567710914
2.0,20.0,89.0,3.0001140803164827,2.113614080316483,44.0,0.0,0.0,-0.0008336494785330059
2.0,21.0,89.0,3.0001140803164827,1.4631140803164828,44.0,0.0,0.0,-0.0008489985009113369
2.0,22.0,89.0,3.0001140803164827,0.8126140803164827,44.0,0.0,0.0,-0.0007897530708387354
2.0,23.0,89.0,3.0,0.16501734212023322,44.0,0.0,0.0,-0.0006459132460922994
2.0,24.0,89.0,3.0080429610882238,0.11205835642090678,44.0,0.0,0.0,-0.0006776443413424779
2.0,25.0,89.0,3.0310574713394014,0.06689246190843257,44.0,0.0,0.0,-0.0008002478734757774
2.0,26.0,89.0,3.0668924619084326,0.0310574713394014,44.0,0.0,0.0,-0.0010003375613323808
2.0,27.0,89.0,3.112058356420907,0.008042961088223777,44.0,0.0,0.0,-0.001256680575066316
2.0,28.0,89.0,3.1650173421202332,0.0,44.0,0.0,0.0,-0.0015590646330560585
2.0,29.0,89.0,3.8126140803164827,0.0001140803164827453,44.0,0.0,0.0,-0.005215369700295943
2.0,30.0,89.0,4.463114080316483,0.0001140803164827453,44.0,0.0,0.0,-0.008853056556273135
2.0,31.0,89.0,5.1136140803164825,0.0001140803164827453,44.0,0.0,0.0,-0.012514196191867898
2.0,32.0,89.0,5.761210818512732,0.0,44.0,0.0,0.0,-0.01622729132154433
2.0,33.0,89.0,5.814169804212058,0.008042961088223777,44.0,0.0,0.0,-0.01653553537324677
2.0,34.0,89.0,5.859335698724533,0.0310574713394014,44.0,0.0,0.0,-0.016798903279242897
2.0,35.0,89.0,5.895170689293565,0.06689246190843257,44.0,0.0,0.0,-0.01700705619273354
2.0,36.0,89.0,5.918185199544742,0.11205835642090678,44.0,0.0,0.0,-0.017138834253633207
2.0,37.0,89.0,5.926228160632966,0.16501734212023322,44.0,0.0,0.0,-0.017180747000005162
2.0,38.0,89.0,5.9261140803164825,0.29986408031648293,44.0,0.0,0.0,-0.01716685651113263
2.0,39.0,89.0,5.9261140803164825,0.43761408031648275,44.0,0.0,0.0,-0.017158702583262596
2.0,40.0,89.0,5.9261140803164825,0.5753640803164828,44.0,0.0,0.0,-0.017156090117032768
2.0,41.0,89.0,5.9261140803164825,0.7131140803164828,44.0,0.0,0.0,-0.01715876176684615
