shape,i,j,x,y,z,ux,uy,uz
1.0,1.0,1.0,2.926114080316483,2.213114080316483,0.0,0.0,0.0,-9.123167762914665e-5
1.0,2.0,1.0,2.926114080316483,2.350864080316483,0.0,0.0,0.0,-0.0005552743490026705
1.0,3.0,1.0,2.926114080316483,2.488614080316483,0.0,0.0,0.0,-0.0010067457574594238
1.0,4.0,1.0,2.926114080316483,2.626364080316483,0.0,0.0,0.0,-0.001448745609603222
1.0,5.0,1.0,2.9262281606329656,2.7612108185127324,0.0,0.0,0.0,-0.0018720515888710299
1.0,6.0,1.0,2.918185199544742,2.8141698042120584,0.0,0.0,0.0,-0.0020355493240440422
1.0,7.0,1.0,2.8951706892935642,2.859335698724533,0.0,0.0,0.0,-0.002196144778983066
1.0,8.0,1.0,2.859335698724533,2.8951706892935642,0.0,0.0,0.0,-0.002331386627785697
1.0,9.0,1.0,2.814169804212059,2.918185199544742,0.0,0.0,0.0,-0.002426519421994578
1.0,10.0,1.0,2.761210818512732,2.9262281606329656,0.0,0.0,0.0,-0.0024802814319138723
1.0,11.0,1.0,2.113614080316483,2.926114080316483,0.0,0.0,0.0,-0.002728460582016907
1.0,12.0,1.0,1.4631140803164828,2.926114080316483,0.0,0.0,0.0,-0.0028962543126941002
1.0,13.0,1.0,0.8126140803164827,2.926114080316483,0.0,0.0,0.0,-0.003035528726550186
1.0,14.0,1.0,0.16501734212023322,2.9262281606329656,0.0,0.0,0.0,-0.0031845431236256936
1.0,15.0,1.0,0.11205835642090678,2.918185199544742,0.0,0.0,0.0,-0.003183845483007303
1.0,16.0,1.0,0.06689246190843257,2.8951706892935642,0.0,0.0,0.0,-0.0031531088296565786
1.0,17.0,1.0,0.0310574713394014,2.859335698724533,0.0,0.0,0.0,-0.0030930359365695624
1.0,18.0,1.0,0.008042961088223777,2.8141698042120584,0.0,0.0,0.0,-0.0030067197091239515
1.0,19.0,1.0,0.0,2.7612108185127324,0.0,0.0,0.0,-0.002893560524755083
1.0,20.0,1.0,0.0001140803164827453,2.113614080316483,0.0,0.0,0.0,-0.0014503307297802166
1.0,21.0,1.0,0.0001140803164827453,1.4631140803164828,0.0,0.0,0.0,-1.7120250279468945e-5
1.0,22.0,1.0,0.0001140803164827453,0.8126140803164827,0.0,0.0,0.0,0.0014157278755800304
1.0,23.0,1.0,0.0,0.16501734212023322,0.0,0.0,0.0,0.0028578182613542193
1.0,24.0,1.0,0.008042961088223777,0.11205835642090678,0.0,0.0,0.0,0.00297110970879696
1.0,25.0,1.0,0.0310574713394014,0.06689246190843257,0.0,0.0,0.0,0.0030580409814986594
1.0,26.0,1.0,0.06689246190843257,0.0310574713394014,0.0,0.0,0.0,0.003119137725101215
1.0,27.0,1.0,0.11205835642090678,0.008042961088223777,0.0,0.0,0.0,0.0031511947872829476
1.0,28.0,1.0,0.16501734212023322,0.0,0.0,0.0,0.0,0.0031534502157769574
1.0,29.0,1.0,0.8126140803164827,0.0001140803164827453,0.0,0.0,0.0,0.003023228337946927
1.0,30.0,1.0,1.4631140803164828,0.0001140803164827453,0.0,0.0,0.0,0.0029029494747818715
1.0,31.0,1.0,2.113614080316483,0.0001140803164827453,0.0,0.0,0.0,0.00275558437991052
1.0,32.0,1.0,2.7612108185127324,0.0,0.0,0.0,0.0,0.002529771106587733
1.0,33.0,1.0,2.814169804212059,0.008042961088223777,0.0,0.0,0.0,0.0024772465326628945
1.0,34.0,1.0,2.859335698724533,0.0310574713394014,0.0,0.0,0.0,0.0023827215867939285
1.0,35.0,1.0,2.8951706892935642,0.06689246190843257,0.0,0.0,0.0,0.0022515728654547065
1.0,36.0,1.0,2.918185199544742,0.11205835642090678,0.0,0.0,0.0,0.0020958300875317747
1.0,37.0,1.0,2.9262281606329656,0.16501734212023322,0.0,0.0,0.0,0.0019239382763703594
1.0,38.0,1.0,2.926114080316483,0.29986408031648293,0.0,0.0,0.0,0.0015055542767127453
1.0,39.0,1.0,2.926114080316483,0.43761408031648275,0.0,0.0,0.0,0.001063214126492455
1.0,40.0,1.0,2.926114080316483,0.5753640803164828,0.0,0.0,0.0,0.0006112842746261655
1.0,41.0,1.0,2.926114080316483,0.7131140803164828,0.0,0.0,0.0,0.00014799045955521894
2.0,1.0,1.0,5.9261140803164825,2.213114080316483,0.0,0.0,0.0,0.0023514885365524684
2.0,2.0,1.0,5.9261140803164825,2.350864080316483,0.0,0.0,0.0,0.001629994739935789
2.0,3.0,1.0,5.9261140803164825,2.488614080316483,0.0,0.0,0.0,0.0009143070915462675
2.0,4.0,1.0,5.9261140803164825,2.626364080316483,0.0,0.0,0.0,0.0002031206343801252
2.0,5.0,1.0,5.926228160632966,2.7612108185127324,0.0,0.0,0.0,-0.00049037361279644
2.0,6.0,1.0,5.918185199544742,2.8141698042120584,0.0,0.0,0.0,-0.0007688407195613289
2.0,7.0,1.0,5.895170689293565,2.859335698724533,0.0,0.0,0.0,-0.0010192919072214593
2.0,8.0,1.0,5.859335698724533,2.8951706892935642,0.0,0.0,0.0,-0.0012320411538027259
2.0,9.0,1.0,5.814169804212058,2.918185199544742,0.0,0.0,0.0,-0.0013862661324791237
2.0,10.0,1.0,5.7612108185127315,2.9262281606329656,0.0,0.0,0.0,-0.0014696482973161219
2.0,11.0,1.0,5.1136140803164825,2.926114080316483,0.0,0.0,0.0,-0.0019937505668561374
2.0,12.0,1.0,4.463114080316483,2.926114080316483,0.0,0.0,0.0,-0.002548072343074456
2.0,13.0,1.0,3.8126140803164827,2.926114080316483,0.0,0.0,0.0,-0.003161901287791741
2.0,14.0,1.0,3.1650173421202332,2.9262281606329656,0.0,0.0,0.0,-0.003893449542834358
2.0,15.0,1.0,3.112058356420907,2.918185199544742,0.0,0.0,0.0,-0.003932565534780014
2.0,16.0,1.0,3.0668924619084326,2.8951706892935642,0.0,0.0,0.0,-0.003911080019934622
2.0,17.0,1.0,3.0310574713394014,2.859335698724533,0.0,0.0,0.0,-0.0038419337645317674
2.0,18.0,1.0,3.0080429610882238,2.8141698042120584,0.0,0.0,0.0,-0.0037336112226459993
2.0,19.0,1.0,3.0,2.7612108185127324,0.0,0.0,0.0,-0.003575565488484931
2.0,20.0,1.0,3.0001140803164827,2.113614080316483,0.0,0.0,0.0,-0.0017526729293315414
2.0,21.0,1.0,3.0001140803164827,1.4631140803164828,0.0,0.0,0.0,-3.033460698108939e-5
2.0,22.0,1.0,3.0001140803164827,0.8126140803164827,0.0,0.0,0.0,0.0016933892613550953
2.0,23.0,1.0,3.0,0.16501734212023322,0.0,0.0,0.0,0.0035219912416887007
2.0,24.0,1.0,3.0080429610882238,0.11205835642090678,0.0,0.0,0.0,0.003673153708553072
2.0,25.0,1.0,3.0310574713394014,0.06689246190843257,0.0,0.0,0.0,0.003788773648637894
2.0,26.0,1.0,3.0668924619084326,0.0310574713394014,0.0,0.0,0.0,0.0038623192321546977
2.0,27.0,1.0,3.112058356420907,0.008042961088223777,0.0,0.0,0.0,0.00388388943795755
2.0,28.0,1.0,3.1650173421202332,0.0,0.0,0.0,0.0,0.003845863008400216
2.0,29.0,1.0,3.8126140803164827,0.0001140803164827453,0.0,0.0,0.0,0.0031385325501332947
2.0,30.0,1.0,4.463114080316483,0.0001140803164827453,0.0,0.0,0.0,0.0025460291012352277
2.0,31.0,1.0,5.1136140803164825,0.0001140803164827453,0.0,0.0,0.0,0.0020112207365057867
2.0,32.0,1.0,5.761210818512732,0.0,0.0,0.0,0.0,0.001506337576766496
2.0,33.0,1.0,5.814169804212058,0.008042961088223777,0.0,0.0,0.0,0.0014245543774684885
2.0,34.0,1.0,5.859335698724533,0.0310574713394014,0.0,0.0,0.0,0.0012716878453591846
2.0,35.0,1.0,5.895170689293565,0.06689246190843257,0.0,0.0,0.0,0.0010600000315522122
2.0,36.0,1.0,5.918185199544742,0.11205835642090678,0.0,0.0,0.0,0.000810203536158714
2.0,37.0,1.0,5.926228160632966,0.16501734212023322,0.0,0.0,0.0,0.000531910769182258
2.0,38.0,1.0,5.9261140803164825,0.29986408031648293,0.0,0.0,0.0,-0.00016177821655251733
2.0,39.0,1.0,5.9261140803164825,0.43761408031648275,0.0,0.0,0.0,-0.0008731126209424928
2.0,40.0,1.0,5.9261140803164825,0.5753640803164828,0.0,0.0,0.0,-0.0015888895591187101
2.0,41.0,1.0,5.9261140803164825,0.7131140803164828,0.0,0.0,0.0,-0.0023104139735166097
1.0,1.0,2.0,2.926114080316483,2.213114080316483,0.5,-0.00023775284964170702,0.0016992073505573732,-0.00012127220419480049
1.0,2.0,2.0,2.926114080316483,2.350864080316483,0.5,-0.000279932366435532,0.0016992073505573732,-0.0005829392722721664
1.0,3.0,2.0,2.926114080316483,2.488614080316483,0.5,-0.00032211188322935704,0.0016992073505573732,-0.0010337509457314354
1.0,4.0,2.0,2.926114080316483,2.626364080316483,0.5,-0.00036429140002318204,0.0016992073505573732,-0.0014709574393738762
1.0,5.0,2.0,2.9262281606329656,2.7612108185127324,0.5,-0.00040558192821440694,0.0016992422823368645,-0.0018892549412438478
1.0,6.0,2.0,2.918185199544742,2.8141698042120584,0.5,-0.00042179814909780916,0.0016967795003964446,-0.002065193098210183
1.0,7.0,2.0,2.8951706892935642,2.859335698724533,0.5,-0.0004356280990513268,0.0016897323793681964,-0.002214037825686648
1.0,8.0,2.0,2.859335698724533,2.8951706892935642,0.5,-0.00044660089459770073,0.0016787595838218224,-0.002345570520052469
1.0,9.0,2.0,2.814169804212059,2.918185199544742,0.5,-0.00045364801562594907,0.001664929633868305,-0.0024459705948520526
1.0,10.0,2.0,2.761210818512732,2.9262281606329656,0.5,-0.00045611079756636877,0.0016487134129849024,-0.0024962216745548793
1.0,11.0,2.0,2.113614080316483,2.926114080316483,0.5,-0.0004560758657868775,0.0014504170972362638,-0.002737217654456773
1.0,12.0,2.0,1.4631140803164828,2.926114080316483,0.5,-0.0004560758657868775,0.0012512317928850248,-0.002898315055830356
1.0,13.0,2.0,0.8126140803164827,2.926114080316483,0.5,-0.0004560758657868775,0.0010520464885337857,-0.003034108808498099
1.0,14.0,2.0,0.16501734212023322,2.9262281606329656,0.5,-0.00045611079756636877,0.000853750172785147,-0.003180654412837023
1.0,15.0,2.0,0.11205835642090678,2.918185199544742,0.5,-0.00045364801562594907,0.0008375339519017446,-0.003179752535578105
1.0,16.0,2.0,0.06689246190843257,2.8951706892935642,0.5,-0.00044660089459770073,0.0008237040019482271,-0.0031489281941488134
1.0,17.0,2.0,0.0310574713394014,2.859335698724533,0.5,-0.0004356280990513268,0.0008127312064018532,-0.003088874008523211
1.0,18.0,2.0,0.008042961088223777,2.8141698042120584,0.5,-0.00042179814909780916,0.0008056840853736049,-0.0030026555659913162
1.0,19.0,2.0,0.0,2.7612108185127324,0.5,-0.00040558192821440694,0.0008032213034331852,-0.0028896753578896827
1.0,20.0,2.0,0.0001140803164827453,2.113614080316483,0.5,-0.00020728561246576813,0.0008032562352126765,-0.0014487620940800063
1.0,21.0,2.0,0.0001140803164827453,1.4631140803164828,0.5,-8.100308114529171e-6,0.0008032562352126765,-1.7091371891277365e-5
1.0,22.0,2.0,0.0001140803164827453,0.8126140803164827,0.5,0.00019108499623670977,0.0008032562352126765,0.0014142358888479085
1.0,23.0,2.0,0.0,0.16501734212023322,0.5,0.0003893813119853486,0.0008032213034331852,0.0028540360005548902
1.0,24.0,2.0,0.008042961088223777,0.11205835642090678,0.5,0.00040559753286875097,0.0008056840853736049,0.0029671379725788034
1.0,25.0,2.0,0.0310574713394014,0.06689246190843257,0.5,0.0004194274828222685,0.0008127312064018532,0.003053968137134097
1.0,26.0,2.0,0.06689246190843257,0.0310574713394014,0.5,0.0004304002783686424,0.0008237040019482271,0.0031150488323675803
1.0,27.0,2.0,0.11205835642090678,0.008042961088223777,0.5,0.0004374473993968907,0.0008375339519017446,0.0031471994955751164
1.0,28.0,2.0,0.16501734212023322,0.0,0.5,0.0004399101813373104,0.000853750172785147,0.0031496638002220306
1.0,29.0,2.0,0.8126140803164827,0.0001140803164827453,0.5,0.0004398752495578191,0.0010520464885337857,0.003021818623432618
1.0,30.0,2.0,1.4631140803164828,0.0001140803164827453,0.5,0.0004398752495578191,0.0012512317928850248,0.0029048571382044325
1.0,31.0,2.0,2.113614080316483,0.0001140803164827453,0.5,0.0004398752495578191,0.0014504170972362638,0.0027640564929377
1.0,32.0,2.0,2.7612108185127324,0.0,0.5,0.0004399101813373104,0.0016487134129849026,0.002545585881308256
1.0,33.0,2.0,2.814169804212059,0.008042961088223777,0.5,0.0004374473993968907,0.001664929633868305,0.002497893227618951
1.0,34.0,2.0,2.859335698724533,0.0310574713394014,0.5,0.0004304002783686424,0.0016787595838218224,0.002400074151491554
1.0,35.0,2.0,2.8951706892935642,0.06689246190843257,0.5,0.0004194274828222685,0.0016897323793681964,0.0022668035759260113
1.0,36.0,2.0,2.918185199544742,0.11205835642090678,0.5,0.00040559753286875097,0.0016967795003964446,0.0021145322460599946
1.0,37.0,2.0,2.9262281606329656,0.16501734212023322,0.5,0.0003893813119853486,0.0016992422823368645,0.0019493625606404226
1.0,38.0,2.0,2.926114080316483,0.29986408031648293,0.5,0.00034809078379412364,0.0016992073505573732,0.001526075978067331
1.0,39.0,2.0,2.926114080316483,0.43761408031648275,0.5,0.0003059112670002987,0.0016992073505573732,0.0010898474769962412
1.0,40.0,2.0,2.926114080316483,0.5753640803164828,0.5,0.00026373175020647367,0.0016992073505573732,0.0006400871323802818
1.0,41.0,2.0,2.926114080316483,0.7131140803164828,0.5,0.0002215522334126487,0.0016992073505573732,0.0001777593139478354
2.0,1.0,2.0,5.9261140803164825,2.213114080316483,0.5,-0.00023775284964170702,0.0026178175166660846,0.0023333157094929365
2.0,2.0,2.0,5.9261140803164825,2.350864080316483,0.5,-0.000279932366435532,0.0026178175166660846,0.0016158348386694687
2.0,3.0,2.0,5.9261140803164825,2.488614080316483,0.5,-0.00032211188322935704,0.0026178175166660846,0.000904278914154005
2.0,4.0,2.0,5.9261140803164825,2.626364080316483,0.5,-0.00036429140002318204,0.0026178175166660846,0.00019696261311222805
2.0,5.0,2.0,5.926228160632966,2.7612108185127324,0.5,-0.00040558192821440694,0.0026178524484455758,-0.0004929106131622219
2.0,6.0,2.0,5.918185199544742,2.8141698042120584,0.5,-0.00042179814909780916,0.002615389666505156,-0.0007699361905059541
2.0,7.0,2.0,5.895170689293565,2.859335698724533,0.5,-0.0004356280990513268,0.002608342545476908,-0.0010191178118903936
2.0,8.0,2.0,5.859335698724533,2.8951706892935642,0.5,-0.00044660089459770073,0.002597369749930534,-0.0012308456579516749
2.0,9.0,2.0,5.814169804212058,2.918185199544742,0.5,-0.00045364801562594907,0.002583539799977016,-0.0013843411141784365
2.0,10.0,2.0,5.7612108185127315,2.9262281606329656,0.5,-0.00045611079756636877,0.002567323579093614,-0.001467361334229201
2.0,11.0,2.0,5.1136140803164825,2.926114080316483,0.5,-0.0004560758657868775,0.0023690272633449753,-0.001991473847450703
2.0,12.0,2.0,4.463114080316483,2.926114080316483,0.5,-0.0004560758657868775,0.0021698419589937365,-0.002543578453741505
2.0,13.0,2.0,3.8126140803164827,2.926114080316483,0.5,-0.0004560758657868775,0.001970656654642497,-0.0031495937373867355
2.0,14.0,2.0,3.1650173421202332,2.9262281606329656,0.5,-0.00045611079756636877,0.0017723603388938585,-0.0038704556484518877
2.0,15.0,2.0,3.112058356420907,2.918185199544742,0.5,-0.00045364801562594907,0.001756144118010456,-0.00390946470254376
2.0,16.0,2.0,3.0668924619084326,2.8951706892935642,0.5,-0.00044660089459770073,0.0017423141680569386,-0.0038909854198310133
2.0,17.0,2.0,3.0310574713394014,2.859335698724533,0.5,-0.0004356280990513268,0.0017313413725105647,-0.003816177042685165
2.0,18.0,2.0,3.0080429610882238,2.8141698042120584,0.5,-0.00042179814909780916,0.0017242942514823162,-0.003695715488586392
2.0,19.0,2.0,3.0,2.7612108185127324,0.5,-0.00040558192821440694,0.0017218314695418965,-0.0035548063022062823
2.0,20.0,2.0,3.0001140803164827,2.113614080316483,0.5,-0.00020728561246576813,0.0017218664013213879,-0.0017393525291406972
2.0,21.0,2.0,3.0001140803164827,1.4631140803164828,0.5,-8.100308114529171e-6,0.0017218664013213879,-3.0722396808819745e-5
2.0,22.0,2.0,3.0001140803164827,0.8126140803164827,0.5,0.00019108499623670977,0.0017218664013213879,0.0016804785839890821
2.0,23.0,2.0,3.0,0.16501734212023322,0.5,0.0003893813119853486,0.0017218314695418965,0.0034989073843667883
2.0,24.0,2.0,3.0080429610882238,0.11205835642090678,0.5,0.00040559753286875097,0.0017242942514823162,0.0036495791934343883
2.0,25.0,2.0,3.0310574713394014,0.06689246190843257,0.5,0.0004194274828222685,0.0017313413725105647,0.003764183820473493
2.0,26.0,2.0,3.0668924619084326,0.0310574713394014,0.5,0.0004304002783686424,0.0017423141680569386,0.003837180448080073
2.0,27.0,2.0,3.112058356420907,0.008042961088223777,0.5,0.0004374473993968907,0.001756144118010456,0.0038591513167565215
2.0,28.0,2.0,3.1650173421202332,0.0,0.5,0.0004399101813373104,0.0017723603388938585,0.003823300411001414
2.0,29.0,2.0,3.8126140803164827,0.0001140803164827453,0.5,0.0004398752495578191,0.001970656654642497,0.0031265629724933
2.0,30.0,2.0,4.463114080316483,0.0001140803164827453,0.5,0.0004398752495578191,0.0021698419589937365,0.0025417383955951903
2.0,31.0,2.0,5.1136140803164825,0.0001140803164827453,0.5,0.0004398752495578191,0.0023690272633449753,0.0020089365226636465
2.0,32.0,2.0,5.761210818512732,0.0,0.5,0.0004399101813373104,0.002567323579093614,0.00150393391469911
2.0,33.0,2.0,5.814169804212058,0.008042961088223777,0.5,0.0004374473993968907,0.002583539799977016,0.001422510646144309
2.0,34.0,2.0,5.859335698724533,0.0310574713394014,0.5,0.0004304002783686424,0.002597369749930534,0.0012703783649602716
2.0,35.0,2.0,5.895170689293565,0.06689246190843257,0.5,0.0004194274828222685,0.002608342545476908,0.001059716467309602
2.0,36.0,2.0,5.918185199544742,0.11205835642090678,0.5,0.00040559753286875097,0.002615389666505156,0.0008111869682442198
2.0,37.0,2.0,5.926228160632966,0.16501734212023322,0.5,0.0003893813119853486,0.0026178524484455758,0.0005343244952490335
2.0,38.0,2.0,5.9261140803164825,0.29986408031648293,0.5,0.00034809078379412364,0.0026178175166660846,-0.00015575786891991496
2.0,39.0,2.0,5.9261140803164825,0.43761408031648275,0.5,0.0003059112670002987,0.0026178175166660846,-0.0008632214140657519
2.0,40.0,2.0,5.9261140803164825,0.5753640803164828,0.5,0.00026373175020647367,0.0026178175166660846,-0.001574866527150617
2.0,41.0,2.0,5.9261140803164825,0.7131140803164828,0.5,0.0002215522334126487,0.0026178175166660846,-0.002292380825263238
1.0,1.0,3.0,2.926114080316483,2.213114080316483,1.0,-0.0004718226526534792,0.003381448928283706,-0.00021241481200324168
1.0,2.0,3.0,2.926114080316483,2.350864080316483,1.0,-0.0005555017549929956,0.003381448928283706,-0.0006668807704874658
1.0,3.0,3.0,2.926114080316483,2.488614080316483,1.0,-0.000639180857332512,0.003381448928283706,-0.0011088560822616745
1.0,4.0,3.0,2.926114080316483,2.626364080316483,1.0,-0.0007228599596720283,0.003381448928283706,-0.0015436851554431136
1.0,5.0,3.0,2.9262281606329656,2.7612108185127324,1.0,-0.0008047754152486086,0.003381518228744525,-0.001957408322023632
1.0,6.0,3.0,2.918185199544742,2.8141698042120584,1.0,-0.0008369464525199761,0.003376632364758941,-0.002112108590667888
1.0,7.0,3.0,2.8951706892935642,2.859335698724533,1.0,-0.0008643834144739883,0.0033626517218652775,-0.0022712002446909573
1.0,8.0,3.0,2.859335698724533,2.8951706892935642,1.0,-0.000886152124769172,0.003340883011570094,-0.002403614460146644
1.0,9.0,3.0,2.814169804212059,2.918185199544742,1.0,-0.0009001327676628354,0.003313446049616082,-0.002494906770644148
1.0,10.0,3.0,2.761210818512732,2.9262281606329656,1.0,-0.0009050186316484196,0.003281275012344714,-0.0025475707223210535
1.0,11.0,3.0,2.113614080316483,2.926114080316483,1.0,-0.0009049493311876002,0.0028878789054099705,-0.002762338180840889
1.0,12.0,3.0,1.4631140803164828,2.926114080316483,1.0,-0.0009049493311876002,0.0024927191517122907,-0.002903872193357867
1.0,13.0,3.0,0.8126140803164827,2.926114080316483,1.0,-0.0009049493311876002,0.002097559398014611,-0.0030296887052216137
1.0,14.0,3.0,0.16501734212023322,2.9262281606329656,1.0,-0.0009050186316484196,0.0017041632910798675,-0.0031693688502398504
1.0,15.0,3.0,0.11205835642090678,2.918185199544742,1.0,-0.0009001327676628354,0.0016719922538084998,-0.0031678904353283337
1.0,16.0,3.0,0.06689246190843257,2.8951706892935642,1.0,-0.000886152124769172,0.0016445552918544879,-0.003136685513413711
1.0,17.0,3.0,0.0310574713394014,2.859335698724533,1.0,-0.0008643834144739883,0.0016227865815593042,-0.0030765162935058785
1.0,18.0,3.0,0.008042961088223777,2.8141698042120584,1.0,-0.0008369464525199761,0.0016088059386656407,-0.0029905215450242092
1.0,19.0,3.0,0.0,2.7612108185127324,1.0,-0.0008047754152486086,0.0016039200746800564,-0.0028781427633700874
1.0,20.0,3.0,0.0001140803164827453,2.113614080316483,1.0,-0.00041137930831386496,0.001603989375140876,-0.00144410383727283
1.0,21.0,3.0,0.0001140803164827453,1.4631140803164828,1.0,-1.62195546161852e-5,0.001603989375140876,-1.7002599488691416e-5
1.0,22.0,3.0,0.0001140803164827453,0.8126140803164827,1.0,0.00037894019908149454,0.001603989375140876,0.0014098125223395968
1.0,23.0,3.0,0.0,0.16501734212023322,1.0,0.0007723363060162382,0.0016039200746800564,0.0028428334825017377
1.0,24.0,3.0,0.008042961088223777,0.11205835642090678,1.0,0.000804507343287606,0.0016088059386656407,0.002955348147796566
1.0,25.0,3.0,0.0310574713394014,0.06689246190843257,1.0,0.0008319443052416178,0.0016227865815593042,0.003041954624779441
1.0,26.0,3.0,0.06689246190843257,0.0310574713394014,1.0,0.0008537130155368015,0.0016445552918544879,0.003103138674162277
1.0,27.0,3.0,0.11205835642090678,0.008042961088223777,1.0,0.000867693658430465,0.0016719922538084998,0.0031356501109087464
1.0,28.0,3.0,0.16501734212023322,0.0,1.0,0.0008725795224160492,0.0017041632910798675,0.0031386688506720214
1.0,29.0,3.0,0.8126140803164827,0.0001140803164827453,1.0,0.0008725102219552298,0.002097559398014611,0.0030174745653581345
1.0,30.0,3.0,1.4631140803164828,0.0001140803164827453,1.0,0.0008725102219552298,0.0024927191517122907,0.0029099129060442984
1.0,31.0,3.0,2.113614080316483,0.0001140803164827453,1.0,0.0008725102219552298,0.0028878789054099705,0.002788322654283162
1.0,32.0,3.0,2.7612108185127324,0.0,1.0,0.0008725795224160492,0.0032812750123447144,0.002596329463854404
1.0,33.0,3.0,2.814169804212059,0.008042961088223777,1.0,0.000867693658430465,0.003313446049616082,0.002545187900803058
1.0,34.0,3.0,2.859335698724533,0.0310574713394014,1.0,0.0008537130155368015,0.003340883011570094,0.002455163002109043
1.0,35.0,3.0,2.8951706892935642,0.06689246190843257,1.0,0.0008319443052416178,0.0033626517218652775,0.0023283243336242473
1.0,36.0,3.0,2.918185199544742,0.11205835642090678,1.0,0.000804507343287606,0.003376632364758941,0.0021759356595154175
1.0,37.0,3.0,2.9262281606329656,0.16501734212023322,1.0,0.0007723363060162382,0.003381518228744525,0.0020064251398873253
1.0,38.0,3.0,2.926114080316483,0.29986408031648293,1.0,0.0006904208504396578,0.003381448928283706,0.0016017454277601785
1.0,39.0,3.0,2.926114080316483,0.43761408031648275,1.0,0.0006067417481001416,0.003381448928283706,0.0011671592058566133
1.0,40.0,3.0,2.926114080316483,0.5753640803164828,1.0,0.0005230626457606252,0.003381448928283706,0.0007241122767413083
1.0,41.0,3.0,2.926114080316483,0.7131140803164828,1.0,0.00043938354342110884,0.003381448928283706,0.0002706366498254065
2.0,1.0,3.0,5.9261140803164825,2.213114080316483,1.0,-0.0004718226526534792,0.005203861320432882,0.0022792104955994814
2.0,2.0,3.0,5.9261140803164825,2.350864080316483,1.0,-0.0005555017549929956,0.005203861320432882,0.0015750111852538024
2.0,3.0,3.0,5.9261140803164825,2.488614080316483,1.0,-0.000639180857332512,0.005203861320432882,0.0008755170291417224
2.0,4.0,3.0,5.9261140803164825,2.626364080316483,1.0,-0.0007228599596720283,0.005203861320432882,0.00017957453557312637
2.0,5.0,3.0,5.926228160632966,2.7612108185127324,1.0,-0.0008047754152486086,0.005203930620893701,-0.0004996371312033734
2.0,6.0,3.0,5.918185199544742,2.8141698042120584,1.0,-0.0008369464525199761,0.005199044756908117,-0.0007724159223141141
2.0,7.0,3.0,5.895170689293565,2.859335698724533,1.0,-0.0008643834144739883,0.005185064114014455,-0.0010177469296603534
2.0,8.0,3.0,5.859335698724533,2.8951706892935642,1.0,-0.000886152124769172,0.00516329540371927,-0.0012262559490036223
2.0,9.0,3.0,5.814169804212058,2.918185199544742,1.0,-0.0009001327676628354,0.005135858441765258,-0.0013776598165041252
2.0,10.0,3.0,5.7612108185127315,2.9262281606329656,1.0,-0.0009050186316484196,0.00510368740449389,-0.0014600648444042543
2.0,11.0,3.0,5.1136140803164825,2.926114080316483,1.0,-0.0009049493311876002,0.004710291297559147,-0.001984883839360428
2.0,12.0,3.0,4.463114080316483,2.926114080316483,1.0,-0.0009049493311876002,0.004315131543861468,-0.002531079274225519
2.0,13.0,3.0,3.8126140803164827,2.926114080316483,1.0,-0.0009049493311876002,0.003919971790163787,-0.0031141740150844375
2.0,14.0,3.0,3.1650173421202332,2.9262281606329656,1.0,-0.0009050186316484196,0.0035265756832290438,-0.0037982966737401466
2.0,15.0,3.0,3.112058356420907,2.918185199544742,1.0,-0.0009001327676628354,0.003494404645957676,-0.0038354098116249167
2.0,16.0,3.0,3.0668924619084326,2.8951706892935642,1.0,-0.000886152124769172,0.003466967684003664,-0.003813518509368418
2.0,17.0,3.0,3.0310574713394014,2.859335698724533,1.0,-0.0008643834144739883,0.00344519897370848,-0.0037464022103422426
2.0,18.0,3.0,3.0080429610882238,2.8141698042120584,1.0,-0.0008369464525199761,0.0034312183308148167,-0.00364216914100734
2.0,19.0,3.0,3.0,2.7612108185127324,1.0,-0.0008047754152486086,0.0034263324668292326,-0.0034792081430225557
2.0,20.0,3.0,3.0001140803164827,2.113614080316483,1.0,-0.00041137930831386496,0.003426401767290052,-0.0017027012851553512
2.0,21.0,3.0,3.0001140803164827,1.4631140803164828,1.0,-1.62195546161852e-5,0.003426401767290052,-3.1035927843110655e-5
2.0,22.0,3.0,3.0001140803164827,0.8126140803164827,1.0,0.00037894019908149454,0.003426401767290052,0.0016415813554023452
2.0,23.0,3.0,3.0,0.16501734212023322,1.0,0.0007723363060162382,0.0034263324668292326,0.003427288734393163
2.0,24.0,3.0,3.0080429610882238,0.11205835642090678,1.0,0.000804507343287606,0.0034312183308148167,0.0035765455883775814
2.0,25.0,3.0,3.0310574713394014,0.06689246190843257,1.0,0.0008319443052416178,0.00344519897370848,0.0036915723856782603
2.0,26.0,3.0,3.0668924619084326,0.0310574713394014,1.0,0.0008537130155368015,0.003466967684003664,0.0037653647142570834
2.0,27.0,3.0,3.112058356420907,0.008042961088223777,1.0,0.000867693658430465,0.003494404645957676,0.003788099449272644
2.0,28.0,3.0,3.1650173421202332,0.0,1.0,0.0008725795224160492,0.0035265756832290438,0.003752133512534125
2.0,29.0,3.0,3.8126140803164827,0.0001140803164827453,1.0,0.0008725102219552298,0.003919971790163787,0.003092270149562074
2.0,30.0,3.0,4.463114080316483,0.0001140803164827453,1.0,0.0008725102219552298,0.004315131543861468,0.002529859445647956
2.0,31.0,3.0,5.1136140803164825,0.0001140803164827453,1.0,0.0008725102219552298,0.004710291297559147,0.00200227135884458
2.0,32.0,3.0,5.761210818512732,0.0,1.0,0.0008725795224160492,0.00510368740449389,0.0014963124739299088
2.0,33.0,3.0,5.814169804212058,0.008042961088223777,1.0,0.000867693658430465,0.005135858441765258,0.0014154831300527099
2.0,34.0,3.0,5.859335698724533,0.0310574713394014,1.0,0.0008537130155368015,0.00516329540371927,0.0012654146530381115
2.0,35.0,3.0,5.895170689293565,0.06689246190843257,1.0,0.0008319443052416178,0.005185064114014455,0.0010579469896416867
2.0,36.0,3.0,5.918185199544742,0.11205835642090678,1.0,0.000804507343287606,0.005199044756908117,0.0008132562808639137
2.0,37.0,3.0,5.926228160632966,0.16501734212023322,1.0,0.0007723363060162382,0.005203930620893701,0.0005406433474343321
2.0,38.0,3.0,5.9261140803164825,0.29986408031648293,1.0,0.0006904208504396578,0.005203861320432882,-0.00013877160663565858
2.0,39.0,3.0,5.9261140803164825,0.43761408031648275,1.0,0.0006067417481001416,0.005203861320432882,-0.0008348699631377876
2.0,40.0,3.0,5.9261140803164825,0.5753640803164828,1.0,0.0005230626457606252,0.005203861320432882,-0.001534460210496379
2.0,41.0,3.0,5.9261140803164825,0.7131140803164828,1.0,0.00043938354342110884,0.005203861320432882,-0.002238696146034353
1.0,1.0,4.0,2.926114080316483,2.213114080316483,1.5,-0.000698112013619651,0.005029805133316896,-0.0003609471005373028
1.0,2.0,4.0,2.926114080316483,2.350864080316483,1.5,-0.0008219009041812753,0.005029805133316896,-0.0008054873322108712
1.0,3.0,4.0,2.926114080316483,2.488614080316483,1.5,-0.0009456897947428995,0.005029805133316896,-0.001239772917667384
1.0,4.0,4.0,2.926114080316483,2.626364080316483,1.5,-0.0010694786853045239,0.005029805133316896,-0.001655751866424111
1.0,5.0,4.0,2.9262281606329656,2.7612108185127324,1.5,-0.0011906585627431267,0.005029907651471613,-0.0020607931962440345
1.0,6.0,4.0,2.918185199544742,2.8141698042120584,1.5,-0.0012382500987503026,0.005022679853069134,-0.002241409626130465
1.0,7.0,4.0,2.8951706892935642,2.859335698724533,1.5,-0.0012788383816753305,0.005001997887981566,-0.0023775466790303054
1.0,8.0,4.0,2.859335698724533,2.8951706892935642,1.5,-0.0013110414577248888,0.004969794811932008,-0.0024990632441780347
1.0,9.0,4.0,2.814169804212059,2.918185199544742,1.5,-0.001331723422812456,0.004929206529006981,-0.00259275403202608
1.0,10.0,4.0,2.761210818512732,2.9262281606329656,1.5,-0.0013389512212149354,0.004881614992999804,-0.0026320225802425735
1.0,11.0,4.0,2.113614080316483,2.926114080316483,1.5,-0.001338848703060218,0.004299652875013304,-0.0028037353084275304
1.0,12.0,4.0,1.4631140803164828,2.926114080316483,1.5,-0.001338848703060218,0.0037150817439037826,-0.002909106529878372
1.0,13.0,4.0,0.8126140803164827,2.926114080316483,1.5,-0.001338848703060218,0.003130510612794261,-0.0030224383546372125
1.0,14.0,4.0,0.16501734212023322,2.9262281606329656,1.5,-0.0013389512212149354,0.002548548494807761,-0.003151545017292854
1.0,15.0,4.0,0.11205835642090678,2.918185199544742,1.5,-0.001331723422812456,0.0025009569588005844,-0.0031490595571514023
1.0,16.0,4.0,0.06689246190843257,2.8951706892935642,1.5,-0.0013110414577248888,0.002460368675875557,-0.0031173027793425356
1.0,17.0,4.0,0.0310574713394014,2.859335698724533,1.5,-0.0012788383816753305,0.0024281655998259987,-0.0030570617130906467
1.0,18.0,4.0,0.008042961088223777,2.8141698042120584,1.5,-0.0012382500987503026,0.0024074836347384313,-0.002971489545273185
1.0,19.0,4.0,0.0,2.7612108185127324,1.5,-0.0011906585627431267,0.002400255836335952,-0.0028600453575641296
1.0,20.0,4.0,0.0001140803164827453,2.113614080316483,1.5,-0.0006086964447566265,0.0024003583544906695,-0.0014368270868828194
1.0,21.0,4.0,0.0001140803164827453,1.4631140803164828,1.5,-2.41253136471049e-5,0.0024003583544906695,-1.6875686740185325e-5
1.0,22.0,4.0,0.0001140803164827453,0.8126140803164827,1.5,0.0005604458174624168,0.0024003583544906695,0.001402927008493472
1.0,23.0,4.0,0.0,0.16501734212023322,1.5,0.001142407935448917,0.002400255836335952,0.0028253120227961295
1.0,24.0,4.0,0.008042961088223777,0.11205835642090678,1.5,0.0011899994714560933,0.0024074836347384313,0.0029368858587119685
1.0,25.0,4.0,0.0310574713394014,0.06689246190843257,1.5,0.0012305877543811207,0.0024281655998259987,0.0030230630991375075
1.0,26.0,4.0,0.06689246190843257,0.0310574713394014,1.5,0.0012627908304306788,0.002460368675875557,0.0030843130826944615
1.0,27.0,4.0,0.11205835642090678,0.008042961088223777,1.5,0.0012834727955182462,0.0025009569588005844,0.0031173707393367055
1.0,28.0,4.0,0.16501734212023322,0.0,1.5,0.0012907005939207256,0.002548548494807761,0.0031213840885963217
1.0,29.0,4.0,0.8126140803164827,0.0001140803164827453,1.5,0.0012905980757660083,0.003130510612794261,0.003010330288634716
1.0,30.0,4.0,1.4631140803164828,0.0001140803164827453,1.5,0.0012905980757660083,0.0037150817439037826,0.0029146546859737297
1.0,31.0,4.0,2.113614080316483,0.0001140803164827453,1.5,0.0012905980757660083,0.004299652875013304,0.0028273206315166596
1.0,32.0,4.0,2.7612108185127324,0.0,1.5,0.0012907005939207256,0.004881614992999804,0.002681040834908572
1.0,33.0,4.0,2.814169804212059,0.008042961088223777,1.5,0.0012834727955182462,0.004929206529006981,0.002643758986830832
1.0,34.0,4.0,2.859335698724533,0.0310574713394014,1.5,0.0012627908304306788,0.004969794811932008,0.002551343042964474
1.0,35.0,4.0,2.8951706892935642,0.06689246190843257,1.5,0.0012305877543811207,0.005001997887981566,0.0024256731737756225
1.0,36.0,4.0,2.918185199544742,0.11205835642090678,1.5,0.0011899994714560933,0.005022679853069134,0.002283199634808682
1.0,37.0,4.0,2.9262281606329656,0.16501734212023322,1.5,0.001142407935448917,0.005029907651471613,0.0021296982921942013
1.0,38.0,4.0,2.926114080316483,0.29986408031648293,1.5,0.001021228058010314,0.005029805133316896,0.0017124629419413239
1.0,39.0,4.0,2.926114080316483,0.43761408031648275,1.5,0.0008974391674486898,0.005029805133316896,0.0012973208901952118
1.0,40.0,4.0,2.926114080316483,0.5753640803164828,1.5,0.0007736502768870654,0.005029805133316896,0.0008670576965648531
1.0,41.0,4.0,2.926114080316483,0.7131140803164828,1.5,0.0006498613863254411,0.005029805133316896,0.00042209870610021924
2.0,1.0,4.0,5.9261140803164825,2.213114080316483,1.5,-0.000698112013619651,0.00772575193320708,0.0021949148727053247
2.0,2.0,4.0,5.9261140803164825,2.350864080316483,1.5,-0.0008219009041812753,0.00772575193320708,0.0015110631536195084
2.0,3.0,4.0,5.9261140803164825,2.488614080316483,1.5,-0.0009456897947428995,0.00772575193320708,0.0008310776544417884
2.0,4.0,4.0,5.9261140803164825,2.626364080316483,1.5,-0.0010694786853045239,0.00772575193320708,0.0001535702241967362
2.0,5.0,4.0,5.926228160632966,2.7612108185127324,1.5,-0.0011906585627431267,0.007725854451361797,-0.0005086007312215955
2.0,6.0,4.0,5.918185199544742,2.8141698042120584,1.5,-0.0012382500987503026,0.007718626652959318,-0.0007747025661807902
2.0,7.0,4.0,5.895170689293565,2.859335698724533,1.5,-0.0012788383816753305,0.007697944687871752,-0.0010141149303995358
2.0,8.0,4.0,5.859335698724533,2.8951706892935642,1.5,-0.0013110414577248888,0.007665741611822192,-0.0012178078461352855
2.0,9.0,4.0,5.814169804212058,2.918185199544742,1.5,-0.001331723422812456,0.007625153328897165,-0.00136599642537277
2.0,10.0,4.0,5.7612108185127315,2.9262281606329656,1.5,-0.0013389512212149354,0.007577561792889988,-0.0014471730757853749
2.0,11.0,4.0,5.1136140803164825,2.926114080316483,1.5,-0.001338848703060218,0.006995599674903488,-0.001974466913405273
2.0,12.0,4.0,4.463114080316483,2.926114080316483,1.5,-0.001338848703060218,0.006411028543793967,-0.0025157304338592353
2.0,13.0,4.0,3.8126140803164827,2.926114080316483,1.5,-0.001338848703060218,0.005826457412684445,-0.0030587436924993053
2.0,14.0,4.0,3.1650173421202332,2.9262281606329656,1.5,-0.0013389512212149354,0.005244495294697945,-0.00367743317448643
2.0,15.0,4.0,3.112058356420907,2.918185199544742,1.5,-0.001331723422812456,0.005196903758690768,-0.003706492613405682
2.0,16.0,4.0,3.0668924619084326,2.8951706892935642,1.5,-0.0013110414577248888,0.005156315475765741,-0.00368179472189578
2.0,17.0,4.0,3.0310574713394014,2.859335698724533,1.5,-0.0012788383816753305,0.005124112399716183,-0.0036023881414474226
2.0,18.0,4.0,3.0080429610882238,2.8141698042120584,1.5,-0.0012382500987503026,0.005103430434628615,-0.003479010642002048
2.0,19.0,4.0,3.0,2.7612108185127324,1.5,-0.0011906585627431267,0.005096202636226136,-0.0033621961679106732
2.0,20.0,4.0,3.0001140803164827,2.113614080316483,1.5,-0.0006086964447566265,0.005096305154380853,-0.001638012248565973
2.0,21.0,4.0,3.0001140803164827,1.4631140803164828,1.5,-2.41253136471049e-5,0.005096305154380853,-3.259609241836705e-5
2.0,22.0,4.0,3.0001140803164827,0.8126140803164827,1.5,0.0005604458174624168,0.005096305154380853,0.0015771020495385839
2.0,23.0,4.0,3.0,0.16501734212023322,1.5,0.001142407935448917,0.005096202636226136,0.0033024565216704426
2.0,24.0,4.0,3.0080429610882238,0.11205835642090678,1.5,0.0011899994714560933,0.005103430434628615,0.0034472953116620004
2.0,25.0,4.0,3.0310574713394014,0.06689246190843257,1.5,0.0012305877543811207,0.005124112399716183,0.003558348232597917
2.0,26.0,4.0,3.0668924619084326,0.0310574713394014,1.5,0.0012627908304306788,0.005156315475765741,0.0036313725788954788
2.0,27.0,4.0,3.112058356420907,0.008042961088223777,1.5,0.0012834727955182462,0.005196903758690768,0.003657441193381889
2.0,28.0,4.0,3.1650173421202332,0.0,1.5,0.0012907005939207256,0.005244495294697945,0.003630998285104862
2.0,29.0,4.0,3.8126140803164827,0.0001140803164827453,1.5,0.0012905980757660083,0.005826457412684445,0.0030400393784847427
2.0,30.0,4.0,4.463114080316483,0.0001140803164827453,1.5,0.0012905980757660083,0.006411028543793967,0.002515021874854282
2.0,31.0,4.0,5.1136140803164825,0.0001140803164827453,1.5,0.0012905980757660083,0.006995599674903488,0.001991783731641032
2.0,32.0,4.0,5.761210818512732,0.0,1.5,0.0012907005939207256,0.007577561792889988,0.001482842391330616
2.0,33.0,4.0,5.814169804212058,0.008042961088223777,1.5,0.0012834727955182462,0.007625153328897165,0.001403203043283844
2.0,34.0,4.0,5.859335698724533,0.0310574713394014,1.5,0.0012627908304306788,0.007665741611822192,0.0012563347518926378
2.0,35.0,4.0,5.895170689293565,0.06689246190843257,1.5,0.0012305877543811207,0.007697944687871752,0.0010536765946644734
2.0,36.0,4.0,5.918185199544742,0.11205835642090678,1.5,0.0011899994714560933,0.007718626652959318,0.0008148947111796341
2.0,37.0,4.0,5.926228160632966,0.16501734212023322,1.5,0.001142407935448917,0.007725854451361797,0.0005489447559824334
2.0,38.0,4.0,5.9261140803164825,0.29986408031648293,1.5,0.001021228058010314,0.00772575193320708,-0.00011345609160694873
2.0,39.0,4.0,5.9261140803164825,0.43761408031648275,1.5,0.0008974391674486898,0.00772575193320708,-0.0007911253026174568
2.0,40.0,4.0,5.9261140803164825,0.5753640803164828,1.5,0.0007736502768870654,0.00772575193320708,-0.0014712076082660755
2.0,41.0,4.0,5.9261140803164825,0.7131140803164828,1.5,0.0006498613863254411,0.00772575193320708,-0.0021550976667706525
1.0,1.0,5.0,2.926114080316483,2.213114080316483,2.0,-0.0009138175829436874,0.006630038092689921,-0.0005497288868417757
1.0,2.0,5.0,2.926114080316483,2.350864080316483,2.0,-0.0010757252511326685,0.006630038092689921,-0.0009835572877405932
1.0,3.0,5.0,2.926114080316483,2.488614080316483,2.0,-0.0012376329193216496,0.006630038092689921,-0.0014160354657993918
1.0,4.0,5.0,2.926114080316483,2.626364080316483,2.0,-0.0013995405875106305,0.006630038092689921,-0.0018489508562445226
1.0,5.0,5.0,2.9262281606329656,2.7612108185127324,2.0,-0.0015580358393744763,0.006630172179644752,-0.0022310985902868354
1.0,6.0,5.0,2.918185199544742,2.8141698042120584,2.0,-0.0016202824156665379,0.006620718698155613,-0.0023517765274386287
1.0,7.0,5.0,2.8951706892935642,2.859335698724533,2.0,-0.0016733692008729572,0.006593668057943057,-0.0025106772694462962
1.0,8.0,5.0,2.859335698724533,2.8951706892935642,2.0,-0.0017154886909826195,0.006551548567833395,-0.0026411607233463768
1.0,9.0,5.0,2.814169804212059,2.918185199544742,2.0,-0.0017425393311951752,0.006498461782626976,-0.002729299473107643
1.0,10.0,5.0,2.761210818512732,2.9262281606329656,2.0,-0.0017519928126843152,0.006436215206334914,-0.0027890559946247683
1.0,11.0,5.0,2.113614080316483,2.926114080316483,2.0,-0.0017518587257294841,0.005675047309361086,-0.0028429155043094107
1.0,12.0,5.0,1.4631140803164828,2.926114080316483,2.0,-0.0017518587257294841,0.004910466996062123,-0.0029127136406099786
1.0,13.0,5.0,0.8126140803164827,2.926114080316483,2.0,-0.0017518587257294841,0.00414588668276316,-0.003011684480554239
1.0,14.0,5.0,0.16501734212023322,2.9262281606329656,2.0,-0.0017519928126843152,0.003384718785789332,-0.0031290440547815054
1.0,15.0,5.0,0.11205835642090678,2.918185199544742,2.0,-0.0017425393311951752,0.00332247220949727,-0.0031255316860784726
1.0,16.0,5.0,0.06689246190843257,2.8951706892935642,2.0,-0.0017154886909826195,0.0032693854242908512,-0.003093026376647018
1.0,17.0,5.0,0.0310574713394014,2.859335698724533,2.0,-0.0016733692008729572,0.003227265934181189,-0.00303249134732144
1.0,18.0,5.0,0.008042961088223777,2.8141698042120584,2.0,-0.0016202824156665379,0.003200215293968633,-0.002947253895708216
1.0,19.0,5.0,0.0,2.7612108185127324,2.0,-0.0015580358393744763,0.0031907618124794933,-0.002836918543031337
1.0,20.0,5.0,0.0001140803164827453,2.113614080316483,2.0,-0.0007968679424006486,0.0031908958994343243,-0.0014277716405007453
1.0,21.0,5.0,0.0001140803164827453,1.4631140803164828,2.0,-3.228762910168537e-5,0.0031908958994343243,-1.6736476685206228e-5
1.0,22.0,5.0,0.0001140803164827453,0.8126140803164827,2.0,0.0007322926841972778,0.0031908958994343243,0.00139434488685715
1.0,23.0,5.0,0.0,0.16501734212023322,2.0,0.0014934605811711057,0.0031907618124794933,0.002803183667523078
1.0,24.0,5.0,0.008042961088223777,0.11205835642090678,2.0,0.0015557071574631676,0.003200215293968633,0.0029136510530236195
1.0,25.0,5.0,0.0310574713394014,0.06689246190843257,2.0,0.0016087939426695866,0.003227265934181189,0.002999485496376158
1.0,26.0,5.0,0.06689246190843257,0.0310574713394014,2.0,0.0016509134327792486,0.0032693854242908512,0.0030610136007136117
1.0,27.0,5.0,0.11205835642090678,0.008042961088223777,2.0,0.0016779640729918045,0.00332247220949727,0.0030947942033675616
1.0,28.0,5.0,0.16501734212023322,0.0,2.0,0.0016874175544809443,0.003384718785789332,0.0030997951710537265
1.0,29.0,5.0,0.8126140803164827,0.0001140803164827453,2.0,0.0016872834675261132,0.00414588668276316,0.0029997249203829145
1.0,30.0,5.0,1.4631140803164828,0.0001140803164827453,2.0,0.0016872834675261132,0.004910466996062123,0.0029177017055662777
1.0,31.0,5.0,2.113614080316483,0.0001140803164827453,2.0,0.0016872834675261132,0.005675047309361086,0.0028641195520414035
1.0,32.0,5.0,2.7612108185127324,0.0,2.0,0.0016874175544809443,0.006436215206334914,0.0028311170564682088
1.0,33.0,5.0,2.814169804212059,0.008042961088223777,2.0,0.0016779640729918045,0.006498461782626976,0.0027776119108093465
1.0,34.0,5.0,2.859335698724533,0.0310574713394014,2.0,0.0016509134327792486,0.006551548567833395,0.002696543968563144
1.0,35.0,5.0,2.8951706892935642,0.06689246190843257,2.0,0.0016087939426695866,0.006593668057943057,0.0025773588569533356
1.0,36.0,5.0,2.918185199544742,0.11205835642090678,2.0,0.0015557071574631676,0.006620718698155613,0.002430770672545331
1.0,37.0,5.0,2.9262281606329656,0.16501734212023322,2.0,0.0014934605811711057,0.006630172179644752,0.00226467645278867
1.0,38.0,5.0,2.926114080316483,0.29986408031648293,2.0,0.0013349653293072597,0.006630038092689921,0.0019102351081614617
1.0,39.0,5.0,2.926114080316483,0.43761408031648275,2.0,0.0011730576611182787,0.006630038092689921,0.0014857882628933122
1.0,40.0,5.0,2.926114080316483,0.5753640803164828,2.0,0.0010111499929292976,0.006630038092689921,0.0010499177234553183
1.0,41.0,5.0,2.926114080316483,0.7131140803164828,2.0,0.0008492423247403166,0.006630038092689921,0.0006169327838563909
2.0,1.0,5.0,5.9261140803164825,2.213114080316483,2.0,-0.0009138175829436874,0.01015615790805793,0.002085519950115857
2.0,2.0,5.0,5.9261140803164825,2.350864080316483,2.0,-0.0010757252511326685,0.01015615790805793,0.001431193586140928
2.0,3.0,5.0,5.9261140803164825,2.488614080316483,2.0,-0.0012376329193216496,0.01015615790805793,0.0007778840779029936
2.0,4.0,5.0,5.9261140803164825,2.626364080316483,2.0,-0.0013995405875106305,0.01015615790805793,0.00012409189253216883
2.0,5.0,5.0,5.926228160632966,2.7612108185127324,2.0,-0.0015580358393744763,0.010156291995012761,-0.0005166250756881293
2.0,6.0,5.0,5.918185199544742,2.8141698042120584,2.0,-0.0016202824156665379,0.01014683851352362,-0.0007742097118004099
2.0,7.0,5.0,5.895170689293565,2.859335698724533,2.0,-0.0016733692008729572,0.010119787873311066,-0.0010059686771862436
2.0,8.0,5.0,5.859335698724533,2.8951706892935642,2.0,-0.0017154886909826195,0.010077668383201403,-0.001203467325105619
2.0,9.0,5.0,5.814169804212058,2.918185199544742,2.0,-0.0017425393311951752,0.010024581597994985,-0.0013479783566165786
2.0,10.0,5.0,5.7612108185127315,2.9262281606329656,2.0,-0.0017519928126843152,0.009962335021702922,-0.0014287705896417358
2.0,11.0,5.0,5.1136140803164825,2.926114080316483,2.0,-0.0017518587257294841,0.009201167124729095,-0.001961659865384447
2.0,12.0,5.0,4.463114080316483,2.926114080316483,2.0,-0.0017518587257294841,0.008436586811430133,-0.002500161852362776
2.0,13.0,5.0,3.8126140803164827,2.926114080316483,2.0,-0.0017518587257294841,0.007672006498131168,-0.003007912475752905
2.0,14.0,5.0,3.1650173421202332,2.9262281606329656,2.0,-0.0017519928126843152,0.00691083860115734,-0.003470615434344634
2.0,15.0,5.0,3.112058356420907,2.918185199544742,2.0,-0.0017425393311951752,0.006848592024865278,-0.0035074503093122794
2.0,16.0,5.0,3.0668924619084326,2.8951706892935642,2.0,-0.0017154886909826195,0.006795505239658859,-0.0034901449545940823
2.0,17.0,5.0,3.0310574713394014,2.859335698724533,2.0,-0.0016733692008729572,0.006753385749549197,-0.003430840371216666
2.0,18.0,5.0,3.0080429610882238,2.8141698042120584,2.0,-0.0016202824156665379,0.006726335109336641,-0.0033369398562471744
2.0,19.0,5.0,3.0,2.7612108185127324,2.0,-0.0015580358393744763,0.0067168816278475015,-0.0031403226928545455
2.0,20.0,5.0,3.0001140803164827,2.113614080316483,2.0,-0.0007968679424006486,0.006717015714802333,-0.0015682311391137633
2.0,21.0,5.0,3.0001140803164827,1.4631140803164828,2.0,-3.228762910168537e-5,0.006717015714802333,-3.0547093690408605e-5
2.0,22.0,5.0,3.0001140803164827,0.8126140803164827,2.0,0.0007322926841972778,0.006717015714802333,0.0014949662629420758
2.0,23.0,5.0,3.0,0.16501734212023322,2.0,0.0014934605811711057,0.0067168816278475015,0.0030994126319799616
2.0,24.0,5.0,3.0080429610882238,0.11205835642090678,2.0,0.0015557071574631676,0.006726335109336641,0.0032444649004874943
2.0,25.0,5.0,3.0310574713394014,0.06689246190843257,2.0,0.0016087939426695866,0.006753385749549197,0.003360209664327155
2.0,26.0,5.0,3.0668924619084326,0.0310574713394014,2.0,0.0016509134327792486,0.006795505239658859,0.003436480184931083
2.0,27.0,5.0,3.112058356420907,0.008042961088223777,2.0,0.0016779640729918045,0.006848592024865278,0.003463590916524651
2.0,28.0,5.0,3.1650173421202332,0.0,2.0,0.0016874175544809443,0.00691083860115734,0.003434239824239825
2.0,29.0,5.0,3.8126140803164827,0.0001140803164827453,2.0,0.0016872834675261132,0.007672006498131168,0.0029921034232678785
2.0,30.0,5.0,4.463114080316483,0.0001140803164827453,2.0,0.0016872834675261132,0.008436586811430133,0.0024998846123510153
2.0,31.0,5.0,5.1136140803164825,0.0001140803164827453,2.0,0.0016872834675261132,0.009201167124729095,0.001979002415885214
2.0,32.0,5.0,5.761210818512732,0.0,2.0,0.0016874175544809443,0.009962335021702922,0.0014634137720964126
2.0,33.0,5.0,5.814169804212058,0.008042961088223777,2.0,0.0016779640729918045,0.010024581597994985,0.0013841389317080896
2.0,34.0,5.0,5.859335698724533,0.0310574713394014,2.0,0.0016509134327792486,0.010077668383201403,0.0012409220444380602
2.0,35.0,5.0,5.895170689293565,0.06689246190843257,2.0,0.0016087939426695866,0.010119787873311066,0.0010444283310281073
2.0,36.0,5.0,5.918185199544742,0.11205835642090678,2.0,0.0015557071574631676,0.01014683851352362,0.0008132836007253299
2.0,37.0,5.0,5.926228160632966,0.16501734212023322,2.0,0.0014934605811711057,0.010156291995012761,0.0005558459165257451
2.0,38.0,5.0,5.9261140803164825,0.29986408031648293,2.0,0.0013349653293072597,0.01015615790805793,-8.50516335101432e-5
2.0,39.0,5.0,5.9261140803164825,0.43761408031648275,2.0,0.0011730576611182787,0.01015615790805793,-0.0007389287799907127
2.0,40.0,5.0,5.9261140803164825,0.5753640803164828,2.0,0.0010111499929292976,0.01015615790805793,-0.001392282705892821
2.0,41.0,5.0,5.9261140803164825,0.7131140803164828,2.0,0.0008492423247403166,0.01015615790805793,-0.0020466432681557623
1.0,1.0,6.0,2.926114080316483,2.213114080316483,2.5,-0.001110161784207491,0.00816786914269789,-0.0007395287538260163
1.0,2.0,6.0,2.926114080316483,2.350864080316483,2.5,-0.0013068566962294176,0.00816786914269789,-0.001160979666343274
1.0,3.0,6.0,2.926114080316483,2.488614080316483,2.5,-0.001503551608251344,0.00816786914269789,-0.0015959962476048346
1.0,4.0,6.0,2.926114080316483,2.626364080316483,2.5,-0.0017002465202732703,0.00816786914269789,-0.002044800872225729
1.0,5.0,6.0,2.9262281606329656,2.7612108185127324,2.5,-0.0018927958292094232,0.008168032039378935,-0.002547628955655515
1.0,6.0,6.0,2.918185199544742,2.8141698042120584,2.5,-0.001968416613477295,0.008156547396739051,-0.0027825911061889978
1.0,7.0,6.0,2.8951706892935642,2.859335698724533,2.5,-0.002032909547397606,0.008123684695693077,-0.0028919038066139973
1.0,8.0,6.0,2.859335698724533,2.8951706892935642,2.5,-0.0020840787693016507,0.008072515473789031,-0.0029694261832007543
1.0,9.0,6.0,2.814169804212059,2.918185199544742,2.5,-0.002116941470347626,0.008008022539868721,-0.00300760918264886
1.0,10.0,6.0,2.761210818512732,2.9262281606329656,2.5,-0.0021284261129875096,0.007932401755600848,-0.002967290456083487
1.0,11.0,6.0,2.113614080316483,2.926114080316483,2.5,-0.002128263216306464,0.007007690442024095,-0.0028683297566321035
1.0,12.0,6.0,1.4631140803164828,2.926114080316483,2.5,-0.002128263216306464,0.006078833525361568,-0.002913028104313231
1.0,13.0,6.0,0.8126140803164827,2.926114080316483,2.5,-0.002128263216306464,0.0051499766086990405,-0.0029961942714069856
1.0,14.0,6.0,0.16501734212023322,2.9262281606329656,2.5,-0.0021284261129875096,0.004225265295122287,-0.0031039016641592368
1.0,15.0,6.0,0.11205835642090678,2.918185199544742,2.5,-0.002116941470347626,0.004149644510854414,-0.003099356616664903
1.0,16.0,6.0,0.06689246190843257,2.8951706892935642,2.5,-0.0020840787693016507,0.004085151576934104,-0.0030659512560661365
1.0,17.0,6.0,0.0310574713394014,2.859335698724533,2.5,-0.002032909547397606,0.004033982355030059,-0.0030049994304845464
1.0,18.0,6.0,0.008042961088223777,2.8141698042120584,2.5,-0.001968416613477295,0.004001119653984084,-0.002920134502514465
1.0,19.0,6.0,0.0,2.7612108185127324,2.5,-0.0018927958292094232,0.003989635011344201,-0.0028112328059952535
1.0,20.0,6.0,0.0001140803164827453,2.113614080316483,2.5,-0.0009680845156326695,0.003989797908025246,-0.0014179753725898818
1.0,21.0,6.0,0.0001140803164827453,1.4631140803164828,2.5,-3.9227598970142164e-5,0.003989797908025246,-1.6596807911160473e-5
1.0,22.0,6.0,0.0001140803164827453,0.8126140803164827,2.5,0.0008896293176923852,0.003989797908025246,0.0013850005141539815
1.0,23.0,6.0,0.0,0.16501734212023322,2.5,0.0018143406312691387,0.003989635011344201,0.0027789554862427093
1.0,24.0,6.0,0.008042961088223777,0.11205835642090678,2.5,0.0018899614155370116,0.004001119653984084,0.0028881366962157963
1.0,25.0,6.0,0.0310574713394014,0.06689246190843257,2.5,0.0019544543494573216,0.004033982355030059,0.0029736190732914366
1.0,26.0,6.0,0.06689246190843257,0.0310574713394014,2.5,0.0020056235713613664,0.004085151576934104,0.003035481041512052
1.0,27.0,6.0,0.11205835642090678,0.008042961088223777,2.5,0.002038486272407342,0.004149644510854414,0.0030700110679065295
1.0,28.0,6.0,0.16501734212023322,0.0,2.5,0.002049970915047225,0.004225265295122287,0.0030758714546771527
1.0,29.0,6.0,0.8126140803164827,0.0001140803164827453,2.5,0.00204980801836618,0.0051499766086990405,0.002984467351373594
1.0,30.0,6.0,1.4631140803164828,0.0001140803164827453,2.5,0.00204980801836618,0.006078833525361568,0.0029173010334061777
1.0,31.0,6.0,2.113614080316483,0.0001140803164827453,2.5,0.00204980801836618,0.007007690442024095,0.0028882427237497668
1.0,32.0,6.0,2.7612108185127324,0.0,2.5,0.002049970915047225,0.00793240175560085,0.00299550049021553
1.0,33.0,6.0,2.814169804212059,0.008042961088223777,2.5,0.002038486272407342,0.008008022539868721,0.0030310890271512915
1.0,34.0,6.0,2.859335698724533,0.0310574713394014,2.5,0.0020056235713613664,0.008072515473789031,0.002989340855017494
1.0,35.0,6.0,2.8951706892935642,0.06689246190843257,2.5,0.0019544543494573216,0.008123684695693077,0.002909674393414852
1.0,36.0,6.0,2.918185199544742,0.11205835642090678,2.5,0.0018899614155370116,0.008156547396739051,0.0027998474845480664
1.0,37.0,6.0,2.9262281606329656,0.16501734212023322,2.5,0.0018143406312691387,0.008168032039378935,0.0026630182197025743
1.0,38.0,6.0,2.926114080316483,0.29986408031648293,2.5,0.0016217913223329856,0.00816786914269789,0.0021356120471855795
1.0,39.0,6.0,2.926114080316483,0.43761408031648275,2.5,0.0014250964103110597,0.00816786914269789,0.0016675549977511349
1.0,40.0,6.0,2.926114080316483,0.5753640803164828,2.5,0.001228401498289133,0.00816786914269789,0.0012337649273748883
1.0,41.0,6.0,2.926114080316483,0.7131140803164828,2.5,0.0010317065862672067,0.00816786914269789,0.000810264467422076
2.0,1.0,6.0,5.9261140803164825,2.213114080316483,2.5,-0.001110161784207491,0.012451605883647285,0.001971943225080861
2.0,2.0,6.0,5.9261140803164825,2.350864080316483,2.5,-0.0013068566962294176,0.012451605883647285,0.0013543394034397193
2.0,3.0,6.0,5.9261140803164825,2.488614080316483,2.5,-0.001503551608251344,0.012451605883647285,0.0007290018289363756
2.0,4.0,6.0,5.9261140803164825,2.626364080316483,2.5,-0.0017002465202732703,0.012451605883647285,9.873915032751002e-5
2.0,5.0,6.0,5.926228160632966,2.7612108185127324,2.5,-0.0018927958292094232,0.01245176878032833,-0.0005208565646650748
2.0,6.0,6.0,5.918185199544742,2.8141698042120584,2.5,-0.001968416613477295,0.012440284137688447,-0.0007697264140440365
2.0,7.0,6.0,5.895170689293565,2.859335698724533,2.5,-0.002032909547397606,0.012407421436642472,-0.0009933855146598404
2.0,8.0,6.0,5.859335698724533,2.8951706892935642,2.5,-0.0020840787693016507,0.012356252214738427,-0.0011843552504368757
2.0,9.0,6.0,5.814169804212058,2.918185199544742,2.5,-0.002116941470347626,0.012291759280818116,-0.0013250455417222133
2.0,10.0,6.0,5.7612108185127315,2.9262281606329656,2.5,-0.0021284261129875096,0.012216138496550243,-0.001405659556332932
2.0,11.0,6.0,5.1136140803164825,2.926114080316483,2.5,-0.002128263216306464,0.01129142718297349,-0.0019534822759696827
2.0,12.0,6.0,4.463114080316483,2.926114080316483,2.5,-0.002128263216306464,0.010362570266310964,-0.00247559656158144
2.0,13.0,6.0,3.8126140803164827,2.926114080316483,2.5,-0.002128263216306464,0.009433713349648435,-0.0030002774193806513
2.0,14.0,6.0,3.1650173421202332,2.9262281606329656,2.5,-0.0021284261129875096,0.008509002036071682,-0.0032130237291788004
2.0,15.0,6.0,3.112058356420907,2.918185199544742,2.5,-0.002116941470347626,0.008433381251803809,-0.0031636666494750916
2.0,16.0,6.0,3.0668924619084326,2.8951706892935642,2.5,-0.0020840787693016507,0.008368888317883499,-0.0030781607500209736
2.0,17.0,6.0,3.0310574713394014,2.859335698724533,2.5,-0.002032909547397606,0.008317719095979455,-0.0029630919970429267
2.0,18.0,6.0,3.0080429610882238,2.8141698042120584,2.5,-0.001968416613477295,0.00828485639493348,-0.0028296656732952888
2.0,19.0,6.0,3.0,2.7612108185127324,2.5,-0.0018927958292094232,0.008273371752293595,-0.0028140314417042737
2.0,20.0,6.0,3.0001140803164827,2.113614080316483,2.5,-0.0009680845156326695,0.00827353464897464,-0.0015255622879647131
2.0,21.0,6.0,3.0001140803164827,1.4631140803164828,2.5,-3.9227598970142164e-5,0.00827353464897464,-3.4206761153026035e-5
2.0,22.0,6.0,3.0001140803164827,0.8126140803164827,2.5,0.0008896293176923852,0.00827353464897464,0.0014667202430935836
2.0,23.0,6.0,3.0,0.16501734212023322,2.5,0.0018143406312691387,0.008273371752293595,0.00269437836268071
2.0,24.0,6.0,3.0080429610882238,0.11205835642090678,2.5,0.0018899614155370116,0.00828485639493348,0.0028380456950559915
2.0,25.0,6.0,3.0310574713394014,0.06689246190843257,2.5,0.0019544543494573216,0.008317719095979455,0.0029674393746103793
2.0,26.0,6.0,3.0668924619084326,0.0310574713394014,2.5,0.0020056235713613664,0.008368888317883499,0.0030775724868349155
2.0,27.0,6.0,3.112058356420907,0.008042961088223777,2.5,0.002038486272407342,0.008433381251803809,0.003157720376850209
2.0,28.0,6.0,3.1650173421202332,0.0,2.5,0.002049970915047225,0.008509002036071682,0.0032015327715457773
2.0,29.0,6.0,3.8126140803164827,0.0001140803164827453,2.5,0.00204980801836618,0.009433713349648435,0.0029825659565671818
2.0,30.0,6.0,4.463114080316483,0.0001140803164827453,2.5,0.00204980801836618,0.010362570266310964,0.0024770879614340225
2.0,31.0,6.0,5.1136140803164825,0.0001140803164827453,2.5,0.00204980801836618,0.01129142718297349,0.001970463999926803
2.0,32.0,6.0,5.761210818512732,0.0,2.5,0.002049970915047225,0.012216138496550243,0.0014391376581845948
2.0,33.0,6.0,5.814169804212058,0.008042961088223777,2.5,0.002038486272407342,0.012291759280818116,0.0013598022327119506
2.0,34.0,6.0,5.859335698724533,0.0310574713394014,2.5,0.0020056235713613664,0.012356252214738427,0.0012202118132716207
2.0,35.0,6.0,5.895170689293565,0.06689246190843257,2.5,0.0019544543494573216,0.012407421436642472,0.001030136385803811
2.0,36.0,6.0,5.918185199544742,0.11205835642090678,2.5,0.0018899614155370116,0.012440284137688447,0.0008070763052019256
2.0,37.0,6.0,5.926228160632966,0.16501734212023322,2.5,0.0018143406312691387,0.01245176878032833,0.0005584656243809282
2.0,38.0,6.0,5.9261140803164825,0.29986408031648293,2.5,0.0016217913223329856,0.012451605883647285,-6.09798440926082e-5
2.0,39.0,6.0,5.9261140803164825,0.43761408031648275,2.5,0.0014250964103110597,0.012451605883647285,-0.0006911397357933089
2.0,40.0,6.0,5.9261140803164825,0.5753640803164828,2.5,0.001228401498289133,0.012451605883647285,-0.0013164206391456945
2.0,41.0,6.0,5.9261140803164825,0.7131140803164828,2.5,0.0010317065862672067,0.012451605883647285,-0.0019340198866754422
1.0,1.0,7.0,2.926114080316483,2.213114080316483,3.0,-0.001288545094132053,0.00964529066307567,-0.0008784770994823268
1.0,2.0,7.0,2.926114080316483,2.350864080316483,3.0,-0.0015171766955447607,0.00964529066307567,-0.0012896721597839534
1.0,3.0,7.0,2.926114080316483,2.488614080316483,3.0,-0.0017458082969574688,0.00964529066307567,-0.0017179126980513297
1.0,4.0,7.0,2.926114080316483,2.626364080316483,3.0,-0.0019744398983701766,0.00964529066307567,-0.002169572061455769
1.0,5.0,7.0,2.9262281606329656,2.7612108185127324,3.0,-0.0021982527891076624,0.009645480008741348,-0.002621904333503825
1.0,6.0,7.0,2.918185199544742,2.8141698042120584,3.0,-0.0022861518650396377,0.009632130643415027,-0.0027825911061889978
1.0,7.0,7.0,2.8951706892935642,2.859335698724533,3.0,-0.002361116299098618,0.00959393213644983,-0.0028919038066139973
1.0,8.0,7.0,2.859335698724533,2.8951706892935642,3.0,-0.002420593694963641,0.009534454740584807,-0.0029694261832007543
1.0,9.0,7.0,2.814169804212059,2.918185199544742,3.0,-0.002458792201928838,0.009459490306525827,-0.00300760918264886
1.0,10.0,7.0,2.761210818512732,2.9262281606329656,3.0,-0.002472141567255159,0.00937159123059385,-0.0030179991100428762
1.0,11.0,7.0,2.113614080316483,2.926114080316483,3.0,-0.002471952221589481,0.008296737660187648,-0.0028946463179101082
1.0,12.0,7.0,1.4631140803164828,2.926114080316483,3.0,-0.002471952221589481,0.00721706537910622,-0.0029017217874955864
1.0,13.0,7.0,0.8126140803164827,2.926114080316483,3.0,-0.002471952221589481,0.0061373930980247945,-0.002976148380521984
1.0,14.0,7.0,0.16501734212023322,2.9262281606329656,3.0,-0.002472141567255159,0.00506253952761859,-0.0030777327374326
1.0,15.0,7.0,0.11205835642090678,2.918185199544742,3.0,-0.002458792201928838,0.004974640451686614,-0.0030725166947053297
1.0,16.0,7.0,0.06689246190843257,2.8951706892935642,3.0,-0.002420593694963641,0.004899676017627635,-0.0030388836324081775
1.0,17.0,7.0,0.0310574713394014,2.859335698724533,3.0,-0.002361116299098618,0.004840198621762612,-0.0029782233089001076
1.0,18.0,7.0,0.008042961088223777,2.8141698042120584,3.0,-0.0022861518650396377,0.0048020001147974145,-0.0028942162343843065
1.0,19.0,7.0,0.0,2.7612108185127324,3.0,-0.0021982527891076624,0.004788650749471094,-0.002786759063993306
1.0,20.0,7.0,0.0001140803164827453,2.113614080316483,3.0,-0.0011233992187014582,0.004788840095136772,-0.0014083733835029654
1.0,21.0,7.0,0.0001140803164827453,1.4631140803164828,3.0,-4.372693762003194e-5,0.004788840095136772,-1.6493598790502157e-5
1.0,22.0,7.0,0.0001140803164827453,0.8126140803164827,3.0,0.0010359453434613944,0.004788840095136772,0.0013757791425990642
1.0,23.0,7.0,0.0,0.16501734212023322,3.0,0.0021107989138675985,0.004788650749471094,0.0027557891652002114
1.0,24.0,7.0,0.008042961088223777,0.11205835642090678,3.0,0.0021986979897995747,0.0048020001147974145,0.0028636337577860648
1.0,25.0,7.0,0.0310574713394014,0.06689246190843257,3.0,0.0022736624238585542,0.004840198621762612,0.002948273122468142
1.0,26.0,7.0,0.06689246190843257,0.0310574713394014,3.0,0.002333139819723577,0.004899676017627635,0.003009782888886784
1.0,27.0,7.0,0.11205835642090678,0.008042961088223777,3.0,0.002371338326688774,0.004974640451686614,0.0030444310348080312
1.0,28.0,7.0,0.16501734212023322,0.0,3.0,0.002384687692015095,0.00506253952761859,0.0030508324711716766
1.0,29.0,7.0,0.8126140803164827,0.0001140803164827453,3.0,0.002384498346349417,0.0061373930980247945,0.0029646572790243547
1.0,30.0,7.0,1.4631140803164828,0.0001140803164827453,3.0,0.002384498346349417,0.00721706537910622,0.002905753951005299
1.0,31.0,7.0,2.113614080316483,0.0001140803164827453,3.0,0.002384498346349417,0.008296737660187648,0.002912230051373108
1.0,32.0,7.0,2.7612108185127324,0.0,3.0,0.002384687692015095,0.009371591230593852,0.003041375427458894
1.0,33.0,7.0,2.814169804212059,0.008042961088223777,3.0,0.002371338326688774,0.009459490306525827,0.0030310890271512915
1.0,34.0,7.0,2.859335698724533,0.0310574713394014,3.0,0.002333139819723577,0.009534454740584807,0.002989340855017494
1.0,35.0,7.0,2.8951706892935642,0.06689246190843257,3.0,0.0022736624238585542,0.00959393213644983,0.002909674393414852
1.0,36.0,7.0,2.918185199544742,0.11205835642090678,3.0,0.0021986979897995747,0.009632130643415027,0.0027998474845480664
1.0,37.0,7.0,2.9262281606329656,0.16501734212023322,3.0,0.0021107989138675985,0.009645480008741348,0.0026630182197025743
1.0,38.0,7.0,2.926114080316483,0.29986408031648293,3.0,0.0018869860231301124,0.00964529066307567,0.0022454895089359856
1.0,39.0,7.0,2.926114080316483,0.43761408031648275,3.0,0.0016583544217174048,0.00964529066307567,0.0017918889034279442
1.0,40.0,7.0,2.926114080316483,0.5753640803164828,3.0,0.001429722820304697,0.00964529066307567,0.0013606982995617535
1.0,41.0,7.0,2.926114080316483,0.7131140803164828,3.0,0.001201091218891989,0.00964529066307567,0.0009503316515450838
2.0,1.0,7.0,5.9261140803164825,2.213114080316483,3.0,-0.001288545094132053,0.014624563289123753,0.0019024127934450313
2.0,2.0,7.0,5.9261140803164825,2.350864080316483,3.0,-0.0015171766955447607,0.014624563289123753,0.0013059448586130538
2.0,3.0,7.0,5.9261140803164825,2.488614080316483,3.0,-0.0017458082969574688,0.014624563289123753,0.0006994703221104467
2.0,4.0,7.0,5.9261140803164825,2.626364080316483,3.0,-0.0019744398983701766,0.014624563289123753,8.585709898504595e-5
2.0,5.0,7.0,5.926228160632966,2.7612108185127324,3.0,-0.0021982527891076624,0.01462475263478943,-0.0005189022845643692
2.0,6.0,7.0,5.918185199544742,2.8141698042120584,3.0,-0.0022861518650396377,0.01461140326946311,-0.0007619536720685131
2.0,7.0,7.0,5.895170689293565,2.859335698724533,3.0,-0.002361116299098618,0.014573204762497915,-0.0009804380830857773
2.0,8.0,7.0,5.859335698724533,2.8951706892935642,3.0,-0.002420593694963641,0.01451372736663289,-0.0011673158088474115
2.0,9.0,7.0,5.814169804212058,2.918185199544742,3.0,-0.002458792201928838,0.014438762932573911,-0.0013058538816090397
2.0,10.0,7.0,5.7612108185127315,2.9262281606329656,3.0,-0.002472141567255159,0.014350863856641935,-0.0013867396488939357
2.0,11.0,7.0,5.1136140803164825,2.926114080316483,3.0,-0.002471952221589481,0.01327601028623573,-0.001945223065895141
2.0,12.0,7.0,4.463114080316483,2.926114080316483,3.0,-0.002471952221589481,0.012196338005154307,-0.002470365058010217
2.0,13.0,7.0,3.8126140803164827,2.926114080316483,3.0,-0.002471952221589481,0.011116665724072878,-0.002959042395416825
2.0,14.0,7.0,3.1650173421202332,2.9262281606329656,3.0,-0.002472141567255159,0.010041812153666674,-0.0032130237291788004
2.0,15.0,7.0,3.112058356420907,2.918185199544742,3.0,-0.002458792201928838,0.009953913077734697,-0.0031636666494750916
2.0,16.0,7.0,3.0668924619084326,2.8951706892935642,3.0,-0.002420593694963641,0.009878948643675719,-0.0030781607500209736
2.0,17.0,7.0,3.0310574713394014,2.859335698724533,3.0,-0.002361116299098618,0.009819471247810695,-0.0029630919970429267
2.0,18.0,7.0,3.0080429610882238,2.8141698042120584,3.0,-0.0022861518650396377,0.009781272740845498,-0.0028296656732952888
2.0,19.0,7.0,3.0,2.7612108185127324,3.0,-0.0021982527891076624,0.009767923375519178,-0.0027140798399253162
2.0,20.0,7.0,3.0001140803164827,2.113614080316483,3.0,-0.0011233992187014582,0.009768112721184856,-0.0014662051997237052
2.0,21.0,7.0,3.0001140803164827,1.4631140803164828,3.0,-4.372693762003194e-5,0.009768112721184856,-3.056445914886749e-5
2.0,22.0,7.0,3.0001140803164827,0.8126140803164827,3.0,0.0010359453434613944,0.009768112721184856,0.0013848930356605718
2.0,23.0,7.0,3.0,0.16501734212023322,3.0,0.0021107989138675985,0.009767923375519178,0.00269437836268071
2.0,24.0,7.0,3.0080429610882238,0.11205835642090678,3.0,0.0021986979897995747,0.009781272740845498,0.0028380456950559915
2.0,25.0,7.0,3.0310574713394014,0.06689246190843257,3.0,0.0022736624238585542,0.009819471247810695,0.0029674393746103793
2.0,26.0,7.0,3.0668924619084326,0.0310574713394014,3.0,0.002333139819723577,0.009878948643675719,0.0030775724868349155
2.0,27.0,7.0,3.112058356420907,0.008042961088223777,3.0,0.002371338326688774,0.009953913077734697,0.003157720376850209
2.0,28.0,7.0,3.1650173421202332,0.0,3.0,0.002384687692015095,0.010041812153666674,0.0032015327715457773
2.0,29.0,7.0,3.8126140803164827,0.0001140803164827453,3.0,0.002384498346349417,0.011116665724072878,0.002944583838711173
2.0,30.0,7.0,4.463114080316483,0.0001140803164827453,3.0,0.002384498346349417,0.012196338005154307,0.0024720436597835717
2.0,31.0,7.0,5.1136140803164825,0.0001140803164827453,3.0,0.002384498346349417,0.01327601028623573,0.001962211430848959
2.0,32.0,7.0,5.761210818512732,0.0,3.0,0.002384687692015095,0.014350863856641935,0.0014190935591513875
2.0,33.0,7.0,5.814169804212058,0.008042961088223777,3.0,0.002371338326688774,0.014438762932573911,0.0013393765887559216
2.0,34.0,7.0,5.859335698724533,0.0310574713394014,3.0,0.002333139819723577,0.01451372736663289,0.00120183334742654
2.0,35.0,7.0,5.895170689293565,0.06689246190843257,3.0,0.0022736624238585542,0.014573204762497915,0.0010157724157387601
2.0,36.0,7.0,5.918185199544742,0.11205835642090678,3.0,0.0021986979897995747,0.01461140326946311,0.0007978819330970152
2.0,37.0,7.0,5.926228160632966,0.16501734212023322,3.0,0.0021107989138675985,0.01462475263478943,0.0005551798068044754
2.0,38.0,7.0,5.9261140803164825,0.29986408031648293,3.0,0.0018869860231301124,0.014624563289123753,-4.914840420377926e-5
2.0,39.0,7.0,5.9261140803164825,0.43761408031648275,3.0,0.0016583544217174048,0.014624563289123753,-0.000662479916857579
2.0,40.0,7.0,5.9261140803164825,0.5753640803164828,3.0,0.001429722820304697,0.014624563289123753,-0.0012687982922673004
2.0,41.0,7.0,5.9261140803164825,0.7131140803164828,3.0,0.001201091218891989,0.014624563289123753,-0.0018652078273263765
1.0,1.0,8.0,2.926114080316483,2.213114080316483,3.5,-0.0014628715432633296,0.011096083938069433,-0.0009409832623530954
1.0,2.0,8.0,2.926114080316483,2.350864080316483,3.5,-0.001722813229505549,0.011096083938069433,-0.0013467362567069258
1.0,3.0,8.0,2.926114080316483,2.488614080316483,3.5,-0.001982754915747768,0.011096083938069433,-0.0017666022085027744
1.0,4.0,8.0,2.926114080316483,2.626364080316483,3.5,-0.0022426966019899876,0.011096083938069433,-0.0021908008437591226
1.0,5.0,8.0,2.9262281606329656,2.7612108185127324,3.5,-0.002497159676479978,0.011096299213785103,-0.0026089302827073005
1.0,6.0,8.0,2.918185199544742,2.8141698042120584,3.5,-0.002597096141411814,0.011081121712023554,-0.0027825911061889978
1.0,7.0,8.0,2.8951706892935642,2.859335698724533,3.5,-0.002682326622574869,0.011037692088773246,-0.0028919038066139973
1.0,8.0,8.0,2.859335698724533,2.8951706892935642,3.5,-0.002749949184280771,0.010970069527067344,-0.0029694261832007543
1.0,9.0,8.0,2.814169804212059,2.918185199544742,3.5,-0.002793378807531079,0.01088483904590429,-0.00300760918264886
1.0,10.0,8.0,2.761210818512732,2.9262281606329656,3.5,-0.0028085563092926286,0.010784902580972451,-0.0030080599254157757
1.0,11.0,8.0,2.113614080316483,2.926114080316483,3.5,-0.0028083410335769583,0.00956285257638665,-0.00289785425245301
1.0,12.0,8.0,1.4631140803164828,2.926114080316483,3.5,-0.0028083410335769583,0.00833532396004862,-0.0028783834329318297
1.0,13.0,8.0,0.8126140803164827,2.926114080316483,3.5,-0.0028083410335769583,0.0071077953437105905,-0.002949667667890265
1.0,14.0,8.0,0.16501734212023322,2.9262281606329656,3.5,-0.0028085563092926286,0.005885745339124789,-0.0030537002303642926
1.0,15.0,8.0,0.11205835642090678,2.918185199544742,3.5,-0.002793378807531079,0.005785808874192953,-0.003048638339538027
1.0,16.0,8.0,0.06689246190843257,2.8951706892935642,3.5,-0.002749949184280771,0.005700578393029898,-0.003015522761598555
1.0,17.0,8.0,0.0310574713394014,2.859335698724533,3.5,-0.002682326622574869,0.005632955831323997,-0.0029556829253420866
1.0,18.0,8.0,0.008042961088223777,2.8141698042120584,3.5,-0.002597096141411814,0.0055895262080736885,-0.0028726876506776906
1.0,19.0,8.0,0.0,2.7612108185127324,3.5,-0.002497159676479978,0.005574348706312139,-0.00276637132267388
1.0,20.0,8.0,0.0001140803164827453,2.113614080316483,3.5,-0.0012751096718941768,0.005574563982027809,-0.001399955013134953
1.0,21.0,8.0,0.0001140803164827453,1.4631140803164828,3.5,-4.758105555614657e-5,0.005574563982027809,-1.6467923391844965e-5
1.0,22.0,8.0,0.0001140803164827453,0.8126140803164827,3.5,0.0011799475607818836,0.005574563982027809,0.0013675690513627514
1.0,23.0,8.0,0.0,0.16501734212023322,3.5,0.002401997565367685,0.005574348706312139,0.0027360476921560804
1.0,24.0,8.0,0.008042961088223777,0.11205835642090678,3.5,0.0025019340302995215,0.0055895262080736885,0.002842757432891276
1.0,25.0,8.0,0.0310574713394014,0.06689246190843257,3.5,0.0025871645114625757,0.005632955831323997,0.002926386623992309
1.0,26.0,8.0,0.06689246190843257,0.0310574713394014,3.5,0.002654787073168478,0.005700578393029898,0.0029870750683095573
1.0,27.0,8.0,0.11205835642090678,0.008042961088223777,3.5,0.0026982166964187857,0.005785808874192953,0.003021198501326569
1.0,28.0,8.0,0.16501734212023322,0.0,3.5,0.0027133941981803355,0.005885745339124789,0.003027426860261743
1.0,29.0,8.0,0.8126140803164827,0.0001140803164827453,3.5,0.002713178922464665,0.0071077953437105905,0.0029384985796733556
1.0,30.0,8.0,1.4631140803164828,0.0001140803164827453,3.5,0.002713178922464665,0.00833532396004862,0.0028824453217576058
1.0,31.0,8.0,2.113614080316483,0.0001140803164827453,3.5,0.002713178922464665,0.00956285257638665,0.0029138822961837013
1.0,32.0,8.0,2.7612108185127324,0.0,3.5,0.0027133941981803355,0.010784902580972453,0.003032275787389226
1.0,33.0,8.0,2.814169804212059,0.008042961088223777,3.5,0.0026982166964187857,0.01088483904590429,0.0030310890271512915
1.0,34.0,8.0,2.859335698724533,0.0310574713394014,3.5,0.002654787073168478,0.010970069527067344,0.002989340855017494
1.0,35.0,8.0,2.8951706892935642,0.06689246190843257,3.5,0.0025871645114625757,0.011037692088773246,0.002909674393414852
1.0,36.0,8.0,2.918185199544742,0.11205835642090678,3.5,0.0025019340302995215,0.011081121712023554,0.0027998474845480664
1.0,37.0,8.0,2.9262281606329656,0.16501734212023322,3.5,0.002401997565367685,0.011096299213785103,0.0026630182197025743
1.0,38.0,8.0,2.926114080316483,0.29986408031648293,3.5,0.002147534490877694,0.011096083938069433,0.0022499725165952824
1.0,39.0,8.0,2.926114080316483,0.43761408031648275,3.5,0.0018875928046354752,0.011096083938069433,0.001832066462461528
1.0,40.0,8.0,2.926114080316483,0.5753640803164828,3.5,0.0016276511183932558,0.011096083938069433,0.0014173115943029305
1.0,41.0,8.0,2.926114080316483,0.7131140803164828,3.5,0.0013677094321510365,0.011096083938069433,0.0010109391766185084
2.0,1.0,8.0,5.9261140803164825,2.213114080316483,3.5,-0.0014628715432633296,0.016757245888898164,0.0018921415240812788
2.0,2.0,8.0,5.9261140803164825,2.350864080316483,3.5,-0.001722813229505549,0.016757245888898164,0.0012999441242969732
2.0,3.0,8.0,5.9261140803164825,2.488614080316483,3.5,-0.001982754915747768,0.016757245888898164,0.0006996910584243831
2.0,4.0,8.0,5.9261140803164825,2.626364080316483,3.5,-0.0022426966019899876,0.016757245888898164,9.209719907858093e-5
2.0,5.0,8.0,5.926228160632966,2.7612108185127324,3.5,-0.002497159676479978,0.016757461164613834,-0.0005075412697664218
2.0,6.0,8.0,5.918185199544742,2.8141698042120584,3.5,-0.002597096141411814,0.016742283662852284,-0.0007488769261254937
2.0,7.0,8.0,5.895170689293565,2.859335698724533,3.5,-0.002682326622574869,0.01669885403960198,-0.0009661150045535031
2.0,8.0,8.0,5.859335698724533,2.8951706892935642,3.5,-0.002749949184280771,0.016631231477896073,-0.0011522161841100009
2.0,9.0,8.0,5.814169804212058,2.918185199544742,3.5,-0.002793378807531079,0.01654600099673302,-0.001290297404594978
2.0,10.0,8.0,5.7612108185127315,2.9262281606329656,3.5,-0.0028085563092926286,0.016446064531801183,-0.001371201566164327
2.0,11.0,8.0,5.1136140803164825,2.926114080316483,3.5,-0.0028083410335769583,0.015224014527215383,-0.0019439949895253136
2.0,12.0,8.0,4.463114080316483,2.926114080316483,3.5,-0.0028083410335769583,0.013996485910877354,-0.0024724837757032023
2.0,13.0,8.0,3.8126140803164827,2.926114080316483,3.5,-0.0028083410335769583,0.012768957294539323,-0.0029520320823064935
2.0,14.0,8.0,3.1650173421202332,2.9262281606329656,3.5,-0.0028085563092926286,0.011546907289953522,-0.0032130237291788004
2.0,15.0,8.0,3.112058356420907,2.918185199544742,3.5,-0.002793378807531079,0.011446970825021685,-0.0031636666494750916
2.0,16.0,8.0,3.0668924619084326,2.8951706892935642,3.5,-0.002749949184280771,0.011361740343858631,-0.0030781607500209736
2.0,17.0,8.0,3.0310574713394014,2.859335698724533,3.5,-0.002682326622574869,0.011294117782152729,-0.0029630919970429267
2.0,18.0,8.0,3.0080429610882238,2.8141698042120584,3.5,-0.002597096141411814,0.01125068815890242,-0.0028296656732952888
2.0,19.0,8.0,3.0,2.7612108185127324,3.5,-0.002497159676479978,0.01123551065714087,-0.0027303110526284524
2.0,20.0,8.0,3.0001140803164827,2.113614080316483,3.5,-0.0012751096718941768,0.01123572593285654,-0.001425994130827523
2.0,21.0,8.0,3.0001140803164827,1.4631140803164828,3.5,-4.758105555614657e-5,0.01123572593285654,-3.525191186079404e-5
2.0,22.0,8.0,3.0001140803164827,0.8126140803164827,3.5,0.0011799475607818836,0.01123572593285654,0.0013564223106167907
2.0,23.0,8.0,3.0,0.16501734212023322,3.5,0.002401997565367685,0.01123551065714087,0.00269437836268071
2.0,24.0,8.0,3.0080429610882238,0.11205835642090678,3.5,0.0025019340302995215,0.01125068815890242,0.0028380456950559915
2.0,25.0,8.0,3.0310574713394014,0.06689246190843257,3.5,0.0025871645114625757,0.011294117782152729,0.0029674393746103793
2.0,26.0,8.0,3.0668924619084326,0.0310574713394014,3.5,0.002654787073168478,0.011361740343858631,0.0030775724868349155
2.0,27.0,8.0,3.112058356420907,0.008042961088223777,3.5,0.0026982166964187857,0.011446970825021685,0.003157720376850209
2.0,28.0,8.0,3.1650173421202332,0.0,3.5,0.0027133941981803355,0.011546907289953522,0.0032015327715457773
2.0,29.0,8.0,3.8126140803164827,0.0001140803164827453,3.5,0.002713178922464665,0.012768957294539323,0.0029386522371572543
2.0,30.0,8.0,4.463114080316483,0.0001140803164827453,3.5,0.002713178922464665,0.013996485910877354,0.002474546375999408
2.0,31.0,8.0,5.1136140803164825,0.0001140803164827453,3.5,0.002713178922464665,0.015224014527215383,0.0019608374898070478
2.0,32.0,8.0,5.761210818512732,0.0,3.5,0.0027133941981803355,0.016446064531801183,0.0014030843711465805
2.0,33.0,8.0,5.814169804212058,0.008042961088223777,3.5,0.0026982166964187857,0.01654600099673302,0.0013233024005014939
2.0,34.0,8.0,5.859335698724533,0.0310574713394014,3.5,0.002654787073168478,0.016631231477896073,0.0011861915082471968
2.0,35.0,8.0,5.895170689293565,0.06689246190843257,3.5,0.0025871645114625757,0.01669885403960198,0.001000904407453542
2.0,36.0,8.0,5.918185199544742,0.11205835642090678,3.5,0.0025019340302995215,0.016742283662852284,0.0007842616055198777
2.0,37.0,8.0,5.926228160632966,0.16501734212023322,3.5,0.002401997565367685,0.016757461164613834,0.0005432791103991727
2.0,38.0,8.0,5.9261140803164825,0.29986408031648293,3.5,0.002147534490877694,0.016757245888898164,-5.587522970541285e-5
2.0,39.0,8.0,5.9261140803164825,0.43761408031648275,3.5,0.0018875928046354752,0.016757245888898164,-0.0006631125926417425
2.0,40.0,8.0,5.9261140803164825,0.5753640803164828,3.5,0.0016276511183932558,0.016757245888898164,-0.001263151093945377
2.0,41.0,8.0,5.9261140803164825,0.7131140803164828,3.5,0.0013677094321510365,0.016757245888898164,-0.0018552564625659387
1.0,1.0,9.0,2.926114080316483,2.213114080316483,4.0,-0.001637354428535512,0.012540249198658213,-0.0009307524324777747
1.0,2.0,9.0,2.926114080316483,2.350864080316483,4.0,-0.001928633599052177,0.012540249198658213,-0.0013365976680582074
1.0,3.0,9.0,2.926114080316483,2.488614080316483,4.0,-0.002219912769568842,0.012540249198658213,-0.0017533238004037702
1.0,4.0,9.0,2.926114080316483,2.626364080316483,4.0,-0.002511191940085507,0.012540249198658213,-0.0021843532836083516
1.0,5.0,9.0,2.9262281606329656,2.7612108185127324,4.0,-0.0027963320202937206,0.012540490427115253,-0.002620974782736781
1.0,6.0,9.0,2.918185199544742,2.8141698042120584,4.0,-0.002908316408140571,0.012523483189116882,-0.0027825911061889978
1.0,7.0,9.0,2.8951706892935642,2.859335698724533,4.0,-0.003003821920222145,0.012474817871833323,-0.0028919038066139973
1.0,8.0,9.0,2.859335698724533,2.8951706892935642,4.0,-0.003079596775600874,0.012399043016454593,-0.0029694261832007543
1.0,9.0,9.0,2.814169804212059,2.918185199544742,4.0,-0.003128262092884433,0.01230353750437302,-0.00300760918264886
1.0,10.0,9.0,2.761210818512732,2.9262281606329656,4.0,-0.0031452693308828042,0.012191553116526168,-0.0030095472618487675
1.0,11.0,9.0,2.113614080316483,2.926114080316483,4.0,-0.0031450281024257634,0.010822177866209644,-0.0028663403287551986
1.0,12.0,9.0,1.4631140803164828,2.926114080316483,4.0,-0.0031450281024257634,0.009446663525584667,-0.002838027030553451
1.0,13.0,9.0,0.8126140803164827,2.926114080316483,4.0,-0.0031450281024257634,0.00807114918495969,-0.002916241805999578
1.0,14.0,9.0,0.16501734212023322,2.9262281606329656,4.0,-0.0031452693308828042,0.0067017739346431635,-0.003033926598262368
1.0,15.0,9.0,0.11205835642090678,2.918185199544742,4.0,-0.003128262092884433,0.006589789546796313,-0.0030298929605295007
1.0,16.0,9.0,0.06689246190843257,2.8951706892935642,4.0,-0.003079596775600874,0.00649428403471474,-0.0029977214099567327
1.0,17.0,9.0,0.0310574713394014,2.859335698724533,4.0,-0.003003821920222145,0.006418509179336011,-0.002938828393118062
1.0,18.0,9.0,0.008042961088223777,2.8141698042120584,4.0,-0.002908316408140571,0.006369843862052451,-0.0028567828206994914
1.0,19.0,9.0,0.0,2.7612108185127324,4.0,-0.0027963320202937206,0.006352836624054081,-0.002751428967328683
1.0,20.0,9.0,0.0001140803164827453,2.113614080316483,4.0,-0.001426956769977195,0.006353077852511121,-0.0013936112968394125
1.0,21.0,9.0,0.0001140803164827453,1.4631140803164828,4.0,-5.144242935221782e-5,0.006353077852511121,-1.6531107288331083e-5
1.0,22.0,9.0,0.0001140803164827453,0.8126140803164827,4.0,0.0013240719112727593,0.006353077852511121,0.0013611430843045646
1.0,23.0,9.0,0.0,0.16501734212023322,4.0,0.002693447161589285,0.006352836624054081,0.0027211205021820295
1.0,24.0,9.0,0.008042961088223777,0.11205835642090678,4.0,0.002805431549436136,0.006369843862052451,0.0028268809194666833
1.0,25.0,9.0,0.0310574713394014,0.06689246190843257,4.0,0.002900937061517709,0.006418509179336011,0.0029095711400412855
1.0,26.0,9.0,0.06689246190843257,0.0310574713394014,4.0,0.002976711916896438,0.00649428403471474,0.0029693220406133906
1.0,27.0,9.0,0.11205835642090678,0.008042961088223777,4.0,0.0030253772341799975,0.006589789546796313,0.003002511854567623
1.0,28.0,9.0,0.16501734212023322,0.0,4.0,0.003042384472178369,0.0067017739346431635,0.0030077277665556757
1.0,29.0,9.0,0.8126140803164827,0.0001140803164827453,4.0,0.003042143243721328,0.00807114918495969,0.002905410425808506
1.0,30.0,9.0,1.4631140803164828,0.0001140803164827453,4.0,0.003042143243721328,0.009446663525584667,0.0028425078180715773
1.0,31.0,9.0,2.113614080316483,0.0001140803164827453,4.0,0.003042143243721328,0.010822177866209644,0.0028827603377687768
1.0,32.0,9.0,2.7612108185127324,0.0,4.0,0.003042384472178369,0.01219155311652617,0.0030334508955131853
1.0,33.0,9.0,2.814169804212059,0.008042961088223777,4.0,0.0030253772341799975,0.01230353750437302,0.0030310890271512915
1.0,34.0,9.0,2.859335698724533,0.0310574713394014,4.0,0.002976711916896438,0.012399043016454593,0.002989340855017494
1.0,35.0,9.0,2.8951706892935642,0.06689246190843257,4.0,0.002900937061517709,0.012474817871833323,0.002909674393414852
1.0,36.0,9.0,2.918185199544742,0.11205835642090678,4.0,0.002805431549436136,0.012523483189116882,0.0027998474845480664
1.0,37.0,9.0,2.9262281606329656,0.16501734212023322,4.0,0.002693447161589285,0.012540490427115253,0.0026630182197025743
1.0,38.0,9.0,2.926114080316483,0.29986408031648293,4.0,0.002408307081381071,0.012540249198658213,0.0022546168218163304
1.0,39.0,9.0,2.926114080316483,0.43761408031648275,4.0,0.0021170279108644065,0.012540249198658213,0.0018235933141448567
1.0,40.0,9.0,2.926114080316483,0.5753640803164828,4.0,0.0018257487403477413,0.012540249198658213,0.001409530729894821
1.0,41.0,9.0,2.926114080316483,0.7131140803164828,4.0,0.001534469569831076,0.012540249198658213,0.001006988111987431
2.0,1.0,9.0,5.9261140803164825,2.213114080316483,4.0,-0.001637354428535512,0.018883897195391387,0.0019322164149892468
2.0,2.0,9.0,5.9261140803164825,2.350864080316483,4.0,-0.001928633599052177,0.018883897195391387,0.0013382602378921478
2.0,3.0,9.0,5.9261140803164825,2.488614080316483,4.0,-0.002219912769568842,0.018883897195391387,0.0007339956662813069
2.0,4.0,9.0,5.9261140803164825,2.626364080316483,4.0,-0.002511191940085507,0.018883897195391387,0.00012179508636243554
2.0,5.0,9.0,5.926228160632966,2.7612108185127324,4.0,-0.0027963320202937206,0.018884138423848427,-0.0004828629327838069
2.0,6.0,9.0,5.918185199544742,2.8141698042120584,4.0,-0.002908316408140571,0.018867131185850056,-0.0007263128106490727
2.0,7.0,9.0,5.895170689293565,2.859335698724533,4.0,-0.003003821920222145,0.0188184658685665,-0.000945516052350417
2.0,8.0,9.0,5.859335698724533,2.8951706892935642,4.0,-0.003079596775600874,0.01874269101318777,-0.0011335061526515273
2.0,9.0,9.0,5.814169804212058,2.918185199544742,4.0,-0.003128262092884433,0.0186471855011062,-0.0012735929437913697
2.0,10.0,9.0,5.7612108185127315,2.9262281606329656,4.0,-0.0031452693308828042,0.018535201113259344,-0.0013566753654375545
2.0,11.0,9.0,5.1136140803164825,2.926114080316483,4.0,-0.0031450281024257634,0.01716582586294282,-0.0019505688142103304
2.0,12.0,9.0,4.463114080316483,2.926114080316483,4.0,-0.0031450281024257634,0.015790311522317843,-0.0024920692734437806
2.0,13.0,9.0,3.8126140803164827,2.926114080316483,4.0,-0.0031450281024257634,0.014414797181692866,-0.0029674610700445424
2.0,14.0,9.0,3.1650173421202332,2.9262281606329656,4.0,-0.0031452693308828042,0.01304542193137634,-0.0032130237291788004
2.0,15.0,9.0,3.112058356420907,2.918185199544742,4.0,-0.003128262092884433,0.01293343754352949,-0.0031636666494750916
2.0,16.0,9.0,3.0668924619084326,2.8951706892935642,4.0,-0.003079596775600874,0.012837932031447915,-0.0030781607500209736
2.0,17.0,9.0,3.0310574713394014,2.859335698724533,4.0,-0.003003821920222145,0.012762157176069187,-0.0029630919970429267
2.0,18.0,9.0,3.0080429610882238,2.8141698042120584,4.0,-0.002908316408140571,0.012713491858785628,-0.0028296656732952888
2.0,19.0,9.0,3.0,2.7612108185127324,4.0,-0.0027963320202937206,0.012696484620787256,-0.0027238270303566307
2.0,20.0,9.0,3.0001140803164827,2.113614080316483,4.0,-0.001426956769977195,0.012696725849244297,-0.001427186142794168
2.0,21.0,9.0,3.0001140803164827,1.4631140803164828,4.0,-5.144242935221782e-5,0.012696725849244297,-3.583904889242387e-5
2.0,22.0,9.0,3.0001140803164827,0.8126140803164827,4.0,0.0013240719112727593,0.012696725849244297,0.0013537956730893988
2.0,23.0,9.0,3.0,0.16501734212023322,4.0,0.002693447161589285,0.012696484620787256,0.00269437836268071
2.0,24.0,9.0,3.0080429610882238,0.11205835642090678,4.0,0.002805431549436136,0.012713491858785628,0.0028380456950559915
2.0,25.0,9.0,3.0310574713394014,0.06689246190843257,4.0,0.002900937061517709,0.012762157176069187,0.0029674393746103793
2.0,26.0,9.0,3.0668924619084326,0.0310574713394014,4.0,0.002976711916896438,0.012837932031447915,0.0030775724868349155
2.0,27.0,9.0,3.112058356420907,0.008042961088223777,4.0,0.0030253772341799975,0.01293343754352949,0.003157720376850209
2.0,28.0,9.0,3.1650173421202332,0.0,4.0,0.003042384472178369,0.01304542193137634,0.0032015327715457773
2.0,29.0,9.0,3.8126140803164827,0.0001140803164827453,4.0,0.003042143243721328,0.014414797181692866,0.002954074456701187
2.0,30.0,9.0,4.463114080316483,0.0001140803164827453,4.0,0.003042143243721328,0.015790311522317843,0.002494021295622285
2.0,31.0,9.0,5.1136140803164825,0.0001140803164827453,4.0,0.003042143243721328,0.01716582586294282,0.001967368815220726
2.0,32.0,9.0,5.761210818512732,0.0,4.0,0.003042384472178369,0.018535201113259344,0.0013886825282104513
2.0,33.0,9.0,5.814169804212058,0.008042961088223777,4.0,0.0030253772341799975,0.0186471855011062,0.001306753197266941
2.0,34.0,9.0,5.859335698724533,0.0310574713394014,4.0,0.002976711916896438,0.01874269101318777,0.0011676539569616389
2.0,35.0,9.0,5.895170689293565,0.06689246190843257,4.0,0.002900937061517709,0.0188184658685665,0.0009804806652073139
2.0,36.0,9.0,5.918185199544742,0.11205835642090678,4.0,0.002805431549436136,0.018867131185850056,0.0007618774137945563
2.0,37.0,9.0,5.926228160632966,0.16501734212023322,4.0,0.002693447161589285,0.018884138423848427,0.0005187890594554156
2.0,38.0,9.0,5.9261140803164825,0.29986408031648293,4.0,0.002408307081381071,0.018883897195391387,-8.537583972645999e-5
2.0,39.0,9.0,5.9261140803164825,0.43761408031648275,4.0,0.0021170279108644065,0.018883897195391387,-0.0006972072040647851
2.0,40.0,9.0,5.9261140803164825,0.5753640803164828,4.0,0.0018257487403477413,0.018883897195391387,-0.0013012393013667443
2.0,41.0,9.0,5.9261140803164825,0.7131140803164828,4.0,0.001534469569831076,0.018883897195391387,-0.0018950949500834472
1.0,1.0,10.0,2.926114080316483,2.213114080316483,4.5,-0.0018148432986410073,0.013995873233833745,-0.0008330593743093021
1.0,2.0,10.0,2.926114080316483,2.350864080316483,4.5,-0.002137990802153696,0.013995873233833745,-0.0012517293236399248
1.0,3.0,10.0,2.926114080316483,2.488614080316483,4.5,-0.0024611383056663844,0.013995873233833745,-0.0016948353695174618
1.0,4.0,10.0,2.926114080316483,2.626364080316483,4.5,-0.002784285809179073,0.013995873233833745,-0.0021449014789784613
1.0,5.0,10.0,2.9262281606329656,2.7612108185127324,4.5,-0.003100622555494479,0.013996140854664753,-0.0025915498401328065
1.0,6.0,10.0,2.918185199544742,2.8141698042120584,4.5,-0.0032248589548941257,0.013977272885180112,-0.0027825911061889978
1.0,7.0,10.0,2.8951706892935642,2.859335698724533,4.5,-0.003330813554208998,0.013923283182586753,-0.0028919038066139973
1.0,8.0,10.0,2.859335698724533,2.8951706892935642,4.5,-0.0034148788009660445,0.013839217935829708,-0.0029694261832007543
1.0,9.0,10.0,2.814169804212059,2.918185199544742,4.5,-0.0034688685035594033,0.013733263336514836,-0.00300760918264886
1.0,10.0,10.0,2.761210818512732,2.9262281606329656,4.5,-0.003487736473044044,0.013609026937115187,-0.0029963602673743605
1.0,11.0,10.0,2.113614080316483,2.926114080316483,4.5,-0.003487468852213036,0.012089830790247107,-0.002805189966055638
1.0,12.0,10.0,1.4631140803164828,2.926114080316483,4.5,-0.003487468852213036,0.010563823886181743,-0.0027720060287753927
1.0,13.0,10.0,0.8126140803164827,2.926114080316483,4.5,-0.003487468852213036,0.009037816982116378,-0.0028767360439029646
1.0,14.0,10.0,0.16501734212023322,2.9262281606329656,4.5,-0.003487736473044044,0.007518620835248298,-0.003019155137431296
1.0,15.0,10.0,0.11205835642090678,2.918185199544742,4.5,-0.0034688685035594033,0.007394384435848649,-0.0030169913797537073
1.0,16.0,10.0,0.06689246190843257,2.8951706892935642,4.5,-0.0034148788009660445,0.007288429836533779,-0.002986415393314434
1.0,17.0,10.0,0.0310574713394014,2.859335698724533,4.5,-0.003330813554208998,0.007204364589776732,-0.0029288340703714456
1.0,18.0,10.0,0.008042961088223777,2.8141698042120584,4.5,-0.0032248589548941257,0.007150374887183373,-0.0028477406911250657
1.0,19.0,10.0,0.0,2.7612108185127324,4.5,-0.003100622555494479,0.007131506917698732,-0.002742988323956826
1.0,20.0,10.0,0.0001140803164827453,2.113614080316483,4.5,-0.0015814264086263976,0.00713177453852974,-0.0013897978274432174
1.0,21.0,10.0,0.0001140803164827453,1.4631140803164828,4.5,-5.5419504561033524e-5,0.00713177453852974,-1.6681435165690068e-5
1.0,22.0,10.0,0.0001140803164827453,0.8126140803164827,4.5,0.0014705873995043306,0.00713177453852974,0.0013569161826877856
1.0,23.0,10.0,0.0,0.16501734212023322,4.5,0.002989783546372412,0.007131506917698732,0.0027121151607607725
1.0,24.0,10.0,0.008042961088223777,0.11205835642090678,4.5,0.0031140199457720596,0.007150374887183373,0.002817274225501109
1.0,25.0,10.0,0.0310574713394014,0.06689246190843257,4.5,0.003219974545086931,0.007204364589776732,0.0028990304241657966
1.0,26.0,10.0,0.06689246190843257,0.0310574713394014,4.5,0.0033040397918439775,0.007288429836533779,0.0029575021849635365
1.0,27.0,10.0,0.11205835642090678,0.008042961088223777,4.5,0.0033580294944373363,0.007394384435848649,0.0029891369671013854
1.0,28.0,10.0,0.16501734212023322,0.0,4.5,0.003376897463921977,0.007518620835248298,0.0029925266874254695
1.0,29.0,10.0,0.8126140803164827,0.0001140803164827453,4.5,0.003376629843090969,0.009037816982116378,0.0028661069168747152
1.0,30.0,10.0,1.4631140803164828,0.0001140803164827453,4.5,0.003376629843090969,0.010563823886181743,0.0027777616709304836
1.0,31.0,10.0,2.113614080316483,0.0001140803164827453,4.5,0.003376629843090969,0.012089830790247107,0.002823102851781739
1.0,32.0,10.0,2.7612108185127324,0.0,4.5,0.003376897463921977,0.013609026937115187,0.0030209780370418467
1.0,33.0,10.0,2.814169804212059,0.008042961088223777,4.5,0.0033580294944373363,0.013733263336514836,0.0030310890271512915
1.0,34.0,10.0,2.859335698724533,0.0310574713394014,4.5,0.0033040397918439775,0.013839217935829708,0.002989340855017494
1.0,35.0,10.0,2.8951706892935642,0.06689246190843257,4.5,0.003219974545086931,0.013923283182586753,0.002909674393414852
1.0,36.0,10.0,2.918185199544742,0.11205835642090678,4.5,0.0031140199457720596,0.013977272885180112,0.0027998474845480664
1.0,37.0,10.0,2.9262281606329656,0.16501734212023322,4.5,0.002989783546372412,0.013996140854664753,0.0026630182197025743
1.0,38.0,10.0,2.926114080316483,0.29986408031648293,4.5,0.002673446800057006,0.013995873233833745,0.0022194122295548144
1.0,39.0,10.0,2.926114080316483,0.43761408031648275,4.5,0.0023502992965443175,0.013995873233833745,0.0017785973158008566
1.0,40.0,10.0,2.926114080316483,0.5753640803164828,4.5,0.002027151793031629,0.013995873233833745,0.001343510938793026
1.0,41.0,10.0,2.926114080316483,0.7131140803164828,4.5,0.0017040042895189404,0.013995873233833745,0.0009238775978535131
2.0,1.0,10.0,5.9261140803164825,2.213114080316483,4.5,-0.0018148432986410073,0.02103356841015364,0.0020308398534831895
2.0,2.0,10.0,5.9261140803164825,2.350864080316483,4.5,-0.002137990802153696,0.02103356841015364,0.001423859421634609
2.0,3.0,10.0,5.9261140803164825,2.488614080316483,4.5,-0.0024611383056663844,0.02103356841015364,0.0008059400543781955
2.0,4.0,10.0,5.9261140803164825,2.626364080316483,4.5,-0.002784285809179073,0.02103356841015364,0.0001783644304745081
2.0,5.0,10.0,5.926228160632966,2.7612108185127324,4.5,-0.003100622555494479,0.02103383603098465,-0.00044223119863299754
2.0,6.0,10.0,5.918185199544742,2.8141698042120584,4.5,-0.0032248589548941257,0.02101496806150001,-0.0006922102728118975
2.0,7.0,10.0,5.895170689293565,2.859335698724533,4.5,-0.003330813554208998,0.020960978358906653,-0.0009175401303615683
2.0,8.0,10.0,5.859335698724533,2.8951706892935642,4.5,-0.0034148788009660445,0.020876913112149603,-0.001111139696921821
2.0,9.0,10.0,5.814169804212058,2.918185199544742,4.5,-0.0034688685035594033,0.020770958512834732,-0.0012556726740280348
2.0,10.0,10.0,5.7612108185127315,2.9262281606329656,4.5,-0.003487736473044044,0.020646722113435084,-0.0013419313928580145
2.0,11.0,10.0,5.1136140803164825,2.926114080316483,4.5,-0.003487468852213036,0.019127525966567003,-0.0019666462737324046
2.0,12.0,10.0,4.463114080316483,2.926114080316483,4.5,-0.003487468852213036,0.01760151906250164,-0.002533643859573163
2.0,13.0,10.0,3.8126140803164827,2.926114080316483,4.5,-0.003487468852213036,0.016075512158436275,-0.003008404755370208
2.0,14.0,10.0,3.1650173421202332,2.9262281606329656,4.5,-0.003487736473044044,0.014556316011568192,-0.0032130237291788004
2.0,15.0,10.0,3.112058356420907,2.918185199544742,4.5,-0.0034688685035594033,0.014432079612168545,-0.0031636666494750916
2.0,16.0,10.0,3.0668924619084326,2.8951706892935642,4.5,-0.0034148788009660445,0.014326125012853673,-0.0030781607500209736
2.0,17.0,10.0,3.0310574713394014,2.859335698724533,4.5,-0.003330813554208998,0.014242059766096627,-0.0029630919970429267
2.0,18.0,10.0,3.0080429610882238,2.8141698042120584,4.5,-0.0032248589548941257,0.014188070063503267,-0.0028296656732952888
2.0,19.0,10.0,3.0,2.7612108185127324,4.5,-0.003100622555494479,0.014169202094018628,-0.0027365911839112053
2.0,20.0,10.0,3.0001140803164827,2.113614080316483,4.5,-0.0015814264086263976,0.014169469714849635,-0.001452914253671012
2.0,21.0,10.0,3.0001140803164827,1.4631140803164828,4.5,-5.5419504561033524e-5,0.014169469714849635,-3.8509233112301564e-5
2.0,22.0,10.0,3.0001140803164827,0.8126140803164827,4.5,0.0014705873995043306,0.014169469714849635,0.001377504059230151
2.0,23.0,10.0,3.0,0.16501734212023322,4.5,0.002989783546372412,0.014169202094018628,0.00269437836268071
2.0,24.0,10.0,3.0080429610882238,0.11205835642090678,4.5,0.0031140199457720596,0.014188070063503267,0.0028380456950559915
2.0,25.0,10.0,3.0310574713394014,0.06689246190843257,4.5,0.003219974545086931,0.014242059766096627,0.0029674393746103793
2.0,26.0,10.0,3.0668924619084326,0.0310574713394014,4.5,0.0033040397918439775,0.014326125012853673,0.0030775724868349155
2.0,27.0,10.0,3.112058356420907,0.008042961088223777,4.5,0.0033580294944373363,0.014432079612168545,0.003157720376850209
2.0,28.0,10.0,3.1650173421202332,0.0,4.5,0.003376897463921977,0.014556316011568192,0.0032015327715457773
2.0,29.0,10.0,3.8126140803164827,0.0001140803164827453,4.5,0.003376629843090969,0.016075512158436275,0.0029940314432376275
2.0,30.0,10.0,4.463114080316483,0.0001140803164827453,4.5,0.003376629843090969,0.01760151906250164,0.0025348692921740557
2.0,31.0,10.0,5.1136140803164825,0.0001140803164827453,4.5,0.003376629843090969,0.019127525966567003,0.0019835126435201558
2.0,32.0,10.0,5.761210818512732,0.0,4.5,0.003376897463921977,0.020646722113435084,0.0013746825911285588
2.0,33.0,10.0,5.814169804212058,0.008042961088223777,4.5,0.0033580294944373363,0.020770958512834732,0.0012896017133464195
2.0,34.0,10.0,5.859335698724533,0.0310574713394014,4.5,0.0033040397918439775,0.020876913112149603,0.0011460866028356175
2.0,35.0,10.0,5.895170689293565,0.06689246190843257,4.5,0.003219974545086931,0.020960978358906653,0.0009533420150717927
2.0,36.0,10.0,5.918185199544742,0.11205835642090678,4.5,0.0031140199457720596,0.02101496806150001,0.000728636881250195
2.0,37.0,10.0,5.926228160632966,0.16501734212023322,4.5,0.002989783546372412,0.02103383603098465,0.0004790269514083116
2.0,38.0,10.0,5.9261140803164825,0.29986408031648293,4.5,0.002673446800057006,0.02103356841015364,-0.00014106605415995562
2.0,39.0,10.0,5.9261140803164825,0.43761408031648275,4.5,0.0023502992965443175,0.02103356841015364,-0.0007682759536286244
2.0,40.0,10.0,5.9261140803164825,0.5753640803164828,4.5,0.002027151793031629,0.02103356841015364,-0.0013859789140416767
2.0,41.0,10.0,5.9261140803164825,0.7131140803164828,4.5,0.0017040042895189404,0.02103356841015364,-0.0019928667642407773
1.0,1.0,11.0,2.926114080316483,2.213114080316483,5.0,-0.001998586442983302,0.01548622106926942,-0.0006058710686988038
1.0,2.0,11.0,2.926114080316483,2.350864080316483,5.0,-0.002354722211914676,0.01548622106926942,-0.001044905710934121
1.0,3.0,11.0,2.926114080316483,2.488614080316483,5.0,-0.00271085798084605,0.01548622106926942,-0.0015254348456201188
1.0,4.0,11.0,2.926114080316483,2.626364080316483,5.0,-0.003066993749777424,0.01548622106926942,-0.0020620412901421192
1.0,5.0,11.0,2.9262281606329656,2.7612108185127324,5.0,-0.0034156234905789408,0.015486516009968008,-0.0026068189361385806
1.0,6.0,11.0,2.918185199544742,2.8141698042120584,5.0,-0.003552542467666818,0.015465721918268263,-0.0027825911061889978
1.0,7.0,11.0,2.8951706892935642,2.859335698724533,5.0,-0.0036693133611090936,0.015406220718232822,-0.0028919038066139973
1.0,8.0,11.0,2.859335698724533,2.8951706892935642,5.0,-0.003761960344201293,0.015313573735140622,-0.0029694261832007543
1.0,9.0,11.0,2.814169804212059,2.918185199544742,5.0,-0.003821461544236735,0.015196802841698347,-0.00300760918264886
1.0,10.0,11.0,2.761210818512732,2.9262281606329656,5.0,-0.0038422556359364785,0.015059883864610468,-0.003015885606099634
1.0,11.0,11.0,2.113614080316483,2.926114080316483,5.0,-0.0038419606952378904,0.013385601742541714,-0.002674450258646394
1.0,12.0,11.0,1.4631140803164828,2.926114080316483,5.0,-0.0038419606952378904,0.011703813592343104,-0.0026863348401734715
1.0,13.0,11.0,0.8126140803164827,2.926114080316483,5.0,-0.0038419606952378904,0.010022025442144492,-0.002829178591157852
1.0,14.0,11.0,0.16501734212023322,2.9262281606329656,5.0,-0.0038422556359364785,0.008347743320075738,-0.0030099812268373034
1.0,15.0,11.0,0.11205835642090678,2.918185199544742,5.0,-0.003821461544236735,0.008210824342987859,-0.003011115098720135
1.0,16.0,11.0,0.06689246190843257,2.8951706892935642,5.0,-0.003761960344201293,0.008094053449545585,-0.0029827867779076843
1.0,17.0,11.0,0.0310574713394014,2.859335698724533,5.0,-0.0036693133611090936,0.008001406466453385,-0.0029266192732523024
1.0,18.0,11.0,0.008042961088223777,2.8141698042120584,5.0,-0.003552542467666818,0.007941905266417944,-0.002846251090652624
1.0,19.0,11.0,0.0,2.7612108185127324,5.0,-0.0034156234905789408,0.0079211111747182,-0.0027417048713338737
1.0,20.0,11.0,0.0001140803164827453,2.113614080316483,5.0,-0.0017413413685101863,0.007921406115416788,-0.0013885268364965632
1.0,21.0,11.0,0.0001140803164827453,1.4631140803164828,5.0,-5.9553218311575005e-5,0.007921406115416788,-1.690383851666921e-5
1.0,22.0,11.0,0.0001140803164827453,0.8126140803164827,5.0,0.0016222349318870362,0.007921406115416788,0.0013549685145885135
1.0,23.0,11.0,0.0,0.16501734212023322,5.0,0.003296517053955791,0.0079211111747182,0.002709518148204002
1.0,24.0,11.0,0.008042961088223777,0.11205835642090678,5.0,0.003433436031043669,0.007941905266417944,0.0028144787530470137
1.0,25.0,11.0,0.0310574713394014,0.06689246190843257,5.0,0.0035502069244859437,0.008001406466453385,0.0028955387513747385
1.0,26.0,11.0,0.06689246190843257,0.0310574713394014,5.0,0.003642853907578143,0.008094053449545585,0.0029526426894910637
1.0,27.0,11.0,0.11205835642090678,0.008042961088223777,5.0,0.0037023551076135848,0.008210824342987859,0.002982097281332362
1.0,28.0,11.0,0.16501734212023322,0.0,5.0,0.0037231491993133287,0.008347743320075738,0.0029822869895350075
1.0,29.0,11.0,0.8126140803164827,0.0001140803164827453,5.0,0.0037228542586147406,0.010022025442144492,0.002818784297874147
1.0,30.0,11.0,1.4631140803164828,0.0001140803164827453,5.0,0.0037228542586147406,0.011703813592343104,0.002693546360726149
1.0,31.0,11.0,2.113614080316483,0.0001140803164827453,5.0,0.0037228542586147406,0.013385601742541714,0.002697121126033277
1.0,32.0,11.0,2.7612108185127324,0.0,5.0,0.0037231491993133287,0.01505988386461047,0.003038761611253753
1.0,33.0,11.0,2.814169804212059,0.008042961088223777,5.0,0.0037023551076135848,0.015196802841698347,0.0030310890271512915
1.0,34.0,11.0,2.859335698724533,0.0310574713394014,5.0,0.003642853907578143,0.015313573735140622,0.002989340855017494
1.0,35.0,11.0,2.8951706892935642,0.06689246190843257,5.0,0.0035502069244859437,0.015406220718232822,0.002909674393414852
1.0,36.0,11.0,2.918185199544742,0.11205835642090678,5.0,0.003433436031043669,0.015465721918268263,0.0027998474845480664
1.0,37.0,11.0,2.9262281606329656,0.16501734212023322,5.0,0.003296517053955791,0.015486516009968008,0.0026630182197025743
1.0,38.0,11.0,2.926114080316483,0.29986408031648293,5.0,0.002947887313154273,0.01548622106926942,0.002187699318528971
1.0,39.0,11.0,2.926114080316483,0.43761408031648275,5.0,0.0025917515442228996,0.01548622106926942,0.0016456311264766838
1.0,40.0,11.0,2.926114080316483,0.5753640803164828,5.0,0.0022356157752915257,0.01548622106926942,0.0011555447530102658
1.0,41.0,11.0,2.926114080316483,0.7131140803164828,5.0,0.001879480006360152,0.01548622106926942,0.0007167956248833117
2.0,1.0,11.0,5.9261140803164825,2.213114080316483,5.0,-0.001998586442983302,0.023242353967956327,0.002198126990916719
2.0,2.0,11.0,5.9261140803164825,2.350864080316483,5.0,-0.002354722211914676,0.023242353967956327,0.0015687433121301406
2.0,3.0,11.0,5.9261140803164825,2.488614080316483,5.0,-0.00271085798084605,0.023242353967956327,0.0009227568787109472
2.0,4.0,11.0,5.9261140803164825,2.626364080316483,5.0,-0.003066993749777424,0.023242353967956327,0.0002648281324296745
2.0,5.0,11.0,5.926228160632966,2.7612108185127324,5.0,-0.0034156234905789408,0.023242648908654913,-0.0003858998222109355
2.0,6.0,11.0,5.918185199544742,2.8141698042120584,5.0,-0.003552542467666818,0.02322185481695517,-0.0006477507967511052
2.0,7.0,11.0,5.895170689293565,2.859335698724533,5.0,-0.0036693133611090936,0.02316235361691973,-0.0008837020964827919
2.0,8.0,11.0,5.859335698724533,2.8951706892935642,5.0,-0.003761960344201293,0.023069706633827528,-0.0010866581078765693
2.0,9.0,11.0,5.814169804212058,2.918185199544742,5.0,-0.003821461544236735,0.022952935740385254,-0.001239065768725973
2.0,10.0,11.0,5.7612108185127315,2.9262281606329656,5.0,-0.0038422556359364785,0.022816016763297375,-0.0013313157750445542
2.0,11.0,11.0,5.1136140803164825,2.926114080316483,5.0,-0.0038419606952378904,0.02114173464122862,-0.0019914716225681974
2.0,12.0,11.0,4.463114080316483,2.926114080316483,5.0,-0.0038419606952378904,0.019459946491030014,-0.0025996476719243613
2.0,13.0,11.0,3.8126140803164827,2.926114080316483,5.0,-0.0038419606952378904,0.0177781583408314,-0.003091984552738557
2.0,14.0,11.0,3.1650173421202332,2.9262281606329656,5.0,-0.0038422556359364785,0.016103876218762646,-0.0032130237291788004
2.0,15.0,11.0,3.112058356420907,2.918185199544742,5.0,-0.003821461544236735,0.015966957241674767,-0.0031636666494750916
2.0,16.0,11.0,3.0668924619084326,2.8951706892935642,5.0,-0.003761960344201293,0.015850186348232494,-0.0030781607500209736
2.0,17.0,11.0,3.0310574713394014,2.859335698724533,5.0,-0.0036693133611090936,0.015757539365140294,-0.0029630919970429267
2.0,18.0,11.0,3.0080429610882238,2.8141698042120584,5.0,-0.003552542467666818,0.01569803816510485,-0.0028296656732952888
2.0,19.0,11.0,3.0,2.7612108185127324,5.0,-0.0034156234905789408,0.01567724407340511,-0.0027110301915248456
2.0,20.0,11.0,3.0001140803164827,2.113614080316483,5.0,-0.0017413413685101863,0.015677539014103695,-0.001546193130469898
2.0,21.0,11.0,3.0001140803164827,1.4631140803164828,5.0,-5.9553218311575005e-5,0.015677539014103695,-3.340079705807059e-5
2.0,22.0,11.0,3.0001140803164827,0.8126140803164827,5.0,0.0016222349318870362,0.015677539014103695,0.0014440066230342182
2.0,23.0,11.0,3.0,0.16501734212023322,5.0,0.003296517053955791,0.01567724407340511,0.00269437836268071
2.0,24.0,11.0,3.0080429610882238,0.11205835642090678,5.0,0.003433436031043669,0.01569803816510485,0.0028380456950559915
2.0,25.0,11.0,3.0310574713394014,0.06689246190843257,5.0,0.0035502069244859437,0.015757539365140294,0.0029674393746103793
2.0,26.0,11.0,3.0668924619084326,0.0310574713394014,5.0,0.003642853907578143,0.015850186348232494,0.0030775724868349155
2.0,27.0,11.0,3.112058356420907,0.008042961088223777,5.0,0.0037023551076135848,0.015966957241674767,0.003157720376850209
2.0,28.0,11.0,3.1650173421202332,0.0,5.0,0.0037231491993133287,0.016103876218762646,0.0032015327715457773
2.0,29.0,11.0,3.8126140803164827,0.0001140803164827453,5.0,0.0037228542586147406,0.0177781583408314,0.0030750630349438007
2.0,30.0,11.0,4.463114080316483,0.0001140803164827453,5.0,0.0037228542586147406,0.019459946491030014,0.002599590788780864
2.0,31.0,11.0,5.1136140803164825,0.0001140803164827453,5.0,0.0037228542586147406,0.02114173464122862,0.002008521364362362
2.0,32.0,11.0,5.761210818512732,0.0,5.0,0.0037231491993133287,0.022816016763297375,0.0013654542036170426
2.0,33.0,11.0,5.814169804212058,0.008042961088223777,5.0,0.0037023551076135848,0.022952935740385254,0.0012745106460520061
2.0,34.0,11.0,5.859335698724533,0.0310574713394014,5.0,0.003642853907578143,0.023069706633827528,0.0011232110929641735
2.0,35.0,11.0,5.895170689293565,0.06689246190843257,5.0,0.0035502069244859437,0.02316235361691973,0.0009211586141694599
2.0,36.0,11.0,5.918185199544742,0.11205835642090678,5.0,0.003433436031043669,0.02322185481695517,0.0006858588748681768
2.0,37.0,11.0,5.926228160632966,0.16501734212023322,5.0,0.003296517053955791,0.023242648908654913,0.00042438410355366833
2.0,38.0,11.0,5.9261140803164825,0.29986408031648293,5.0,0.002947887313154273,0.023242353967956327,-0.0002259141133562242
2.0,39.0,11.0,5.9261140803164825,0.43761408031648275,5.0,0.0025917515442228996,0.023242353967956327,-0.000883587076717616
2.0,40.0,11.0,5.9261140803164825,0.5753640803164828,5.0,0.0022356157752915257,0.023242353967956327,-0.001529439524103273
2.0,41.0,11.0,5.9261140803164825,0.7131140803164828,5.0,0.001879480006360152,0.023242353967956327,-0.0021587725013291112
1.0,1.0,12.0,2.926114080316483,2.213114080316483,5.5,-0.0021956869490400463,0.017045420989633145,-0.00020157798110085378
1.0,2.0,12.0,2.926114080316483,2.350864080316483,5.5,-0.002587012041535936,0.017045420989633145,-0.0006670837076514783
1.0,3.0,12.0,2.926114080316483,2.488614080316483,5.5,-0.0029783371340318253,0.017045420989633145,-0.0011729566319032226
1.0,4.0,12.0,2.926114080316483,2.626364080316483,5.5,-0.003369662226527715,0.017045420989633145,-0.0017233414933474772
1.0,5.0,12.0,2.9262281606329656,2.7612108185127324,5.5,-0.003752739629775746,0.017045745073048024,-0.0024214771327282065
1.0,6.0,12.0,2.918185199544742,2.8141698042120584,5.5,-0.0039031873973058894,0.017022896343525048,-0.0027825911061889978
1.0,7.0,12.0,2.8951706892935642,2.859335698724533,5.5,-0.004031496274603557,0.016957515905392274,-0.0028919038066139973
1.0,8.0,12.0,2.859335698724533,2.8951706892935642,5.5,-0.004133297588571001,0.01685571459142483,-0.0029694261832007543
1.0,9.0,12.0,2.814169804212059,2.918185199544742,5.5,-0.0041986780267037754,0.016727405714127164,-0.00300760918264886
1.0,10.0,12.0,2.761210818512732,2.9262281606329656,5.5,-0.004221526756226752,0.016576957946597016,-0.0028510917393998426
1.0,11.0,12.0,2.113614080316483,2.926114080316483,5.5,-0.004221202672811873,0.01473724213189877,-0.0024844038892071307
1.0,12.0,12.0,1.4631140803164828,2.926114080316483,5.5,-0.004221202672811873,0.012889278627952666,-0.002583228989475929
1.0,13.0,12.0,0.8126140803164827,2.926114080316483,5.5,-0.004221202672811873,0.01104131512400656,-0.002772264249594539
1.0,14.0,12.0,0.16501734212023322,2.9262281606329656,5.5,-0.004221526756226752,0.009201599309308313,-0.003004752952909707
1.0,15.0,12.0,0.11205835642090678,2.918185199544742,5.5,-0.0041986780267037754,0.009051151541778168,-0.003010226527285937
1.0,16.0,12.0,0.06689246190843257,2.8951706892935642,5.5,-0.004133297588571001,0.008922842664480502,-0.0029852333976708597
1.0,17.0,12.0,0.0310574713394014,2.859335698724533,5.5,-0.004031496274603557,0.008821041350513058,-0.0029313866867791815
1.0,18.0,12.0,0.008042961088223777,2.8141698042120584,5.5,-0.0039031873973058894,0.008755660912380283,-0.0028521059754280046
1.0,19.0,12.0,0.0,2.7612108185127324,5.5,-0.003752739629775746,0.008732812182857307,-0.0027473805429409637
1.0,20.0,12.0,0.0001140803164827453,2.113614080316483,5.5,-0.0019130238150774986,0.008733136266272186,-0.001389294001019625
1.0,21.0,12.0,0.0001140803164827453,1.4631140803164828,5.5,-6.506031113139309e-5,0.008733136266272186,-1.718113263665645e-5
1.0,22.0,12.0,0.0001140803164827453,0.8126140803164827,5.5,0.0017829031928147125,0.008733136266272186,0.0013549667308352384
1.0,23.0,12.0,0.0,0.16501734212023322,5.5,0.00362261900751296,0.008732812182857307,0.0027130822088384235
1.0,24.0,12.0,0.008042961088223777,0.11205835642090678,5.5,0.003773066775043104,0.008755660912380283,0.002818055229345469
1.0,25.0,12.0,0.0310574713394014,0.06689246190843257,5.5,0.0039013756523407707,0.008821041350513058,0.002898027956176122
1.0,26.0,12.0,0.06689246190843257,0.0310574713394014,5.5,0.004003176966308215,0.008922842664480502,0.0029529475564160977
1.0,27.0,12.0,0.11205835642090678,0.008042961088223777,5.5,0.00406855740444099,0.009051151541778168,0.002979288396570301
1.0,28.0,12.0,0.16501734212023322,0.0,5.5,0.0040914061339639655,0.009201599309308313,0.0029753964053948548
1.0,29.0,12.0,0.8126140803164827,0.0001140803164827453,5.5,0.004091082050549087,0.01104131512400656,0.0027622567151115492
1.0,30.0,12.0,1.4631140803164828,0.0001140803164827453,5.5,0.004091082050549087,0.012889278627952666,0.002591998599734344
1.0,31.0,12.0,2.113614080316483,0.0001140803164827453,5.5,0.004091082050549087,0.01473724213189877,0.002512813187617504
1.0,32.0,12.0,2.7612108185127324,0.0,5.5,0.0040914061339639655,0.01657695794659702,0.002884871313869917
1.0,33.0,12.0,2.814169804212059,0.008042961088223777,5.5,0.00406855740444099,0.016727405714127164,0.0030310890271512915
1.0,34.0,12.0,2.859335698724533,0.0310574713394014,5.5,0.004003176966308215,0.01685571459142483,0.002989340855017494
1.0,35.0,12.0,2.8951706892935642,0.06689246190843257,5.5,0.0039013756523407707,0.016957515905392274,0.002909674393414852
1.0,36.0,12.0,2.918185199544742,0.11205835642090678,5.5,0.003773066775043104,0.017022896343525048,0.0027998474845480664
1.0,37.0,12.0,2.9262281606329656,0.16501734212023322,5.5,0.00362261900751296,0.017045745073048024,0.0026630182197025743
1.0,38.0,12.0,2.926114080316483,0.29986408031648293,5.5,0.003239541604264928,0.017045420989633145,0.0018951651776320287
1.0,39.0,12.0,2.926114080316483,0.43761408031648275,5.5,0.0028482165117690392,0.017045420989633145,0.0012958673985588882
1.0,40.0,12.0,2.926114080316483,0.5753640803164828,5.5,0.0024568914192731497,0.017045420989633145,0.0007906502307885019
1.0,41.0,12.0,2.926114080316483,0.7131140803164828,5.5,0.00206556632677726,0.017045420989633145,0.0003200649736166329
2.0,1.0,12.0,5.9261140803164825,2.213114080316483,5.5,-0.0021956869490400463,0.02556792754126776,0.0024658680355912296
2.0,2.0,12.0,5.9261140803164825,2.350864080316483,5.5,-0.002587012041535936,0.02556792754126776,0.0017857812263183286
2.0,3.0,12.0,5.9261140803164825,2.488614080316483,5.5,-0.0029783371340318253,0.02556792754126776,0.0010891015427875904
2.0,4.0,12.0,5.9261140803164825,2.626364080316483,5.5,-0.003369662226527715,0.02556792754126776,0.0003817590401475422
2.0,5.0,12.0,5.926228160632966,2.7612108185127324,5.5,-0.003752739629775746,0.025568251624682636,-0.00031627363945069714
2.0,6.0,12.0,5.918185199544742,2.8141698042120584,5.5,-0.0039031873973058894,0.02554540289515966,-0.0005971141161170494
2.0,7.0,12.0,5.895170689293565,2.859335698724533,5.5,-0.004031496274603557,0.02548002245702689,-0.000850384837382097
2.0,8.0,12.0,5.859335698724533,2.8951706892935642,5.5,-0.004133297588571001,0.025378221143059442,-0.0010682286778054806
2.0,9.0,12.0,5.814169804212058,2.918185199544742,5.5,-0.0041986780267037754,0.025249912265761777,-0.0012312137184768278
2.0,10.0,12.0,5.7612108185127315,2.9262281606329656,5.5,-0.004221526756226752,0.02509946449823163,-0.0013290873469473381
2.0,11.0,12.0,5.1136140803164825,2.926114080316483,5.5,-0.004221202672811873,0.023259748683533383,-0.0020295260736372463
2.0,12.0,12.0,4.463114080316483,2.926114080316483,5.5,-0.004221202672811873,0.02141178517958728,-0.0026715309183204567
2.0,13.0,12.0,3.8126140803164827,2.926114080316483,5.5,-0.004221202672811873,0.019563821675641174,-0.0032723508372481647
2.0,14.0,12.0,3.1650173421202332,2.9262281606329656,5.5,-0.004221526756226752,0.017724105860942925,-0.0032130237291788004
2.0,15.0,12.0,3.112058356420907,2.918185199544742,5.5,-0.0041986780267037754,0.01757365809341278,-0.0031636666494750916
2.0,16.0,12.0,3.0668924619084326,2.8951706892935642,5.5,-0.004133297588571001,0.017445349216115114,-0.0030781607500209736
2.0,17.0,12.0,3.0310574713394014,2.859335698724533,5.5,-0.004031496274603557,0.01734354790214767,-0.0029630919970429267
2.0,18.0,12.0,3.0080429610882238,2.8141698042120584,5.5,-0.0039031873973058894,0.017278167464014896,-0.0028296656732952888
2.0,19.0,12.0,3.0,2.7612108185127324,5.5,-0.003752739629775746,0.01725531873449192,-0.00289240533298844
2.0,20.0,12.0,3.0001140803164827,2.113614080316483,5.5,-0.0019130238150774986,0.0172556428179068,-0.0016832425847413852
2.0,21.0,12.0,3.0001140803164827,1.4631140803164828,5.5,-6.506031113139309e-5,0.0172556428179068,-4.206394013076942e-5
2.0,22.0,12.0,3.0001140803164827,0.8126140803164827,5.5,0.0017829031928147125,0.0172556428179068,0.0016161623373060574
2.0,23.0,12.0,3.0,0.16501734212023322,5.5,0.00362261900751296,0.01725531873449192,0.00269437836268071
2.0,24.0,12.0,3.0080429610882238,0.11205835642090678,5.5,0.003773066775043104,0.017278167464014896,0.0028380456950559915
2.0,25.0,12.0,3.0310574713394014,0.06689246190843257,5.5,0.0039013756523407707,0.01734354790214767,0.0029674393746103793
2.0,26.0,12.0,3.0668924619084326,0.0310574713394014,5.5,0.004003176966308215,0.017445349216115114,0.0030775724868349155
2.0,27.0,12.0,3.112058356420907,0.008042961088223777,5.5,0.00406855740444099,0.01757365809341278,0.003157720376850209
2.0,28.0,12.0,3.1650173421202332,0.0,5.5,0.0040914061339639655,0.017724105860942925,0.0032015327715457773
2.0,29.0,12.0,3.8126140803164827,0.0001140803164827453,5.5,0.004091082050549087,0.019563821675641174,0.0032491338256324157
2.0,30.0,12.0,4.463114080316483,0.0001140803164827453,5.5,0.004091082050549087,0.02141178517958728,0.002670790781444807
2.0,31.0,12.0,5.1136140803164825,0.0001140803164827453,5.5,0.004091082050549087,0.023259748683533383,0.0020464190170887066
2.0,32.0,12.0,5.761210818512732,0.0,5.5,0.0040914061339639655,0.02509946449823163,0.0013653404338773891
2.0,33.0,12.0,5.814169804212058,0.008042961088223777,5.5,0.00406855740444099,0.025249912265761777,0.0012690096382013893
2.0,34.0,12.0,5.859335698724533,0.0310574713394014,5.5,0.004003176966308215,0.025378221143059442,0.0011073471590576018
2.0,35.0,12.0,5.895170689293565,0.06689246190843257,5.5,0.0039013756523407707,0.02548002245702689,0.0008905651502914062
2.0,36.0,12.0,5.918185199544742,0.11205835642090678,5.5,0.003773066775043104,0.02554540289515966,0.0006379757961114699
2.0,37.0,12.0,5.926228160632966,0.16501734212023322,5.5,0.00362261900751296,0.025568251624682636,0.0003573715095667825
2.0,38.0,12.0,5.9261140803164825,0.29986408031648293,5.5,0.003239541604264928,0.02556792754126776,-0.00034067987670165884
2.0,39.0,12.0,5.9261140803164825,0.43761408031648275,5.5,0.0028482165117690392,0.02556792754126776,-0.0010480375649344186
2.0,40.0,12.0,5.9261140803164825,0.5753640803164828,5.5,0.0024568914192731497,0.02556792754126776,-0.001744728115376493
2.0,41.0,12.0,5.9261140803164825,0.7131140803164828,5.5,0.00206556632677726,0.02556792754126776,-0.002424832788575268
1.0,1.0,13.0,2.926114080316483,2.213114080316483,6.0,-0.002431678823080071,0.018729029728510177,0.00036076642064772796
1.0,2.0,13.0,2.926114080316483,2.350864080316483,6.0,-0.002864602074625979,0.018729029728510177,-0.00013209573023201265
1.0,3.0,13.0,2.926114080316483,2.488614080316483,6.0,-0.003297525326171887,0.018729029728510177,-0.0006386812210322662
1.0,4.0,13.0,2.926114080316483,2.626364080316483,6.0,-0.003730448577717795,0.018729029728510177,-0.0011627727754199419
1.0,5.0,13.0,2.9262281606329656,2.7612108185127324,6.0,-0.004154247404289701,0.018729388262241933,-0.0016000201789409228
1.0,6.0,13.0,2.918185199544742,2.8141698042120584,6.0,-0.004320687885505857,0.018704110695153937,-0.0017058337809887716
1.0,7.0,13.0,2.8951706892935642,2.859335698724533,6.0,-0.0044626360953883976,0.01863178026603832,-0.001908251643678493
1.0,8.0,13.0,2.859335698724533,2.8951706892935642,6.0,-0.004575258967520971,0.018519157393905746,-0.002062586921046353
1.0,9.0,13.0,2.814169804212059,2.918185199544742,6.0,-0.00464758939663659,0.01837720918402321,-0.0021543571084523105
1.0,10.0,13.0,2.761210818512732,2.9262281606329656,6.0,-0.004672866963724582,0.018210768702807047,-0.0022673133677146404
1.0,11.0,13.0,2.113614080316483,2.926114080316483,6.0,-0.004672508429992828,0.016175489678557,-0.0022972178574335745
1.0,12.0,13.0,1.4631140803164828,2.926114080316483,6.0,-0.004672508429992828,0.01413108622933295,-0.0024515944111718102
1.0,13.0,13.0,0.8126140803164827,2.926114080316483,6.0,-0.004672508429992828,0.012086682780108897,-0.0027096603610560375
1.0,14.0,13.0,0.16501734212023322,2.9262281606329656,6.0,-0.004672866963724582,0.010051403755858848,-0.0029992266980179644
1.0,15.0,13.0,0.11205835642090678,2.918185199544742,6.0,-0.00464758939663659,0.00988496327464269,-0.003009774858983314
1.0,16.0,13.0,0.06689246190843257,2.8951706892935642,6.0,-0.004575258967520971,0.009743015064760151,-0.002989575203684796
1.0,17.0,13.0,0.0310574713394014,2.859335698724533,6.0,-0.0044626360953883976,0.009630392192627579,-0.002939555702820093
1.0,18.0,13.0,0.008042961088223777,2.8141698042120584,6.0,-0.004320687885505857,0.00955806176351196,-0.002862426657724164
1.0,19.0,13.0,0.0,2.7612108185127324,6.0,-0.004154247404289701,0.009532784196423966,-0.0027575864973301794
1.0,20.0,13.0,0.0001140803164827453,2.113614080316483,6.0,-0.0021189683800396514,0.00953314273015572,-0.001391334528974486
1.0,21.0,13.0,0.0001140803164827453,1.4631140803164828,6.0,-7.456493081559989e-5,0.00953314273015572,-1.7462929263701852e-5
1.0,22.0,13.0,0.0001140803164827453,0.8126140803164827,6.0,0.001969838518408452,0.00953314273015572,0.0013562487457791448
1.0,23.0,13.0,0.0,0.16501734212023322,6.0,0.004005117542658501,0.009532784196423966,0.002721227391616895
1.0,24.0,13.0,0.008042961088223777,0.11205835642090678,6.0,0.004171558023874659,0.00955806176351196,0.0028261195308330054
1.0,25.0,13.0,0.0310574713394014,0.06689246190843257,6.0,0.004313506233757198,0.009630392192627579,0.0029039354565675354
1.0,26.0,13.0,0.06689246190843257,0.0310574713394014,6.0,0.004426129105889771,0.009743015064760151,0.002955178968192404
1.0,27.0,13.0,0.11205835642090678,0.008042961088223777,6.0,0.00449845953500539,0.00988496327464269,0.002976983929976337
1.0,28.0,13.0,0.16501734212023322,0.0,6.0,0.004523737102093382,0.010051403755858848,0.0029683124839835666
1.0,29.0,13.0,0.8126140803164827,0.0001140803164827453,6.0,0.004523378568361628,0.012086682780108897,0.00269995378211542
1.0,30.0,13.0,1.4631140803164828,0.0001140803164827453,6.0,0.004523378568361628,0.01413108622933295,0.002462749750808691
1.0,31.0,13.0,2.113614080316483,0.0001140803164827453,6.0,0.004523378568361628,0.016175489678557,0.002328273769450463
1.0,32.0,13.0,2.7612108185127324,0.0,6.0,0.004523737102093382,0.01821076870280705,0.0023318872141027385
1.0,33.0,13.0,2.814169804212059,0.008042961088223777,6.0,0.00449845953500539,0.01837720918402321,0.0022323568570344608
1.0,34.0,13.0,2.859335698724533,0.0310574713394014,6.0,0.004426129105889771,0.018519157393905746,0.002153864920491017
1.0,35.0,13.0,2.8951706892935642,0.06689246190843257,6.0,0.004313506233757198,0.01863178026603832,0.0020231045765748035
1.0,36.0,13.0,2.918185199544742,0.11205835642090678,6.0,0.004171558023874659,0.018704110695153937,0.0018475034994304901
1.0,37.0,13.0,2.9262281606329656,0.16501734212023322,6.0,0.004005117542658501,0.018729388262241933,0.0016376110553543003
1.0,38.0,13.0,2.926114080316483,0.29986408031648293,6.0,0.0035813187160865945,0.018729029728510177,0.0012664577078067814
1.0,39.0,13.0,2.926114080316483,0.43761408031648275,6.0,0.003148395464540687,0.018729029728510177,0.0007598286016978496
1.0,40.0,13.0,2.926114080316483,0.5753640803164828,6.0,0.0027154722129947794,0.018729029728510177,0.00024408097129382308
1.0,41.0,13.0,2.926114080316483,0.7131140803164828,6.0,0.002282548961448871,0.018729029728510177,-0.00024744498244954477
2.0,1.0,13.0,5.9261140803164825,2.213114080316483,6.0,-0.002431678823080071,0.028157485297568063,0.0028303406447134564
2.0,2.0,13.0,5.9261140803164825,2.350864080316483,6.0,-0.002864602074625979,0.028157485297568063,0.0020662150228863605
2.0,3.0,13.0,5.9261140803164825,2.488614080316483,6.0,-0.003297525326171887,0.028157485297568063,0.0012976767381404017
2.0,4.0,13.0,5.9261140803164825,2.626364080316483,6.0,-0.003730448577717795,0.028157485297568063,0.000524330691760695
2.0,5.0,13.0,5.926228160632966,2.7612108185127324,6.0,-0.004154247404289701,0.028157843831299816,-0.00023591202038064914
2.0,6.0,13.0,5.918185199544742,2.8141698042120584,6.0,-0.004320687885505857,0.02813256626421182,-0.0005423170452248782
2.0,7.0,13.0,5.895170689293565,2.859335698724533,6.0,-0.0044626360953883976,0.028060235835096207,-0.0008194213010860766
2.0,8.0,13.0,5.859335698724533,2.8951706892935642,6.0,-0.004575258967520971,0.02794761296296363,-0.0010576019368948551
2.0,9.0,13.0,5.814169804212058,2.918185199544742,6.0,-0.00464758939663659,0.02780566475308109,-0.001234926669117836
2.0,10.0,13.0,5.7612108185127315,2.9262281606329656,6.0,-0.004672866963724582,0.027639224271864934,-0.0013389836540507627
2.0,11.0,13.0,5.1136140803164825,2.926114080316483,6.0,-0.004672508429992828,0.025603945247614886,-0.0020694257383882305
2.0,12.0,13.0,4.463114080316483,2.926114080316483,6.0,-0.004672508429992828,0.023559541798390836,-0.0027847701010968256
2.0,13.0,13.0,3.8126140803164827,2.926114080316483,6.0,-0.004672508429992828,0.021515138349166782,-0.003387901198199077
2.0,14.0,13.0,3.1650173421202332,2.9262281606329656,6.0,-0.004672866963724582,0.01947985932491673,-0.003883293406693398
2.0,15.0,13.0,3.112058356420907,2.918185199544742,6.0,-0.00464758939663659,0.019313418843700574,-0.003924136099050707
2.0,16.0,13.0,3.0668924619084326,2.8951706892935642,6.0,-0.004575258967520971,0.019171470633818036,-0.003909538907255995
2.0,17.0,13.0,3.0310574713394014,2.859335698724533,6.0,-0.0044626360953883976,0.01905884776168546,-0.0038522549358469844
2.0,18.0,13.0,3.0080429610882238,2.8141698042120584,6.0,-0.004320687885505857,0.018986517332569845,-0.003759260567891503
2.0,19.0,13.0,3.0,2.7612108185127324,6.0,-0.004154247404289701,0.018961239765481853,-0.0035181651987159306
2.0,20.0,13.0,3.0001140803164827,2.113614080316483,6.0,-0.0021189683800396514,0.018961598299213605,-0.0018049533326688588
2.0,21.0,13.0,3.0001140803164827,1.4631140803164828,6.0,-7.456493081559989e-5,0.018961598299213605,-3.643217371940404e-5
2.0,22.0,13.0,3.0001140803164827,0.8126140803164827,6.0,0.001969838518408452,0.018961598299213605,0.001706948706452737
2.0,23.0,13.0,3.0,0.16501734212023322,6.0,0.004005117542658501,0.018961239765481853,0.003462116295441465
2.0,24.0,13.0,3.0080429610882238,0.11205835642090678,6.0,0.004171558023874659,0.018986517332569845,0.0036201865431879114
2.0,25.0,13.0,3.0310574713394014,0.06689246190843257,6.0,0.004313506233757198,0.01905884776168546,0.0037473091623409435
2.0,26.0,13.0,3.0668924619084326,0.0310574713394014,6.0,0.004426129105889771,0.019171470633818036,0.0038311033143505293
2.0,27.0,13.0,3.112058356420907,0.008042961088223777,6.0,0.00449845953500539,0.019313418843700574,0.00386101858341835
2.0,28.0,13.0,3.1650173421202332,0.0,6.0,0.004523737102093382,0.01947985932491673,0.0038314750587643736
2.0,29.0,13.0,3.8126140803164827,0.0001140803164827453,6.0,0.004523378568361628,0.021515138349166782,0.0033665922307738847
2.0,30.0,13.0,4.463114080316483,0.0001140803164827453,6.0,0.004523378568361628,0.023559541798390836,0.0027810654656944466
2.0,31.0,13.0,5.1136140803164825,0.0001140803164827453,6.0,0.004523378568361628,0.025603945247614886,0.0020866000927138454
2.0,32.0,13.0,5.761210818512732,0.0,6.0,0.004523737102093382,0.027639224271864934,0.0013771118949172055
2.0,33.0,13.0,5.814169804212058,0.008042961088223777,6.0,0.00449845953500539,0.02780566475308109,0.0012749622432981567
2.0,34.0,13.0,5.859335698724533,0.0310574713394014,6.0,0.004426129105889771,0.02794761296296363,0.001099269365606122
2.0,35.0,13.0,5.895170689293565,0.06689246190843257,6.0,0.004313506233757198,0.028060235835096207,0.0008623335673789198
2.0,36.0,13.0,5.918185199544742,0.11205835642090678,6.0,0.004171558023874659,0.02813256626421182,0.0005859491418118072
2.0,37.0,13.0,5.926228160632966,0.16501734212023322,6.0,0.004005117542658501,0.028157843831299816,0.0002796275636487507
2.0,38.0,13.0,5.9261140803164825,0.29986408031648293,6.0,0.0035813187160865945,0.028157485297568063,-0.00048109418806990497
2.0,39.0,13.0,5.9261140803164825,0.43761408031648275,6.0,0.003148395464540687,0.028157485297568063,-0.0012547095082247417
2.0,40.0,13.0,5.9261140803164825,0.5753640803164828,6.0,0.0027154722129947794,0.028157485297568063,-0.0020233923136132783
2.0,41.0,13.0,5.9261140803164825,0.7131140803164828,6.0,0.002282548961448871,0.028157485297568063,-0.0027875889243134965
1.0,1.0,14.0,2.926114080316483,2.213114080316483,6.5,-0.0027147948725393823,0.020559467003864025,0.0009973689507716053
1.0,2.0,14.0,2.926114080316483,2.350864080316483,6.5,-0.0031976972308853193,0.020559467003864025,0.0004737000856631515
1.0,3.0,14.0,2.926114080316483,2.488614080316483,6.5,-0.0036805995892312563,0.020559467003864025,-4.2368396411692756e-5
1.0,4.0,14.0,2.926114080316483,2.626364080316483,6.5,-0.004163501947577194,0.020559467003864025,-0.0005322542635134043
1.0,5.0,14.0,2.9262281606329656,2.7612108185127324,6.5,-0.004636226505763953,0.020559866928756006,-0.0010167484678161565
1.0,6.0,14.0,2.918185199544742,2.8141698042120584,6.5,-0.004821881816760782,0.02053167117646862,-0.0012497769251157069
1.0,7.0,14.0,2.8951706892935642,2.859335698724533,6.5,-0.004980217330204541,0.020450990513844514,-0.0014041799297001892
1.0,8.0,14.0,2.859335698724533,2.8951706892935642,6.5,-0.005105842023177968,0.020325365820871084,-0.0015553134350474419
1.0,9.0,14.0,2.814169804212059,2.918185199544742,6.5,-0.005186522685802073,0.02016703030742733,-0.0016861466943652596
1.0,10.0,14.0,2.761210818512732,2.9262281606329656,6.5,-0.005214718438089462,0.019981374996430497,-0.0017243981235816111
1.0,11.0,14.0,2.113614080316483,2.926114080316483,6.5,-0.005214318513197481,0.01771113185935532,-0.00204594538864091
1.0,12.0,14.0,1.4631140803164828,2.926114080316483,6.5,-0.005214318513197481,0.01543071092212097,-0.002311942529174309
1.0,13.0,14.0,0.8126140803164827,2.926114080316483,6.5,-0.005214318513197481,0.013150289984886617,-0.0026380714209500995
1.0,14.0,14.0,0.16501734212023322,2.9262281606329656,6.5,-0.005214718438089462,0.010880046847811442,-0.0029939183619727967
1.0,15.0,14.0,0.11205835642090678,2.918185199544742,6.5,-0.005186522685802073,0.010694391536814611,-0.003009857051084794
1.0,16.0,14.0,0.06689246190843257,2.8951706892935642,6.5,-0.005105842023177968,0.010536056023370854,-0.0029944260871456263
1.0,17.0,14.0,0.0310574713394014,2.859335698724533,6.5,-0.004980217330204541,0.010410431330397426,-0.0029481629037367654
1.0,18.0,14.0,0.008042961088223777,2.8141698042120584,6.5,-0.004821881816760782,0.010329750667773321,-0.0028731460954177905
1.0,19.0,14.0,0.0,2.7612108185127324,6.5,-0.004636226505763953,0.010301554915485933,-0.0027683526923530668
1.0,20.0,14.0,0.0001140803164827453,2.113614080316483,6.5,-0.002365983368688778,0.010301954840377913,-0.0013937470451634432
1.0,21.0,14.0,0.0001140803164827453,1.4631140803164828,6.5,-8.556243145442522e-5,0.010301954840377913,-1.7705976700787397e-5
1.0,22.0,14.0,0.0001140803164827453,0.8126140803164827,6.5,0.0021948585057799275,0.010301954840377913,0.0013579587241583772
1.0,23.0,14.0,0.0,0.16501734212023322,6.5,0.0044651016428551024,0.010301554915485933,0.002730853662979551
1.0,24.0,14.0,0.008042961088223777,0.11205835642090678,6.5,0.004650756953851933,0.010329750667773321,0.0028357486443400747
1.0,25.0,14.0,0.0310574713394014,0.06689246190843257,6.5,0.004809092467295691,0.010410431330397426,0.002911491647501872
1.0,26.0,14.0,0.06689246190843257,0.0310574713394014,6.5,0.004934717160269118,0.010536056023370854,0.0029590090957215
1.0,27.0,14.0,0.11205835642090678,0.008042961088223777,6.5,0.005015397822893223,0.010694391536814611,0.002976075048518607
1.0,28.0,14.0,0.16501734212023322,0.0,6.5,0.005043593575180612,0.010880046847811442,0.0029620608610088986
1.0,29.0,14.0,0.8126140803164827,0.0001140803164827453,6.5,0.005043193650288631,0.013150289984886617,0.0026288329949223197
1.0,30.0,14.0,1.4631140803164828,0.0001140803164827453,6.5,0.005043193650288631,0.01543071092212097,0.002324794173477191
1.0,31.0,14.0,2.113614080316483,0.0001140803164827453,6.5,0.005043193650288631,0.01771113185935532,0.0020823854405151014
1.0,32.0,14.0,2.7612108185127324,0.0,6.5,0.005043593575180612,0.019981374996430497,0.0018009494964195906
1.0,33.0,14.0,2.814169804212059,0.008042961088223777,6.5,0.005015397822893223,0.02016703030742733,0.0017649945398196698
1.0,34.0,14.0,2.859335698724533,0.0310574713394014,6.5,0.004934717160269118,0.020325365820871084,0.0016360794813273015
1.0,35.0,14.0,2.8951706892935642,0.06689246190843257,6.5,0.004809092467295691,0.020450990513844514,0.0014752229594974242
1.0,36.0,14.0,2.918185199544742,0.11205835642090678,6.5,0.004650756953851933,0.02053167117646862,0.0013064573938689735
1.0,37.0,14.0,2.9262281606329656,0.16501734212023322,6.5,0.0044651016428551024,0.020559866928756006,0.0011339319796806822
1.0,38.0,14.0,2.926114080316483,0.29986408031648293,6.5,0.003992377084668343,0.020559467003864025,0.0006207015875866197
1.0,39.0,14.0,2.926114080316483,0.43761408031648275,6.5,0.003509474726322406,0.020559467003864025,0.0001331760494075113
1.0,40.0,14.0,2.926114080316483,0.5753640803164828,6.5,0.0030265723679764687,0.020559467003864025,-0.00037374643251319024
1.0,41.0,14.0,2.926114080316483,0.7131140803164828,6.5,0.0025436700096305317,0.020559467003864025,-0.0008982890207460343
2.0,1.0,14.0,5.9261140803164825,2.213114080316483,6.5,-0.0027147948725393823,0.031076396768203854,0.003224859496299053
2.0,2.0,14.0,5.9261140803164825,2.350864080316483,6.5,-0.0031976972308853193,0.031076396768203854,0.002376612398729466
2.0,3.0,14.0,5.9261140803164825,2.488614080316483,6.5,-0.0036805995892312563,0.031076396768203854,0.001529588395920611
2.0,4.0,14.0,5.9261140803164825,2.626364080316483,6.5,-0.004163501947577194,0.031076396768203854,0.0006826468765052714
2.0,5.0,14.0,5.926228160632966,2.7612108185127324,6.5,-0.004636226505763953,0.03107679669309583,-0.00014704679186780897
2.0,6.0,14.0,5.918185199544742,2.8141698042120584,6.5,-0.004821881816760782,0.031048600940808444,-0.00048152363304001123
2.0,7.0,14.0,5.895170689293565,2.859335698724533,6.5,-0.004980217330204541,0.030967920278184343,-0.0007843406715914871
2.0,8.0,14.0,5.859335698724533,2.8951706892935642,6.5,-0.005105842023177968,0.030842295585210913,-0.0010443506848974195
2.0,9.0,14.0,5.814169804212058,2.918185199544742,6.5,-0.005186522685802073,0.030683960071767154,-0.0012367052785864318
2.0,10.0,14.0,5.7612108185127315,2.9262281606329656,6.5,-0.005214718438089462,0.030498304760770322,-0.001347355744431795
2.0,11.0,14.0,5.1136140803164825,2.926114080316483,6.5,-0.005214318513197481,0.02822806162369515,-0.0021207518202966723
2.0,12.0,14.0,4.463114080316483,2.926114080316483,6.5,-0.005214318513197481,0.0259476406864608,-0.0028887263320322766
2.0,13.0,14.0,3.8126140803164827,2.926114080316483,6.5,-0.005214318513197481,0.023667219749226445,-0.0036143271343144576
2.0,14.0,14.0,3.1650173421202332,2.9262281606329656,6.5,-0.005214718438089462,0.02139697661215127,-0.004400600148527826
2.0,15.0,14.0,3.112058356420907,2.918185199544742,6.5,-0.005186522685802073,0.02121132130115444,-0.004441598141940799
2.0,16.0,14.0,3.0668924619084326,2.8951706892935642,6.5,-0.005105842023177968,0.02105298578771068,-0.004416091450835522
2.0,17.0,14.0,3.0310574713394014,2.859335698724533,6.5,-0.004980217330204541,0.020927361094737255,-0.004322188567861876
2.0,18.0,14.0,3.0080429610882238,2.8141698042120584,6.5,-0.004821881816760782,0.02084668043211315,-0.004172717522594768
2.0,19.0,14.0,3.0,2.7612108185127324,6.5,-0.004636226505763953,0.02081848467982576,-0.004043997792757006
2.0,20.0,14.0,3.0001140803164827,2.113614080316483,6.5,-0.002365983368688778,0.02081888460471774,-0.0019867313244703888
2.0,21.0,14.0,3.0001140803164827,1.4631140803164828,6.5,-8.556243145442522e-5,0.02081888460471774,-4.098510869777888e-5
2.0,22.0,14.0,3.0001140803164827,0.8126140803164827,6.5,0.0021948585057799275,0.02081888460471774,0.0019082141907089927
2.0,23.0,14.0,3.0,0.16501734212023322,6.5,0.0044651016428551024,0.02081848467982576,0.003961320841122168
2.0,24.0,14.0,3.0080429610882238,0.11205835642090678,6.5,0.004650756953851933,0.02084668043211315,0.00413372266540924
2.0,25.0,14.0,3.0310574713394014,0.06689246190843257,6.5,0.004809092467295691,0.020927361094737255,0.004263687269238607
2.0,26.0,14.0,3.0668924619084326,0.0310574713394014,6.5,0.004934717160269118,0.02105298578771068,0.004347036225368174
2.0,27.0,14.0,3.112058356420907,0.008042961088223777,6.5,0.005015397822893223,0.02121132130115444,0.00437368447700616
2.0,28.0,14.0,3.1650173421202332,0.0,6.5,0.005043593575180612,0.02139697661215127,0.004336200951527533
2.0,29.0,14.0,3.8126140803164827,0.0001140803164827453,6.5,0.005043193650288631,0.023667219749226445,0.0035876445536464165
2.0,30.0,14.0,4.463114080316483,0.0001140803164827453,6.5,0.005043193650288631,0.0259476406864608,0.0028839719577754483
2.0,31.0,14.0,5.1136140803164825,0.0001140803164827453,6.5,0.005043193650288631,0.02822806162369515,0.0021376034683428104
2.0,32.0,14.0,5.761210818512732,0.0,6.5,0.005043593575180612,0.030498304760770322,0.0013868404904895683
2.0,33.0,14.0,5.814169804212058,0.008042961088223777,6.5,0.005015397822893223,0.030683960071767154,0.0012781199377660671
2.0,34.0,14.0,5.859335698724533,0.0310574713394014,6.5,0.004934717160269118,0.030842295585210913,0.0010874194349040649
2.0,35.0,14.0,5.895170689293565,0.06689246190843257,6.5,0.004809092467295691,0.030967920278184343,0.0008286936102523491
2.0,36.0,14.0,5.918185199544742,0.11205835642090678,6.5,0.004650756953851933,0.031048600940808444,0.0005266344740874218
2.0,37.0,14.0,5.926228160632966,0.16501734212023322,6.5,0.0044651016428551024,0.03107679669309583,0.00019228842240776763
2.0,38.0,14.0,5.9261140803164825,0.29986408031648293,6.5,0.003992377084668343,0.031076396768203854,-0.0006378604789357993
2.0,39.0,14.0,5.9261140803164825,0.43761408031648275,6.5,0.003509474726322406,0.031076396768203854,-0.0014851292961753633
2.0,40.0,14.0,5.9261140803164825,0.5753640803164828,6.5,0.0030265723679764687,0.031076396768203854,-0.0023323460072360775
2.0,41.0,14.0,5.9261140803164825,0.7131140803164828,6.5,0.0025436700096305317,0.031076396768203854,-0.0031806635147426667
1.0,1.0,15.0,2.926114080316483,2.213114080316483,7.0,-0.0030347235691379148,0.02253414559671059,0.0016246675665752706
1.0,2.0,15.0,2.926114080316483,2.350864080316483,7.0,-0.0035745030195252917,0.02253414559671059,0.0010663492833242986
1.0,3.0,15.0,2.926114080316483,2.488614080316483,7.0,-0.004114282469912669,0.02253414559671059,0.0005209053421687447
1.0,4.0,15.0,2.926114080316483,2.626364080316483,7.0,-0.0046540619203000455,0.02253414559671059,-2.1699181046126604e-5
1.0,5.0,15.0,2.9262281606329656,2.7612108185127324,7.0,-0.005182464811262674,0.022534592625462178,-0.0005382740550023939
1.0,6.0,15.0,2.918185199544742,2.8141698042120584,7.0,-0.005389986932452185,0.022503075927707634,-0.0007257060235890328
1.0,7.0,15.0,2.8951706892935642,2.859335698724533,7.0,-0.005566971482116053,0.02241289255424618,-0.0009355605359684466
1.0,8.0,15.0,2.859335698724533,2.8951706892935642,7.0,-0.0057073924731431925,0.02227247156321904,-0.0011079251134940783
1.0,9.0,15.0,2.814169804212059,2.918185199544742,7.0,-0.005797575846604647,0.022095487013555175,-0.0012252511050201199
1.0,10.0,15.0,2.761210818512732,2.9262281606329656,7.0,-0.005829092544359191,0.02188796489236566,-0.0013136903915769427
1.0,11.0,15.0,2.113614080316483,2.926114080316483,7.0,-0.005828645515607604,0.019350328511848567,-0.001768559726887567
1.0,12.0,15.0,1.4631140803164828,2.926114080316483,7.0,-0.005828645515607604,0.016801315571906724,-0.002160734356128474
1.0,13.0,15.0,0.8126140803164827,2.926114080316483,7.0,-0.005828645515607604,0.014252302631964885,-0.002560965498654766
1.0,14.0,15.0,0.16501734212023322,2.9262281606329656,7.0,-0.005829092544359191,0.011714666251447792,-0.0029862677675472674
1.0,15.0,15.0,0.11205835642090678,2.918185199544742,7.0,-0.005797575846604647,0.011507144130258279,-0.003008253064374179
1.0,16.0,15.0,0.06689246190843257,2.8951706892935642,7.0,-0.0057073924731431925,0.011330159580594412,-0.0029976220533222435
1.0,17.0,15.0,0.0310574713394014,2.859335698724533,7.0,-0.005566971482116053,0.011189738589567273,-0.002954781923956516
1.0,18.0,15.0,0.008042961088223777,2.8141698042120584,7.0,-0.005389986932452185,0.011099555216105818,-0.002881524906792166
1.0,19.0,15.0,0.0,2.7612108185127324,7.0,-0.005182464811262674,0.011068038518351274,-0.002776667777305549
1.0,20.0,15.0,0.0001140803164827453,2.113614080316483,7.0,-0.002644828430745581,0.01106848554710286,-0.0013953171165460442
1.0,21.0,15.0,0.0001140803164827453,1.4631140803164828,7.0,-9.581549080373922e-5,0.01106848554710286,-1.7903793919070986e-5
1.0,22.0,15.0,0.0001140803164827453,0.8126140803164827,7.0,0.0024531974491381024,0.01106848554710286,0.0013590225102799347
1.0,23.0,15.0,0.0,0.16501734212023322,7.0,0.004990833829655195,0.011068038518351274,0.002738731567279736
1.0,24.0,15.0,0.008042961088223777,0.11205835642090678,7.0,0.0051983559508447085,0.011099555216105818,0.0028437291846966483
1.0,25.0,15.0,0.0310574713394014,0.06689246190843257,7.0,0.005375340500508575,0.011189738589567273,0.002917741408276655
1.0,26.0,15.0,0.06689246190843257,0.0310574713394014,7.0,0.005515761491535714,0.011330159580594412,0.002961855989366509
1.0,27.0,15.0,0.11205835642090678,0.008042961088223777,7.0,0.005605944864997168,0.011507144130258279,0.0029741368910513877
1.0,28.0,15.0,0.16501734212023322,0.0,7.0,0.005637461562751712,0.011714666251447792,0.0029541013360714573
1.0,29.0,15.0,0.8126140803164827,0.0001140803164827453,7.0,0.0056370145340001255,0.014252302631964885,0.002552196005796642
1.0,30.0,15.0,1.4631140803164828,0.0001140803164827453,7.0,0.0056370145340001255,0.016801315571906724,0.0021751527860377445
1.0,31.0,15.0,2.113614080316483,0.0001140803164827453,7.0,0.0056370145340001255,0.019350328511848567,0.001809879322779943
1.0,32.0,15.0,2.7612108185127324,0.0,7.0,0.005637461562751712,0.02188796489236566,0.0013874179294239219
1.0,33.0,15.0,2.814169804212059,0.008042961088223777,7.0,0.005605944864997168,0.022095487013555175,0.0013013977689395125
1.0,34.0,15.0,2.859335698724533,0.0310574713394014,7.0,0.005515761491535714,0.02227247156321904,0.0011857690928946322
1.0,35.0,15.0,2.8951706892935642,0.06689246190843257,7.0,0.005375340500508575,0.02241289255424618,0.0010238237448155524
1.0,36.0,15.0,2.918185199544742,0.11205835642090678,7.0,0.0051983559508447085,0.022503075927707634,0.0008270234469715019
1.0,37.0,15.0,2.9262281606329656,0.16501734212023322,7.0,0.004990833829655195,0.022534592625462178,0.0006082847323402757
1.0,38.0,15.0,2.926114080316483,0.29986408031648293,7.0,0.004462430938692566,0.02253414559671059,0.00011151547969820567
1.0,39.0,15.0,2.926114080316483,0.43761408031648275,7.0,0.00392265148830519,0.02253414559671059,-0.0004306961473768365
1.0,40.0,15.0,2.926114080316483,0.5753640803164828,7.0,0.0033828720379178133,0.02253414559671059,-0.0009784280153739232
1.0,41.0,15.0,2.926114080316483,0.7131140803164828,7.0,0.002843092587530436,0.02253414559671059,-0.001534679280020463
2.0,1.0,15.0,5.9261140803164825,2.213114080316483,7.0,-0.0030347235691379148,0.034289777910047295,0.0036104564137072574
2.0,2.0,15.0,5.9261140803164825,2.350864080316483,7.0,-0.0035745030195252917,0.034289777910047295,0.0026860933784214535
2.0,3.0,15.0,5.9261140803164825,2.488614080316483,7.0,-0.004114282469912669,0.034289777910047295,0.0017648419173177628
2.0,4.0,15.0,5.9261140803164825,2.626364080316483,7.0,-0.0046540619203000455,0.034289777910047295,0.000845803803084961
2.0,5.0,15.0,5.926228160632966,2.7612108185127324,7.0,-0.005182464811262674,0.03429022493879888,-5.2728129419896235e-5
2.0,6.0,15.0,5.918185199544742,2.8141698042120584,7.0,-0.005389986932452185,0.034258708241044336,-0.00041480896119075407
2.0,7.0,15.0,5.895170689293565,2.859335698724533,7.0,-0.005566971482116053,0.034168524867582886,-0.00074272583863562
2.0,8.0,15.0,5.859335698724533,2.8951706892935642,7.0,-0.0057073924731431925,0.03402810387655574,-0.001024176571777623
2.0,9.0,15.0,5.814169804212058,2.918185199544742,7.0,-0.005797575846604647,0.033851119326891874,-0.0012322122000764588
2.0,10.0,15.0,5.7612108185127315,2.9262281606329656,7.0,-0.005829092544359191,0.03364359720570236,-0.001351297391872125
2.0,11.0,15.0,5.1136140803164825,2.926114080316483,7.0,-0.005828645515607604,0.03110596082518527,-0.002171805602342987
2.0,12.0,15.0,4.463114080316483,2.926114080316483,7.0,-0.005828645515607604,0.02855694788524343,-0.00300446864437325
2.0,13.0,15.0,3.8126140803164827,2.926114080316483,7.0,-0.005828645515607604,0.026007934945301587,-0.0038562567394848017
2.0,14.0,15.0,3.1650173421202332,2.9262281606329656,7.0,-0.005829092544359191,0.023470298564784494,-0.004806276866828695
2.0,15.0,15.0,3.112058356420907,2.918185199544742,7.0,-0.005797575846604647,0.02326277644359498,-0.004858380686253159
2.0,16.0,15.0,3.0668924619084326,2.8951706892935642,7.0,-0.0057073924731431925,0.023085791893931114,-0.004837547953448515
2.0,17.0,15.0,3.0310574713394014,2.859335698724533,7.0,-0.005566971482116053,0.022945370902903973,-0.004760054512652598
2.0,18.0,15.0,3.0080429610882238,2.8141698042120584,7.0,-0.005389986932452185,0.02285518752944252,-0.0046349731988496535
2.0,19.0,15.0,3.0,2.7612108185127324,7.0,-0.005182464811262674,0.022823670831687976,-0.0044288589298348835
2.0,20.0,15.0,3.0001140803164827,2.113614080316483,7.0,-0.002644828430745581,0.02282411786043956,-0.0021822025971731207
2.0,21.0,15.0,3.0001140803164827,1.4631140803164828,7.0,-9.581549080373922e-5,0.02282411786043956,-3.879542594368587e-5
2.0,22.0,15.0,3.0001140803164827,0.8126140803164827,7.0,0.0024531974491381024,0.02282411786043956,0.0021039265710634495
2.0,23.0,15.0,3.0,0.16501734212023322,7.0,0.004990833829655195,0.022823670831687976,0.004360485602970864
2.0,24.0,15.0,3.0080429610882238,0.11205835642090678,7.0,0.0051983559508447085,0.02285518752944252,0.004545855334367061
2.0,25.0,15.0,3.0310574713394014,0.06689246190843257,7.0,0.005375340500508575,0.022945370902903973,0.004686135748259836
2.0,26.0,15.0,3.0668924619084326,0.0310574713394014,7.0,0.005515761491535714,0.023085791893931114,0.0047730381589345
2.0,27.0,15.0,3.112058356420907,0.008042961088223777,7.0,0.005605944864997168,0.02326277644359498,0.004795153152627173
2.0,28.0,15.0,3.1650173421202332,0.0,7.0,0.005637461562751712,0.023470298564784494,0.004744250830374038
2.0,29.0,15.0,3.8126140803164827,0.0001140803164827453,7.0,0.0056370145340001255,0.026007934945301587,0.0038245124500779263
2.0,30.0,15.0,4.463114080316483,0.0001140803164827453,7.0,0.0056370145340001255,0.02855694788524343,0.002998384759131375
2.0,31.0,15.0,5.1136140803164825,0.0001140803164827453,7.0,0.0056370145340001255,0.03110596082518527,0.002188398545211651
2.0,32.0,15.0,5.761210818512732,0.0,7.0,0.005637461562751712,0.03364359720570236,0.0013913252084058636
2.0,33.0,15.0,5.814169804212058,0.008042961088223777,7.0,0.005605944864997168,0.033851119326891874,0.0012742185875363225
2.0,34.0,15.0,5.859335698724533,0.0310574713394014,7.0,0.005515761491535714,0.03402810387655574,0.0010678598443662306
2.0,35.0,15.0,5.895170689293565,0.06689246190843257,7.0,0.005375340500508575,0.034168524867582886,0.0007877094656584133
2.0,36.0,15.0,5.918185199544742,0.11205835642090678,7.0,0.0051983559508447085,0.034258708241044336,0.00046057853863003126
2.0,37.0,15.0,5.926228160632966,0.16501734212023322,7.0,0.004990833829655195,0.03429022493879888,9.867269695986434e-5
2.0,38.0,15.0,5.9261140803164825,0.29986408031648293,7.0,0.004462430938692566,0.034289777910047295,-0.000800201865419916
2.0,39.0,15.0,5.9261140803164825,0.43761408031648275,7.0,0.00392265148830519,0.034289777910047295,-0.0017195014410254226
2.0,40.0,15.0,5.9261140803164825,0.5753640803164828,7.0,0.0033828720379178133,0.034289777910047295,-0.002640913089836626
2.0,41.0,15.0,5.9261140803164825,0.7131140803164828,7.0,0.002843092587530436,0.034289777910047295,-0.0035653335659405227
1.0,1.0,16.0,2.926114080316483,2.213114080316483,7.5,-0.00338903808266543,0.02464307015552512,0.002201741017231588
1.0,2.0,16.0,2.926114080316483,2.350864080316483,7.5,-0.003991979953549176,0.02464307015552512,0.0016078137835554753
1.0,3.0,16.0,2.926114080316483,2.488614080316483,7.5,-0.004594921824432922,0.02464307015552512,0.0010241179511264302
1.0,4.0,16.0,2.926114080316483,2.626364080316483,7.5,-0.0051978636953166684,0.02464307015552512,0.00045574584851857595
1.0,5.0,16.0,2.9262281606329656,2.7612108185127324,7.5,-0.0057880977759745085,0.02464356949345217,-9.116013436509033e-5
1.0,6.0,16.0,2.918185199544742,2.8141698042120584,7.5,-0.006019903147427555,0.02460836486182982,-0.00032575100632894013
1.0,7.0,16.0,2.8951706892935642,2.859335698724533,7.5,-0.006217597586175209,0.02450762865951898,-0.0005241017742006579
1.0,8.0,16.0,2.859335698724533,2.8951706892935642,7.5,-0.006374449972794396,0.02435077627289979,-0.0007075173988791081
1.0,9.0,16.0,2.814169804212059,2.918185199544742,7.5,-0.006475186175105237,0.02415308183415214,-0.0008569674856984231
1.0,10.0,16.0,2.761210818512732,2.9262281606329656,7.5,-0.006510390806727587,0.02392127646269909,-0.0009369146851599719
1.0,11.0,16.0,2.113614080316483,2.926114080316483,7.5,-0.006509891468800537,0.021086697958842406,-0.001507156173838314
1.0,12.0,16.0,1.4631140803164828,2.926114080316483,7.5,-0.006509891468800537,0.018239411664759817,-0.002000606509614243
1.0,13.0,16.0,0.8126140803164827,2.926114080316483,7.5,-0.006509891468800537,0.015392125370677225,-0.0024793721214684187
1.0,14.0,16.0,0.16501734212023322,2.9262281606329656,7.5,-0.006510390806727587,0.012557546866820542,-0.002973598717480931
1.0,15.0,16.0,0.11205835642090678,2.918185199544742,7.5,-0.006475186175105237,0.012325741495367493,-0.0030012395668835502
1.0,16.0,16.0,0.06689246190843257,2.8951706892935642,7.5,-0.006374449972794396,0.01212804705661984,-0.002995309972425983
1.0,17.0,16.0,0.0310574713394014,2.859335698724533,7.5,-0.006217597586175209,0.011971194670000653,-0.0029560043177917048
1.0,18.0,16.0,0.008042961088223777,2.8141698042120584,7.5,-0.006019903147427555,0.011870458467689813,-0.002884723480132519
1.0,19.0,16.0,0.0,2.7612108185127324,7.5,-0.0057880977759745085,0.011835253836067462,-0.0027800875168008093
1.0,20.0,16.0,0.0001140803164827453,2.113614080316483,7.5,-0.0029535192721178243,0.011835753173994512,-0.0013949112882848198
1.0,21.0,16.0,0.0001140803164827453,1.4631140803164828,7.5,-0.0001062329780352333,0.011835753173994512,-1.8032241569962008e-5
1.0,22.0,16.0,0.0001140803164827453,0.8126140803164827,7.5,0.002741053316047358,0.011835753173994512,0.0013583670101142192
1.0,23.0,16.0,0.0,0.16501734212023322,7.5,0.0055756318199040415,0.011835253836067462,0.0027420540773578383
1.0,24.0,16.0,0.008042961088223777,0.11205835642090678,7.5,0.00580743719135709,0.011870458467689813,0.002846841776076203
1.0,25.0,16.0,0.0310574713394014,0.06689246190843257,7.5,0.006005131630104742,0.011971194670000653,0.0029188972409887118
1.0,26.0,16.0,0.06689246190843257,0.0310574713394014,7.5,0.00616198401672393,0.01212804705661984,0.002959504971354455
1.0,27.0,16.0,0.11205835642090678,0.008042961088223777,7.5,0.00626272021903477,0.012325741495367493,0.0029671185404373836
1.0,28.0,16.0,0.16501734212023322,0.0,7.5,0.00629792485065712,0.012557546866820542,0.0029414628848367197
1.0,29.0,16.0,0.8126140803164827,0.0001140803164827453,7.5,0.006297425512730071,0.015392125370677225,0.002471073309098094
1.0,30.0,16.0,1.4631140803164828,0.0001140803164827453,7.5,0.006297425512730071,0.018239411664759817,0.002016617449365099
1.0,31.0,16.0,2.113614080316483,0.0001140803164827453,7.5,0.006297425512730071,0.021086697958842406,0.0015499911420085485
1.0,32.0,16.0,2.7612108185127324,0.0,7.5,0.00629792485065712,0.023921276462699093,0.0010104184653758077
1.0,33.0,16.0,2.814169804212059,0.008042961088223777,7.5,0.00626272021903477,0.02415308183415214,0.0009338889325799528
1.0,34.0,16.0,2.859335698724533,0.0310574713394014,7.5,0.00616198401672393,0.02435077627289979,0.0007881447246834375
1.0,35.0,16.0,2.8951706892935642,0.06689246190843257,7.5,0.006005131630104742,0.02450762865951898,0.0006014412839503273
1.0,36.0,16.0,2.918185199544742,0.11205835642090678,7.5,0.00580743719135709,0.02460836486182982,0.0003971141669563388
1.0,37.0,16.0,2.9262281606329656,0.16501734212023322,7.5,0.0055756318199040415,0.02464356949345217,0.00018141252428682095
1.0,38.0,16.0,2.926114080316483,0.29986408031648293,7.5,0.0049853977392462015,0.02464307015552512,-0.00037449313800854675
1.0,39.0,16.0,2.926114080316483,0.43761408031648275,7.5,0.004382455868362456,0.02464307015552512,-0.0009409878331448899
1.0,40.0,16.0,2.926114080316483,0.5753640803164828,7.5,0.0037795139974787094,0.02464307015552512,-0.0015227322196871092
1.0,41.0,16.0,2.926114080316483,0.7131140803164828,7.5,0.003176572126594963,0.02464307015552512,-0.0021177760840489766
2.0,1.0,16.0,5.9261140803164825,2.213114080316483,7.5,-0.00338903808266543,0.03777429057404591,0.003974738499612711
2.0,2.0,16.0,5.9261140803164825,2.350864080316483,7.5,-0.003991979953549176,0.03777429057404591,0.002980117099868117
2.0,3.0,16.0,5.9261140803164825,2.488614080316483,7.5,-0.004594921824432922,0.03777429057404591,0.001990852326525464
2.0,4.0,16.0,5.9261140803164825,2.626364080316483,7.5,-0.0051978636953166684,0.03777429057404591,0.0010052852556359955
2.0,5.0,16.0,5.926228160632966,2.7612108185127324,7.5,-0.0057880977759745085,0.03777478991197295,4.2673514022147413e-5
2.0,6.0,16.0,5.918185199544742,2.8141698042120584,7.5,-0.006019903147427555,0.0377395852803506,-0.0003452575258216215
2.0,7.0,16.0,5.895170689293565,2.859335698724533,7.5,-0.006217597586175209,0.03763884907803977,-0.0006968591777720852
2.0,8.0,16.0,5.859335698724533,2.8951706892935642,7.5,-0.006374449972794396,0.03748199669142058,-0.0009987371832535794
2.0,9.0,16.0,5.814169804212058,2.918185199544742,7.5,-0.006475186175105237,0.03728430225267293,-0.001221662686844715
2.0,10.0,16.0,5.7612108185127315,2.9262281606329656,7.5,-0.006510390806727587,0.03705249688121988,-0.0013487402790271841
2.0,11.0,16.0,5.1136140803164825,2.926114080316483,7.5,-0.006509891468800537,0.034217918377363196,-0.002221029743749198
2.0,12.0,16.0,4.463114080316483,2.926114080316483,7.5,-0.006509891468800537,0.03137063208328061,-0.0031231071326862326
2.0,13.0,16.0,3.8126140803164827,2.926114080316483,7.5,-0.006509891468800537,0.02852334578919801,-0.004079490086741004
2.0,14.0,16.0,3.1650173421202332,2.9262281606329656,7.5,-0.006510390806727587,0.025688767285341328,-0.005155356725049051
2.0,15.0,16.0,3.112058356420907,2.918185199544742,7.5,-0.006475186175105237,0.025456961913888278,-0.0052161035105808716
2.0,16.0,16.0,3.0668924619084326,2.8951706892935642,7.5,-0.006374449972794396,0.025259267475140627,-0.005199290267863174
2.0,17.0,16.0,3.0310574713394014,2.859335698724533,7.5,-0.006217597586175209,0.02510241508852144,-0.0051078130400353
2.0,18.0,16.0,3.0080429610882238,2.8141698042120584,7.5,-0.006019903147427555,0.0250016788862106,-0.004954601353961341
2.0,19.0,16.0,3.0,2.7612108185127324,7.5,-0.0057880977759745085,0.02496647425458825,-0.0047698740426420794
2.0,20.0,16.0,3.0001140803164827,2.113614080316483,7.5,-0.0029535192721178243,0.024966973592515297,-0.0023506792740322483
2.0,21.0,16.0,3.0001140803164827,1.4631140803164828,7.5,-0.0001062329780352333,0.024966973592515297,-3.7885396105450015e-5
2.0,22.0,16.0,3.0001140803164827,0.8126140803164827,7.5,0.002741053316047358,0.024966973592515297,0.0022769011260198573
2.0,23.0,16.0,3.0,0.16501734212023322,7.5,0.0055756318199040415,0.02496647425458825,0.0046971267917113695
2.0,24.0,16.0,3.0080429610882238,0.11205835642090678,7.5,0.00580743719135709,0.0250016788862106,0.004893882836362525
2.0,25.0,16.0,3.0310574713394014,0.06689246190843257,7.5,0.006005131630104742,0.02510241508852144,0.005039962419887091
2.0,26.0,16.0,3.0668924619084326,0.0310574713394014,7.5,0.00616198401672393,0.025259267475140627,0.0051290721980071655
2.0,27.0,16.0,3.112058356420907,0.008042961088223777,7.5,0.00626272021903477,0.025456961913888278,0.005149696916317597
2.0,28.0,16.0,3.1650173421202332,0.0,7.5,0.00629792485065712,0.025688767285341328,0.005092725951405036
2.0,29.0,16.0,3.8126140803164827,0.0001140803164827453,7.5,0.006297425512730071,0.02852334578919801,0.0040459678549585616
2.0,30.0,16.0,4.463114080316483,0.0001140803164827453,7.5,0.006297425512730071,0.03137063208328061,0.0031154602528564272
2.0,31.0,16.0,5.1136140803164825,0.0001140803164827453,7.5,0.006297425512730071,0.034217918377363196,0.0022372710863527677
2.0,32.0,16.0,5.761210818512732,0.0,7.5,0.00629792485065712,0.03705249688121988,0.0013888901613496251
2.0,33.0,16.0,5.814169804212058,0.008042961088223777,7.5,0.00626272021903477,0.03728430225267293,0.0012638230233634259
2.0,34.0,16.0,5.859335698724533,0.0310574713394014,7.5,0.00616198401672393,0.03748199669142058,0.001042612839020615
2.0,35.0,16.0,5.895170689293565,0.06689246190843257,7.5,0.006005131630104742,0.03763884907803977,0.0007420740861776554
2.0,36.0,16.0,5.918185199544742,0.11205835642090678,7.5,0.00580743719135709,0.0377395852803506,0.0003912882913781489
2.0,37.0,16.0,5.926228160632966,0.16501734212023322,7.5,0.0055756318199040415,0.03777478991197295,3.5535661173361014e-6
2.0,38.0,16.0,5.9261140803164825,0.29986408031648293,7.5,0.0049853977392462015,0.03777429057404591,-0.0009593483836464986
2.0,39.0,16.0,5.9261140803164825,0.43761408031648275,7.5,0.004382455868362456,0.03777429057404591,-0.0019451203609084189
2.0,40.0,16.0,5.9261140803164825,0.5753640803164828,7.5,0.0037795139974787094,0.03777429057404591,-0.0029345071527281255
2.0,41.0,16.0,5.9261140803164825,0.7131140803164828,7.5,0.003176572126594963,0.03777429057404591,-0.0039291712498099735
1.0,1.0,17.0,2.926114080316483,2.213114080316483,8.0,-0.0037734456136222995,0.02687059065348259,0.002718519140971525
1.0,2.0,17.0,2.926114080316483,2.350864080316483,8.0,-0.004445121515041948,0.02687059065348259,0.0020941289436205756
1.0,3.0,17.0,2.926114080316483,2.488614080316483,8.0,-0.005116797416461596,0.02687059065348259,0.0014821272962729144
1.0,4.0,17.0,2.926114080316483,2.626364080316483,8.0,-0.0057884733178812445,0.02687059065348259,0.0008792091733236084
1.0,5.0,17.0,2.9262281606329656,2.7612108185127324,8.0,-0.00644599276928934,0.026871146914821304,0.000298235753911853
1.0,6.0,17.0,2.918185199544742,2.8141698042120584,8.0,-0.006704223436860049,0.02683192903359433,6.865487144848909e-5
1.0,7.0,17.0,2.8951706892935642,2.859335698724533,8.0,-0.006924454601361618,0.026719709128558457,-0.00015923308998363708
1.0,8.0,17.0,2.859335698724533,2.8951706892935642,8.0,-0.0070991878107468705,0.0265449759191732,-0.00035676059124620344
1.0,9.0,17.0,2.814169804212059,2.918185199544742,8.0,-0.007211407715782743,0.026324744754671635,-0.0005037469817417544
1.0,10.0,17.0,2.761210818512732,2.9262281606329656,8.0,-0.007250625597009719,0.026066514087100923,-0.0006018593145240843
1.0,11.0,17.0,2.113614080316483,2.926114080316483,8.0,-0.007250069335671005,0.022908799946379402,-0.0012602931505935162
1.0,12.0,17.0,1.4631140803164828,2.926114080316483,8.0,-0.007250069335671005,0.019736929355646325,-0.0018410721939735731
1.0,13.0,17.0,0.8126140803164827,2.926114080316483,8.0,-0.007250069335671005,0.01656505876491325,-0.00239339700697394
1.0,14.0,17.0,0.16501734212023322,2.9262281606329656,8.0,-0.007250625597009719,0.013407344624191726,-0.002954124901516506
1.0,15.0,17.0,0.11205835642090678,2.918185199544742,8.0,-0.007211407715782743,0.013149113956621016,-0.0029871442644527632
1.0,16.0,17.0,0.06689246190843257,2.8951706892935642,8.0,-0.0070991878107468705,0.012928882792119449,-0.00298564927360061
1.0,17.0,17.0,0.0310574713394014,2.859335698724533,8.0,-0.006924454601361618,0.012754149582734195,-0.0029497417914500354
1.0,18.0,17.0,0.008042961088223777,2.8141698042120584,8.0,-0.006704223436860049,0.012641929677698322,-0.002880543365922806
1.0,19.0,17.0,0.0,2.7612108185127324,8.0,-0.00644599276928934,0.012602711796471348,-0.002776524335092508
1.0,20.0,17.0,0.0001140803164827453,2.113614080316483,8.0,-0.003288278628567817,0.012603268057810061,-0.0013916578131316646
1.0,21.0,17.0,0.0001140803164827453,1.4631140803164828,8.0,-0.00011640803783474094,0.012603268057810061,-1.8072842428378587e-5
1.0,22.0,17.0,0.0001140803164827453,0.8126140803164827,8.0,0.0030554625528983353,0.012603268057810061,0.001355075009439153
1.0,23.0,17.0,0.0,0.16501734212023322,8.0,0.0062131766936198585,0.012602711796471348,0.0027386570215416303
1.0,24.0,17.0,0.008042961088223777,0.11205835642090678,8.0,0.006471407361190569,0.012641929677698322,0.0028428639285135973
1.0,25.0,17.0,0.0310574713394014,0.06689246190843257,8.0,0.006691638525692135,0.012754149582734195,0.0029128569822747825
1.0,26.0,17.0,0.06689246190843257,0.0310574713394014,8.0,0.006866371735077389,0.012928882792119449,0.002950073412342403
1.0,27.0,17.0,0.11205835642090678,0.008042961088223777,8.0,0.006978591640113261,0.013149113956621016,0.00295325101796473
1.0,28.0,17.0,0.16501734212023322,0.0,8.0,0.0070178095213402365,0.013407344624191726,0.002922216551455577
1.0,29.0,17.0,0.8126140803164827,0.0001140803164827453,8.0,0.007017253260001523,0.01656505876491325,0.0023856386190134384
1.0,30.0,17.0,1.4631140803164828,0.0001140803164827453,8.0,0.007017253260001523,0.019736929355646325,0.0018580369465422835
1.0,31.0,17.0,2.113614080316483,0.0001140803164827453,8.0,0.007017253260001523,0.022908799946379402,0.0013038177545761104
1.0,32.0,17.0,2.7612108185127324,0.0,8.0,0.0070178095213402365,0.026066514087100926,0.0006740055877766414
1.0,33.0,17.0,2.814169804212059,0.008042961088223777,8.0,0.006978591640113261,0.026324744754671635,0.0005776445862891138
1.0,34.0,17.0,2.859335698724533,0.0310574713394014,8.0,0.006866371735077389,0.0265449759191732,0.0004314003282112707
1.0,35.0,17.0,2.8951706892935642,0.06689246190843257,8.0,0.006691638525692135,0.026719709128558457,0.0002387624624799467
1.0,36.0,17.0,2.918185199544742,0.11205835642090678,8.0,0.006471407361190569,0.02683192903359433,1.6611872464747486e-5
1.0,37.0,17.0,2.9262281606329656,0.16501734212023322,8.0,0.0062131766936198585,0.026871146914821304,-0.00022269942204337754
1.0,38.0,17.0,2.926114080316483,0.29986408031648293,8.0,0.005555657242211761,0.02687059065348259,-0.0007977679821934301
1.0,39.0,17.0,2.926114080316483,0.43761408031648275,8.0,0.004883981340792114,0.02687059065348259,-0.0014011296666144417
1.0,40.0,17.0,2.926114080316483,0.5753640803164828,8.0,0.004212305439372466,0.02687059065348259,-0.0020136063157797086
1.0,41.0,17.0,2.926114080316483,0.7131140803164828,8.0,0.0035406295379528173,0.02687059065348259,-0.00263711051673739
2.0,1.0,17.0,5.9261140803164825,2.213114080316483,8.0,-0.0037734456136222995,0.04149874095663282,0.0043063642861423624
2.0,2.0,17.0,5.9261140803164825,2.350864080316483,8.0,-0.004445121515041948,0.04149874095663282,0.0032505446337783984
2.0,3.0,17.0,5.9261140803164825,2.488614080316483,8.0,-0.005116797416461596,0.04149874095663282,0.0022007306289134766
2.0,4.0,17.0,5.9261140803164825,2.626364080316483,8.0,-0.0057884733178812445,0.04149874095663282,0.001155563138933659
2.0,5.0,17.0,5.926228160632966,2.7612108185127324,8.0,-0.00644599276928934,0.041499297217971534,0.0001353301117923095
2.0,6.0,17.0,5.918185199544742,2.8141698042120584,8.0,-0.006704223436860049,0.04146007933674456,-0.00027584716904667414
2.0,7.0,17.0,5.895170689293565,2.859335698724533,8.0,-0.006924454601361618,0.04134785943170869,-0.0006486918001255861
2.0,8.0,17.0,5.859335698724533,2.8951706892935642,8.0,-0.0070991878107468705,0.041173126222323435,-0.0009689115396660437
2.0,9.0,17.0,5.814169804212058,2.918185199544742,8.0,-0.007211407715782743,0.04095289505782187,-0.0012055063490081412
2.0,10.0,17.0,5.7612108185127315,2.9262281606329656,8.0,-0.007250625597009719,0.040694664390251156,-0.001340445278539787
2.0,11.0,17.0,5.1136140803164825,2.926114080316483,8.0,-0.007250069335671005,0.03753695024952963,-0.002266027451615172
2.0,12.0,17.0,4.463114080316483,2.926114080316483,8.0,-0.007250069335671005,0.034365079658796566,-0.0032342362056980104
2.0,13.0,17.0,3.8126140803164827,2.926114080316483,8.0,-0.007250069335671005,0.031193209068063485,-0.004278348216835705
2.0,14.0,17.0,3.1650173421202332,2.9262281606329656,8.0,-0.007250625597009719,0.02803549492734196,-0.0054519986025576206
2.0,15.0,17.0,3.112058356420907,2.918185199544742,8.0,-0.007211407715782743,0.02777726425977125,-0.00551713998704605
2.0,16.0,17.0,3.0668924619084326,2.8951706892935642,8.0,-0.0070991878107468705,0.027557033095269683,-0.005498694015469298
2.0,17.0,17.0,3.0310574713394014,2.859335698724533,8.0,-0.006924454601361618,0.02738229988588443,-0.005410467670562858
2.0,18.0,17.0,3.0080429610882238,2.8141698042120584,8.0,-0.006704223436860049,0.027270079980848558,-0.00526353900905331
2.0,19.0,17.0,3.0,2.7612108185127324,8.0,-0.00644599276928934,0.02723086209962158,-0.005051723190349837
2.0,20.0,17.0,3.0001140803164827,2.113614080316483,8.0,-0.003288278628567817,0.027231418360960297,-0.002496986955874573
2.0,21.0,17.0,3.0001140803164827,1.4631140803164828,8.0,-0.00011640803783474094,0.027231418360960297,-3.646879381776871e-5
2.0,22.0,17.0,3.0001140803164827,0.8126140803164827,8.0,0.0030554625528983353,0.027231418360960297,0.0024245606902640643
2.0,23.0,17.0,3.0,0.16501734212023322,8.0,0.0062131766936198585,0.02723086209962158,0.004982587144249656
2.0,24.0,17.0,3.0080429610882238,0.11205835642090678,8.0,0.006471407361190569,0.027270079980848558,0.0051888321834062424
2.0,25.0,17.0,3.0310574713394014,0.06689246190843257,8.0,0.006691638525692135,0.02738229988588443,0.005341918848285132
2.0,26.0,17.0,3.0668924619084326,0.0310574713394014,8.0,0.006866371735077389,0.027557033095269683,0.005434130231714665
2.0,27.0,17.0,3.112058356420907,0.008042961088223777,8.0,0.006978591640113261,0.02777726425977125,0.005453175699570859
2.0,28.0,17.0,3.1650173421202332,0.0,8.0,0.0070178095213402365,0.02803549492734196,0.005389567679738182
2.0,29.0,17.0,3.8126140803164827,0.0001140803164827453,8.0,0.007017253260001523,0.031193209068063485,0.0042438215880843755
2.0,30.0,17.0,4.463114080316483,0.0001140803164827453,8.0,0.007017253260001523,0.034365079658796566,0.003225534403270056
2.0,31.0,17.0,5.1136140803164825,0.0001140803164827453,8.0,0.007017253260001523,0.03753695024952963,0.00228174797015996
2.0,32.0,17.0,5.761210818512732,0.0,8.0,0.0070178095213402365,0.040694664390251156,0.001380422649766834
2.0,33.0,17.0,5.814169804212058,0.008042961088223777,8.0,0.006978591640113261,0.04095289505782187,0.0012474990175575366
2.0,34.0,17.0,5.859335698724533,0.0310574713394014,8.0,0.006866371735077389,0.041173126222323435,0.0010126189932155825
2.0,35.0,17.0,5.895170689293565,0.06689246190843257,8.0,0.006691638525692135,0.04134785943170869,0.0006937421250831781
2.0,36.0,17.0,5.918185199544742,0.11205835642090678,8.0,0.006471407361190569,0.04146007933674456,0.0003217296047563528
2.0,37.0,17.0,5.926228160632966,0.16501734212023322,8.0,0.0062131766936198585,0.041499297217971534,-8.921789589048704e-5
2.0,38.0,17.0,5.9261140803164825,0.29986408031648293,8.0,0.005555657242211761,0.04149874095663282,-0.0011096662656214385
2.0,39.0,17.0,5.9261140803164825,0.43761408031648275,8.0,0.004883981340792114,0.04149874095663282,-0.002154994530966297
2.0,40.0,17.0,5.9261140803164825,0.5753640803164828,8.0,0.004212305439372466,0.04149874095663282,-0.0032049036965636343
2.0,41.0,17.0,5.9261140803164825,0.7131140803164828,8.0,0.0035406295379528173,0.04149874095663282,-0.004260753238287529
1.0,1.0,18.0,2.926114080316483,2.213114080316483,8.5,-0.004184419908808544,0.029199861752672873,0.003176624566507523
1.0,2.0,18.0,2.926114080316483,2.350864080316483,8.5,-0.004929726206348094,0.029199861752672873,0.0025265854008658757
1.0,3.0,18.0,2.926114080316483,2.488614080316483,8.5,-0.0056750325038876425,0.029199861752672873,0.0018871349377221902
1.0,4.0,18.0,2.926114080316483,2.626364080316483,8.5,-0.006420338801427192,0.029199861752672873,0.0012591803158669972
1.0,5.0,18.0,2.9262281606329656,2.7612108185127324,8.5,-0.007149936791847023,0.029200478992442745,0.0006539716628548425
1.0,6.0,18.0,2.918185199544742,2.8141698042120584,8.5,-0.0074364751987654595,0.029156961972116657,0.0004029906583474698
1.0,7.0,18.0,2.8951706892935642,2.859335698724533,8.5,-0.00768084852445805,0.029032440306599478,0.00017441820005301007
1.0,8.0,18.0,2.859335698724533,2.8951706892935642,8.5,-0.007874736322232056,0.028838552508825475,-3.2598615854546954e-5
1.0,9.0,18.0,2.814169804212059,2.918185199544742,8.5,-0.007999257987749232,0.028594179183132885,-0.00019713163636029253
1.0,10.0,18.0,2.761210818512732,2.9262281606329656,8.5,-0.008042775008075322,0.028307640776214445,-0.00029736653398849716
1.0,11.0,18.0,2.113614080316483,2.926114080316483,8.5,-0.00804215776830545,0.024803771975896945,-0.0010313051045925234
1.0,12.0,18.0,1.4631140803164828,2.926114080316483,8.5,-0.00804215776830545,0.021284194868459727,-0.0016856238299846516
1.0,13.0,18.0,0.8126140803164827,2.926114080316483,8.5,-0.00804215776830545,0.01776461776102251,-0.0023045567504851898
1.0,14.0,18.0,0.16501734212023322,2.9262281606329656,8.5,-0.008042775008075322,0.014260748960705009,-0.0029266707376488115
1.0,15.0,18.0,0.11205835642090678,2.918185199544742,8.5,-0.007999257987749232,0.01397421055378657,-0.002964618637361561
1.0,16.0,18.0,0.06689246190843257,2.8951706892935642,8.5,-0.007874736322232056,0.013729837228093981,-0.0029673343101815895
1.0,17.0,18.0,0.0310574713394014,2.859335698724533,8.5,-0.00768084852445805,0.013535949430319976,-0.0029348065829852463
1.0,18.0,18.0,0.008042961088223777,2.8141698042120584,8.5,-0.0074364751987654595,0.013411427764802798,-0.0028678495252127843
1.0,19.0,18.0,0.0,2.7612108185127324,8.5,-0.007149936791847023,0.01336791074447671,-0.002764791879403835
1.0,20.0,18.0,0.0001140803164827453,2.113614080316483,8.5,-0.0036460679915295228,0.013368527984246582,-0.0013848554607142024
1.0,21.0,18.0,0.0001140803164827453,1.4631140803164828,8.5,-0.00012649088409230375,0.013368527984246582,-1.8028572441699746e-5
1.0,22.0,18.0,0.0001140803164827453,0.8126140803164827,8.5,0.0033930862233449155,0.013368527984246582,0.0013484183196707561
1.0,23.0,18.0,0.0,0.16501734212023322,8.5,0.0068969550236624155,0.01336791074447671,0.0027272701186362306
1.0,24.0,18.0,0.008042961088223777,0.11205835642090678,8.5,0.007183493430580854,0.013411427764802798,0.002830528588412695
1.0,25.0,18.0,0.0310574713394014,0.06689246190843257,8.5,0.007427866756273442,0.013535949430319976,0.002898290094161326
1.0,26.0,18.0,0.06689246190843257,0.0310574713394014,8.5,0.007621754554047448,0.013729837228093981,0.002932134743114163
1.0,27.0,18.0,0.11205835642090678,0.008042961088223777,8.5,0.007746276219564626,0.01397421055378657,0.002931107469029454
1.0,28.0,18.0,0.16501734212023322,0.0,8.5,0.007789793239890715,0.014260748960705009,0.002895148819238666
1.0,29.0,18.0,0.8126140803164827,0.0001140803164827453,8.5,0.007789176000120842,0.01776461776102251,0.0022972803746725656
1.0,30.0,18.0,1.4631140803164828,0.0001140803164827453,8.5,0.007789176000120842,0.021284194868459727,0.0017031316002603714
1.0,31.0,18.0,2.113614080316483,0.0001140803164827453,8.5,0.007789176000120842,0.024803771975896945,0.0010748822484523688
1.0,32.0,18.0,2.7612108185127324,0.0,8.5,0.007789793239890715,0.028307640776214445,0.000368021942111573
1.0,33.0,18.0,2.814169804212059,0.008042961088223777,8.5,0.007746276219564626,0.028594179183132885,0.0002704448786002731
1.0,34.0,18.0,2.859335698724533,0.0310574713394014,8.5,0.007621754554047448,0.028838552508825475,0.0001088581277766773
1.0,35.0,18.0,2.8951706892935642,0.06689246190843257,8.5,0.007427866756273442,0.029032440306599478,-9.859773630361712e-5
1.0,36.0,18.0,2.918185199544742,0.11205835642090678,8.5,0.007183493430580854,0.029156961972116657,-0.0003289768112717588
1.0,37.0,18.0,2.9262281606329656,0.16501734212023322,8.5,0.0068969550236624155,0.029200478992442745,-0.0005736782920647743
1.0,38.0,18.0,2.926114080316483,0.29986408031648293,8.5,0.006167357033242584,0.029199861752672873,-0.0011816271798505606
1.0,39.0,18.0,2.926114080316483,0.43761408031648275,8.5,0.005422050735703035,0.029199861752672873,-0.001808873510333557
1.0,40.0,18.0,2.926114080316483,0.5753640803164828,8.5,0.004676744438163486,0.029199861752672873,-0.002447856540142057
1.0,41.0,18.0,2.926114080316483,0.7131140803164828,8.5,0.003931438140623936,0.029199861752672873,-0.0030983390807655894
2.0,1.0,18.0,5.9261140803164825,2.213114080316483,8.5,-0.004184419908808544,0.045431577851537834,0.004600752210715494
2.0,2.0,18.0,5.9261140803164825,2.350864080316483,8.5,-0.004929726206348094,0.045431577851537834,0.0034919767495558353
2.0,3.0,18.0,5.9261140803164825,2.488614080316483,8.5,-0.0056750325038876425,0.045431577851537834,0.0023899706721161353
2.0,4.0,18.0,5.9261140803164825,2.626364080316483,8.5,-0.006420338801427192,0.045431577851537834,0.0012931198039875778
2.0,5.0,18.0,5.926228160632966,2.7612108185127324,8.5,-0.007149936791847023,0.045432195091307706,0.00022275147020423084
2.0,6.0,18.0,5.918185199544742,2.8141698042120584,8.5,-0.0074364751987654595,0.04538867807098161,-0.00020868804216019412
2.0,7.0,18.0,5.895170689293565,2.859335698724533,8.5,-0.00768084852445805,0.04526415640546445,-0.0006001481854850865
2.0,8.0,18.0,5.859335698724533,2.8951706892935642,8.5,-0.007874736322232056,0.04507026860769043,-0.0009365708784727559
2.0,9.0,18.0,5.814169804212058,2.918185199544742,8.5,-0.007999257987749232,0.044825895281997846,-0.0011852930973161307
2.0,10.0,18.0,5.7612108185127315,2.9262281606329656,8.5,-0.008042775008075322,0.04453935687507941,-0.001327323195864076
2.0,11.0,18.0,5.1136140803164825,2.926114080316483,8.5,-0.00804215776830545,0.04103548807476191,-0.0023040804797689624
2.0,12.0,18.0,4.463114080316483,2.926114080316483,8.5,-0.00804215776830545,0.03751591096732469,-0.0033321097632091185
2.0,13.0,18.0,3.8126140803164827,2.926114080316483,8.5,-0.00804215776830545,0.03399633385988747,-0.004449079808587744
2.0,14.0,18.0,3.1650173421202332,2.9262281606329656,8.5,-0.008042775008075322,0.030492465059569967,-0.005701474237333486
2.0,15.0,18.0,3.112058356420907,2.918185199544742,8.5,-0.007999257987749232,0.03020592665265153,-0.005772299221436223
2.0,16.0,18.0,3.0668924619084326,2.8951706892935642,8.5,-0.007874736322232056,0.02996155332695894,-0.005757081183848593
2.0,17.0,18.0,3.0310574713394014,2.859335698724533,8.5,-0.00768084852445805,0.029767665529184934,-0.005662816405229743
2.0,18.0,18.0,3.0080429610882238,2.8141698042120584,8.5,-0.0074364751987654595,0.02964314386366776,-0.005502589115453233
2.0,19.0,18.0,3.0,2.7612108185127324,8.5,-0.007149936791847023,0.029599626843341668,-0.005291524945591146
2.0,20.0,18.0,3.0001140803164827,2.113614080316483,8.5,-0.0036460679915295228,0.029600244083111543,-0.0026183723735174235
2.0,21.0,18.0,3.0001140803164827,1.4631140803164828,8.5,-0.00012649088409230375,0.029600244083111543,-3.553000103287405e-5
2.0,22.0,18.0,3.0001140803164827,0.8126140803164827,8.5,0.0033930862233449155,0.029600244083111543,0.0025481030138412193
2.0,23.0,18.0,3.0,0.16501734212023322,8.5,0.0068969550236624155,0.029599626843341668,0.005222158331438266
2.0,24.0,18.0,3.0080429610882238,0.11205835642090678,8.5,0.007183493430580854,0.02964314386366776,0.005437003812253538
2.0,25.0,18.0,3.0310574713394014,0.06689246190843257,8.5,0.007427866756273442,0.029767665529184934,0.005595293511016565
2.0,26.0,18.0,3.0668924619084326,0.0310574713394014,8.5,0.007621754554047448,0.02996155332695894,0.00568978853898229
2.0,27.0,18.0,3.112058356420907,0.008042961088223777,8.5,0.007746276219564626,0.03020592665265153,0.005707980329124704
2.0,28.0,18.0,3.1650173421202332,0.0,8.5,0.007789793239890715,0.030492465059569967,0.005639830568659704
2.0,29.0,18.0,3.8126140803164827,0.0001140803164827453,8.5,0.007789176000120842,0.03399633385988747,0.004414042373944852
2.0,30.0,18.0,4.463114080316483,0.0001140803164827453,8.5,0.007789176000120842,0.03751591096732469,0.0033226944002737657
2.0,31.0,18.0,5.1136140803164825,0.0001140803164827453,8.5,0.007789176000120842,0.04103548807476191,0.002319246147771689
2.0,32.0,18.0,5.761210818512732,0.0,8.5,0.007789793239890715,0.04453935687507941,0.001366878777115835
2.0,33.0,18.0,5.814169804212058,0.008042961088223777,8.5,0.007746276219564626,0.044825895281997846,0.001226865781498373
2.0,34.0,18.0,5.859335698724533,0.0310574713394014,8.5,0.007621754554047448,0.04507026860769043,0.000979862839215991
2.0,35.0,18.0,5.895170689293565,0.06689246190843257,8.5,0.007427866756273442,0.04526415640546445,0.0006447914694935139
2.0,36.0,18.0,5.918185199544742,0.11205835642090678,8.5,0.007183493430580854,0.04538867807098161,0.0002541734422701091
2.0,37.0,18.0,5.926228160632966,0.16501734212023322,8.5,0.0068969550236624155,0.045432195091307706,-0.00017702375015436032
2.0,38.0,18.0,5.9261140803164825,0.29986408031648293,8.5,0.006167357033242584,0.045431577851537834,-0.0012475635744724721
2.0,39.0,18.0,5.9261140803164825,0.43761408031648275,8.5,0.005422050735703035,0.045431577851537834,-0.00234453554510273
2.0,40.0,18.0,5.9261140803164825,0.5753640803164828,8.5,0.004676744438163486,0.045431577851537834,-0.0034466126794672554
2.0,41.0,18.0,5.9261140803164825,0.7131140803164828,8.5,0.003931438140623936,0.045431577851537834,-0.004555410145459065
1.0,1.0,19.0,2.926114080316483,2.213114080316483,9.0,-0.0046181017076216595,0.03161372582406213,0.0035766053410784997
1.0,2.0,19.0,2.926114080316483,2.350864080316483,9.0,-0.005441242789171999,0.03161372582406213,0.002905211788655065
1.0,3.0,19.0,2.926114080316483,2.488614080316483,9.0,-0.00626438387072234,0.03161372582406213,0.0022450417242458574
1.0,4.0,19.0,2.926114080316483,2.626364080316483,9.0,-0.0070875249522726795,0.03161372582406213,0.001594763976929242
1.0,5.0,19.0,2.9262281606329656,2.7612108185127324,9.0,-0.007893317256609494,0.031614407524208,0.0009668616041666977
1.0,6.0,19.0,2.918185199544742,2.8141698042120584,9.0,-0.008209779810267223,0.03156634587855263,0.0007127052356667475
1.0,7.0,19.0,2.8951706892935642,2.859335698724533,9.0,-0.008479673844809415,0.031428820006614296,0.00046868004101098694
1.0,8.0,19.0,2.859335698724533,2.8951706892935642,9.0,-0.008693809981973399,0.03121468386945031,0.0002523084395874968
1.0,9.0,19.0,2.814169804212059,2.918185199544742,9.0,-0.008831335853911734,0.030944789834908122,8.544800681834117e-5
1.0,10.0,19.0,2.761210818512732,2.9262281606329656,9.0,-0.008879397499567107,0.030628327281250388,-2.3837036015405758e-5
1.0,11.0,19.0,2.113614080316483,2.926114080316483,9.0,-0.00887871579942124,0.02675853795647846,-0.0008199627106069933
1.0,12.0,19.0,1.4631140803164828,2.926114080316483,9.0,-0.00887871579942124,0.02287139985449301,-0.0015366235751558127
1.0,13.0,19.0,0.8126140803164827,2.926114080316483,9.0,-0.00887871579942124,0.01898426175250756,-0.002213903605825142
1.0,14.0,19.0,0.16501734212023322,2.9262281606329656,9.0,-0.008879397499567107,0.01511447242773563,-0.0028908610476978056
1.0,15.0,19.0,0.11205835642090678,2.918185199544742,9.0,-0.008831335853911734,0.0147980098740779,-0.0029332626504751536
1.0,16.0,19.0,0.06689246190843257,2.8951706892935642,9.0,-0.008693809981973399,0.01452811583953571,-0.0029398641573831967
1.0,17.0,19.0,0.0310574713394014,2.859335698724533,9.0,-0.008479673844809415,0.014313979702371728,-0.002910581891131962
1.0,18.0,19.0,0.008042961088223777,2.8141698042120584,9.0,-0.008209779810267223,0.014176453830433393,-0.002845976192654754
1.0,19.0,19.0,0.0,2.7612108185127324,9.0,-0.007893317256609494,0.014128392184778018,-0.00274425424331236
1.0,20.0,19.0,0.0001140803164827453,2.113614080316483,9.0,-0.004023527931837567,0.014129073884923885,-0.0013740438317462272
1.0,21.0,19.0,0.0001140803164827453,1.4631140803164828,9.0,-0.0001363898298521149,0.014129073884923885,-1.7907093695864052e-5
1.0,22.0,19.0,0.0001140803164827453,0.8126140803164827,9.0,0.0037507482721333375,0.014129073884923885,0.0013379061896841137
1.0,23.0,19.0,0.0,0.16501734212023322,9.0,0.007620537596905265,0.014128392184778018,0.002707210216277778
1.0,24.0,19.0,0.008042961088223777,0.11205835642090678,9.0,0.007937000150562997,0.014176453830433393,0.0028091532761056986
1.0,25.0,19.0,0.0310574713394014,0.06689246190843257,9.0,0.008206894185105186,0.014313979702371728,0.0028745707225540868
1.0,26.0,19.0,0.06689246190843257,0.0310574713394014,9.0,0.008421030322269167,0.01452811583953571,0.0029051670016945596
1.0,27.0,19.0,0.11205835642090678,0.008042961088223777,9.0,0.008558556194207504,0.0147980098740779,0.0029002450987230914
1.0,28.0,19.0,0.16501734212023322,0.0,9.0,0.008606617839862878,0.01511447242773563,0.0028598220474997677
1.0,29.0,19.0,0.8126140803164827,0.0001140803164827453,9.0,0.00860593613971701,0.01898426175250756,0.0022070343833610145
1.0,30.0,19.0,1.4631140803164828,0.0001140803164827453,9.0,0.00860593613971701,0.02287139985449301,0.0015543851903060074
1.0,31.0,19.0,2.113614080316483,0.0001140803164827453,9.0,0.00860593613971701,0.02675853795647846,0.0008631700961541297
1.0,32.0,19.0,2.7612108185127324,0.0,9.0,0.008606617839862878,0.03062832728125039,9.325127755002243e-5
1.0,33.0,19.0,2.814169804212059,0.008042961088223777,9.0,0.008558556194207504,0.030944789834908122,-1.412297634063413e-5
1.0,34.0,19.0,2.859335698724533,0.0310574713394014,9.0,0.008421030322269167,0.03121468386945031,-0.00017987803047218135
1.0,35.0,19.0,2.8951706892935642,0.06689246190843257,9.0,0.008206894185105186,0.031428820006614296,-0.000393558227601342
1.0,36.0,19.0,2.918185199544742,0.11205835642090678,9.0,0.007937000150562997,0.03156634587855263,-0.0006348835625509719
1.0,37.0,19.0,2.9262281606329656,0.16501734212023322,9.0,0.007620537596905265,0.031614407524208,-0.0008920122959784433
1.0,38.0,19.0,2.926114080316483,0.29986408031648293,9.0,0.006814745292568448,0.03161372582406213,-0.0015181462734100873
1.0,39.0,19.0,2.926114080316483,0.43761408031648275,9.0,0.0059916042110181094,0.03161372582406213,-0.002168621753850339
1.0,40.0,19.0,2.926114080316483,0.5753640803164828,9.0,0.00516846312946777,0.03161372582406213,-0.002828907096382476
1.0,41.0,19.0,2.926114080316483,0.7131140803164828,9.0,0.00434532204791743,0.03161372582406213,-0.003500006564706161
2.0,1.0,19.0,5.9261140803164825,2.213114080316483,9.0,-0.0046181017076216595,0.049540573335140316,0.004854333123566039
2.0,2.0,19.0,5.9261140803164825,2.350864080316483,9.0,-0.005441242789171999,0.049540573335140316,0.003701591069070132
2.0,3.0,19.0,5.9261140803164825,2.488614080316483,9.0,-0.00626438387072234,0.049540573335140316,0.002555875728366818
2.0,4.0,19.0,5.9261140803164825,2.626364080316483,9.0,-0.0070875249522726795,0.049540573335140316,0.0014156744462071303
2.0,5.0,19.0,5.926228160632966,2.7612108185127324,9.0,-0.007893317256609494,0.04954125503528618,0.00030313488970778497
2.0,6.0,19.0,5.918185199544742,2.8141698042120584,9.0,-0.008209779810267223,0.049493193389630805,-0.00014539066021023692
2.0,7.0,19.0,5.895170689293565,2.859335698724533,9.0,-0.008479673844809415,0.04935566751769248,-0.0005525543267098331
2.0,8.0,19.0,5.859335698724533,2.8951706892935642,9.0,-0.008693809981973399,0.049141531380528486,-0.0009026674856399111
2.0,9.0,19.0,5.814169804212058,2.918185199544742,9.0,-0.008831335853911734,0.048871637345986305,-0.001161761386737241
2.0,10.0,19.0,5.7612108185127315,2.9262281606329656,9.0,-0.008879397499567107,0.04855517479232856,-0.0013100581731551107
2.0,11.0,19.0,5.1136140803164825,2.926114080316483,9.0,-0.00887871579942124,0.04468538546755664,-0.0023331908002236345
2.0,12.0,19.0,4.463114080316483,2.926114080316483,9.0,-0.00887871579942124,0.040798247365571194,-0.003413199482883962
2.0,13.0,19.0,3.8126140803164827,2.926114080316483,9.0,-0.00887871579942124,0.036911109263585734,-0.004589923409513455
2.0,14.0,19.0,3.1650173421202332,2.9262281606329656,9.0,-0.008879397499567107,0.03304131993881381,-0.005905949820381061
2.0,15.0,19.0,3.112058356420907,2.918185199544742,9.0,-0.008831335853911734,0.03272485738515608,-0.005980068300782483
2.0,16.0,19.0,3.0668924619084326,2.8951706892935642,9.0,-0.008693809981973399,0.03245496335061389,-0.005963798058575031
2.0,17.0,19.0,3.0310574713394014,2.859335698724533,9.0,-0.008479673844809415,0.0322408272134499,-0.005869325204106823
2.0,18.0,19.0,3.0080429610882238,2.8141698042120584,9.0,-0.008209779810267223,0.03210330134151157,-0.005708986540498616
2.0,19.0,19.0,3.0,2.7612108185127324,9.0,-0.007893317256609494,0.0320552396958562,-0.005485863093940101
2.0,20.0,19.0,3.0001140803164827,2.113614080316483,9.0,-0.004023527931837567,0.032055921396002066,-0.0027176174655259592
2.0,21.0,19.0,3.0001140803164827,1.4631140803164828,9.0,-0.0001363898298521149,0.032055921396002066,-3.459102164571018e-5
2.0,22.0,19.0,3.0001140803164827,0.8126140803164827,9.0,0.0037507482721333375,0.032055921396002066,0.0026487466369617373
2.0,23.0,19.0,3.0,0.16501734212023322,9.0,0.007620537596905265,0.0320552396958562,0.005418168608141082
2.0,24.0,19.0,3.0080429610882238,0.11205835642090678,9.0,0.007937000150562997,0.03210330134151157,0.005639846707483568
2.0,25.0,19.0,3.0310574713394014,0.06689246190843257,9.0,0.008206894185105186,0.0322408272134499,0.005802915370033891
2.0,26.0,19.0,3.0668924619084326,0.0310574713394014,9.0,0.008421030322269167,0.03245496335061389,0.00589961716583708
2.0,27.0,19.0,3.112058356420907,0.008042961088223777,9.0,0.008558556194207504,0.03272485738515608,0.005917007995369525
2.0,28.0,19.0,3.1650173421202332,0.0,9.0,0.008606617839862878,0.03304131993881381,0.005844822867353831
2.0,29.0,19.0,3.8126140803164827,0.0001140803164827453,9.0,0.00860593613971701,0.036911109263585734,0.004554834267951248
2.0,30.0,19.0,4.463114080316483,0.0001140803164827453,9.0,0.00860593613971701,0.040798247365571194,0.003403280457569885
2.0,31.0,19.0,5.1136140803164825,0.0001140803164827453,9.0,0.00860593613971701,0.04468538546755664,0.0023478068491958773
2.0,32.0,19.0,5.761210818512732,0.0,9.0,0.008606617839862878,0.04855517479232856,0.0013490133853196263
2.0,33.0,19.0,5.814169804212058,0.008042961088223777,9.0,0.008558556194207504,0.048871637345986305,0.0012027235484341275
2.0,34.0,19.0,5.859335698724533,0.0310574713394014,9.0,0.008421030322269167,0.049141531380528486,0.0009453390663113146
2.0,35.0,19.0,5.895170689293565,0.06689246190843257,9.0,0.008206894185105186,0.04935566751769248,0.0005965715526797611
2.0,36.0,19.0,5.918185199544742,0.11205835642090678,9.0,0.007937000150562997,0.049493193389630805,0.00019025375778428195
2.0,37.0,19.0,5.926228160632966,0.16501734212023322,9.0,0.007620537596905265,0.04954125503528618,-0.000258012892765512
2.0,38.0,19.0,5.9261140803164825,0.29986408031648293,9.0,0.006814745292568448,0.049540573335140316,-0.0013706823700454197
2.0,39.0,19.0,5.9261140803164825,0.43761408031648275,9.0,0.0059916042110181094,0.049540573335140316,-0.0025109770590244834
2.0,40.0,19.0,5.9261140803164825,0.5753640803164828,9.0,0.00516846312946777,0.049540573335140316,-0.0036567462021093863
2.0,41.0,19.0,5.9261140803164825,0.7131140803164828,9.0,0.00434532204791743,0.049540573335140316,-0.004809503078718705
1.0,1.0,20.0,2.926114080316483,2.213114080316483,9.5,-0.00507074855094335,0.03409482819235345,0.003919676955151716
1.0,2.0,20.0,2.926114080316483,2.350864080316483,9.5,-0.005975236494298091,0.03409482819235345,0.003232166484952706
1.0,3.0,20.0,2.926114080316483,2.488614080316483,9.5,-0.006879724437652833,0.03409482819235345,0.0025550859417126474
1.0,4.0,20.0,2.926114080316483,2.626364080316483,9.5,-0.007784212381007574,0.03409482819235345,0.0018882861632708644
1.0,5.0,20.0,2.9262281606329656,2.7612108185127324,9.5,-0.00866963705541208,0.03409557726147021,0.0012443751628933423
1.0,6.0,20.0,2.918185199544742,2.8141698042120584,9.5,-0.009017373999566973,0.03404276592692814,0.0009796723434891922
1.0,7.0,20.0,2.8951706892935642,2.859335698724533,9.5,-0.009313940293849118,0.03389164906998147,0.0007324467370519535
1.0,8.0,20.0,2.859335698724533,2.8951706892935642,9.5,-0.009549238420309514,0.03365635094352107,0.0005095962909859588
1.0,9.0,20.0,2.814169804212059,2.918185199544742,9.5,-0.009700355277256188,0.03335978464923893,0.00033343594980817377
1.0,10.0,20.0,2.761210818512732,2.9262281606329656,9.5,-0.009753166611798255,0.03301204770508403,0.00022088951657963437
1.0,11.0,20.0,2.113614080316483,2.926114080316483,9.5,-0.009752417542681502,0.028759826711585924,-0.0006266492717755113
1.0,12.0,20.0,1.4631140803164828,2.926114080316483,9.5,-0.009752417542681502,0.024488542449137583,-0.0013951624833636633
1.0,13.0,20.0,0.8126140803164827,2.926114080316483,9.5,-0.009752417542681502,0.020217258186689242,-0.0021222509731699747
1.0,14.0,20.0,0.16501734212023322,2.9262281606329656,9.5,-0.009753166611798255,0.015965037193191135,-0.0028466369177848755
1.0,15.0,20.0,0.11205835642090678,2.918185199544742,9.5,-0.009700355277256188,0.01561730024903624,-0.0028929322089730676
1.0,16.0,20.0,0.06689246190843257,2.8951706892935642,9.5,-0.009549238420309514,0.015320733954754098,-0.0029030741896611902
1.0,17.0,20.0,0.0310574713394014,2.859335698724533,9.5,-0.009313940293849118,0.015085435828293702,-0.0028769037813411043
1.0,18.0,20.0,0.008042961088223777,2.8141698042120584,9.5,-0.009017373999566973,0.014934318971347029,-0.002814730658747229
1.0,19.0,20.0,0.0,2.7612108185127324,9.5,-0.00866963705541208,0.014881507636804962,-0.002714658926294165
1.0,20.0,20.0,0.0001140803164827453,2.113614080316483,9.5,-0.0044174160619139735,0.014882256705921715,-0.0013589564854467272
1.0,21.0,20.0,0.0001140803164827453,1.4631140803164828,9.5,-0.00014613179946563242,0.014882256705921715,-1.7718342885893265e-5
1.0,22.0,20.0,0.0001140803164827453,0.8126140803164827,9.5,0.004125152462982709,0.014882256705921715,0.0013232464584785964
1.0,23.0,20.0,0.0,0.16501734212023322,9.5,0.008377373456480815,0.014881507636804962,0.002678191890936858
1.0,24.0,20.0,0.008042961088223777,0.11205835642090678,9.5,0.008725110400635712,0.014934318971347029,0.002778493579762354
1.0,25.0,20.0,0.0310574713394014,0.06689246190843257,9.5,0.009021676694917853,0.015085435828293702,0.0028414785147754073
1.0,26.0,20.0,0.06689246190843257,0.0310574713394014,9.5,0.00925697482137825,0.015320733954754098,0.0028689559300968926
1.0,27.0,20.0,0.11205835642090678,0.008042961088223777,9.5,0.009408091678324923,0.01561730024903624,0.0028604804018386018
1.0,28.0,20.0,0.16501734212023322,0.0,9.5,0.00946090301286699,0.015965037193191135,0.002816146168728043
1.0,29.0,20.0,0.8126140803164827,0.0001140803164827453,9.5,0.009460153943750237,0.020217258186689242,0.0021157253400946466
1.0,30.0,20.0,1.4631140803164828,0.0001140803164827453,9.5,0.009460153943750237,0.024488542449137583,0.0014129515437682374
1.0,31.0,20.0,2.113614080316483,0.0001140803164827453,9.5,0.009460153943750237,0.028759826711585924,0.0006693427890128786
1.0,32.0,20.0,2.7612108185127324,0.0,9.5,0.00946090301286699,0.033012047705084036,-0.00015296772838876207
1.0,33.0,20.0,2.814169804212059,0.008042961088223777,9.5,0.009408091678324923,0.03335978464923893,-0.0002633023825711812
1.0,34.0,20.0,2.859335698724533,0.0310574713394014,9.5,0.00925697482137825,0.03365635094352107,-0.00043717879105401286
1.0,35.0,20.0,2.8951706892935642,0.06689246190843257,9.5,0.009021676694917853,0.03389164906998147,-0.0006593596346750061
1.0,36.0,20.0,2.918185199544742,0.11205835642090678,9.5,0.008725110400635712,0.03404276592692814,-0.0009067219236630166
1.0,37.0,20.0,2.9262281606329656,0.16501734212023322,9.5,0.008377373456480815,0.03409557726147021,-0.0011691622212500203
1.0,38.0,20.0,2.926114080316483,0.29986408031648293,9.5,0.007491948782076307,0.03409482819235345,-0.001813925932846149
1.0,39.0,20.0,2.926114080316483,0.43761408031648275,9.5,0.006587460838721568,0.03409482819235345,-0.0024805113303286667
1.0,40.0,20.0,2.926114080316483,0.5753640803164828,9.5,0.005682972895366826,0.03409482819235345,-0.0031574713467332357
1.0,41.0,20.0,2.926114080316483,0.7131140803164828,9.5,0.004778484952012086,0.03409482819235345,-0.0038451294580438364
2.0,1.0,20.0,5.9261140803164825,2.213114080316483,9.5,-0.00507074855094335,0.053793295198264326,0.005065434404802812
2.0,2.0,20.0,5.9261140803164825,2.350864080316483,9.5,-0.005975236494298091,0.053793295198264326,0.003877518693460847
2.0,3.0,20.0,5.9261140803164825,2.488614080316483,9.5,-0.006879724437652833,0.053793295198264326,0.0026968570854589316
2.0,4.0,20.0,5.9261140803164825,2.626364080316483,9.5,-0.007784212381007574,0.053793295198264326,0.0015218664754789192
2.0,5.0,20.0,5.926228160632966,2.7612108185127324,9.5,-0.00866963705541208,0.053794044267381075,0.0003754290851146409
2.0,6.0,20.0,5.918185199544742,2.8141698042120584,9.5,-0.009017373999566973,0.05374123293283901,-8.684388621389217e-5
2.0,7.0,20.0,5.895170689293565,2.859335698724533,9.5,-0.009313940293849118,0.05359011607589234,-0.0005066954658655197
2.0,8.0,20.0,5.859335698724533,2.8951706892935642,9.5,-0.009549238420309514,0.05335481794943194,-0.0008679408441044743
2.0,9.0,20.0,5.814169804212058,2.918185199544742,9.5,-0.009700355277256188,0.0530582516551498,-0.0011355158376676854
2.0,10.0,20.0,5.7612108185127315,2.9262281606329656,9.5,-0.009753166611798255,0.0527105147109949,-0.0012890253248678417
2.0,11.0,20.0,5.1136140803164825,2.926114080316483,9.5,-0.009752417542681502,0.0484582937174968,-0.0023520401555604566
2.0,12.0,20.0,4.463114080316483,2.926114080316483,9.5,-0.009752417542681502,0.044187009455048464,-0.003475368487709703
2.0,13.0,20.0,3.8126140803164827,2.926114080316483,9.5,-0.009752417542681502,0.039915725192600116,-0.004700056220447794
2.0,14.0,20.0,3.1650173421202332,2.9262281606329656,9.5,-0.009753166611798255,0.035663504199102004,-0.006065775486928813
2.0,15.0,20.0,3.112058356420907,2.918185199544742,9.5,-0.009700355277256188,0.03531576725494711,-0.006143151706106653
2.0,16.0,20.0,3.0668924619084326,2.8951706892935642,9.5,-0.009549238420309514,0.03501920096066497,-0.006128603105824626
2.0,17.0,20.0,3.0310574713394014,2.859335698724533,9.5,-0.009313940293849118,0.03478390283420457,-0.006031355959351456
2.0,18.0,20.0,3.0080429610882238,2.8141698042120584,9.5,-0.009017373999566973,0.0346327859772579,-0.005864685875165267
2.0,19.0,20.0,3.0,2.7612108185127324,9.5,-0.00866963705541208,0.03457997464271583,-0.005638821451770376
2.0,20.0,20.0,3.0001140803164827,2.113614080316483,9.5,-0.0044174160619139735,0.03458072371183259,-0.002794883273398044
2.0,21.0,20.0,3.0001140803164827,1.4631140803164828,9.5,-0.00014613179946563242,0.03458072371183259,-3.381403405888828e-5
2.0,22.0,20.0,3.0001140803164827,0.8126140803164827,9.5,0.004125152462982709,0.03458072371183259,0.0027275523089723645
2.0,23.0,20.0,3.0,0.16501734212023322,9.5,0.008377373456480815,0.03457997464271583,0.005571903098699012
2.0,24.0,20.0,3.0080429610882238,0.11205835642090678,9.5,0.008725110400635712,0.0346327859772579,0.005799152351152432
2.0,25.0,20.0,3.0310574713394014,0.06689246190843257,9.5,0.009021676694917853,0.03478390283420457,0.005965729070029573
2.0,26.0,20.0,3.0668924619084326,0.0310574713394014,9.5,0.00925697482137825,0.03501920096066497,0.006063978836879801
2.0,27.0,20.0,3.112058356420907,0.008042961088223777,9.5,0.009408091678324923,0.03531576725494711,0.00608079453780858
2.0,28.0,20.0,3.1650173421202332,0.0,9.5,0.00946090301286699,0.035663504199102004,0.006005601275033004
2.0,29.0,20.0,3.8126140803164827,0.0001140803164827453,9.5,0.009460153943750237,0.039915725192600116,0.0046650441509098655
2.0,30.0,20.0,4.463114080316483,0.0001140803164827453,9.5,0.009460153943750237,0.044187009455048464,0.003465135183685456
2.0,31.0,20.0,5.1136140803164825,0.0001140803164827453,9.5,0.009460153943750237,0.0484582937174968,0.0023661078781543796
2.0,32.0,20.0,5.761210818512732,0.0,9.5,0.00946090301286699,0.0527105147109949,0.0013272505070198004
2.0,33.0,20.0,5.814169804212058,0.008042961088223777,9.5,0.009408091678324923,0.0530582516551498,0.0011757285286544586
2.0,34.0,20.0,5.859335698724533,0.0310574713394014,9.5,0.00925697482137825,0.05335481794943194,0.0009098477583763505
2.0,35.0,20.0,5.895170689293565,0.06689246190843257,9.5,0.009021676694917853,0.05359011607589234,0.0005499392192136313
2.0,36.0,20.0,5.918185199544742,0.11205835642090678,9.5,0.008725110400635712,0.05374123293283901,0.00013093136458346957
2.0,37.0,20.0,5.926228160632966,0.16501734212023322,9.5,0.008377373456480815,0.053794044267381075,-0.0003310767523995632
2.0,38.0,20.0,5.9261140803164825,0.29986408031648293,9.5,0.007491948782076307,0.053793295198264326,-0.0014776156731157674
2.0,39.0,20.0,5.9261140803164825,0.43761408031648275,9.5,0.006587460838721568,0.053793295198264326,-0.002652676948823518
2.0,40.0,20.0,5.9261140803164825,0.5753640803164828,9.5,0.005682972895366826,0.053793295198264326,-0.003833378907139792
2.0,41.0,20.0,5.9261140803164825,0.7131140803164828,9.5,0.004778484952012086,0.053793295198264326,-0.005021305071925742
1.0,1.0,21.0,2.926114080316483,2.213114080316483,10.0,-0.005538543600579028,0.03662586599783309,0.004207300976520045
1.0,2.0,21.0,2.926114080316483,2.350864080316483,10.0,-0.006527195082217548,0.03662586599783309,0.003508140017968257
1.0,3.0,21.0,2.926114080316483,2.488614080316483,10.0,-0.007515846563856069,0.03662586599783309,0.0028194840061143444
1.0,4.0,21.0,2.926114080316483,2.626364080316483,10.0,-0.008504498045494588,0.03662586599783309,0.002140535976049515
1.0,5.0,21.0,2.9262281606329656,2.7612108185127324,10.0,-0.009472312401297447,0.03662668476860562,0.001484297577826349
1.0,6.0,21.0,2.918185199544742,2.8141698042120584,10.0,-0.009852406627632922,0.03656895928478251,0.0012164978178175882
1.0,7.0,21.0,2.8951706892935642,2.859335698724533,10.0,-0.0101765687222194,0.036403780848056476,0.0009616772195195433
1.0,8.0,21.0,2.859335698724533,2.8951706892935642,10.0,-0.010433761582622849,0.03614658798765302,0.0007334703102263744
1.0,9.0,21.0,2.814169804212059,2.918185199544742,10.0,-0.010598940019348886,0.03582242589306655,0.0005547253863676084
1.0,10.0,21.0,2.761210818512732,2.9262281606329656,10.0,-0.010656665503171996,0.03544233166673107,0.0004373146861832536
1.0,11.0,21.0,2.113614080316483,2.926114080316483,10.0,-0.010655846732399462,0.030794437113395356,-0.000451240789639645
1.0,12.0,21.0,1.4631140803164828,2.926114080316483,10.0,-0.010655846732399462,0.02612570543422398,-0.0012618655235424915
1.0,13.0,21.0,0.8126140803164827,2.926114080316483,10.0,-0.010655846732399462,0.0214569737550526,-0.0020301340599419835
1.0,14.0,21.0,0.16501734212023322,2.9262281606329656,10.0,-0.010656665503171996,0.016809079201716887,-0.0027941062862719204
1.0,15.0,21.0,0.11205835642090678,2.918185199544742,10.0,-0.010598940019348886,0.016428984975381405,-0.00284372364105078
1.0,16.0,21.0,0.06689246190843257,2.8951706892935642,10.0,-0.010433761582622849,0.01610482288079493,-0.0028570201291959626
1.0,17.0,21.0,0.0310574713394014,2.859335698724533,10.0,-0.0101765687222194,0.015847630020391485,-0.002833777912551636
1.0,18.0,21.0,0.008042961088223777,2.8141698042120584,10.0,-0.009852406627632922,0.015682451583665446,-0.002774090997781752
1.0,19.0,21.0,0.0,2.7612108185127324,10.0,-0.009472312401297447,0.015624726099842336,-0.0026759779733694466
1.0,20.0,21.0,0.0001140803164827453,2.113614080316483,10.0,-0.004824417847961731,0.01562554487061487,-0.0013394721047139907
1.0,21.0,21.0,0.0001140803164827453,1.4631140803164828,10.0,-0.00015568616879035345,0.01562554487061487,-1.7471928599721944e-5
1.0,22.0,21.0,0.0001140803164827453,0.8126140803164827,10.0,0.004513045510381024,0.01562554487061487,0.0013042967449316035
1.0,23.0,21.0,0.0,0.16501734212023322,10.0,0.00916094006371674,0.015624726099842336,0.0026401641000698825
1.0,24.0,21.0,0.008042961088223777,0.11205835642090678,10.0,0.009541034290052219,0.015682451583665446,0.0027385153560157993
1.0,25.0,21.0,0.0310574713394014,0.06689246190843257,10.0,0.009865196384638692,0.015847630020391485,0.002799009894356686
1.0,26.0,21.0,0.06689246190843257,0.0310574713394014,10.0,0.010122389245042142,0.01610482288079493,0.0028235448332434563
1.0,27.0,21.0,0.11205835642090678,0.008042961088223777,10.0,0.01028756768176818,0.016428984975381405,0.0028118941539952403
1.0,28.0,21.0,0.16501734212023322,0.0,10.0,0.01034529316559129,0.016809079201716887,0.0027642130033149427
1.0,29.0,21.0,0.8126140803164827,0.0001140803164827453,10.0,0.010344474394818755,0.0214569737550526,0.0020238946489502933
1.0,30.0,21.0,1.4631140803164828,0.0001140803164827453,10.0,0.010344474394818755,0.02612570543422398,0.0012795556769804421
1.0,31.0,21.0,2.113614080316483,0.0001140803164827453,10.0,0.010344474394818755,0.030794437113395356,0.0004932335385308104
1.0,32.0,21.0,2.7612108185127324,0.0,10.0,0.01034529316559129,0.035442331666731074,-0.000370718562476585
1.0,33.0,21.0,2.814169804212059,0.008042961088223777,10.0,0.01028756768176818,0.03582242589306655,-0.0004861791470023643
1.0,34.0,21.0,2.859335698724533,0.0310574713394014,10.0,0.010122389245042142,0.03614658798765302,-0.0006635428018534948
1.0,35.0,21.0,2.8951706892935642,0.06689246190843257,10.0,0.009865196384638692,0.036403780848056476,-0.00088992853665908
1.0,36.0,21.0,2.918185199544742,0.11205835642090678,10.0,0.009541034290052219,0.03656895928478251,-0.0011432304531447366
1.0,37.0,21.0,2.9262281606329656,0.16501734212023322,10.0,0.00916094006371674,0.03662668476860562,-0.0014118272614439822
1.0,38.0,21.0,2.926114080316483,0.29986408031648293,10.0,0.008193125707913881,0.03662586599783309,-0.0020675459287935434
1.0,39.0,21.0,2.926114080316483,0.43761408031648275,10.0,0.007204474226275362,0.03662586599783309,-0.0027465691452738467
1.0,40.0,21.0,2.926114080316483,0.5753640803164828,10.0,0.006215822744636842,0.03662586599783309,-0.003435265687843428
1.0,41.0,21.0,2.926114080316483,0.7131140803164828,10.0,0.005227171262998321,0.03662586599783309,-0.004134338971250693
2.0,1.0,21.0,5.9261140803164825,2.213114080316483,10.0,-0.005538543600579028,0.05815729572498779,0.005233020708265055
2.0,2.0,21.0,5.9261140803164825,2.350864080316483,10.0,-0.006527195082217548,0.05815729572498779,0.004018871923500401
2.0,3.0,21.0,5.9261140803164825,2.488614080316483,10.0,-0.007515846563856069,0.05815729572498779,0.002812025751933017
2.0,4.0,21.0,5.9261140803164825,2.626364080316483,10.0,-0.008504498045494588,0.05815729572498779,0.001610936792293493
2.0,5.0,21.0,5.926228160632966,2.7612108185127324,10.0,-0.009472312401297447,0.05815811449576032,0.00043902117791755807
2.0,6.0,21.0,5.918185199544742,2.8141698042120584,10.0,-0.009852406627632922,0.05810038901193721,-3.3615372977861265e-5
2.0,7.0,21.0,5.895170689293565,2.859335698724533,10.0,-0.0101765687222194,0.05793521057521118,-0.00046305978165977704
2.0,8.0,21.0,5.859335698724533,2.8951706892935642,10.0,-0.010433761582622849,0.057678017714807725,-0.0008327547428875366
2.0,9.0,21.0,5.814169804212058,2.918185199544742,10.0,-0.010598940019348886,0.05735385562022125,-0.0011068415222075167
2.0,10.0,21.0,5.7612108185127315,2.9262281606329656,10.0,-0.010656665503171996,0.05697376139388577,-0.0012644653684781792
2.0,11.0,21.0,5.1136140803164825,2.926114080316483,10.0,-0.010655846732399462,0.05232586684055006,-0.0023597849204556555
2.0,12.0,21.0,4.463114080316483,2.926114080316483,10.0,-0.010655846732399462,0.047657135161378684,-0.003517426415331797
2.0,13.0,21.0,3.8126140803164827,2.926114080316483,10.0,-0.010655846732399462,0.0429884034822073,-0.004778823388755841
2.0,14.0,21.0,3.1650173421202332,2.9262281606329656,10.0,-0.010656665503171996,0.038340508928871586,-0.006181974453869224
2.0,15.0,21.0,3.112058356420907,2.918185199544742,10.0,-0.010598940019348886,0.037960414702536104,-0.006261512799668672
2.0,16.0,21.0,3.0668924619084326,2.8951706892935642,10.0,-0.010433761582622849,0.03763625260794963,-0.00624667782820568
2.0,17.0,21.0,3.0310574713394014,2.859335698724533,10.0,-0.0101765687222194,0.037379059747546184,-0.006148926666349558
2.0,18.0,21.0,3.0080429610882238,2.8141698042120584,10.0,-0.009852406627632922,0.037213881310820145,-0.0059812376416998984
2.0,19.0,21.0,3.0,2.7612108185127324,10.0,-0.009472312401297447,0.03715615582699704,-0.005749823140043724
2.0,20.0,21.0,3.0001140803164827,2.113614080316483,10.0,-0.004824417847961731,0.03715697459776957,-0.002851216466982266
2.0,21.0,21.0,3.0001140803164827,1.4631140803164828,10.0,-0.00015568616879035345,0.03715697459776957,-3.3065612018125865e-5
2.0,22.0,21.0,3.0001140803164827,0.8126140803164827,10.0,0.004513045510381024,0.03715697459776957,0.0027852127776149603
2.0,23.0,21.0,3.0,0.16501734212023322,10.0,0.00916094006371674,0.03715615582699704,0.005684205048343285
2.0,24.0,21.0,3.0080429610882238,0.11205835642090678,10.0,0.009541034290052219,0.037213881310820145,0.005915371037273299
2.0,25.0,21.0,3.0310574713394014,0.06689246190843257,10.0,0.009865196384638692,0.037379059747546184,0.006084554561753795
2.0,26.0,21.0,3.0668924619084326,0.0310574713394014,10.0,0.010122389245042142,0.03763625260794963,0.006183926334831757
2.0,27.0,21.0,3.112058356420907,0.008042961088223777,10.0,0.01028756768176818,0.037960414702536104,0.006200181159857971
2.0,28.0,21.0,3.1650173421202332,0.0,10.0,0.01034529316559129,0.038340508928871586,0.006122632037370655
2.0,29.0,21.0,3.8126140803164827,0.0001140803164827453,10.0,0.010344474394818755,0.0429884034822073,0.004744096492280619
2.0,30.0,21.0,4.463114080316483,0.0001140803164827453,10.0,0.010344474394818755,0.047657135161378684,0.0035069727090152798
2.0,31.0,21.0,5.1136140803164825,0.0001140803164827453,10.0,0.010344474394818755,0.05232586684055006,0.0023733155791849855
2.0,32.0,21.0,5.761210818512732,0.0,10.0,0.01034529316559129,0.05697376139388577,0.0013018589493513676
2.0,33.0,21.0,5.814169804212058,0.008042961088223777,10.0,0.01028756768176818,0.05735385562022125,0.0011461970345521557
2.0,34.0,21.0,5.859335698724533,0.0310574713394014,10.0,0.010122389245042142,0.057678017714807725,0.0008737823591740336
2.0,35.0,21.0,5.895170689293565,0.06689246190843257,10.0,0.009865196384638692,0.05793521057521118,0.0005054077300351089
2.0,36.0,21.0,5.918185199544742,0.11205835642090678,10.0,0.009541034290052219,0.05810038901193721,7.680015933291757e-5
2.0,37.0,21.0,5.926228160632966,0.16501734212023322,10.0,0.00916094006371674,0.05815811449576032,-0.00039556625964695723
2.0,38.0,21.0,5.9261140803164825,0.29986408031648293,10.0,0.008193125707913881,0.05815729572498779,-0.0015675614218095804
2.0,39.0,21.0,5.9261140803164825,0.43761408031648275,10.0,0.007204474226275362,0.05815729572498779,-0.0027687053021497286
2.0,40.0,21.0,5.9261140803164825,0.5753640803164828,10.0,0.006215822744636842,0.05815729572498779,-0.003975582168190785
2.0,41.0,21.0,5.9261140803164825,0.7131140803164828,10.0,0.005227171262998321,0.05815729572498779,-0.0051897379027935325
1.0,1.0,22.0,2.926114080316483,2.213114080316483,10.5,-0.006017712973366565,0.03918960552708373,0.004440476992366498
1.0,2.0,22.0,2.926114080316483,2.350864080316483,10.5,-0.007092651300465075,0.03918960552708373,0.003734607965000383
1.0,3.0,22.0,2.926114080316483,2.488614080316483,10.5,-0.008167589627563584,0.03918960552708373,0.0030388269612183403
1.0,4.0,22.0,2.926114080316483,2.626364080316483,10.5,-0.009242527954662093,0.03918960552708373,0.0023527044276403686
1.0,5.0,22.0,2.9262281606329656,2.7612108185127324,10.5,-0.01029481054755768,0.0391904957579698,0.0016893782714846187
1.0,6.0,22.0,2.918185199544742,2.8141698042120584,10.5,-0.010708078376904085,0.039127732148989076,0.001417198122998158
1.0,7.0,22.0,2.8951706892935642,2.859335698724533,10.5,-0.011060532468295355,0.0389481373820316,0.0011604959139200237
1.0,8.0,22.0,2.859335698724533,2.8951706892935642,10.5,-0.011340172430646464,0.038668497419680495,0.0009290666126957048
1.0,9.0,22.0,2.814169804212059,2.918185199544742,10.5,-0.011519767197603939,0.03831604332828923,0.0007459634381410605
1.0,10.0,22.0,2.761210818512732,2.9262281606329656,10.5,-0.011582530806584656,0.03790277549894282,0.0006263434995095621
1.0,11.0,22.0,2.113614080316483,2.926114080316483,10.5,-0.011581640575698595,0.032849225194833,-0.00029359536245445286
1.0,12.0,22.0,1.4631140803164828,2.926114080316483,10.5,-0.011581640575698595,0.027773019156520258,-0.0011370226458583177
1.0,13.0,22.0,0.8126140803164827,2.926114080316483,10.5,-0.011581640575698595,0.022696813118207513,-0.0019379092088081488
1.0,14.0,22.0,0.16501734212023322,2.9262281606329656,10.5,-0.011582530806584656,0.017643262814097695,-0.0027334467432764808
1.0,15.0,22.0,0.11205835642090678,2.918185199544742,10.5,-0.011519767197603939,0.017229994984751286,-0.002785786390862733
1.0,16.0,22.0,0.06689246190843257,2.8951706892935642,10.5,-0.011340172430646464,0.01687754089336002,-0.00280184199677707
1.0,17.0,22.0,0.0310574713394014,2.859335698724533,10.5,-0.011060532468295355,0.01659790093100891,-0.002781340572224559
1.0,18.0,22.0,0.008042961088223777,2.8141698042120584,10.5,-0.010708078376904085,0.016418306164051436,-0.0027241761694890227
1.0,19.0,22.0,0.0,2.7612108185127324,10.5,-0.01029481054755768,0.01635554255507072,-0.0026283018701961976
1.0,20.0,22.0,0.0001140803164827453,2.113614080316483,10.5,-0.00524126024344786,0.01635643278595678,-0.0013155687784935095
1.0,21.0,22.0,0.0001140803164827453,1.4631140803164828,10.5,-0.00016505420513511713,0.01635643278595678,-1.7176225708032464e-5
1.0,22.0,22.0,0.0001140803164827453,0.8126140803164827,10.5,0.004911151833177626,0.01635643278595678,0.0012810179647986925
1.0,23.0,22.0,0.0,0.16501734212023322,10.5,0.009964702137287446,0.01635554255507072,0.0025932037668407273
1.0,24.0,22.0,0.008042961088223777,0.11205835642090678,10.5,0.010377969966633855,0.016418306164051436,0.002689318936496351
1.0,25.0,22.0,0.0310574713394014,0.06689246190843257,10.5,0.01073042405802512,0.01659790093100891,0.0027472823359993887
1.0,26.0,22.0,0.06689246190843257,0.0310574713394014,10.5,0.011010064020376228,0.01687754089336002,0.0027690584983249772
1.0,27.0,22.0,0.11205835642090678,0.008042961088223777,10.5,0.011189658787333705,0.017229994984751286,0.00275462326291892
1.0,28.0,22.0,0.16501734212023322,0.0,10.5,0.011252422396314422,0.017643262814097695,0.002704188673999892
1.0,29.0,22.0,0.8126140803164827,0.0001140803164827453,10.5,0.011251532165428362,0.022696813118207513,0.001931921307157492
1.0,30.0,22.0,1.4631140803164828,0.0001140803164827453,10.5,0.011251532165428362,0.027773019156520258,0.0011545077763677634
1.0,31.0,22.0,2.113614080316483,0.0001140803164827453,10.5,0.011251532165428362,0.032849225194833,0.00033483228920575035
1.0,32.0,22.0,2.7612108185127324,0.0,10.5,0.011252422396314422,0.03790277549894282,-0.0005612192595315993
1.0,33.0,22.0,2.814169804212059,0.008042961088223777,10.5,0.011189658787333705,0.03831604332828923,-0.0006788417729003515
1.0,34.0,22.0,2.859335698724533,0.0310574713394014,10.5,0.011010064020376228,0.038668497419680495,-0.0008600433254193183
1.0,35.0,22.0,2.8951706892935642,0.06689246190843257,10.5,0.01073042405802512,0.0389481373820316,-0.0010904174994649848
1.0,36.0,22.0,2.918185199544742,0.11205835642090678,10.5,0.010377969966633855,0.039127732148989076,-0.0013466501514143665
1.0,37.0,22.0,2.9262281606329656,0.16501734212023322,10.5,0.009964702137287446,0.0391904957579698,-0.0016178894139575177
1.0,38.0,22.0,2.926114080316483,0.29986408031648293,10.5,0.008912419544391858,0.03918960552708373,-0.002281503449812985
1.0,39.0,22.0,2.926114080316483,0.43761408031648275,10.5,0.00783748121729335,0.03918960552708373,-0.0029675783676196407
1.0,40.0,22.0,2.926114080316483,0.5753640803164828,10.5,0.0067625428901948404,0.03918960552708373,-0.00366333297437282
1.0,41.0,22.0,2.926114080316483,0.7131140803164828,10.5,0.005687604563096331,0.03918960552708373,-0.004369251530656701
2.0,1.0,22.0,5.9261140803164825,2.213114080316483,10.5,-0.006017712973366565,0.06260024060000953,0.005356783085038298
2.0,2.0,22.0,5.9261140803164825,2.350864080316483,10.5,-0.007092651300465075,0.06260024060000953,0.004125241635944443
2.0,3.0,22.0,5.9261140803164825,2.488614080316483,10.5,-0.008167589627563584,0.06260024060000953,0.002901005668594206
2.0,4.0,22.0,5.9261140803164825,2.626364080316483,10.5,-0.009242527954662093,0.06260024060000953,0.0016825244334262213
2.0,5.0,22.0,5.926228160632966,2.7612108185127324,10.5,-0.01029481054755768,0.06260113083089558,0.0004936022306386109
2.0,6.0,22.0,5.918185199544742,2.8141698042120584,10.5,-0.010708078376904085,0.06253836722191487,1.4027913584234012e-5
2.0,7.0,22.0,5.895170689293565,2.859335698724533,10.5,-0.011060532468295355,0.062358772454957405,-0.00042188912361061653
2.0,8.0,22.0,5.859335698724533,2.8951706892935642,10.5,-0.011340172430646464,0.062079132492606284,-0.0007973468934526753
2.0,9.0,22.0,5.814169804212058,2.918185199544742,10.5,-0.011519767197603939,0.06172667840121502,-0.001075936472135152
2.0,10.0,22.0,5.7612108185127315,2.9262281606329656,10.5,-0.011582530806584656,0.06131341057186861,-0.0012365032945667387
2.0,11.0,22.0,5.1136140803164825,2.926114080316483,10.5,-0.011581640575698595,0.05625986026775879,-0.002355951812435466
2.0,12.0,22.0,4.463114080316483,2.926114080316483,10.5,-0.011581640575698595,0.051183654229446054,-0.0035386789886328583
2.0,13.0,22.0,3.8126140803164827,2.926114080316483,10.5,-0.011581640575698595,0.046107448191133306,-0.004826104509171397
2.0,14.0,22.0,3.1650173421202332,2.9262281606329656,10.5,-0.011582530806584656,0.04105389788702349,-0.006254759099626521
2.0,15.0,22.0,3.112058356420907,2.918185199544742,10.5,-0.011519767197603939,0.040640630057677075,-0.006335899931859424
2.0,16.0,22.0,3.0668924619084326,2.8951706892935642,10.5,-0.011340172430646464,0.04028817596628581,-0.006322024662332136
2.0,17.0,22.0,3.0310574713394014,2.859335698724533,10.5,-0.011060532468295355,0.040008536003934704,-0.006223353734053264
2.0,18.0,22.0,3.0080429610882238,2.8141698042120584,10.5,-0.010708078376904085,0.03982894123697723,-0.006053228079719328
2.0,19.0,22.0,3.0,2.7612108185127324,10.5,-0.01029481054755768,0.03976617762799651,-0.0058202381040135
2.0,20.0,22.0,3.0001140803164827,2.113614080316483,10.5,-0.00524126024344786,0.03976706785888257,-0.002886928415611081
2.0,21.0,22.0,3.0001140803164827,1.4631140803164828,10.5,-0.00016505420513511713,0.03976706785888257,-3.2372084929353644e-5
2.0,22.0,22.0,3.0001140803164827,0.8126140803164827,10.5,0.004911151833177626,0.03976706785888257,0.002822279622753081
2.0,23.0,22.0,3.0,0.16501734212023322,10.5,0.009964702137287446,0.03976617762799651,0.005755703125703677
2.0,24.0,22.0,3.0080429610882238,0.11205835642090678,10.5,0.010377969966633855,0.03982894123697723,0.0059893294823549275
2.0,25.0,22.0,3.0310574713394014,0.06689246190843257,10.5,0.01073042405802512,0.040008536003934704,0.006159967631479634
2.0,26.0,22.0,3.0668924619084326,0.0310574713394014,10.5,0.011010064020376228,0.04028817596628581,0.006259839980795782
2.0,27.0,22.0,3.112058356420907,0.008042961088223777,10.5,0.011189658787333705,0.040640630057677075,0.006275599181852958
2.0,28.0,22.0,3.1650173421202332,0.0,10.5,0.011252422396314422,0.04105389788702349,0.006196439099884922
2.0,29.0,22.0,3.8126140803164827,0.0001140803164827453,10.5,0.011251532165428362,0.046107448191133306,0.004791725808298901
2.0,30.0,22.0,4.463114080316483,0.0001140803164827453,10.5,0.011251532165428362,0.051183654229446054,0.0035280910173009898
2.0,31.0,22.0,5.1136140803164825,0.0001140803164827453,10.5,0.011251532165428362,0.05625986026775879,0.002368943666426046
2.0,32.0,22.0,5.761210818512732,0.0,10.5,0.011252422396314422,0.06131341057186861,0.0012729883545619717
2.0,33.0,22.0,5.814169804212058,0.008042961088223777,10.5,0.011189658787333705,0.06172667840121502,0.001114351185042824
2.0,34.0,22.0,5.859335698724533,0.0310574713394014,10.5,0.011010064020376228,0.062079132492606284,0.0008374068440342075
2.0,35.0,22.0,5.895170689293565,0.06689246190843257,10.5,0.01073042405802512,0.062358772454957405,0.0004632498623955363
2.0,36.0,22.0,5.918185199544742,0.11205835642090678,10.5,0.010377969966633855,0.06253836722191487,2.8159128691809175e-5
2.0,37.0,22.0,5.926228160632966,0.16501734212023322,10.5,0.009964702137287446,0.06260113083089558,-0.00045114484781935926
2.0,38.0,22.0,5.9261140803164825,0.29986408031648293,10.5,0.008912419544391858,0.06260024060000953,-0.0016401311849447988
2.0,39.0,22.0,5.9261140803164825,0.43761408031648275,10.5,0.00783748121729335,0.06260024060000953,-0.002858655556025879
2.0,40.0,22.0,5.9261140803164825,0.5753640803164828,10.5,0.0067625428901948404,0.06260024060000953,-0.004082915272225251
2.0,41.0,22.0,5.9261140803164825,0.7131140803164828,10.5,0.005687604563096331,0.06260024060000953,-0.005314461461460073
1.0,1.0,23.0,2.926114080316483,2.213114080316483,11.0,-0.006504491268988508,0.04176898620290001,0.004620542349614708
1.0,2.0,23.0,2.926114080316483,2.350864080316483,11.0,-0.007667150824788041,0.04176898620290001,0.003912520158213643
1.0,3.0,23.0,2.926114080316483,2.488614080316483,11.0,-0.008829810380587574,0.04176898620290001,0.003214447005508943
1.0,4.0,23.0,2.926114080316483,2.626364080316483,11.0,-0.009992469936387107,0.04176898620290001,0.002525692547435849
1.0,5.0,23.0,2.9262281606329656,2.7612108185127324,11.0,-0.011130624918109556,0.04176994908181172,0.0018595171109815538
1.0,6.0,23.0,2.918185199544742,2.8141698042120584,11.0,-0.011577617809498102,0.041702063596758016,0.0015867531715964328
1.0,7.0,23.0,2.8951706892935642,2.859335698724533,11.0,-0.011958834207691657,0.041507812850728416,0.0013276666283434805
1.0,8.0,23.0,2.859335698724533,2.8951706892935642,11.0,-0.012261294419793801,0.04120535263862627,0.0010944706002440554
1.0,9.0,23.0,2.814169804212059,2.918185199544742,11.0,-0.012455545165823406,0.04082413624043272,0.0009103773587320023
1.0,10.0,23.0,2.761210818512732,2.9262281606329656,11.0,-0.012523430650877106,0.040377143349044166,0.0007886169635162302
1.0,11.0,23.0,2.113614080316483,2.926114080316483,11.0,-0.0125224677719654,0.03491119390462691,-0.00015343708337478467
1.0,12.0,23.0,1.4631140803164828,2.926114080316483,11.0,-0.0125224677719654,0.02942073988613256,-0.001020731550735879
1.0,13.0,23.0,0.8126140803164827,2.926114080316483,11.0,-0.0125224677719654,0.023930285867638214,-0.001845811155033919
1.0,14.0,23.0,0.16501734212023322,2.9262281606329656,11.0,-0.012523430650877106,0.018464336423220953,-0.0026648624041464395
1.0,15.0,23.0,0.11205835642090678,2.918185199544742,11.0,-0.012455545165823406,0.018017343531832403,-0.0027193273304901146
1.0,16.0,23.0,0.06689246190843257,2.8951706892935642,11.0,-0.012261294419793801,0.01763612713363885,-0.0027377364525041524
1.0,17.0,23.0,0.0310574713394014,2.859335698724533,11.0,-0.011958834207691657,0.01733366692153671,-0.002719771533349007
1.0,18.0,23.0,0.008042961088223777,2.8141698042120584,11.0,-0.011577617809498102,0.017139416175507103,-0.002665154576999132
1.0,19.0,23.0,0.0,2.7612108185127324,11.0,-0.011130624918109556,0.017071530690453404,-0.002571790834016984
1.0,20.0,23.0,0.0001140803164827453,2.113614080316483,11.0,-0.005664675473692295,0.017072493569365108,-0.0012872869359529262
1.0,21.0,23.0,0.0001140803164827453,1.4631140803164828,11.0,-0.00017422145519794844,0.017072493569365108,-1.6838159841367898e-5
1.0,22.0,23.0,0.0001140803164827453,0.8126140803164827,11.0,0.005316232563296398,0.017072493569365108,0.0012534376004764672
1.0,23.0,23.0,0.0,0.16501734212023322,11.0,0.010782182007713659,0.017071530690453404,0.0025374620981288075
1.0,24.0,23.0,0.008042961088223777,0.11205835642090678,11.0,0.011229174899102209,0.017139416175507103,0.0026310676067515908
1.0,25.0,23.0,0.0310574713394014,0.06689246190843257,11.0,0.01161039129729576,0.01733366692153671,0.002686471667318515
1.0,26.0,23.0,0.06689246190843257,0.0310574713394014,11.0,0.011912851509397904,0.01763612713363885,0.002705688772663681
1.0,27.0,23.0,0.11205835642090678,0.008042961088223777,11.0,0.012107102255427509,0.018017343531832403,0.002688870225255392
1.0,28.0,23.0,0.16501734212023322,0.0,11.0,0.012174987740481208,0.018464336423220953,0.0026362749298817698
1.0,29.0,23.0,0.8126140803164827,0.0001140803164827453,11.0,0.012174024861569504,0.023930285867638214,0.0018400485774793935
1.0,30.0,23.0,1.4631140803164828,0.0001140803164827453,11.0,0.012174024861569504,0.02942073988613256,0.0010379524785621885
1.0,31.0,23.0,2.113614080316483,0.0001140803164827453,11.0,0.012174024861569504,0.03491119390462691,0.0001938282018606522
1.0,32.0,23.0,2.7612108185127324,0.0,11.0,0.012174987740481208,0.040377143349044166,-0.0007249186161720856
1.0,33.0,23.0,2.814169804212059,0.008042961088223777,11.0,0.012107102255427509,0.04082413624043272,-0.0008447797845443826
1.0,34.0,23.0,2.859335698724533,0.0310574713394014,11.0,0.011912851509397904,0.04120535263862627,-0.0010273884060818183
1.0,35.0,23.0,2.8951706892935642,0.06689246190843257,11.0,0.01161039129729576,0.041507812850728416,-0.0012591244889328915
1.0,36.0,23.0,2.918185199544742,0.11205835642090678,11.0,0.011229174899102209,0.041702063596758016,-0.0015171514548128267
1.0,37.0,23.0,2.9262281606329656,0.16501734212023322,11.0,0.010782182007713659,0.04176994908181172,-0.0017900062102690656
1.0,38.0,23.0,2.926114080316483,0.29986408031648293,11.0,0.009644027025991209,0.04176898620290001,-0.00245604576634417
1.0,39.0,23.0,2.926114080316483,0.43761408031648275,11.0,0.008481367470191677,0.04176898620290001,-0.0031448388089307033
1.0,40.0,23.0,2.926114080316483,0.5753640803164828,11.0,0.007318707914392144,0.04176898620290001,-0.0038429354123751974
1.0,41.0,23.0,2.926114080316483,0.7131140803164828,11.0,0.006156048358592611,0.04176898620290001,-0.004550934832492806
2.0,1.0,23.0,5.9261140803164825,2.213114080316483,11.0,-0.006504491268988508,0.06709006545806225,0.005436799972223969
2.0,2.0,23.0,5.9261140803164825,2.350864080316483,11.0,-0.007667150824788041,0.06709006545806225,0.004196657977995317
2.0,3.0,23.0,5.9261140803164825,2.488614080316483,11.0,-0.008829810380587574,0.06709006545806225,0.002963747320885581
2.0,4.0,23.0,5.9261140803164825,2.626364080316483,11.0,-0.009992469936387107,0.06709006545806225,0.0017365462415833285
2.0,5.0,23.0,5.926228160632966,2.7612108185127324,11.0,-0.011130624918109556,0.06709102833697395,0.0005390647335008986
2.0,6.0,23.0,5.918185199544742,2.8141698042120584,11.0,-0.011577617809498102,0.06702314285192025,5.596140292947565e-5
2.0,7.0,23.0,5.895170689293565,2.859335698724533,11.0,-0.011958834207691657,0.06682889210589066,-0.00038331077872441605
2.0,8.0,23.0,5.859335698724533,2.8951706892935642,11.0,-0.012261294419793801,0.0665264318937885,-0.0007618250490983149
2.0,9.0,23.0,5.814169804212058,2.918185199544742,11.0,-0.012455545165823406,0.06614521549559496,-0.0010428980548818692
2.0,10.0,23.0,5.7612108185127315,2.9262281606329656,11.0,-0.012523430650877106,0.06569822260420641,-0.0012052264151276731
2.0,11.0,23.0,5.1136140803164825,2.926114080316483,11.0,-0.0125224677719654,0.06023227315978914,-0.0023402964115496507
2.0,12.0,23.0,4.463114080316483,2.926114080316483,11.0,-0.0125224677719654,0.054741819141294806,-0.003538849253169993
2.0,13.0,23.0,3.8126140803164827,2.926114080316483,11.0,-0.0125224677719654,0.049251365122800456,-0.004841891226875333
2.0,14.0,23.0,3.1650173421202332,2.9262281606329656,11.0,-0.012523430650877106,0.04378541567838319,-0.006284852355832524
2.0,15.0,23.0,3.112058356420907,2.918185199544742,11.0,-0.012455545165823406,0.043338422786994645,-0.006366904500124452
2.0,16.0,23.0,3.0668924619084326,2.8951706892935642,11.0,-0.012261294419793801,0.042957206388801086,-0.006353167192106652
2.0,17.0,23.0,3.0310574713394014,2.859335698724533,11.0,-0.011958834207691657,0.04265474617669895,-0.00625471706915617
2.0,18.0,23.0,3.0080429610882238,2.8141698042120584,11.0,-0.011577617809498102,0.04246049543066934,-0.006084702481558956
2.0,19.0,23.0,3.0,2.7612108185127324,11.0,-0.011130624918109556,0.04239260994561564,-0.00585030854808886
2.0,20.0,23.0,3.0001140803164827,2.113614080316483,11.0,-0.005664675473692295,0.04239357282452735,-0.0029025412575672447
2.0,21.0,23.0,3.0001140803164827,1.4631140803164828,11.0,-0.00017422145519794844,0.04239357282452735,-3.1691725645651306e-5
2.0,22.0,23.0,3.0001140803164827,0.8126140803164827,11.0,0.005316232563296398,0.04239357282452735,0.002839189559303518
2.0,23.0,23.0,3.0,0.16501734212023322,11.0,0.010782182007713659,0.04239260994561564,0.005787027571773882
2.0,24.0,23.0,3.0080429610882238,0.11205835642090678,11.0,0.011229174899102209,0.04246049543066934,0.006021527447274981
2.0,25.0,23.0,3.0310574713394014,0.06689246190843257,11.0,0.01161039129729576,0.04265474617669895,0.006192584426626675
2.0,26.0,23.0,3.0668924619084326,0.0310574713394014,11.0,0.011912851509397904,0.042957206388801086,0.0062924145185807925
2.0,27.0,23.0,3.112058356420907,0.008042961088223777,11.0,0.012107102255427509,0.043338422786994645,0.0063076641336450145
2.0,28.0,23.0,3.1650173421202332,0.0,11.0,0.012174987740481208,0.04378541567838319,0.006227534961959489
2.0,29.0,23.0,3.8126140803164827,0.0001140803164827453,11.0,0.012174024861569504,0.049251365122800456,0.004807953763164558
2.0,30.0,23.0,4.463114080316483,0.0001140803164827453,11.0,0.012174024861569504,0.054741819141294806,0.0035281707483796935
2.0,31.0,23.0,5.1136140803164825,0.0001140803164827453,11.0,0.012174024861569504,0.06023227315978914,0.002352748311431517
2.0,32.0,23.0,5.761210818512732,0.0,11.0,0.012174987740481208,0.06569822260420641,0.001240738228109345
2.0,33.0,23.0,5.814169804212058,0.008042961088223777,11.0,0.012107102255427509,0.06614521549559496,0.0010803035257456847
2.0,34.0,23.0,5.859335698724533,0.0310574713394014,11.0,0.011912851509397904,0.0665264318937885,0.0008008449919212579
2.0,35.0,23.0,5.895170689293565,0.06689246190843257,11.0,0.01161039129729576,0.06682889210589066,0.0004236076336512655
2.0,36.0,23.0,5.918185199544742,0.11205835642090678,11.0,0.011229174899102209,0.06702314285192025,-1.4851742242296748e-5
2.0,37.0,23.0,5.926228160632966,0.16501734212023322,11.0,0.010782182007713659,0.06709102833697395,-0.000497685689297304
2.0,38.0,23.0,5.9261140803164825,0.29986408031648293,11.0,0.009644027025991209,0.06709006545806225,-0.001695220123400372
2.0,39.0,23.0,5.9261140803164825,0.43761408031648275,11.0,0.008481367470191677,0.06709006545806225,-0.0029224561391412275
2.0,40.0,23.0,5.9261140803164825,0.5753640803164828,11.0,0.007318707914392144,0.06709006545806225,-0.004155385618710087
2.0,41.0,23.0,5.9261140803164825,0.7131140803164828,11.0,0.006156048358592611,0.06709006545806225,-0.005395530762605908
1.0,1.0,24.0,2.926114080316483,2.213114080316483,11.5,-0.006995165462016352,0.044347167478729174,0.004748656646375197
1.0,2.0,24.0,2.926114080316483,2.350864080316483,11.5,-0.008246299573553155,0.044347167478729174,0.0040431604471707705
1.0,3.0,24.0,2.926114080316483,2.488614080316483,11.5,-0.009497433685089957,0.044347167478729174,0.003347292256275399
1.0,4.0,24.0,2.926114080316483,2.626364080316483,11.5,-0.01074856779662676,0.044347167478729174,0.002660551615740352
1.0,5.0,24.0,2.9262281606329656,2.7612108185127324,11.5,-0.011973332616857615,0.04434820362954882,0.001996171833541533
1.0,6.0,24.0,2.918185199544742,2.8141698042120584,11.5,-0.012454340192326338,0.0442751522830861,0.0017235481089878694
1.0,7.0,24.0,2.8951706892935642,2.859335698724533,11.5,-0.012864565900512399,0.044066119696258066,0.0014652896610640725
1.0,8.0,24.0,2.859335698724533,2.8951706892935642,11.5,-0.013190042336719401,0.04374064326005107,0.0012321303988705485
1.0,9.0,24.0,2.814169804212059,2.918185199544742,11.5,-0.013399074923547435,0.04333041755186501,0.0010472122000001755
1.0,10.0,24.0,2.761210818512732,2.9262281606329656,11.5,-0.013472126270010158,0.042849409976396274,0.0009248783719879185
1.0,11.0,24.0,2.113614080316483,2.926114080316483,11.5,-0.01347109011919051,0.03696751981539958,-3.0417771702016732e-5
1.0,12.0,24.0,1.4631140803164828,2.926114080316483,11.5,-0.01347109011919051,0.031059260363096926,-0.0009129648144690521
1.0,13.0,24.0,0.8126140803164827,2.926114080316483,11.5,-0.01347109011919051,0.025151000910794277,-0.0017539891627420218
1.0,14.0,24.0,0.16501734212023322,2.9262281606329656,11.5,-0.013472126270010158,0.019269110749797574,-0.0025885741759496626
1.0,15.0,24.0,0.11205835642090678,2.918185199544742,11.5,-0.013399074923547435,0.018788103174328847,-0.0026445654863915253
1.0,16.0,24.0,0.06689246190843257,2.8951706892935642,11.5,-0.013190042336719401,0.018377877466142792,-0.002664923978773674
1.0,17.0,24.0,0.0310574713394014,2.859335698724533,11.5,-0.012864565900512399,0.01805240102993579,-0.002649292127437176
1.0,18.0,24.0,0.008042961088223777,2.8141698042120584,11.5,-0.012454340192326338,0.017843368443107754,-0.0025972401821870157
1.0,19.0,24.0,0.0,2.7612108185127324,11.5,-0.011973332616857615,0.017770317096645033,-0.0025066448973281694
1.0,20.0,24.0,0.0001140803164827453,2.113614080316483,11.5,-0.006091442455860912,0.01777135324746468,-0.0012547069883030622
1.0,21.0,24.0,0.0001140803164827453,1.4631140803164828,11.5,-0.00018318300355826272,0.01777135324746468,-1.6463143485030686e-5
1.0,22.0,24.0,0.0001140803164827453,0.8126140803164827,11.5,0.005725076448744387,0.01777135324746468,0.0012216263047014613
1.0,23.0,24.0,0.0,0.16501734212023322,11.5,0.01160696660974109,0.017770317096645033,0.002473133949793824
1.0,24.0,24.0,0.008042961088223777,0.11205835642090678,11.5,0.012087974185209816,0.017843368443107754,0.0025639689610810115
1.0,25.0,24.0,0.0310574713394014,0.06689246190843257,11.5,0.012498199893395873,0.01805240102993579,0.0026167933770009024
1.0,26.0,24.0,0.06689246190843257,0.0310574713394014,11.5,0.012823676329602875,0.018377877466142792,0.0026336521734883914
1.0,27.0,24.0,0.11205835642090678,0.008042961088223777,11.5,0.013032708916430909,0.018788103174328847,0.0026148509552333995
1.0,28.0,24.0,0.16501734212023322,0.0,11.5,0.013105760262893631,0.019269110749797574,0.002560689523197431
1.0,29.0,24.0,0.8126140803164827,0.0001140803164827453,11.5,0.013104724112073984,0.025151000910794277,0.001748439473176389
1.0,30.0,24.0,1.4631140803164828,0.0001140803164827453,11.5,0.013104724112073984,0.031059260363096926,0.0009298705931908704
1.0,31.0,24.0,2.113614080316483,0.0001140803164827453,11.5,0.013104724112073984,0.03696751981539958,6.992551002799657e-5
1.0,32.0,24.0,2.7612108185127324,0.0,11.5,0.013105760262893631,0.04284940997639628,-0.0008626918457060865
1.0,33.0,24.0,2.814169804212059,0.008042961088223777,11.5,0.013032708916430909,0.04333041755186501,-0.0009831566863067688
1.0,34.0,24.0,2.859335698724533,0.0310574713394014,11.5,0.012823676329602875,0.04374064326005107,-0.00116638895834449
1.0,35.0,24.0,2.8951706892935642,0.06689246190843257,11.5,0.012498199893395873,0.044066119696258066,-0.0013983905065447762
1.0,36.0,24.0,2.918185199544742,0.11205835642090678,11.5,0.012087974185209816,0.0442751522830861,-0.0016559846154154969
1.0,37.0,24.0,2.9262281606329656,0.16501734212023322,11.5,0.01160696660974109,0.04434820362954882,-0.0019281145112553949
1.0,38.0,24.0,2.926114080316483,0.29986408031648293,11.5,0.010382201789510232,0.044347167478729174,-0.002592612750377689
1.0,39.0,24.0,2.926114080316483,0.43761408031648275,11.5,0.009131067677973432,0.044347167478729174,-0.0032793582448145298
1.0,40.0,24.0,2.926114080316483,0.5753640803164828,11.5,0.007879933566436629,0.044347167478729174,-0.003975228762035129
1.0,41.0,24.0,2.926114080316483,0.7131140803164828,11.5,0.0066287994548998265,0.044347167478729174,-0.004680744511638699
2.0,1.0,24.0,5.9261140803164825,2.213114080316483,11.5,-0.006995165462016352,0.07159509731256153,0.005473512761130627
2.0,2.0,24.0,5.9261140803164825,2.350864080316483,11.5,-0.008246299573553155,0.07159509731256153,0.00423342638263826
2.0,3.0,24.0,5.9261140803164825,2.488614080316483,11.5,-0.009497433685089957,0.07159509731256153,0.0030004586792378536
2.0,4.0,24.0,5.9261140803164825,2.626364080316483,11.5,-0.01074856779662676,0.07159509731256153,0.001773110111135985
2.0,5.0,24.0,5.926228160632966,2.7612108185127324,11.5,-0.011973332616857615,0.07159613346338117,0.0005754318855558105
2.0,6.0,24.0,5.918185199544742,2.8141698042120584,11.5,-0.012454340192326338,0.07152308211691845,9.218272704720672e-5
2.0,7.0,24.0,5.895170689293565,2.859335698724533,11.5,-0.012864565900512399,0.07131404953009043,-0.00034735445741549987
2.0,8.0,24.0,5.859335698724533,2.8951706892935642,11.5,-0.013190042336719401,0.07098857309388341,-0.000726249521428666
2.0,9.0,24.0,5.814169804212058,2.918185199544742,11.5,-0.013399074923547435,0.07057834738569736,-0.0010077959117716932
2.0,10.0,24.0,5.7612108185127315,2.9262281606329656,11.5,-0.013472126270010158,0.07009733981022863,-0.0011706931809442852
2.0,11.0,24.0,5.1136140803164825,2.926114080316483,11.5,-0.01347109011919051,0.06421544964923194,-0.002312756793734838
2.0,12.0,24.0,4.463114080316483,2.926114080316483,11.5,-0.01347109011919051,0.058307190196929294,-0.003517902265628001
2.0,13.0,24.0,3.8126140803164827,2.926114080316483,11.5,-0.01347109011919051,0.052398930744626634,-0.004826473483144771
2.0,14.0,24.0,3.1650173421202332,2.9262281606329656,11.5,-0.013472126270010158,0.04651704058362993,-0.006272799609488247
2.0,15.0,24.0,3.112058356420907,2.918185199544742,11.5,-0.013399074923547435,0.046036033008161205,-0.006355115076990269
2.0,16.0,24.0,3.0668924619084326,2.8951706892935642,11.5,-0.013190042336719401,0.045625807299975146,-0.006342046308682584
2.0,17.0,24.0,3.0310574713394014,2.859335698724533,11.5,-0.012864565900512399,0.04530033086376815,-0.006244081144552227
2.0,18.0,24.0,3.0080429610882238,2.8141698042120584,11.5,-0.012454340192326338,0.04509129827694011,-0.0060743971709413805
2.0,19.0,24.0,3.0,2.7612108185127324,11.5,-0.011973332616857615,0.04501824693047739,-0.005840914107135109
2.0,20.0,24.0,3.0001140803164827,2.113614080316483,11.5,-0.006091442455860912,0.04501928308129704,-0.002898408149700336
2.0,21.0,24.0,3.0001140803164827,1.4631140803164828,11.5,-0.00018318300355826272,0.04501928308129704,-3.102724440627336e-5
2.0,22.0,24.0,3.0001140803164827,0.8126140803164827,11.5,0.005725076448744387,0.04501928308129704,0.002836367189067086
2.0,23.0,24.0,3.0,0.16501734212023322,11.5,0.01160696660974109,0.04501824693047739,0.005778844764517525
2.0,24.0,24.0,3.0080429610882238,0.11205835642090678,11.5,0.012087974185209816,0.04509129827694011,0.006012716818980605
2.0,25.0,24.0,3.0310574713394014,0.06689246190843257,11.5,0.012498199893395873,0.04530033086376815,0.006183089192834624
2.0,26.0,24.0,3.0668924619084326,0.0310574713394014,11.5,0.012823676329602875,0.045625807299975146,0.006282274111596499
2.0,27.0,24.0,3.112058356420907,0.008042961088223777,11.5,0.013032708916430909,0.046036033008161205,0.006297020016808085
2.0,28.0,24.0,3.1650173421202332,0.0,11.5,0.013105760262893631,0.04651704058362993,0.006216568817153755
2.0,29.0,24.0,3.8126140803164827,0.0001140803164827453,11.5,0.013104724112073984,0.052398930744626634,0.004793015692812166
2.0,30.0,24.0,4.463114080316483,0.0001140803164827453,11.5,0.013104724112073984,0.058307190196929294,0.0035071708003017853
2.0,31.0,24.0,5.1136140803164825,0.0001140803164827453,11.5,0.013104724112073984,0.06421544964923194,0.0023246606407063483
2.0,32.0,24.0,5.761210818512732,0.0,11.5,0.013105760262893631,0.07009733981022863,0.0012051784958752297
2.0,33.0,24.0,5.814169804212058,0.008042961088223777,11.5,0.013032708916430909,0.07057834738569736,0.0010441347712381818
2.0,34.0,24.0,5.859335698724533,0.0310574713394014,11.5,0.012823676329602875,0.07098857309388341,0.000764168939055559
2.0,35.0,24.0,5.895170689293565,0.06689246190843257,11.5,0.012498199893395873,0.07131404953009043,0.00038652477398977414
2.0,36.0,24.0,5.918185199544742,0.11205835642090678,11.5,0.012087974185209816,0.07152308211691845,-5.22152405662592e-5
2.0,37.0,24.0,5.926228160632966,0.16501734212023322,11.5,0.01160696660974109,0.07159613346338117,-0.0005351983759391715
2.0,38.0,24.0,5.9261140803164825,0.29986408031648293,11.5,0.010382201789510232,0.07159509731256153,-0.0017329215072990915
2.0,39.0,24.0,5.9261140803164825,0.43761408031648275,11.5,0.009131067677973432,0.07159509731256153,-0.0029602990430761477
2.0,40.0,24.0,5.9261140803164825,0.5753640803164828,11.5,0.007879933566436629,0.07159509731256153,-0.004193282080240093
2.0,41.0,24.0,5.9261140803164825,0.7131140803164828,11.5,0.0066287994548998265,0.07159509731256153,-0.005433370550788805
1.0,1.0,25.0,2.926114080316483,2.213114080316483,12.0,-0.007486076382850123,0.04690760267838705,0.004826215973745083
1.0,2.0,25.0,2.926114080316483,2.350864080316483,12.0,-0.008825768042476765,0.04690760267838705,0.004127714110402207
1.0,3.0,25.0,2.926114080316483,2.488614080316483,12.0,-0.010165459702103405,0.04690760267838705,0.0034385942074340124
1.0,4.0,25.0,2.926114080316483,2.626364080316483,12.0,-0.011505151361730047,0.04690760267838705,0.002758295359132091
1.0,5.0,25.0,2.9262281606329656,2.7612108185127324,12.0,-0.012816607263649266,0.04690871216984636,0.0020999706798769096
1.0,6.0,25.0,2.918185199544742,2.8141698042120584,12.0,-0.01333166143020951,0.04683049011620864,0.0018299732202045628
1.0,7.0,25.0,2.8951706892935642,2.859335698724533,12.0,-0.013770923660176399,0.04660666182267765,0.0015734229489753797
1.0,8.0,25.0,2.859335698724533,2.8951706892935642,12.0,-0.014119437910543951,0.046258147572310095,0.0013418290250089477
1.0,9.0,25.0,2.814169804212059,2.918185199544742,12.0,-0.014343266204074947,0.04581888534234321,0.0011581560588220332
1.0,10.0,25.0,2.761210818512732,2.9262281606329656,12.0,-0.01442148825771266,0.04530383117578296,0.0010358600507369194
1.0,11.0,25.0,2.113614080316483,2.926114080316483,12.0,-0.014420378766253353,0.039005610130680005,7.588096332305716e-5
1.0,12.0,25.0,1.4631140803164828,2.926114080316483,12.0,-0.014420378766253353,0.03267915332786962,-0.0008136028087088456
1.0,13.0,25.0,0.8126140803164827,2.926114080316483,12.0,-0.014420378766253353,0.02635269652505924,-0.0016625386417796143
1.0,14.0,25.0,0.16501734212023322,2.9262281606329656,12.0,-0.01442148825771266,0.020054475479956282,-0.002504812287908759
1.0,15.0,25.0,0.11205835642090678,2.918185199544742,12.0,-0.014343266204074947,0.019539421313396033,-0.002561742061990509
1.0,16.0,25.0,0.06689246190843257,2.8951706892935642,12.0,-0.014119437910543951,0.019100159083429148,-0.0025836488704111503
1.0,17.0,25.0,0.0310574713394014,2.859335698724533,12.0,-0.013770923660176399,0.018751644833061597,-0.0025701438904980473
1.0,18.0,25.0,0.008042961088223777,2.8141698042120584,12.0,-0.01333166143020951,0.0185278165395306,-0.0025206703018913934
1.0,19.0,25.0,0.0,2.7612108185127324,12.0,-0.012816607263649266,0.018449594485892888,-0.002433093940552507
1.0,20.0,25.0,0.0001140803164827453,2.113614080316483,12.0,-0.006518386218546307,0.018450703977352195,-0.0012179353152376672
1.0,21.0,25.0,0.0001140803164827453,1.4631140803164828,12.0,-0.00019192941573592637,0.018450703977352195,-1.605524179359232e-5
1.0,22.0,25.0,0.0001140803164827453,0.8126140803164827,12.0,0.006134527387074454,0.018450703977352195,0.0011856834933483852
1.0,23.0,25.0,0.0,0.16501734212023322,12.0,0.012432748432177414,0.018449594485892888,0.0024004458709555947
1.0,24.0,25.0,0.008042961088223777,0.11205835642090678,12.0,0.012947802598737661,0.0185278165395306,0.002488258477703933
1.0,25.0,25.0,0.0310574713394014,0.06689246190843257,12.0,0.013387064828704547,0.018751644833061597,0.002538487675173757
1.0,26.0,25.0,0.06689246190843257,0.0310574713394014,12.0,0.013735579079072099,0.019100159083429148,0.002553191407332389
1.0,27.0,25.0,0.11205835642090678,0.008042961088223777,12.0,0.013959407372603094,0.019539421313396033,0.0025328056826684686
1.0,28.0,25.0,0.16501734212023322,0.0,12.0,0.014037629426240808,0.020054475479956282,0.002477663079361769
1.0,29.0,25.0,0.8126140803164827,0.0001140803164827453,12.0,0.0140365199347815,0.02635269652505924,0.0016571948508947675
1.0,30.0,25.0,1.4631140803164828,0.0001140803164827453,12.0,0.0140365199347815,0.03267915332786962,0.000830162123679687
1.0,31.0,25.0,2.113614080316483,0.0001140803164827453,12.0,0.0140365199347815,0.039005610130680005,-3.730960463445963e-5
1.0,32.0,25.0,2.7612108185127324,0.0,12.0,0.014037629426240808,0.04530383117578296,-0.0009751968960719661
1.0,33.0,25.0,2.814169804212059,0.008042961088223777,12.0,0.013959407372603094,0.04581888534234321,-0.001095678782026747
1.0,34.0,25.0,2.859335698724533,0.0310574713394014,12.0,0.013735579079072099,0.046258147572310095,-0.0012778679933855791
1.0,35.0,25.0,2.8951706892935642,0.06689246190843257,12.0,0.013387064828704547,0.04660666182267765,-0.0015081736253993458
1.0,36.0,25.0,2.918185199544742,0.11205835642090678,12.0,0.012947802598737661,0.04683049011620864,-0.0017638545581927588
1.0,37.0,25.0,2.9262281606329656,0.16501734212023322,12.0,0.012432748432177414,0.04690871216984636,-0.002033720299537812
1.0,38.0,25.0,2.926114080316483,0.29986408031648293,12.0,0.011121292530258191,0.04690760267838705,-0.0026920281787454216
1.0,39.0,25.0,2.926114080316483,0.43761408031648275,12.0,0.009781600870631553,0.04690760267838705,-0.0033723569863154433
1.0,40.0,25.0,2.926114080316483,0.5753640803164828,12.0,0.00844190921100491,0.04690760267838705,-0.004061496104246742
1.0,41.0,25.0,2.926114080316483,0.7131140803164828,12.0,0.00710221755137827,0.04690760267838705,-0.004759994871068138
2.0,1.0,25.0,5.9261140803164825,2.213114080316483,12.0,-0.007486076382850123,0.07608419054684383,0.0054676206394214085
2.0,2.0,25.0,5.9261140803164825,2.350864080316483,12.0,-0.008825768042476765,0.07608419054684383,0.004236095463713737
2.0,3.0,25.0,5.9261140803164825,2.488614080316483,12.0,-0.010165459702103405,0.07608419054684383,0.0030115325465740876
2.0,4.0,25.0,5.9261140803164825,2.626364080316483,12.0,-0.011505151361730047,0.07608419054684383,0.0017924683113742386
2.0,5.0,25.0,5.926228160632966,2.7612108185127324,12.0,-0.012816607263649266,0.07608530003830313,0.0006028228327977097
2.0,6.0,25.0,5.918185199544742,2.8141698042120584,12.0,-0.01333166143020951,0.07600707798466542,0.00012275422013984536
2.0,7.0,25.0,5.895170689293565,2.859335698724533,12.0,-0.013770923660176399,0.07578324969113444,-0.00031400538998419225
2.0,8.0,25.0,5.859335698724533,2.8951706892935642,12.0,-0.014119437910543951,0.07543473544076687,-0.0006906383658867414
2.0,9.0,25.0,5.814169804212058,2.918185199544742,12.0,-0.014343266204074947,0.0749954732108,-0.0009706744260688087
2.0,10.0,25.0,5.7612108185127315,2.9262281606329656,12.0,-0.01442148825771266,0.07448041904423974,-0.0011329611880567141
2.0,11.0,25.0,5.1136140803164825,2.926114080316483,12.0,-0.014420378766253353,0.06818219799913679,-0.002273395915528884
2.0,12.0,25.0,4.463114080316483,2.926114080316483,12.0,-0.014420378766253353,0.06185574119632642,-0.0034760212975886644
2.0,13.0,25.0,3.8126140803164827,2.926114080316483,12.0,-0.014420378766253353,0.055529284393516024,-0.004780275340532791
2.0,14.0,25.0,3.1650173421202332,2.9262281606329656,12.0,-0.01442148825771266,0.04923106334841307,-0.006219444127327741
2.0,15.0,25.0,3.112058356420907,2.918185199544742,12.0,-0.014343266204074947,0.04871600918185282,-0.006301436116184336
2.0,16.0,25.0,3.0668924619084326,2.8951706892935642,12.0,-0.014119437910543951,0.048276746951885934,-0.006288720297389011
2.0,17.0,25.0,3.0310574713394014,2.859335698724533,12.0,-0.013770923660176399,0.04792823270151838,-0.006192008637164181
2.0,18.0,25.0,3.0080429610882238,2.8141698042120584,12.0,-0.01333166143020951,0.047704404407987386,-0.006024235374049971
2.0,19.0,25.0,3.0,2.7612108185127324,12.0,-0.012816607263649266,0.04762618235434967,-0.005792720091372345
2.0,20.0,25.0,3.0001140803164827,2.113614080316483,12.0,-0.006518386218546307,0.04762729184580898,-0.002874983626212992
2.0,21.0,25.0,3.0001140803164827,1.4631140803164828,12.0,-0.00019192941573592637,0.04762729184580898,-3.0364613164718726e-5
2.0,22.0,25.0,3.0001140803164827,0.8126140803164827,12.0,0.006134527387074454,0.04762729184580898,0.002814245165164815
2.0,23.0,25.0,3.0,0.16501734212023322,12.0,0.012432748432177414,0.04762618235434967,0.005731933599802272
2.0,24.0,25.0,3.0080429610882238,0.11205835642090678,12.0,0.012947802598737661,0.047704404407987386,0.005963653563389893
2.0,25.0,25.0,3.0310574713394014,0.06689246190843257,12.0,0.013387064828704547,0.04792823270151838,0.006132290662210166
2.0,26.0,25.0,3.0668924619084326,0.0310574713394014,12.0,0.013735579079072099,0.048276746951885934,0.006230261293861173
2.0,27.0,25.0,3.112058356420907,0.008042961088223777,12.0,0.013959407372603094,0.04871600918185282,0.006244477194841846
2.0,28.0,25.0,3.1650173421202332,0.0,12.0,0.014037629426240808,0.04923106334841307,0.006164313523090145
2.0,29.0,25.0,3.8126140803164827,0.0001140803164827453,12.0,0.0140365199347815,0.055529284393516024,0.004747342848474345
2.0,30.0,25.0,4.463114080316483,0.0001140803164827453,12.0,0.0140365199347815,0.06185574119632642,0.003465257181469342
2.0,31.0,25.0,5.1136140803164825,0.0001140803164827453,12.0,0.0140365199347815,0.06818219799913679,0.002284743031395492
2.0,32.0,25.0,5.761210818512732,0.0,12.0,0.014037629426240808,0.07448041904423974,0.0011663729091845056
2.0,33.0,25.0,5.814169804212058,0.008042961088223777,12.0,0.013959407372603094,0.0749954732108,0.0010058970367257019
2.0,34.0,25.0,5.859335698724533,0.0310574713394014,12.0,0.013735579079072099,0.07543473544076687,0.0007274051484212818
2.0,35.0,25.0,5.895170689293565,0.06689246190843257,12.0,0.013387064828704547,0.07578324969113444,0.0003519944963810583
2.0,36.0,25.0,5.918185199544742,0.11205835642090678,12.0,0.012947802598737661,0.07600707798466542,-8.398535668395463e-5
2.0,37.0,25.0,5.926228160632966,0.16501734212023322,12.0,0.012432748432177414,0.07608530003830313,-0.0005637921329006818
2.0,38.0,25.0,5.9261140803164825,0.29986408031648293,12.0,0.011121292530258191,0.07608419054684383,-0.0017534766573136223
2.0,39.0,25.0,5.9261140803164825,0.43761408031648275,12.0,0.009781600870631553,0.07608419054684383,-0.0029725655917888405
2.0,40.0,25.0,5.9261140803164825,0.5753640803164828,12.0,0.00844190921100491,0.07608419054684383,-0.004197141320496187
2.0,41.0,25.0,5.9261140803164825,0.7131140803164828,12.0,0.00710221755137827,0.07608419054684383,-0.005428667837379993
1.0,1.0,26.0,2.926114080316483,2.213114080316483,12.5,-0.007973642253193983,0.04943409772299798,0.004854646741854686
1.0,2.0,26.0,2.926114080316483,2.350864080316483,12.5,-0.0094013177744087,0.04943409772299798,0.004167569640048205
1.0,3.0,26.0,2.926114080316483,2.488614080316483,12.5,-0.010828993295623417,0.04943409772299798,0.0034895449673899895
1.0,4.0,26.0,2.926114080316483,2.626364080316483,12.5,-0.012256668816838134,0.04943409772299798,0.002820070089860659
1.0,5.0,26.0,2.9262281606329656,2.7612108185127324,12.5,-0.013654254205138931,0.04943528007998741,0.0021720999553625146
1.0,6.0,26.0,2.918185199544742,2.8141698042120584,12.5,-0.0142031344048579,0.04935192081564085,0.0019060738371211746
1.0,7.0,26.0,2.8951706892935642,2.859335698724533,12.5,-0.014671245054507455,0.049113392663783485,0.0016534728242190012
1.0,8.0,26.0,2.859335698724533,2.8951706892935642,12.5,-0.015042647877290512,0.04874198984100043,0.0014250696962846278
1.0,9.0,26.0,2.814169804212059,2.918185199544742,12.5,-0.015281176029147872,0.04827387919135088,0.0012434734680573914
1.0,10.0,26.0,2.761210818512732,2.9262281606329656,12.5,-0.01536453529349444,0.0477249989916319,0.001122363913626127
1.0,11.0,26.0,2.113614080316483,2.926114080316483,12.5,-0.015363352936505002,0.041013144104217886,0.00016594188815816088
1.0,12.0,26.0,1.4631140803164828,2.926114080316483,12.5,-0.015363352936505002,0.034271199083889946,-0.0007224629568002082
1.0,13.0,26.0,0.8126140803164827,2.926114080316483,12.5,-0.015363352936505002,0.02752925406356201,-0.0015715163564181177
1.0,14.0,26.0,0.16501734212023322,2.9262281606329656,12.5,-0.01536453529349444,0.020817399176147992,-0.0024138208838693047
1.0,15.0,26.0,0.11205835642090678,2.918185199544742,12.5,-0.015281176029147872,0.02026851897642902,-0.002471111822217584
1.0,16.0,26.0,0.06689246190843257,2.8951706892935642,12.5,-0.015042647877290512,0.01980040832677947,-0.002494173948258018
1.0,17.0,26.0,0.0310574713394014,2.859335698724533,12.5,-0.014671245054507455,0.019429005503996413,-0.002482593877206738
1.0,18.0,26.0,0.008042961088223777,2.8141698042120584,12.5,-0.0142031344048579,0.01919047735213905,-0.002435709089306245
1.0,19.0,26.0,0.0,2.7612108185127324,12.5,-0.013654254205138931,0.019107118087792484,-0.0023513927012130315
1.0,20.0,26.0,0.0001140803164827453,2.113614080316483,12.5,-0.006942399317724913,0.01910830044478192,-0.001177097575540014
1.0,21.0,26.0,0.0001140803164827453,1.4631140803164828,12.5,-0.00020045429739697624,0.01910830044478192,-1.561733891980611e-5
1.0,22.0,26.0,0.0001140803164827453,0.8126140803164827,12.5,0.006541490722930961,0.01910830044478192,0.0011457299831148337
1.0,23.0,26.0,0.0,0.16501734212023322,12.5,0.013253345610344979,0.019107118087792484,0.002319650679885676
1.0,24.0,26.0,0.008042961088223777,0.11205835642090678,12.5,0.013802225810063953,0.01919047735213905,0.0024041981224663033
1.0,25.0,26.0,0.0310574713394014,0.06689246190843257,12.5,0.014270336459713503,0.019429005503996413,0.0024518197947107027
1.0,26.0,26.0,0.06689246190843257,0.0310574713394014,12.5,0.01464173928249656,0.01980040832677947,0.0024645683943007603
1.0,27.0,26.0,0.11205835642090678,0.008042961088223777,12.5,0.01488026743435392,0.02026851897642902,0.002442988584613357
1.0,28.0,26.0,0.16501734212023322,0.0,12.5,0.014963626698700487,0.020817399176147992,0.002387439040069582
1.0,29.0,26.0,0.8126140803164827,0.0001140803164827453,12.5,0.01496244434171105,0.02752925406356201,0.0015663780942716426
1.0,30.0,26.0,1.4631140803164828,0.0001140803164827453,12.5,0.01496244434171105,0.034271199083889946,0.0007386480007820095
1.0,31.0,26.0,2.113614080316483,0.0001140803164827453,12.5,0.01496244434171105,0.041013144104217886,-0.00012834007731969536
1.0,32.0,26.0,2.7612108185127324,0.0,12.5,0.014963626698700487,0.047724998991631906,-0.00106328605000026
1.0,33.0,26.0,2.814169804212059,0.008042961088223777,12.5,0.01488026743435392,0.04827387919135088,-0.0011826317256107086
1.0,34.0,26.0,2.859335698724533,0.0310574713394014,12.5,0.01464173928249656,0.04874198984100043,-0.001362678599898099
1.0,35.0,26.0,2.8951706892935642,0.06689246190843257,12.5,0.014270336459713503,0.049113392663783485,-0.00158993140290417
1.0,36.0,26.0,2.918185199544742,0.11205835642090678,12.5,0.013802225810063953,0.04935192081564085,-0.0018418293073923803
1.0,37.0,26.0,2.9262281606329656,0.16501734212023322,12.5,0.013253345610344979,0.04943528007998741,-0.002107515892645853
1.0,38.0,26.0,2.926114080316483,0.29986408031648293,12.5,0.011855760222044178,0.04943409772299798,-0.002755554804080064
1.0,39.0,26.0,2.926114080316483,0.43761408031648275,12.5,0.010428084700829465,0.04943409772299798,-0.0034250504247554663
1.0,40.0,26.0,2.926114080316483,0.5753640803164828,12.5,0.009000409179614746,0.04943409772299798,-0.004103086600365752
1.0,41.0,26.0,2.926114080316483,0.7131140803164828,12.5,0.00757273365840003,0.04943409772299798,-0.004790174594159463
2.0,1.0,26.0,5.9261140803164825,2.213114080316483,12.5,-0.007973642253193983,0.080526849546186,0.005420057414570355
2.0,2.0,26.0,5.9261140803164825,2.350864080316483,12.5,-0.0094013177744087,0.080526849546186,0.004205400570970094
2.0,3.0,26.0,5.9261140803164825,2.488614080316483,12.5,-0.010828993295623417,0.080526849546186,0.0029975176439263128
2.0,4.0,26.0,5.9261140803164825,2.626364080316483,12.5,-0.012256668816838134,0.080526849546186,0.0017949836174025267
2.0,5.0,26.0,5.926228160632966,2.7612108185127324,12.5,-0.013654254205138931,0.08052803190317542,0.0006214229238994141
2.0,6.0,26.0,5.918185199544742,2.8141698042120584,12.5,-0.0142031344048579,0.08044467263882886,0.00014779289489949665
2.0,7.0,26.0,5.895170689293565,2.859335698724533,12.5,-0.014671245054507455,0.08020614448697151,-0.000283210329322634
2.0,8.0,26.0,5.859335698724533,2.8951706892935642,12.5,-0.015042647877290512,0.07983474166418844,-0.0006549965148460266
2.0,9.0,26.0,5.814169804212058,2.918185199544742,12.5,-0.015281176029147872,0.0793666310145389,-0.0009315769588645274
2.0,10.0,26.0,5.7612108185127315,2.9262281606329656,12.5,-0.01536453529349444,0.07881775081481993,-0.0010920910499169515
2.0,11.0,26.0,5.1136140803164825,2.926114080316483,12.5,-0.015363352936505002,0.0721058959274059,-0.0022223830646655434
2.0,12.0,26.0,4.463114080316483,2.926114080316483,12.5,-0.015363352936505002,0.06536395090707799,-0.0034135426176775665
2.0,13.0,26.0,3.8126140803164827,2.926114080316483,12.5,-0.015363352936505002,0.05862200588675003,-0.004703916796525071
2.0,14.0,26.0,3.1650173421202332,2.9262281606329656,12.5,-0.01536453529349444,0.05191015099933602,-0.006125686691689147
2.0,15.0,26.0,3.112058356420907,2.918185199544742,12.5,-0.015281176029147872,0.05136127079961704,-0.006206734217217833
2.0,16.0,26.0,3.0668924619084326,2.8951706892935642,12.5,-0.015042647877290512,0.05089316014996749,-0.006194613627163567
2.0,17.0,26.0,3.0310574713394014,2.859335698724533,12.5,-0.014671245054507455,0.05052175732718443,-0.006099616011605012
2.0,18.0,26.0,3.0080429610882238,2.8141698042120584,12.5,-0.0142031344048579,0.05028322917532708,-0.00593448485947505
2.0,19.0,26.0,3.0,2.7612108185127324,12.5,-0.013654254205138931,0.05019986991098051,-0.005706689585174544
2.0,20.0,26.0,3.0001140803164827,2.113614080316483,12.5,-0.006942399317724913,0.05020105226796995,-0.0028327218021265955
2.0,21.0,26.0,3.0001140803164827,1.4631140803164828,12.5,-0.00020045429739697624,0.05020105226796995,-2.9703601603059985e-5
2.0,22.0,26.0,3.0001140803164827,0.8126140803164827,12.5,0.006541490722930961,0.05020105226796995,0.0027733000776279408
2.0,23.0,26.0,3.0,0.16501734212023322,12.5,0.013253345610344979,0.05019986991098051,0.005647190074568157
2.0,24.0,26.0,3.0080429610882238,0.11205835642090678,12.5,0.013802225810063953,0.05028322917532708,0.005875289788557116
2.0,25.0,26.0,3.0310574713394014,0.06689246190843257,12.5,0.014270336459713503,0.05052175732718443,0.006041135770190205
2.0,26.0,26.0,3.0668924619084326,0.0310574713394014,12.5,0.01464173928249656,0.05089316014996749,0.0061373127503198295
2.0,27.0,26.0,3.112058356420907,0.008042961088223777,12.5,0.01488026743435392,0.05136127079961704,0.006150983118087727
2.0,28.0,26.0,3.1650173421202332,0.0,12.5,0.014963626698700487,0.05191015099933602,0.006071701498918455
2.0,29.0,26.0,3.8126140803164827,0.0001140803164827453,12.5,0.01496244434171105,0.05862200588675003,0.004671535077523214
2.0,30.0,26.0,4.463114080316483,0.0001140803164827453,12.5,0.01496244434171105,0.06536395090707799,0.003402762616412465
2.0,31.0,26.0,5.1136140803164825,0.0001140803164827453,12.5,0.01496244434171105,0.0721058959274059,0.0022331622228464027
2.0,32.0,26.0,5.761210818512732,0.0,12.5,0.014963626698700487,0.07881775081481993,0.001124387903247122
2.0,33.0,26.0,5.814169804212058,0.008042961088223777,12.5,0.01488026743435392,0.0793666310145389,0.0009656393594037579
2.0,34.0,26.0,5.859335698724533,0.0310574713394014,12.5,0.01464173928249656,0.07983474166418844,0.0006905645491884196
2.0,35.0,26.0,5.895170689293565,0.06689246190843257,12.5,0.014270336459713503,0.08020614448697151,0.00031997057931681846
2.0,36.0,26.0,5.918185199544742,0.11205835642090678,12.5,0.013802225810063953,0.08044467263882886,-0.00011027164046571245
2.0,37.0,26.0,5.926228160632966,0.16501734212023322,12.5,0.013253345610344979,0.08052803190317542,-0.0005836452199359447
2.0,38.0,26.0,5.9261140803164825,0.29986408031648293,12.5,0.011855760222044178,0.080526849546186,-0.0017572405950512758
2.0,39.0,26.0,5.9261140803164825,0.43761408031648275,12.5,0.010428084700829465,0.080526849546186,-0.002959796152035439
2.0,40.0,26.0,5.9261140803164825,0.5753640803164828,12.5,0.009000409179614746,0.080526849546186,-0.004167690049178712
2.0,41.0,26.0,5.9261140803164825,0.7131140803164828,12.5,0.00757273365840003,0.080526849546186,-0.005382347684311069
1.0,1.0,27.0,2.926114080316483,2.213114080316483,13.0,-0.008454369371148063,0.051910877376768076,0.004835566903058092
1.0,2.0,27.0,2.926114080316483,2.350864080316483,13.0,-0.009968814785430153,0.051910877376768076,0.004164176641557306
1.0,3.0,27.0,2.926114080316483,2.488614080316483,13.0,-0.011483260199712242,0.051910877376768076,0.003501517603562946
1.0,4.0,27.0,2.926114080316483,2.626364080316483,13.0,-0.012997705613994331,0.051910877376768076,0.002847073177942951
1.0,5.0,27.0,2.9262281606329656,2.7612108185127324,13.0,-0.014480232106133768,0.05191213159391622,0.002213536038670811
1.0,6.0,27.0,2.918185199544742,2.8141698042120584,13.0,-0.015062471620016707,0.051823706000178944,0.00195345362604436
1.0,7.0,27.0,2.8951706892935642,2.859335698724533,13.0,-0.0155590326496092,0.05157068081316011,0.001706098008273121
1.0,8.0,27.0,2.859335698724533,2.8951706892935642,13.0,-0.01595300823681872,0.051176705225950594,0.0014823737130534266
1.0,9.0,27.0,2.814169804212059,2.918185199544742,13.0,-0.01620603342383755,0.05068014419635811,0.0013044063181845158
1.0,10.0,27.0,2.761210818512732,2.9262281606329656,13.0,-0.016294459017574824,0.05009790468247516,0.001185241618319122
1.0,11.0,27.0,2.113614080316483,2.926114080316483,13.0,-0.01629320480042668,0.042978123118298406,0.00024030434307921683
1.0,12.0,27.0,1.4631140803164828,2.926114080316483,13.0,-0.01629320480042668,0.035826422631978994,-0.0006393101709885681
1.0,13.0,27.0,0.8126140803164827,2.926114080316483,13.0,-0.01629320480042668,0.028674722145659585,-0.001480955950409961
1.0,14.0,27.0,0.16501734212023322,2.9262281606329656,13.0,-0.016294459017574824,0.021554940581482825,-0.002315859685855064
1.0,15.0,27.0,0.11205835642090678,2.918185199544742,13.0,-0.01620603342383755,0.02097270106759988,-0.002372951212187446
1.0,16.0,27.0,0.06689246190843257,2.8951706892935642,13.0,-0.01595300823681872,0.020476140038007393,-0.0023967854219962784
1.0,17.0,27.0,0.0310574713394014,2.859335698724533,13.0,-0.0155590326496092,0.020082164450797874,-0.0023869317438123304
1.0,18.0,27.0,0.008042961088223777,2.8141698042120584,13.0,-0.015062471620016707,0.019829139263779043,-0.002342644642364632
1.0,19.0,27.0,0.0,2.7612108185127324,13.0,-0.014480232106133768,0.01974071367004177,-0.0022618214710992735
1.0,20.0,27.0,0.0001140803164827453,2.113614080316483,13.0,-0.00736045054195701,0.019741967887189914,-0.00113233560156797
1.0,21.0,27.0,0.0001140803164827453,1.4631140803164828,13.0,-0.00020875005563760006,0.019741967887189914,-1.5151317414930792e-5
1.0,22.0,27.0,0.0001140803164827453,0.8126140803164827,13.0,0.00694295043068181,0.019741967887189914,0.001101904534413665
1.0,23.0,27.0,0.0,0.16501734212023322,13.0,0.014062731994858567,0.01974071367004177,0.0022310275141923745
1.0,24.0,27.0,0.008042961088223777,0.11205835642090678,13.0,0.014644971508741512,0.019829139263779043,0.0023120754373460086
1.0,25.0,27.0,0.0310574713394014,0.06689246190843257,13.0,0.015141532538334,0.020082164450797874,0.0023570790484288774
1.0,26.0,27.0,0.06689246190843257,0.0310574713394014,13.0,0.015535508125543518,0.020476140038007393,0.002368068863369547
1.0,27.0,27.0,0.11205835642090678,0.008042961088223777,13.0,0.01578853331256235,0.02097270106759988,0.002345675967847753
1.0,28.0,27.0,0.16501734212023322,0.0,13.0,0.015876958906299626,0.021554940581482825,0.0022902776817438995
1.0,29.0,27.0,0.8126140803164827,0.0001140803164827453,13.0,0.01587570468915148,0.028674722145659585,0.0014760253636017582
1.0,30.0,27.0,1.4631140803164828,0.0001140803164827453,13.0,0.01587570468915148,0.035826422631978994,0.0006551008258403299
1.0,31.0,27.0,2.113614080316483,0.0001140803164827453,13.0,0.01587570468915148,0.042978123118298406,-0.0002037118088917519
1.0,32.0,27.0,2.7612108185127324,0.0,13.0,0.015876958906299626,0.05009790468247516,-0.0011277824002741618
1.0,33.0,27.0,2.814169804212059,0.008042961088223777,13.0,0.01578853331256235,0.05068014419635811,-0.001245230349149076
1.0,34.0,27.0,2.859335698724533,0.0310574713394014,13.0,0.015535508125543518,0.051176705225950594,-0.0014217696634947078
1.0,35.0,27.0,2.8951706892935642,0.06689246190843257,13.0,0.015141532538334,0.05157068081316011,-0.0016443066334477278
1.0,36.0,27.0,2.918185199544742,0.11205835642090678,13.0,0.014644971508741512,0.051823706000178944,-0.001890882054770361
1.0,37.0,27.0,2.9262281606329656,0.16501734212023322,13.0,0.014062731994858567,0.05191213159391622,-0.0021507780438322277
1.0,38.0,27.0,2.926114080316483,0.29986408031648293,13.0,0.012580205502719129,0.051910877376768076,-0.00278433222252602
1.0,39.0,27.0,2.926114080316483,0.43761408031648275,13.0,0.011065760088437042,0.051910877376768076,-0.0034388053063421423
1.0,40.0,27.0,2.926114080316483,0.5753640803164828,13.0,0.009551314674154952,0.051910877376768076,-0.004101482747444186
1.0,41.0,27.0,2.926114080316483,0.7131140803164828,13.0,0.008036869259872865,0.051910877376768076,-0.004772875330471073
2.0,1.0,27.0,5.9261140803164825,2.213114080316483,13.0,-0.008454369371148063,0.08489335463880993,0.0053319551346809315
2.0,2.0,27.0,5.9261140803164825,2.350864080316483,13.0,-0.009968814785430153,0.08489335463880993,0.004142246401780167
2.0,3.0,27.0,5.9261140803164825,2.488614080316483,13.0,-0.011483260199712242,0.08489335463880993,0.002959090946389077
2.0,4.0,27.0,5.9261140803164825,2.626364080316483,13.0,-0.012997705613994331,0.08489335463880993,0.0017811105705704835
2.0,5.0,27.0,5.926228160632966,2.7612108185127324,13.0,-0.014480232106133768,0.08489460885595806,0.0006314711408688938
2.0,6.0,27.0,5.918185199544742,2.8141698042120584,13.0,-0.015062471620016707,0.0848061832622208,0.00016744918313955885
2.0,7.0,27.0,5.895170689293565,2.859335698724533,13.0,-0.0155590326496092,0.08455315807520197,-0.00025489816518442217
2.0,8.0,27.0,5.859335698724533,2.8951706892935642,13.0,-0.01595300823681872,0.08415918248799245,-0.0006193182654181516
2.0,9.0,27.0,5.814169804212058,2.918185199544742,13.0,-0.01620603342383755,0.08366262145839996,-0.0008905481482699485
2.0,10.0,27.0,5.7612108185127315,2.9262281606329656,13.0,-0.016294459017574824,0.08308038194451701,-0.0010481564617932575
2.0,11.0,27.0,5.1136140803164825,2.926114080316483,13.0,-0.01629320480042668,0.07596060038034026,-0.0021599721219238968
2.0,12.0,27.0,4.463114080316483,2.926114080316483,13.0,-0.01629320480042668,0.06880889989402086,-0.003330944899063292
2.0,13.0,27.0,3.8126140803164827,2.926114080316483,13.0,-0.01629320480042668,0.06165719940770144,-0.004598152952345602
2.0,14.0,27.0,3.1650173421202332,2.9262281606329656,13.0,-0.016294459017574824,0.054537417843524685,-0.005992638335625153
2.0,15.0,27.0,3.112058356420907,2.918185199544742,13.0,-0.01620603342383755,0.05395517832964174,-0.006072194005824167
2.0,16.0,27.0,3.0668924619084326,2.8951706892935642,13.0,-0.01595300823681872,0.05345861730004925,-0.006060538457162719
2.0,17.0,27.0,3.0310574713394014,2.859335698724533,13.0,-0.0155590326496092,0.053064641712839734,-0.005967890415408125
2.0,18.0,27.0,3.0080429610882238,2.8141698042120584,13.0,-0.015062471620016707,0.0528116165258209,-0.005806634475637324
2.0,19.0,27.0,3.0,2.7612108185127324,13.0,-0.014480232106133768,0.05272319093208362,-0.005583820865677814
2.0,20.0,27.0,3.0001140803164827,2.113614080316483,13.0,-0.00736045054195701,0.052724445149231774,-0.0027721573214026145
2.0,21.0,27.0,3.0001140803164827,1.4631140803164828,13.0,-0.00020875005563760006,0.052724445149231774,-2.903971837268388e-5
2.0,22.0,27.0,3.0001140803164827,0.8126140803164827,13.0,0.00694295043068181,0.052724445149231774,0.0027140588778614048
2.0,23.0,27.0,3.0,0.16501734212023322,13.0,0.014062731994858567,0.05272319093208362,0.005525649771155362
2.0,24.0,27.0,3.0080429610882238,0.11205835642090678,13.0,0.014644971508741512,0.0528116165258209,0.0057486826054178215
2.0,25.0,27.0,3.0310574713394014,0.06689246190843257,13.0,0.015141532538334,0.053064641712839734,0.0059107245164274885
2.0,26.0,27.0,3.0668924619084326,0.0310574713394014,13.0,0.015535508125543518,0.05345861730004925,0.006004551663560754
2.0,27.0,27.0,3.112058356420907,0.008042961088223777,13.0,0.01578853331256235,0.05395517832964174,0.006017645041665041
2.0,28.0,27.0,3.1650173421202332,0.0,13.0,0.015876958906299626,0.054537417843524685,0.005939818921555137
2.0,29.0,27.0,3.8126140803164827,0.0001140803164827453,13.0,0.01587570468915148,0.06165719940770144,0.0045663490425954315
2.0,30.0,27.0,4.463114080316483,0.0001140803164827453,13.0,0.01587570468915148,0.06880889989402086,0.0033201592748798104
2.0,31.0,27.0,5.1136140803164825,0.0001140803164827453,13.0,0.01587570468915148,0.07596060038034026,0.0021701724282919333
2.0,32.0,27.0,5.761210818512732,0.0,13.0,0.015876958906299626,0.08308038194451701,0.0010793008521097522
2.0,33.0,27.0,5.814169804212058,0.008042961088223777,13.0,0.01578853331256235,0.08366262145839996,0.0009234108015421519
2.0,34.0,27.0,5.859335698724533,0.0310574713394014,13.0,0.015535508125543518,0.08415918248799245,0.0006536462221808371
2.0,35.0,27.0,5.895170689293565,0.06689246190843257,13.0,0.015141532538334,0.08455315807520197,0.00029038650064140757
2.0,36.0,27.0,5.918185199544742,0.11205835642090678,13.0,0.014644971508741512,0.0848061832622208,-0.00013121977038913548
2.0,37.0,27.0,5.926228160632966,0.16501734212023322,13.0,0.014062731994858567,0.08489460885595806,-0.0005949911997410311
2.0,38.0,27.0,5.9261140803164825,0.29986408031648293,13.0,0.012580205502719129,0.08489335463880993,-0.0017446620207814934
2.0,39.0,27.0,5.9261140803164825,0.43761408031648275,13.0,0.011065760088437042,0.08489335463880993,-0.002922661575063318
2.0,40.0,27.0,5.9261140803164825,0.5753640803164828,13.0,0.009551314674154952,0.08489335463880993,-0.0041058266155005055
2.0,41.0,27.0,5.9261140803164825,0.7131140803164828,13.0,0.008036869259872865,0.08489335463880993,-0.005295535719456306
1.0,1.0,28.0,2.926114080316483,2.213114080316483,13.5,-0.008924868883237848,0.054322646801546505,0.004770710636327131
1.0,2.0,28.0,2.926114080316483,2.350864080316483,13.5,-0.01052424902111687,0.054322646801546505,0.004119155368988612
1.0,3.0,28.0,2.926114080316483,2.488614080316483,13.5,-0.012123629158995893,0.054322646801546505,0.0034759544302878113
1.0,4.0,28.0,2.926114080316483,2.626364080316483,13.5,-0.013723009296874915,0.054322646801546505,0.0028406334870915277
1.0,5.0,28.0,2.9262281606329656,2.7612108185127324,13.5,-0.015288680401984561,0.05432397135902241,0.0022255224171634077
1.0,6.0,28.0,2.918185199544742,2.8141698042120584,13.5,-0.015903573685830088,0.05423058658795715,0.00197283594312371
1.0,7.0,28.0,2.8951706892935642,2.859335698724533,13.5,-0.016427983374343997,0.05396337097577024,0.0017325718778885908
1.0,8.0,28.0,2.859335698724533,2.8951706892935642,13.5,-0.01684405431559402,0.05354730003452022,0.0015150200871920892
1.0,9.0,28.0,2.814169804212059,2.918185199544742,13.5,-0.017111269927780927,0.05302289034600632,0.001341671451286872
1.0,10.0,28.0,2.761210818512732,2.9262281606329656,13.5,-0.017204654698846182,0.05240799706216078,0.001225416852179123
1.0,11.0,28.0,2.113614080316483,2.926114080316483,13.5,-0.01720333014137028,0.04488891640570835,0.0002995651970001111
1.0,12.0,28.0,1.4631140803164828,2.926114080316483,13.5,-0.01720333014137028,0.03733612671648655,-0.0005638697894285705
1.0,13.0,28.0,0.8126140803164827,2.926114080316483,13.5,-0.01720333014137028,0.029783337027264743,-0.0013908758529967223
1.0,14.0,28.0,0.16501734212023322,2.9262281606329656,13.5,-0.017204654698846182,0.02226425637081231,-0.0022112097259005996
1.0,15.0,28.0,0.11205835642090678,2.918185199544742,13.5,-0.017111269927780927,0.02164936308696678,-0.0022675591180096456
1.0,16.0,28.0,0.06689246190843257,2.8951706892935642,13.5,-0.01684405431559402,0.021124953398452873,-0.0022917946278405705
1.0,17.0,28.0,0.0310574713394014,2.859335698724533,13.5,-0.016427983374343997,0.020708882457202853,-0.002283475367558642
1.0,18.0,28.0,0.008042961088223777,2.8141698042120584,13.5,-0.015903573685830088,0.020441666845015943,-0.0022417936155999787
1.0,19.0,28.0,0.0,2.7612108185127324,13.5,-0.015288680401984561,0.020348282073950688,-0.002164687870238936
1.0,20.0,28.0,0.0001140803164827453,2.113614080316483,13.5,-0.007769599745532131,0.02034960663142659,-0.001083806969647263
1.0,21.0,28.0,0.0001140803164827453,1.4631140803164828,13.5,-0.00021681005631032468,0.02034960663142659,-1.465818787877944e-5
1.0,22.0,28.0,0.0001140803164827453,0.8126140803164827,13.5,0.007335979632911481,0.02034960663142659,0.0010543630981251198
1.0,23.0,28.0,0.0,0.16501734212023322,13.5,0.014855060289363913,0.020348282073950688,0.0021348834831305366
1.0,24.0,28.0,0.008042961088223777,0.11205835642090678,13.5,0.015469953573209443,0.020441666845015943,0.0022122064222169636
1.0,25.0,28.0,0.0310574713394014,0.06689246190843257,13.5,0.01599436326172335,0.020708882457202853,0.0022545828061926528
1.0,26.0,28.0,0.06689246190843257,0.0310574713394014,13.5,0.01641043420297337,0.021124953398452873,0.002264004081979369
1.0,27.0,28.0,0.11205835642090678,0.008042961088223777,13.5,0.01667764981516028,0.02164936308696678,0.0022411667357975025
1.0,28.0,28.0,0.16501734212023322,0.0,13.5,0.016771034586225534,0.02226425637081231,0.002186459909436537
1.0,29.0,28.0,0.8126140803164827,0.0001140803164827453,13.5,0.01676971002874963,0.029783337027264743,0.0013861576699540884
1.0,30.0,28.0,1.4631140803164828,0.0001140803164827453,13.5,0.01676971002874963,0.03733612671648655,0.000579246537314874
1.0,31.0,28.0,2.113614080316483,0.0001140803164827453,13.5,0.01676971002874963,0.04488891640570835,-0.00026401388184945593
1.0,32.0,28.0,2.7612108185127324,0.0,13.5,0.016771034586225534,0.05240799706216078,-0.001169630806805094
1.0,33.0,28.0,2.814169804212059,0.008042961088223777,13.5,0.01667764981516028,0.05302289034600632,-0.0012842238305743733
1.0,34.0,28.0,2.859335698724533,0.0310574713394014,13.5,0.01641043420297337,0.05354730003452022,-0.0014561227031691913
1.0,35.0,28.0,2.8951706892935642,0.06689246190843257,13.5,0.01599436326172335,0.05396337097577024,-0.0016725791803435647
1.0,36.0,28.0,2.918185199544742,0.11205835642090678,13.5,0.015469953573209443,0.05423058658795715,-0.001912166834671185
1.0,37.0,28.0,2.9262281606329656,0.16501734212023322,13.5,0.014855060289363913,0.05432397135902241,-0.0021645586889776428
1.0,38.0,28.0,2.926114080316483,0.29986408031648293,13.5,0.013289389184254263,0.054322646801546505,-0.0027797292196974424
1.0,39.0,28.0,2.926114080316483,0.43761408031648275,13.5,0.011690009046375243,0.054322646801546505,-0.003415074561311068
1.0,40.0,28.0,2.926114080316483,0.5753640803164828,13.5,0.01009062890849622,0.054322646801546505,-0.004058289190826511
1.0,41.0,28.0,2.926114080316483,0.7131140803164828,13.5,0.008491248770617198,0.054322646801546505,-0.004709853964879877
2.0,1.0,28.0,5.9261140803164825,2.213114080316483,13.5,-0.008924868883237848,0.0891548821092566,0.005204631426838586
2.0,2.0,28.0,5.9261140803164825,2.350864080316483,13.5,-0.01052424902111687,0.0891548821092566,0.004047686140022185
2.0,3.0,28.0,5.9261140803164825,2.488614080316483,13.5,-0.012123629158995893,0.0891548821092566,0.0028970455014787106
2.0,4.0,28.0,5.9261140803164825,2.626364080316483,13.5,-0.013723009296874915,0.0891548821092566,0.001751382510920625
2.0,5.0,28.0,5.926228160632966,2.7612108185127324,13.5,-0.015288680401984561,0.08915620666673249,0.000633248179175922
2.0,6.0,28.0,5.918185199544742,2.8141698042120584,13.5,-0.015903573685830088,0.08906282189566724,0.00018190318103718475
2.0,7.0,28.0,5.895170689293565,2.859335698724533,13.5,-0.016427983374343997,0.08879560628348035,-0.00022898155783090715
2.0,8.0,28.0,5.859335698724533,2.8951706892935642,13.5,-0.01684405431559402,0.08837953534223031,-0.0005835985206101939
2.0,9.0,28.0,5.814169804212058,2.918185199544742,13.5,-0.017111269927780927,0.0878551256537164,-0.0008476422537957432
2.0,10.0,28.0,5.7612108185127315,2.9262281606329656,13.5,-0.017204654698846182,0.08724023236987087,-0.0010012455018563085
2.0,11.0,28.0,5.1136140803164825,2.926114080316483,13.5,-0.01720333014137028,0.07972115171341844,-0.002086494776941331
2.0,12.0,28.0,4.463114080316483,2.926114080316483,13.5,-0.01720333014137028,0.07216836202419664,-0.0032288241078469913
2.0,13.0,28.0,3.8126140803164827,2.926114080316483,13.5,-0.01720333014137028,0.06461557233497484,-0.004463892386630903
2.0,14.0,28.0,3.1650173421202332,2.9262281606329656,13.5,-0.017204654698846182,0.057096491678522404,-0.005821531349403424
2.0,15.0,28.0,3.112058356420907,2.918185199544742,13.5,-0.017111269927780927,0.056481598394676875,-0.005899020593432419
2.0,16.0,28.0,3.0668924619084326,2.8951706892935642,13.5,-0.01684405431559402,0.055957188706162966,-0.005887984369691038
2.0,17.0,28.0,3.0310574713394014,2.859335698724533,13.5,-0.016427983374343997,0.055541117764912946,-0.005798168254412785
2.0,18.0,28.0,3.0080429610882238,2.8141698042120584,13.5,-0.015903573685830088,0.05527390215272604,-0.005641606056525822
2.0,19.0,28.0,3.0,2.7612108185127324,13.5,-0.015288680401984561,0.055180517381660785,-0.005425313872955077
2.0,20.0,28.0,3.0001140803164827,2.113614080316483,13.5,-0.007769599745532131,0.05518184193913668,-0.002693869425682244
2.0,21.0,28.0,3.0001140803164827,1.4631140803164828,13.5,-0.00021681005631032468,0.05518184193913668,-2.8373860844941325e-5
2.0,22.0,28.0,3.0001140803164827,0.8126140803164827,13.5,0.007335979632911481,0.05518184193913668,0.0026371081642165405
2.0,23.0,28.0,3.0,0.16501734212023322,13.5,0.014855060289363913,0.055180517381660785,0.005368483532270372
2.0,24.0,28.0,3.0080429610882238,0.11205835642090678,13.5,0.015469953573209443,0.05527390215272604,0.005585059970463698
2.0,25.0,28.0,3.0310574713394014,0.06689246190843257,13.5,0.01599436326172335,0.055541117764912946,0.005742302078863333
2.0,26.0,28.0,3.0668924619084326,0.0310574713394014,13.5,0.01641043420297337,0.055957188706162966,0.005833233861357068
2.0,27.0,28.0,3.112058356420907,0.008042961088223777,13.5,0.01667764981516028,0.056481598394676875,0.00584573105576456
2.0,28.0,28.0,3.1650173421202332,0.0,13.5,0.016771034586225534,0.057096491678522404,0.005769910056719436
2.0,29.0,28.0,3.8126140803164827,0.0001140803164827453,13.5,0.01676971002874963,0.06461557233497484,0.004432685210878306
2.0,30.0,28.0,4.463114080316483,0.0001140803164827453,13.5,0.01676971002874963,0.07216836202419664,0.003218042625995603
2.0,31.0,28.0,5.1136140803164825,0.0001140803164827453,13.5,0.01676971002874963,0.07972115171341844,0.0020961053301861566
2.0,32.0,28.0,5.761210818512732,0.0,13.5,0.016771034586225534,0.08724023236987087,0.0010312034052344715
2.0,33.0,28.0,5.814169804212058,0.008042961088223777,13.5,0.01667764981516028,0.0878551256537164,0.0008792690703225807
2.0,34.0,28.0,5.859335698724533,0.0310574713394014,13.5,0.01641043420297337,0.08837953534223031,0.0006166486168322437
2.0,35.0,28.0,5.895170689293565,0.06689246190843257,13.5,0.01599436326172335,0.08879560628348035,0.00026315897374235074
2.0,36.0,28.0,5.918185199544742,0.11205835642090678,13.5,0.015469953573209443,0.08906282189566724,-0.00014700559762578614
2.0,37.0,28.0,5.926228160632966,0.16501734212023322,13.5,0.014855060289363913,0.08915620666673249,-0.0005981067294819078
2.0,38.0,28.0,5.9261140803164825,0.29986408031648293,13.5,0.013289389184254263,0.0891548821092566,-0.001716269964656431
2.0,39.0,28.0,5.9261140803164825,0.43761408031648275,13.5,0.011690009046375243,0.0891548821092566,-0.002861950382726264
2.0,40.0,28.0,5.9261140803164825,0.5753640803164828,13.5,0.01009062890849622,0.0891548821092566,-0.004012599582884422
2.0,41.0,28.0,5.9261140803164825,0.7131140803164828,13.5,0.008491248770617198,0.0891548821092566,-0.005169544906567298
1.0,1.0,29.0,2.926114080316483,2.213114080316483,14.0,-0.00938186980244224,0.05665465414572682,0.004661993346245956
1.0,2.0,29.0,2.926114080316483,2.350864080316483,14.0,-0.011063749946340018,0.05665465414572682,0.004034240295280043
1.0,3.0,29.0,2.926114080316483,2.488614080316483,14.0,-0.012745630090237794,0.05665465414572682,0.003414457604768287
1.0,4.0,29.0,2.926114080316483,2.626364080316483,14.0,-0.014427510234135571,0.05665465414572682,0.0028021665110640557
1.0,5.0,29.0,2.9262281606329656,2.7612108185127324,14.0,-0.01607394254950148,0.0566560470271722,0.0022092710729611957
1.0,6.0,29.0,2.918185199544742,2.8141698042120584,14.0,-0.016720553558493587,0.05655784523731793,0.0019657333830527366
1.0,7.0,29.0,2.8951706892935642,2.859335698724533,14.0,-0.017272013603226166,0.05627684597914742,0.001733861209046438
1.0,8.0,29.0,2.859335698724533,2.8951706892935642,14.0,-0.01770954651861504,0.05583931306375855,0.001523868560524055
1.0,9.0,29.0,2.814169804212059,2.918185199544742,14.0,-0.01799054577678555,0.05528785301902597,0.001356483071312659
1.0,10.0,29.0,2.761210818512732,2.9262281606329656,14.0,-0.01808874756663982,0.054641242010033855,0.0012438829110902679
1.0,11.0,29.0,2.113614080316483,2.926114080316483,14.0,-0.018087354685194436,0.04673430846937877,0.0003443738754607982
1.0,12.0,29.0,1.4631140803164828,2.926114080316483,14.0,-0.018087354685194436,0.03879192710019181,-0.0004958317200810613
1.0,13.0,29.0,0.8126140803164827,2.926114080316483,14.0,-0.018087354685194436,0.03084954573100485,-0.0013012878290609836
1.0,14.0,29.0,0.16501734212023322,2.9262281606329656,14.0,-0.01808874756663982,0.022942612190349758,-0.002100177039307257
1.0,15.0,29.0,0.11205835642090678,2.918185199544742,14.0,-0.01799054577678555,0.022296001181357644,-0.002155263186161129
1.0,16.0,29.0,0.06689246190843257,2.8951706892935642,14.0,-0.01770954651861504,0.02174454113662507,-0.002179543184694343
1.0,17.0,29.0,0.0310574713394014,2.859335698724533,14.0,-0.017272013603226166,0.021307008221236195,-0.002172572907623568
1.0,18.0,29.0,0.008042961088223777,2.8141698042120584,14.0,-0.016720553558493587,0.02102600896306569,-0.0021335034279100526
1.0,19.0,29.0,0.0,2.7612108185127324,14.0,-0.01607394254950148,0.020927807173211417,-0.002060330263387663
1.0,20.0,29.0,0.0001140803164827453,2.113614080316483,14.0,-0.008167009008846388,0.020929200054656802,-0.0010316858935677414
1.0,21.0,29.0,0.0001140803164827453,1.4631140803164828,14.0,-0.00022462763965942767,0.020929200054656802,-1.4138174413849246e-5
1.0,22.0,29.0,0.0001140803164827453,0.8126140803164827,14.0,0.007717753729527533,0.020929200054656802,0.001003279576986436
1.0,23.0,29.0,0.0,0.16501734212023322,14.0,0.015624687270182624,0.020927807173211417,0.0020315569191172696
1.0,24.0,29.0,0.008042961088223777,0.11205835642090678,14.0,0.016271298279174735,0.02102600896306569,0.002104938724235025
1.0,25.0,29.0,0.0310574713394014,0.06689246190843257,14.0,0.01682275832390731,0.021307008221236195,0.0021446794836674785
1.0,26.0,29.0,0.06689246190843257,0.0310574713394014,14.0,0.017260291239296184,0.02174454113662507,0.002152715715518544
1.0,27.0,29.0,0.11205835642090678,0.008042961088223777,14.0,0.017541290497466694,0.022296001181357644,0.0021297886893562323
1.0,28.0,29.0,0.16501734212023322,0.0,14.0,0.017639492287320965,0.022942612190349758,0.0020762922382262425
1.0,29.0,29.0,0.8126140803164827,0.0001140803164827453,14.0,0.01763809940587558,0.03084954573100485,0.001296787047905754
1.0,30.0,29.0,1.4631140803164828,0.0001140803164827453,14.0,0.01763809940587558,0.03879192710019181,0.0005107774032477319
1.0,31.0,29.0,2.113614080316483,0.0001140803164827453,14.0,0.01763809940587558,0.04673430846937877,-0.00030990067466485377
1.0,32.0,29.0,2.7612108185127324,0.0,14.0,0.017639492287320965,0.05464124201003386,-0.0011898089015769952
1.0,33.0,29.0,2.814169804212059,0.008042961088223777,14.0,0.017541290497466694,0.05528785301902597,-0.0013007960614891147
1.0,34.0,29.0,2.859335698724533,0.0310574713394014,14.0,0.017260291239296184,0.05583931306375855,-0.0014668429225453469
1.0,35.0,29.0,2.8951706892935642,0.06689246190843257,14.0,0.01682275832390731,0.05627684597914742,-0.001675716955991616
1.0,36.0,29.0,2.918185199544742,0.11205835642090678,14.0,0.016271298279174735,0.05655784523731793,-0.0019068500684815471
1.0,37.0,29.0,2.9262281606329656,0.16501734212023322,14.0,0.015624687270182624,0.0566560470271722,-0.002150223114801756
1.0,38.0,29.0,2.926114080316483,0.29986408031648293,14.0,0.013978254954816714,0.05665465414572682,-0.002743133531942969
1.0,39.0,29.0,2.926114080316483,0.43761408031648275,14.0,0.012296374810918938,0.05665465414572682,-0.0033554542480607537
1.0,40.0,29.0,2.926114080316483,0.5753640803164828,14.0,0.010614494667021163,0.05665465414572682,-0.003975256151276202
1.0,41.0,29.0,2.926114080316483,0.7131140803164828,14.0,0.008932614523123385,0.05665465414572682,-0.004603011094253185
2.0,1.0,29.0,5.9261140803164825,2.213114080316483,14.0,-0.00938186980244224,0.09328362279685806,0.005039575381336491
2.0,2.0,29.0,5.9261140803164825,2.350864080316483,14.0,-0.011063749946340018,0.09328362279685806,0.003922914105088141
2.0,3.0,29.0,5.9261140803164825,2.488614080316483,14.0,-0.012745630090237794,0.09328362279685806,0.002812279972960514
2.0,4.0,29.0,5.9261140803164825,2.626364080316483,14.0,-0.014427510234135571,0.09328362279685806,0.001706404670281128
2.0,5.0,29.0,5.926228160632966,2.7612108185127324,14.0,-0.01607394254950148,0.09328501567830345,0.0006270726843511327
2.0,6.0,29.0,5.918185199544742,2.8141698042120584,14.0,-0.016720553558493587,0.09318681388844918,0.000191356379715565
2.0,7.0,29.0,5.895170689293565,2.859335698724533,14.0,-0.017272013603226166,0.09290581463027868,-0.00020536506737172956
2.0,8.0,29.0,5.859335698724533,2.8951706892935642,14.0,-0.01770954651861504,0.0924682817148898,-0.0005478319185736245
2.0,9.0,29.0,5.814169804212058,2.918185199544742,14.0,-0.01799054577678555,0.09191682167015723,-0.0008029235973852891
2.0,10.0,29.0,5.7612108185127315,2.9262281606329656,14.0,-0.01808874756663982,0.09127021066116511,-0.0009514642972117929
2.0,11.0,29.0,5.1136140803164825,2.926114080316483,14.0,-0.018087354685194436,0.08336327712051002,-0.0020023528277241394
2.0,12.0,29.0,4.463114080316483,2.926114080316483,14.0,-0.018087354685194436,0.07542089575132307,-0.003107890533525035
2.0,13.0,29.0,3.8126140803164827,2.926114080316483,14.0,-0.018087354685194436,0.0674785143821361,-0.004302168034075998
2.0,14.0,29.0,3.1650173421202332,2.9262281606329656,14.0,-0.01808874756663982,0.05957158084148101,-0.005613776170389766
2.0,15.0,29.0,3.112058356420907,2.918185199544742,14.0,-0.01799054577678555,0.0589249698324889,-0.0056886868918980624
2.0,16.0,29.0,3.0668924619084326,2.8951706892935642,14.0,-0.01770954651861504,0.05837350978775632,-0.005678164562786613
2.0,17.0,29.0,3.0310574713394014,2.859335698724533,14.0,-0.017272013603226166,0.05793597687236745,-0.005591770579351004
2.0,18.0,29.0,3.0080429610882238,2.8141698042120584,14.0,-0.016720553558493587,0.05765497761419694,-0.005441033552992359
2.0,19.0,29.0,3.0,2.7612108185127324,14.0,-0.01607394254950148,0.05755677582434267,-0.00523245288937441
2.0,20.0,29.0,3.0001140803164827,2.113614080316483,14.0,-0.008167009008846388,0.05755816870578805,-0.002598509864194487
2.0,21.0,29.0,3.0001140803164827,1.4631140803164828,14.0,-0.00022462763965942767,0.05755816870578805,-2.770520099282525e-5
2.0,22.0,29.0,3.0001140803164827,0.8126140803164827,14.0,0.007717753729527533,0.05755816870578805,0.0025430917614855334
2.0,23.0,29.0,3.0,0.16501734212023322,14.0,0.015624687270182624,0.05755677582434267,0.005176998396985233
2.0,24.0,29.0,3.0080429610882238,0.11205835642090678,14.0,0.016271298279174735,0.05765497761419694,0.005385770244302008
2.0,25.0,29.0,3.0310574713394014,0.06689246190843257,14.0,0.01682275832390731,0.05793597687236745,0.005537269937785973
2.0,26.0,29.0,3.0668924619084326,0.0310574713394014,14.0,0.017260291239296184,0.05837350978775632,0.0056247841237476795
2.0,27.0,29.0,3.112058356420907,0.008042961088223777,14.0,0.017541290497466694,0.0589249698324889,0.005636649958199629
2.0,28.0,29.0,3.1650173421202332,0.0,14.0,0.017639492287320965,0.05957158084148101,0.005563369861573701
2.0,29.0,29.0,3.8126140803164827,0.0001140803164827453,14.0,0.01763809940587558,0.0674785143821361,0.004271579518134749
2.0,30.0,29.0,4.463114080316483,0.0001140803164827453,14.0,0.01763809940587558,0.07542089575132307,0.003097121350763044
2.0,31.0,29.0,5.1136140803164825,0.0001140803164827453,14.0,0.01763809940587558,0.08336327712051002,0.0020113645830862927
2.0,32.0,29.0,5.761210818512732,0.0,14.0,0.017639492287320965,0.09127021066116511,0.0009802042104414801
2.0,33.0,29.0,5.814169804212058,0.008042961088223777,14.0,0.017541290497466694,0.09191682167015723,0.0008332813985875713
2.0,34.0,29.0,5.859335698724533,0.0310574713394014,14.0,0.017260291239296184,0.0924682817148898,0.0005795694508328147
2.0,35.0,29.0,5.895170689293565,0.06689246190843257,14.0,0.01682275832390731,0.09290581463027868,0.00023819539869852864
2.0,36.0,29.0,5.918185199544742,0.11205835642090678,14.0,0.016271298279174735,0.09318681388844918,-0.00015782776728108625
2.0,37.0,29.0,5.926228160632966,0.16501734212023322,14.0,0.015624687270182624,0.09328501567830345,-0.0005933072744676269
2.0,38.0,29.0,5.9261140803164825,0.29986408031648293,14.0,0.013978254954816714,0.09328362279685806,-0.0016726664192828942
2.0,39.0,29.0,5.9261140803164825,0.43761408031648275,14.0,0.012296374810918938,0.09328362279685806,-0.00277855796508967
2.0,40.0,29.0,5.9261140803164825,0.5753640803164828,14.0,0.010614494667021163,0.09328362279685806,-0.0038891999528896273
2.0,41.0,29.0,5.9261140803164825,0.7131140803164828,14.0,0.008932614523123385,0.09328362279685806,-0.005005861015123585
1.0,1.0,30.0,2.926114080316483,2.213114080316483,14.5,-0.009822232558184917,0.0588927512683519,0.004511471001456386
1.0,2.0,30.0,2.926114080316483,2.350864080316483,14.5,-0.011583602577560326,0.0588927512683519,0.003911334807652218
1.0,3.0,30.0,2.926114080316483,2.488614080316483,14.5,-0.013344972596935737,0.0588927512683519,0.0033187264256055345
1.0,4.0,30.0,2.926114080316483,2.626364080316483,14.5,-0.015106342616311146,0.0588927512683519,0.002733222529404096
1.0,5.0,30.0,2.9262281606329656,2.7612108185127324,14.5,-0.01683058945383883,0.058894209980869174,0.00216620797603242
1.0,6.0,30.0,2.918185199544742,2.8141698042120584,14.5,-0.017507760921478207,0.05879136692803578,0.0019331259773641544
1.0,7.0,30.0,2.8951706892935642,2.859335698724533,14.5,-0.018085284351551132,0.05849708693989035,0.0017113596337837813
1.0,8.0,30.0,2.859335698724533,2.8951706892935642,14.5,-0.018543496170301706,0.058038875121139775,0.0015102992685381612
1.0,9.0,30.0,2.814169804212059,2.918185199544742,14.5,-0.018837776158447134,0.05746135169106686,0.0013497751391469603
1.0,10.0,30.0,2.761210818512732,2.9262281606329656,14.5,-0.01894061921128053,0.05678418022342747,0.0012417079355018699
1.0,11.0,30.0,2.113614080316483,2.926114080316483,14.5,-0.018939160498763263,0.04850354516495793,0.00037543503571114295
1.0,12.0,30.0,1.4631140803164828,2.926114080316483,14.5,-0.018939160498763263,0.04018578692464066,-0.00043485729838086437
1.0,13.0,30.0,0.8126140803164827,2.926114080316483,14.5,-0.018939160498763263,0.03186802868432339,-0.001212201889679891
1.0,14.0,30.0,0.16501734212023322,2.9262281606329656,14.5,-0.01894061921128053,0.02358739362585384,-0.0019830982526687444
1.0,15.0,30.0,0.11205835642090678,2.918185199544742,14.5,-0.018837776158447134,0.02291022215821446,-0.0020364231094696338
1.0,16.0,30.0,0.06689246190843257,2.8951706892935642,14.5,-0.018543496170301706,0.02233269872814154,-0.0020604066866703077
1.0,17.0,30.0,0.0310574713394014,2.859335698724533,14.5,-0.018085284351551132,0.021874486909390964,-0.002054608323113477
1.0,18.0,30.0,0.008042961088223777,2.8141698042120584,14.5,-0.017507760921478207,0.02158020692124554,-0.0020181572960241323
1.0,19.0,30.0,0.0,2.7612108185127324,14.5,-0.01683058945383883,0.021477363868412144,-0.0019491215915802618
1.0,20.0,30.0,0.0001140803164827453,2.113614080316483,14.5,-0.008549954395369286,0.02147882258092941,-0.0009761652706356478
1.0,21.0,30.0,0.0001140803164827453,1.4631140803164828,14.5,-0.00023219615505201495,0.02147882258092941,-1.3590743047739927e-5
1.0,22.0,30.0,0.0001140803164827453,0.8126140803164827,14.5,0.008085562085265256,0.02147882258092941,0.0009488478065361015
1.0,23.0,30.0,0.0,0.16501734212023322,14.5,0.0163661971437348,0.021477363868412144,0.0019214212914183558
1.0,24.0,30.0,0.008042961088223777,0.11205835642090678,14.5,0.017043368611374184,0.02158020692124554,0.001990655778659431
1.0,25.0,30.0,0.0310574713394014,0.06689246190843257,14.5,0.017620892041447102,0.021874486909390964,0.0020277532268108914
1.0,26.0,30.0,0.06689246190843257,0.0310574713394014,14.5,0.01807910386019768,0.02233269872814154,0.002034579785797664
1.0,27.0,30.0,0.11205835642090678,0.008042961088223777,14.5,0.018373383848343104,0.02291022215821446,0.0020119018828050855
1.0,28.0,30.0,0.16501734212023322,0.0,14.5,0.0184762269011765,0.02358739362585384,0.0019601113614935556
1.0,29.0,30.0,0.8126140803164827,0.0001140803164827453,14.5,0.018474768188659233,0.03186802868432339,0.0012079237476898658
1.0,30.0,30.0,1.4631140803164828,0.0001140803164827453,14.5,0.018474768188659233,0.04018578692464066,0.0004493522419537988
1.0,31.0,30.0,2.113614080316483,0.0001140803164827453,14.5,0.018474768188659233,0.04850354516495793,-0.0003420724721813115
1.0,32.0,30.0,2.7612108185127324,0.0,14.5,0.0184762269011765,0.056784180223427475,-0.0011894017454536052
1.0,33.0,30.0,2.814169804212059,0.008042961088223777,14.5,0.018373383848343104,0.05746135169106686,-0.0012959109693065519
1.0,34.0,30.0,2.859335698724533,0.0310574713394014,14.5,0.01807910386019768,0.058038875121139775,-0.0014550595242577454
1.0,35.0,30.0,2.8951706892935642,0.06689246190843257,14.5,0.017620892041447102,0.05849708693989035,-0.0016551126141417596
1.0,36.0,30.0,2.918185199544742,0.11205835642090678,14.5,0.017043368611374184,0.05879136692803578,-0.001876274859086241
1.0,37.0,30.0,2.9262281606329656,0.16501734212023322,14.5,0.0163661971437348,0.058894209980869174,-0.0021090357565893645
1.0,38.0,30.0,2.926114080316483,0.29986408031648293,14.5,0.014641950306207114,0.0588927512683519,-0.002676126170591282
1.0,39.0,30.0,2.926114080316483,0.43761408031648275,14.5,0.012880580286831707,0.0588927512683519,-0.0032616509877942085
1.0,40.0,30.0,2.926114080316483,0.5753640803164828,14.5,0.011119210267456296,0.0588927512683519,-0.0038542707222617564
1.0,41.0,30.0,2.926114080316483,0.7131140803164828,14.5,0.009357840248080887,0.0588927512683519,-0.0044544199010099865
2.0,1.0,30.0,5.9261140803164825,2.213114080316483,14.5,-0.009822232558184917,0.09725289688088351,0.004838443883988162
2.0,2.0,30.0,5.9261140803164825,2.350864080316483,14.5,-0.011583602577560326,0.09725289688088351,0.003769258004260418
2.0,3.0,30.0,5.9261140803164825,2.488614080316483,14.5,-0.013344972596935737,0.09725289688088351,0.002705795754504795
2.0,4.0,30.0,5.9261140803164825,2.626364080316483,14.5,-0.015106342616311146,0.09725289688088351,0.0016468504750594632
2.0,5.0,30.0,5.926228160632966,2.7612108185127324,14.5,-0.01683058945383883,0.09725435559340077,0.0006132973268424951
2.0,6.0,30.0,5.918185199544742,2.8141698042120584,14.5,-0.017507760921478207,0.09715151254056738,0.00019603314471418679
2.0,7.0,30.0,5.895170689293565,2.859335698724533,14.5,-0.018085284351551132,0.09685723255242197,-0.00018394306549439598
2.0,8.0,30.0,5.859335698724533,2.8951706892935642,14.5,-0.018543496170301706,0.09639902073367138,-0.0005120183307640304
2.0,9.0,30.0,5.814169804212058,2.918185199544742,14.5,-0.018837776158447134,0.09582149730359846,-0.0007564690922312287
2.0,10.0,30.0,5.7612108185127315,2.9262281606329656,14.5,-0.01894061921128053,0.09514432583595907,-0.0008989361252684763
2.0,11.0,30.0,5.1136140803164825,2.926114080316483,14.5,-0.018939160498763263,0.08686369077748954,-0.0019080187223245522
2.0,12.0,30.0,4.463114080316483,2.926114080316483,14.5,-0.018939160498763263,0.07854593253717228,-0.002968958052921146
2.0,13.0,30.0,3.8126140803164827,2.926114080316483,14.5,-0.018939160498763263,0.07022817429685499,-0.004114149133433591
2.0,14.0,30.0,3.1650173421202332,2.9262281606329656,14.5,-0.01894061921128053,0.061947539238385446,-0.0053708938809294724
2.0,15.0,30.0,3.112058356420907,2.918185199544742,14.5,-0.018837776158447134,0.06127036777074606,-0.005442702999044038
2.0,16.0,30.0,3.0668924619084326,2.8951706892935642,14.5,-0.018543496170301706,0.060692844340673145,-0.005432882474185438
2.0,17.0,30.0,3.0310574713394014,2.859335698724533,14.5,-0.018085284351551132,0.06023463252192257,-0.005350317474732751
2.0,18.0,30.0,3.0080429610882238,2.8141698042120584,14.5,-0.017507760921478207,0.05994035253377714,-0.005206075465355444
2.0,19.0,30.0,3.0,2.7612108185127324,14.5,-0.01683058945383883,0.05983750948094375,-0.005006703300156026
2.0,20.0,30.0,3.0001140803164827,2.113614080316483,14.5,-0.008549954395369286,0.05983896819346102,-0.002486772327753862
2.0,21.0,30.0,3.0001140803164827,1.4631140803164828,14.5,-0.00023219615505201495,0.05983896819346102,-2.7037350964688703e-5
2.0,22.0,30.0,3.0001140803164827,0.8126140803164827,14.5,0.008085562085265256,0.05983896819346102,0.0024327081923102606
2.0,23.0,30.0,3.0,0.16501734212023322,14.5,0.0163661971437348,0.05983750948094375,0.004952625996005535
2.0,24.0,30.0,3.0080429610882238,0.11205835642090678,14.5,0.017043368611374184,0.05994035253377714,0.005152316670724747
2.0,25.0,30.0,3.0310574713394014,0.06689246190843257,14.5,0.017620892041447102,0.06023463252192257,0.005297151056280818
2.0,26.0,30.0,3.0668924619084326,0.0310574713394014,14.5,0.01807910386019768,0.060692844340673145,0.005380747853610472
2.0,27.0,30.0,3.112058356420907,0.008042961088223777,14.5,0.018373383848343104,0.06127036777074606,0.005391973615095457
2.0,28.0,30.0,3.1650173421202332,0.0,14.5,0.0184762269011765,0.061947539238385446,0.005321734787282784
2.0,29.0,30.0,3.8126140803164827,0.0001140803164827453,14.5,0.018474768188659233,0.07022817429685499,0.004084195710091424
2.0,30.0,30.0,4.463114080316483,0.0001140803164827453,14.5,0.018474768188659233,0.07854593253717228,0.002958212778934968
2.0,31.0,30.0,5.1136140803164825,0.0001140803164827453,14.5,0.018474768188659233,0.08686369077748954,0.0019164243411850892
2.0,32.0,30.0,5.761210818512732,0.0,14.5,0.0184762269011765,0.09514432583595907,0.0009264292102009541
2.0,33.0,30.0,5.814169804212058,0.008042961088223777,14.5,0.018373383848343104,0.09582149730359846,0.0007855270359185773
2.0,34.0,30.0,5.859335698724533,0.0310574713394014,14.5,0.01807910386019768,0.09639902073367138,0.0005424108151725825
2.0,35.0,30.0,5.895170689293565,0.06689246190843257,14.5,0.017620892041447102,0.09685723255242197,0.00021539269422729331
2.0,36.0,30.0,5.918185199544742,0.11205835642090678,14.5,0.017043368611374184,0.09715151254056738,-0.0001639080508053831
2.0,37.0,30.0,5.926228160632966,0.16501734212023322,14.5,0.0163661971437348,0.09725435559340077,-0.0005809432620009804
2.0,38.0,30.0,5.9261140803164825,0.29986408031648293,14.5,0.014641950306207114,0.09725289688088351,-0.0016145226348651006
2.0,39.0,30.0,5.9261140803164825,0.43761408031648275,14.5,0.012880580286831707,0.09725289688088351,-0.00267348357928477
2.0,40.0,30.0,5.9261140803164825,0.5753640803164828,14.5,0.011119210267456296,0.09725289688088351,-0.0037369533516939846
2.0,41.0,30.0,5.9261140803164825,0.7131140803164828,14.5,0.009357840248080887,0.09725289688088351,-0.004806138880757847
1.0,1.0,31.0,2.926114080316483,2.213114080316483,15.0,-0.010242962877165343,0.061023452342706695,0.004321386534706762
1.0,2.0,31.0,2.926114080316483,2.350864080316483,15.0,-0.012080263760519789,0.061023452342706695,0.003752461234137553
1.0,3.0,31.0,2.926114080316483,2.488614080316483,15.0,-0.013917564643874232,0.061023452342706695,0.0031906304418921837
1.0,4.0,31.0,2.926114080316483,2.626364080316483,15.0,-0.015754865527228677,0.061023452342706695,0.002635444304674677
1.0,5.0,31.0,2.9262281606329656,2.7612108185127324,15.0,-0.017553442886251793,0.061024973938831904,0.0020977212917022083
1.0,6.0,31.0,2.918185199544742,2.8141698042120584,15.0,-0.01825980652477758,0.060917697426946756,0.0018768105264294857
1.0,7.0,31.0,2.8951706892935642,2.859335698724533,15.0,-0.01886222640053267,0.060610731328838166,0.0016661776442576022
1.0,8.0,31.0,2.859335698724533,2.8951706892935642,15.0,-0.019340191263164094,0.06013276646620674,0.001475283344026056
1.0,9.0,31.0,2.814169804212059,2.918185199544742,15.0,-0.019647157361272687,0.05953034659045166,0.0013229421628403895
1.0,10.0,31.0,2.761210818512732,2.9262281606329656,15.0,-0.019754433873157833,0.058823982951925854,0.0012200398454751617
1.0,11.0,31.0,2.113614080316483,2.926114080316483,15.0,-0.019752912277032627,0.05018637816684111,0.0003935031864912358
1.0,12.0,31.0,1.4631140803164828,2.926114080316483,15.0,-0.019752912277032627,0.04151004985742502,-0.00038058005818250096
1.0,13.0,31.0,0.8126140803164827,2.926114080316483,15.0,-0.019752912277032627,0.03283372154800894,-0.0011236325252689523
1.0,14.0,31.0,0.16501734212023322,2.9262281606329656,15.0,-0.019754433873157833,0.02419611676292418,-0.0018603451362347798
1.0,15.0,31.0,0.11205835642090678,2.918185199544742,15.0,-0.019647157361272687,0.023489753124398386,-0.0019114369728963406
1.0,16.0,31.0,0.06689246190843257,2.8951706892935642,15.0,-0.019340191263164094,0.022887333248643307,-0.0019348004635084332
1.0,17.0,31.0,0.0310574713394014,2.859335698724533,15.0,-0.01886222640053267,0.022409368386011878,-0.0019300053175059218
1.0,18.0,31.0,0.008042961088223777,2.8141698042120584,15.0,-0.01825980652477758,0.022102402287903285,-0.0018961783267100148
1.0,19.0,31.0,0.0,2.7612108185127324,15.0,-0.017553442886251793,0.02199512577601814,-0.001831474343855311
1.0,20.0,31.0,0.0001140803164827453,2.113614080316483,15.0,-0.008915838101167035,0.021996647372143345,-0.0009174596592747196
1.0,21.0,31.0,0.0001140803164827453,1.4631140803164828,15.0,-0.00023950979175095145,0.021996647372143345,-1.301458495389928e-5
1.0,22.0,31.0,0.0001140803164827453,0.8126140803164827,15.0,0.008436818517665133,0.021996647372143345,0.00089128462783002
1.0,23.0,31.0,0.0,0.16501734212023322,15.0,0.01707442330274989,0.02199512577601814,0.001804890210764996
1.0,24.0,31.0,0.008042961088223777,0.11205835642090678,15.0,0.017780786941275682,0.022102402287903285,0.0018697820541186503
1.0,25.0,31.0,0.0310574713394014,0.06689246190843257,15.0,0.018383206817030765,0.022409368386011878,0.001904228980161821
1.0,26.0,31.0,0.06689246190843257,0.0310574713394014,15.0,0.01886117167966219,0.022887333248643307,0.0019100124030739009
1.0,27.0,31.0,0.11205835642090678,0.008042961088223777,15.0,0.019168137777770784,0.023489753124398386,0.0018879050753004027
1.0,28.0,31.0,0.16501734212023322,0.0,15.0,0.01927541428965593,0.02419611676292418,0.0018382898909677283
1.0,29.0,31.0,0.8126140803164827,0.0001140803164827453,15.0,0.019273892693530723,0.03283372154800894,0.0011195803096879732
1.0,30.0,31.0,1.4631140803164828,0.0001140803164827453,15.0,0.019273892693530723,0.04151004985742502,0.0003946039866124654
1.0,31.0,31.0,2.113614080316483,0.0001140803164827453,15.0,0.019273892693530723,0.05018637816684111,-0.000361292886990731
1.0,32.0,31.0,2.7612108185127324,0.0,15.0,0.01927541428965593,0.05882398295192586,-0.0011695354876330255
1.0,33.0,31.0,2.814169804212059,0.008042961088223777,15.0,0.019168137777770784,0.05953034659045166,-0.0012709354412881971
1.0,34.0,31.0,2.859335698724533,0.0310574713394014,15.0,0.01886117167966219,0.06013276646620674,-0.001422061334871483
1.0,35.0,31.0,2.8951706892935642,0.06689246190843257,15.0,0.018383206817030765,0.060610731328838166,-0.0016118719573624347
1.0,36.0,31.0,2.918185199544742,0.11205835642090678,15.0,0.017780786941275682,0.060917697426946756,-0.0018217548856320131
1.0,37.0,31.0,2.9262281606329656,0.16501734212023322,15.0,0.01707442330274989,0.061024973938831904,-0.002042607400388729
1.0,38.0,31.0,2.926114080316483,0.29986408031648293,15.0,0.01527584594372677,0.061023452342706695,-0.0025803031989365746
1.0,39.0,31.0,2.926114080316483,0.43761408031648275,15.0,0.013438545060372328,0.061023452342706695,-0.0031355231313551944
1.0,40.0,31.0,2.926114080316483,0.5753640803164828,15.0,0.011601244177017885,0.061023452342706695,-0.0036973763693497544
1.0,41.0,31.0,2.926114080316483,0.7131140803164828,15.0,0.009763943293663441,0.061023452342706695,-0.004266296142172731
2.0,1.0,31.0,5.9261140803164825,2.213114080316483,15.0,-0.010242962877165343,0.10103726468436426,0.004603056632323313
2.0,2.0,31.0,5.9261140803164825,2.350864080316483,15.0,-0.012080263760519789,0.10103726468436426,0.003588181651005571
2.0,3.0,31.0,5.9261140803164825,2.488614080316483,15.0,-0.013917564643874232,0.10103726468436426,0.0025786951676802987
2.0,4.0,31.0,5.9261140803164825,2.626364080316483,15.0,-0.015754865527228677,0.10103726468436426,0.001573462639730373
2.0,5.0,31.0,5.926228160632966,2.7612108185127324,15.0,-0.017553442886251793,0.10103878628048947,0.0005923112525862782
2.0,6.0,31.0,5.918185199544742,2.8141698042120584,15.0,-0.01825980652477758,0.10093150976860432,0.00019617717772795016
2.0,7.0,31.0,5.895170689293565,2.859335698724533,15.0,-0.01886222640053267,0.10062454367049574,-0.0001646029622020259
2.0,8.0,31.0,5.859335698724533,2.8951706892935642,15.0,-0.019340191263164094,0.1001465788078643,-0.0004761564094453222
2.0,9.0,31.0,5.814169804212058,2.918185199544742,15.0,-0.019647157361272687,0.09954415893210923,-0.0007083658939761344
2.0,10.0,31.0,5.7612108185127315,2.9262281606329656,15.0,-0.019754433873157833,0.09883779529358343,-0.0008438029488009406
2.0,11.0,31.0,5.1136140803164825,2.926114080316483,15.0,-0.019752912277032627,0.09020019050849867,-0.0018040351566775102
2.0,12.0,31.0,4.463114080316483,2.926114080316483,15.0,-0.019752912277032627,0.0815238621990826,-0.002812952453047081
2.0,13.0,31.0,3.8126140803164827,2.926114080316483,15.0,-0.019752912277032627,0.07284753388966651,-0.0039011098469108633
2.0,14.0,31.0,3.1650173421202332,2.9262281606329656,15.0,-0.019754433873157833,0.06420992910458174,-0.00509458016598153
2.0,15.0,31.0,3.112058356420907,2.918185199544742,15.0,-0.019647157361272687,0.06350356546605596,-0.005162804155502164
2.0,16.0,31.0,3.0668924619084326,2.8951706892935642,15.0,-0.019340191263164094,0.06290114559030087,-0.0051534708643043775
2.0,17.0,31.0,3.0310574713394014,2.859335698724533,15.0,-0.01886222640053267,0.06242318072766945,-0.0050753569386395485
2.0,18.0,31.0,3.0080429610882238,2.8141698042120584,15.0,-0.01825980652477758,0.06211621462956086,-0.004938845803180134
2.0,19.0,31.0,3.0,2.7612108185127324,15.0,-0.017553442886251793,0.06200893811767571,-0.00474956415439355
2.0,20.0,31.0,3.0001140803164827,2.113614080316483,15.0,-0.008915838101167035,0.06201045971380091,-0.002359416695898915
2.0,21.0,31.0,3.0001140803164827,1.4631140803164828,15.0,-0.00023950979175095145,0.06201045971380091,-2.6370387137701752e-5
2.0,22.0,31.0,3.0001140803164827,0.8126140803164827,15.0,0.008436818517665133,0.06201045971380091,0.002306699256791158
2.0,23.0,31.0,3.0,0.16501734212023322,15.0,0.01707442330274989,0.06200893811767571,0.004696911376530796
2.0,24.0,31.0,3.0080429610882238,0.11205835642090678,15.0,0.017780786941275682,0.06211621462956086,0.0048862910306853085
2.0,25.0,31.0,3.0310574713394014,0.06689246190843257,15.0,0.018383206817030765,0.06242318072766945,0.005023618754247306
2.0,26.0,31.0,3.0668924619084326,0.0310574713394014,15.0,0.01886117167966219,0.06290114559030087,0.005102824995080325
2.0,27.0,31.0,3.112058356420907,0.008042961088223777,15.0,0.019168137777770784,0.06350356546605596,0.005113367247568806
2.0,28.0,31.0,3.1650173421202332,0.0,15.0,0.01927541428965593,0.06420992910458174,0.005046671597912894
2.0,29.0,31.0,3.8126140803164827,0.0001140803164827453,15.0,0.019273892693530723,0.07284753388966651,0.0038718186493344555
2.0,30.0,31.0,4.463114080316483,0.0001140803164827453,15.0,0.019273892693530723,0.0815238621990826,0.0028022436813409895
2.0,31.0,31.0,5.1136140803164825,0.0001140803164827453,15.0,0.019273892693530723,0.09020019050849867,0.001811831516521403
2.0,32.0,31.0,5.761210818512732,0.0,15.0,0.01927541428965593,0.09883779529358343,0.000870021828750436
2.0,33.0,31.0,5.814169804212058,0.008042961088223777,15.0,0.019168137777770784,0.09954415893210923,0.0007360949162827424
2.0,34.0,31.0,5.859335698724533,0.0310574713394014,15.0,0.01886117167966219,0.1001465788078643,0.000505173199993105
2.0,35.0,31.0,5.895170689293565,0.06689246190843257,15.0,0.018383206817030765,0.10062454367049574,0.0001946395766139645
2.0,36.0,31.0,5.918185199544742,0.11205835642090678,15.0,0.017780786941275682,0.10093150976860432,-0.0001654890432608275
2.0,37.0,31.0,5.926228160632966,0.16501734212023322,15.0,0.01707442330274989,0.10103878628048947,-0.0005614024133077947
2.0,38.0,31.0,5.9261140803164825,0.29986408031648293,15.0,0.01527584594372677,0.10103726468436426,-0.0015425801628724865
2.0,39.0,31.0,5.9261140803164825,0.43761408031648275,15.0,0.013438545060372328,0.10103726468436426,-0.002547828637393168
2.0,40.0,31.0,5.9261140803164825,0.5753640803164828,15.0,0.011601244177017885,0.10103726468436426,-0.00355732281667929
2.0,41.0,31.0,5.9261140803164825,0.7131140803164828,15.0,0.009763943293663441,0.10103726468436426,-0.0045721974605779665
1.0,1.0,32.0,2.926114080316483,2.213114080316483,15.5,-0.01064122214608023,0.0630339924215718,0.004094112709503901
1.0,2.0,32.0,2.926114080316483,2.350864080316483,15.5,-0.012550374817532663,0.0630339924215718,0.0035598301217667386
1.0,3.0,32.0,2.926114080316483,2.488614080316483,15.5,-0.014459527488985094,0.0630339924215718,0.003032113594725409
1.0,4.0,32.0,2.926114080316483,2.626364080316483,15.5,-0.016368680160437528,0.0630339924215718,0.002510624892902776
1.0,5.0,32.0,2.9262281606329656,2.7612108185127324,15.5,-0.018237594936945812,0.06303557352313967,0.0020055096659509467
1.0,6.0,32.0,2.918185199544742,2.8141698042120584,15.5,-0.018971582516076696,0.0629241017217025,0.0017976657003655624
1.0,7.0,32.0,2.8951706892935642,2.859335698724533,15.5,-0.019597561377543336,0.06260513102313113,0.0016000132259217934
1.0,8.0,32.0,2.859335698724533,2.8951706892935642,15.5,-0.020094218132362493,0.062108474268311974,0.001420554433298417
1.0,9.0,32.0,2.814169804212059,2.918185199544742,15.5,-0.020413188830933855,0.06148249540684534,0.001276966707436557
1.0,10.0,32.0,2.761210818512732,2.9262281606329656,15.5,-0.020524660632371024,0.060748507827714446,0.0011800986926414855
1.0,11.0,32.0,2.113614080316483,2.926114080316483,15.5,-0.02052307953080316,0.05177311005819539,0.0003993902639825634
1.0,12.0,32.0,1.4631140803164828,2.926114080316483,15.5,-0.02052307953080316,0.04275747439373218,-0.0003326113820599143
1.0,13.0,32.0,0.8126140803164827,2.926114080316483,15.5,-0.02052307953080316,0.033741838729268975,-0.0010356019845848864
1.0,14.0,32.0,0.16501734212023322,2.9262281606329656,15.5,-0.020524660632371024,0.024766440959749912,-0.0017323316713612476
1.0,15.0,32.0,0.11205835642090678,2.918185199544742,15.5,-0.020413188830933855,0.02403245338061902,-0.0017807462791866553
1.0,16.0,32.0,0.06689246190843257,2.8951706892935642,15.5,-0.020094218132362493,0.023406474519152388,-0.0018031851727130788
1.0,17.0,32.0,0.0310574713394014,2.859335698724533,15.5,-0.019597561377543336,0.022909817764333235,-0.0017992347928688665
1.0,18.0,32.0,0.008042961088223777,2.8141698042120584,15.5,-0.018971582516076696,0.022590847065761872,-0.0017680367801067925
1.0,19.0,32.0,0.0,2.7612108185127324,15.5,-0.018237594936945812,0.0224793752643247,-0.0017078465953590056
1.0,20.0,32.0,0.0001140803164827453,2.113614080316483,15.5,-0.009262197167426751,0.022480956365892563,-0.0008558096353492973
1.0,21.0,32.0,0.0001140803164827453,1.4631140803164828,15.5,-0.0002465615029635422,0.022480956365892563,-1.2407551146077849e-5
1.0,22.0,32.0,0.0001140803164827453,0.8126140803164827,15.5,0.008769074161499666,0.022480956365892563,0.0008308343646511318
1.0,23.0,32.0,0.0,0.16501734212023322,15.5,0.01774447193101873,0.0224793752643247,0.0016824238191324062
1.0,24.0,32.0,0.008042961088223777,0.11205835642090678,15.5,0.01847845951014962,0.022590847065761872,0.0017427890687082468
1.0,25.0,32.0,0.0310574713394014,0.06689246190843257,15.5,0.019104438371616253,0.022909817764333235,0.0017745786764915275
1.0,26.0,32.0,0.06689246190843257,0.0310574713394014,15.5,0.019601095126435406,0.023406474519152388,0.0017794755235250423
1.0,27.0,32.0,0.11205835642090678,0.008042961088223777,15.5,0.01992006582500677,0.02403245338061902,0.0017582408975174543
1.0,28.0,32.0,0.16501734212023322,0.0,15.5,0.02003153762644394,0.024766440959749912,0.001711242341234626
1.0,29.0,32.0,0.8126140803164827,0.0001140803164827453,15.5,0.020029956524876078,0.033741838729268975,0.0010317775327240988
1.0,30.0,32.0,1.4631140803164828,0.0001140803164827453,15.5,0.020029956524876078,0.04275747439373218,0.0003461360444160084
1.0,31.0,32.0,2.113614080316483,0.0001140803164827453,15.5,0.020029956524876078,0.05177311005819539,-0.0003683678855360464
1.0,32.0,32.0,2.7612108185127324,0.0,15.5,0.02003153762644394,0.06074850782771445,-0.0011314624861043848
1.0,33.0,32.0,2.814169804212059,0.008042961088223777,15.5,0.01992006582500677,0.06148249540684534,-0.0012268717379635163
1.0,34.0,32.0,2.859335698724533,0.0310574713394014,15.5,0.019601095126435406,0.062108474268311974,-0.0013691207326323837
1.0,35.0,32.0,2.8951706892935642,0.06689246190843257,15.5,0.019104438371616253,0.06260513102313113,-0.0015477108363456946
1.0,36.0,32.0,2.918185199544742,0.11205835642090678,15.5,0.01847845951014962,0.0629241017217025,-0.0017449057272555034
1.0,37.0,32.0,2.9262281606329656,0.16501734212023322,15.5,0.01774447193101873,0.06303557352313967,-0.0019522739747662105
1.0,38.0,32.0,2.926114080316483,0.29986408031648293,15.5,0.015875557154510438,0.0630339924215718,-0.002457532846350572
1.0,39.0,32.0,2.926114080316483,0.43761408031648275,15.5,0.01396640448305801,0.0630339924215718,-0.00297902513660845
1.0,40.0,32.0,2.926114080316483,0.5753640803164828,15.5,0.012057251811605578,0.0630339924215718,-0.0035067419163459005
1.0,41.0,32.0,2.926114080316483,0.7131140803164828,15.5,0.010148099140153145,0.0630339924215718,-0.004041050948635017
2.0,1.0,32.0,5.9261140803164825,2.213114080316483,15.5,-0.01064122214608023,0.10461263499403856,0.004335407166383235
2.0,2.0,32.0,5.9261140803164825,2.350864080316483,15.5,-0.012550374817532663,0.10461263499403856,0.0033812847714919693
2.0,3.0,32.0,5.9261140803164825,2.488614080316483,15.5,-0.014459527488985094,0.10461263499403856,0.002432190241020256
2.0,4.0,32.0,5.9261140803164825,2.626364080316483,15.5,-0.016368680160437528,0.10461263499403856,0.001487057346730962
2.0,5.0,32.0,5.926228160632966,2.7612108185127324,15.5,-0.018237594936945812,0.10461421609560641,0.0005645425194575564
2.0,6.0,32.0,5.918185199544742,2.8141698042120584,15.5,-0.018971582516076696,0.10450274429416924,0.0001920622105161853
2.0,7.0,32.0,5.895170689293565,2.859335698724533,15.5,-0.019597561377543336,0.1041837735955979,-0.00014721604941906984
2.0,8.0,32.0,5.859335698724533,2.8951706892935642,15.5,-0.020094218132362493,0.10368711684077872,-0.00044024901182654694
2.0,9.0,32.0,5.814169804212058,2.918185199544742,15.5,-0.020413188830933855,0.10306113797931209,-0.0006587111937548263
2.0,10.0,32.0,5.7612108185127315,2.9262281606329656,15.5,-0.020524660632371024,0.1023271504001812,-0.0007862206546889479
2.0,11.0,32.0,5.1136140803164825,2.926114080316483,15.5,-0.02052307953080316,0.09335175263066214,-0.0016910267351129833
2.0,12.0,32.0,4.463114080316483,2.926114080316483,15.5,-0.02052307953080316,0.08433611696619894,-0.002640906169387127
2.0,13.0,32.0,3.8126140803164827,2.926114080316483,15.5,-0.02052307953080316,0.07532048130173573,-0.0036644631764608483
2.0,14.0,32.0,3.1650173421202332,2.9262281606329656,15.5,-0.020524660632371024,0.06634508353221666,-0.004786561396976005
2.0,15.0,32.0,3.112058356420907,2.918185199544742,15.5,-0.020413188830933855,0.06561109595308577,-0.004850758619871817
2.0,16.0,32.0,3.0668924619084326,2.8951706892935642,15.5,-0.020094218132362493,0.06498511709161914,-0.004842282147648461
2.0,17.0,32.0,3.0310574713394014,2.859335698724533,15.5,-0.019597561377543336,0.06448846033679999,-0.004768809301289151
2.0,18.0,32.0,3.0080429610882238,2.8141698042120584,15.5,-0.018971582516076696,0.06416948963822862,-0.004640225388356316
2.0,19.0,32.0,3.0,2.7612108185127324,15.5,-0.018237594936945812,0.06405801783679145,-0.004462756823771987
2.0,20.0,32.0,3.0001140803164827,2.113614080316483,15.5,-0.009262197167426751,0.06405959893835932,-0.0022172019043884745
2.0,21.0,32.0,3.0001140803164827,1.4631140803164828,15.5,-0.0002465615029635422,0.06405959893835932,-2.5713878810797614e-5
2.0,22.0,32.0,3.0001140803164827,0.8126140803164827,15.5,0.008769074161499666,0.06405959893835932,0.0021658389090717795
2.0,23.0,32.0,3.0,0.16501734212023322,15.5,0.01774447193101873,0.06405801783679145,0.004411487712030147
2.0,24.0,32.0,3.0080429610882238,0.11205835642090678,15.5,0.01847845951014962,0.06416948963822862,0.004589427582132297
2.0,25.0,32.0,3.0310574713394014,0.06689246190843257,15.5,0.019104438371616253,0.06448846033679999,0.004718404795455046
2.0,26.0,32.0,3.0668924619084326,0.0310574713394014,15.5,0.019601095126435406,0.06498511709161914,0.004792781082222136
2.0,27.0,32.0,3.112058356420907,0.008042961088223777,15.5,0.01992006582500677,0.06561109595308577,0.004802665372201325
2.0,28.0,32.0,3.1650173421202332,0.0,15.5,0.02003153762644394,0.06634508353221666,0.00473995248573298
2.0,29.0,32.0,3.8126140803164827,0.0001140803164827453,15.5,0.020029956524876078,0.07532048130173573,0.003635850511709053
2.0,30.0,32.0,4.463114080316483,0.0001140803164827453,15.5,0.020029956524876078,0.08433611696619894,0.0026302574308417525
2.0,31.0,32.0,5.1136140803164825,0.0001140803164827453,15.5,0.020029956524876078,0.09335175263066214,0.0016982138784792005
2.0,32.0,32.0,5.761210818512732,0.0,15.5,0.02003153762644394,0.1023271504001812,0.0008111399044426323
2.0,33.0,32.0,5.814169804212058,0.008042961088223777,15.5,0.01992006582500677,0.10306113797931209,0.0006850833346303198
2.0,34.0,32.0,5.859335698724533,0.0310574713394014,15.5,0.019601095126435406,0.10368711684077872,0.0004678601109685557
2.0,35.0,32.0,5.895170689293565,0.06689246190843257,15.5,0.019104438371616253,0.1041837735955979,0.000175808368146078
2.0,36.0,32.0,5.918185199544742,0.11205835642090678,15.5,0.01847845951014962,0.10450274429416924,-0.0001628435177997086
2.0,37.0,32.0,5.926228160632966,0.16501734212023322,15.5,0.01774447193101873,0.10461421609560641,-0.0005351126993157259
2.0,38.0,32.0,5.9261140803164825,0.29986408031648293,15.5,0.015875557154510438,0.10461263499403856,-0.0014576556215907506
2.0,39.0,32.0,5.9261140803164825,0.43761408031648275,15.5,0.01396640448305801,0.10461263499403856,-0.002402805874183864
2.0,40.0,32.0,5.9261140803164825,0.5753640803164828,15.5,0.012057251811605578,0.10461263499403856,-0.0033519089982830762
2.0,41.0,32.0,5.9261140803164825,0.7131140803164828,15.5,0.010148099140153145,0.10461263499403856,-0.0043060313883512835
1.0,1.0,33.0,2.926114080316483,2.213114080316483,16.0,-0.011014343626134451,0.06491237995336105,0.0038322325443381766
1.0,2.0,33.0,2.926114080316483,2.350864080316483,16.0,-0.01299078000504476,0.06491237995336105,0.0033357337099687795
1.0,3.0,33.0,2.926114080316483,2.488614080316483,16.0,-0.01496721638395507,0.06491237995336105,0.0028453493560956808
1.0,4.0,33.0,2.926114080316483,2.626364080316483,16.0,-0.01694365276286538,0.06491237995336105,0.0023606215266883746
1.0,5.0,33.0,2.9262281606329656,2.7612108185127324,16.0,-0.018878433154505755,0.06491401677722758,0.0018910337081986745
1.0,6.0,33.0,2.918185199544742,2.8141698042120584,16.0,-0.019638288442537254,0.064798616407798,0.00169825769253984
1.0,7.0,33.0,2.8951706892935642,2.859335698724533,16.0,-0.020286328493357438,0.06446840431848233,0.001513918998321062
1.0,8.0,33.0,2.859335698724533,2.8951706892935642,16.0,-0.02080048877646844,0.06395424403537132,0.0013468982959968987
1.0,9.0,33.0,2.814169804212059,2.918185199544742,16.0,-0.0211307008657841,0.06330620398455115,0.001213634693218474
1.0,10.0,33.0,2.761210818512732,2.9262281606329656,16.0,-0.021246101235213685,0.06254634869651964,0.001123196490529721
1.0,11.0,33.0,2.113614080316483,2.926114080316483,16.0,-0.02124446441134716,0.053254633616775744,0.00039395389391214916
1.0,12.0,33.0,1.4631140803164828,2.926114080316483,16.0,-0.02124446441134716,0.043921262549761905,-0.00029053591602373806
1.0,13.0,33.0,0.8126140803164827,2.926114080316483,16.0,-0.02124446441134716,0.034587891482748066,-0.0009481468824761143
1.0,14.0,33.0,0.16501734212023322,2.9262281606329656,16.0,-0.021246101235213685,0.02529617640300416,-0.0015995208202404622
1.0,15.0,33.0,0.11205835642090678,2.918185199544742,16.0,-0.0211307008657841,0.024536321114972656,-0.001644845443100541
1.0,16.0,33.0,0.06689246190843257,2.8951706892935642,16.0,-0.02080048877646844,0.02388828106415248,-0.0016660755138420546
1.0,17.0,33.0,0.0310574713394014,2.859335698724533,16.0,-0.020286328493357438,0.023374120781041473,-0.001662821216301545
1.0,18.0,33.0,0.008042961088223777,2.8141698042120584,16.0,-0.019638288442537254,0.023043908691725817,-0.0016342567479832614
1.0,19.0,33.0,0.0,2.7612108185127324,16.0,-0.018878433154505755,0.02292850832229623,-0.0015787506903244207
1.0,20.0,33.0,0.0001140803164827453,2.113614080316483,16.0,-0.00958671807476185,0.022930145146162758,-0.0007914879413485714
1.0,21.0,33.0,0.0001140803164827453,1.4631140803164828,16.0,-0.0002533470077480125,0.022930145146162758,-1.1766571371713647e-5
1.0,22.0,33.0,0.0001140803164827453,0.8126140803164827,16.0,0.009080024059265826,0.022930145146162758,0.0007677753094589309
1.0,23.0,33.0,0.0,0.16501734212023322,16.0,0.01837173913900973,0.02292850832229623,0.0015545376345488476
1.0,24.0,33.0,0.008042961088223777,0.11205835642090678,16.0,0.019131594427041234,0.023043908691725817,0.001610204832916569
1.0,25.0,33.0,0.0310574713394014,0.06689246190843257,16.0,0.01977963447786141,0.023374120781041473,0.0016393304986131246
1.0,26.0,33.0,0.06689246190843257,0.0310574713394014,16.0,0.020293794760972417,0.02388828106415248,0.0016434865699428466
1.0,27.0,33.0,0.11205835642090678,0.008042961088223777,16.0,0.020624006850288073,0.024536321114972656,0.0016234060125276109
1.0,28.0,33.0,0.16501734212023322,0.0,16.0,0.02073940721971766,0.02529617640300416,0.0015794339865808748
1.0,29.0,33.0,0.8126140803164827,0.0001140803164827453,16.0,0.020737770395851132,0.034587891482748066,0.0009445471444566647
1.0,30.0,33.0,1.4631140803164828,0.0001140803164827453,16.0,0.020737770395851132,0.043921262549761905,0.00030352962086368487
1.0,31.0,33.0,2.113614080316483,0.0001140803164827453,16.0,0.020737770395851132,0.053254633616775744,-0.00036417764973441154
1.0,32.0,33.0,2.7612108185127324,0.0,16.0,0.02073940721971766,0.06254634869651965,-0.0010764433845894125
1.0,33.0,33.0,2.814169804212059,0.008042961088223777,16.0,0.020624006850288073,0.06330620398455115,-0.0011655033569138893
1.0,34.0,33.0,2.859335698724533,0.0310574713394014,16.0,0.020293794760972417,0.06395424403537132,-0.0012977282240600272
1.0,35.0,33.0,2.8951706892935642,0.06689246190843257,16.0,0.01977963447786141,0.06446840431848233,-0.0014636238026347172
1.0,36.0,33.0,2.918185199544742,0.11205835642090678,16.0,0.019131594427041234,0.064798616407798,-0.0016470850363061933
1.0,37.0,33.0,2.9262281606329656,0.16501734212023322,16.0,0.01837173913900973,0.06491401677722758,-0.0018401130551562047
1.0,38.0,33.0,2.926114080316483,0.29986408031648293,16.0,0.016436958747369352,0.06491237995336105,-0.002309525193002046
1.0,39.0,33.0,2.926114080316483,0.43761408031648275,16.0,0.014460522368459044,0.06491237995336105,-0.0027943014282445027
1.0,40.0,33.0,2.926114080316483,0.5753640803164828,16.0,0.012484085989548735,0.06491237995336105,-0.00328471879481813
1.0,41.0,33.0,2.926114080316483,0.7131140803164828,16.0,0.010507649610638424,0.06491237995336105,-0.0037811852341755447
2.0,1.0,33.0,5.9261140803164825,2.213114080316483,16.0,-0.011014343626134451,0.1079563664269068,0.0040376641067712705
2.0,2.0,33.0,5.9261140803164825,2.350864080316483,16.0,-0.01299078000504476,0.1079563664269068,0.0031503278909400492
2.0,3.0,33.0,5.9261140803164825,2.488614080316483,16.0,-0.01496721638395507,0.1079563664269068,0.002267610860947537
2.0,4.0,33.0,5.9261140803164825,2.626364080316483,16.0,-0.01694365276286538,0.1079563664269068,0.0013885387789923716
2.0,5.0,33.0,5.926228160632966,2.7612108185127324,16.0,-0.018878433154505755,0.10795800325077332,0.0005304709312058016
2.0,6.0,33.0,5.918185199544742,2.8141698042120584,16.0,-0.019638288442537254,0.10784260288134373,0.00018399042923253407
2.0,7.0,33.0,5.895170689293565,2.859335698724533,16.0,-0.020286328493357438,0.1075123907920281,-0.00013163751589469595
2.0,8.0,33.0,5.859335698724533,2.8951706892935642,16.0,-0.02080048877646844,0.10699823050891707,-0.0004042822406181603
2.0,9.0,33.0,5.814169804212058,2.918185199544742,16.0,-0.0211307008657841,0.1063501904580969,-0.0006076027366405005
2.0,10.0,33.0,5.7612108185127315,2.9262281606329656,16.0,-0.021246101235213685,0.10559033517006539,-0.0007263603415186554
2.0,11.0,33.0,5.1136140803164825,2.926114080316483,16.0,-0.02124446441134716,0.09629862009032149,-0.0015697084663840804
2.0,12.0,33.0,4.463114080316483,2.926114080316483,16.0,-0.02124446441134716,0.08696524902330767,-0.0024539954788944038
2.0,13.0,33.0,3.8126140803164827,2.926114080316483,16.0,-0.02124446441134716,0.07763187795629381,-0.003405689588566052
2.0,14.0,33.0,3.1650173421202332,2.9262281606329656,16.0,-0.021246101235213685,0.06834016287654991,-0.0044487830199905565
2.0,15.0,33.0,3.112058356420907,2.918185199544742,16.0,-0.0211307008657841,0.0675803075885184,-0.004508426256858545
2.0,16.0,33.0,3.0668924619084326,2.8951706892935642,16.0,-0.02080048877646844,0.06693226753769824,-0.004500265031788914
2.0,17.0,33.0,3.0310574713394014,2.859335698724533,16.0,-0.020286328493357438,0.06641810725458723,-0.004432277665395321
2.0,18.0,33.0,3.0080429610882238,2.8141698042120584,16.0,-0.019638288442537254,0.06608789516527157,-0.004313414183143125
2.0,19.0,33.0,3.0,2.7612108185127324,16.0,-0.018878433154505755,0.06597249479584198,-0.004147830731119057
2.0,20.0,33.0,3.0001140803164827,2.113614080316483,16.0,-0.00958671807476185,0.06597413161970851,-0.0020609568424967977
2.0,21.0,33.0,3.0001140803164827,1.4631140803164828,16.0,-0.0002533470077480125,0.06597413161970851,-2.5064147068595257e-5
2.0,22.0,33.0,3.0001140803164827,0.8126140803164827,16.0,0.009080024059265826,0.06597413161970851,0.002010904554314026
2.0,23.0,33.0,3.0,0.16501734212023322,16.0,0.01837173913900973,0.06597249479584198,0.004098051698063913
2.0,24.0,33.0,3.0080429610882238,0.11205835642090678,16.0,0.019131594427041234,0.06608789516527157,0.0042634530077919185
2.0,25.0,33.0,3.0310574713394014,0.06689246190843257,16.0,0.01977963447786141,0.06641810725458723,0.0043833833141119355
2.0,26.0,33.0,3.0668924619084326,0.0310574713394014,16.0,0.020293794760972417,0.06693226753769824,0.004452520069159941
2.0,27.0,33.0,3.112058356420907,0.008042961088223777,16.0,0.020624006850288073,0.0675803075885184,0.004461677605429197
2.0,28.0,33.0,3.1650173421202332,0.0,16.0,0.02073940721971766,0.06834016287654991,0.004403438403690959
2.0,29.0,33.0,3.8126140803164827,0.0001140803164827453,16.0,0.020737770395851132,0.07763187795629381,0.0033778046131074635
2.0,30.0,33.0,4.463114080316483,0.0001140803164827453,16.0,0.020737770395851132,0.08696524902330767,0.002443432677875197
2.0,31.0,33.0,5.1136140803164825,0.0001140803164827453,16.0,0.020737770395851132,0.09629862009032149,0.0015762949792456917
2.0,32.0,33.0,5.761210818512732,0.0,16.0,0.02073940721971766,0.10559033517006539,0.000749953613991448
2.0,33.0,33.0,5.814169804212058,0.008042961088223777,16.0,0.020624006850288073,0.1063501904580969,0.0006325895332461283
2.0,34.0,33.0,5.859335698724533,0.0310574713394014,16.0,0.020293794760972417,0.10699823050891707,0.00043045709967182074
2.0,35.0,33.0,5.895170689293565,0.06689246190843257,16.0,0.01977963447786141,0.1075123907920281,0.00015875248368007935
2.0,36.0,33.0,5.918185199544742,0.11205835642090678,16.0,0.019131594427041234,0.10784260288134373,-0.00015627596417602018
2.0,37.0,33.0,5.926228160632966,0.16501734212023322,16.0,0.01837173913900973,0.10795800325077332,-0.0005025555051330101
2.0,38.0,33.0,5.9261140803164825,0.29986408031648293,16.0,0.016436958747369352,0.1079563664269068,-0.0013606553445226028
2.0,39.0,33.0,5.9261140803164825,0.43761408031648275,16.0,0.014460522368459044,0.1079563664269068,-0.002239748090854794
2.0,40.0,33.0,5.9261140803164825,0.5753640803164828,16.0,0.012484085989548735,0.1079563664269068,-0.003122475739156208
2.0,41.0,33.0,5.9261140803164825,0.7131140803164828,16.0,0.010507649610638424,0.1079563664269068,-0.004009812589727359
1.0,1.0,34.0,2.926114080316483,2.213114080316483,16.5,-0.011359836297370718,0.06664745384251929,0.0035384179631298166
1.0,2.0,34.0,2.926114080316483,2.350864080316483,16.5,-0.013398532445286774,0.06664745384251929,0.003082716397245175
1.0,3.0,34.0,2.926114080316483,2.488614080316483,16.5,-0.015437228593202828,0.06664745384251929,0.0026324672101152003
1.0,4.0,34.0,2.926114080316483,2.626364080316483,16.5,-0.017475924741118882,0.06664745384251929,0.002187504468106432
1.0,5.0,34.0,2.9262281606329656,2.7612108185127324,16.5,-0.01947165269552715,0.06664914222801305,0.0017564410869504573
1.0,6.0,34.0,2.918185199544742,2.8141698042120584,16.5,-0.020255444202915585,0.06653010662882321,0.0015786414606891873
1.0,7.0,34.0,2.8951706892935642,2.859335698724533,16.5,-0.020923898178667057,0.06618949252069073,0.0014101866980177208
1.0,8.0,34.0,2.859335698724533,2.8951706892935642,16.5,-0.02145425503698787,0.06565913566236992,0.0012568430396060386
1.0,9.0,34.0,2.814169804212059,2.918185199544742,16.5,-0.021794869145120358,0.06499068168661845,0.0011337027501110732
1.0,10.0,34.0,2.761210818512732,2.9262281606329656,16.5,-0.021913904744310198,0.06420689017923,0.0010507038822189744
1.0,11.0,34.0,2.113614080316483,2.926114080316483,16.5,-0.02191221635881643,0.05462247656352259,0.00037811873565829057
1.0,12.0,34.0,1.4631140803164828,2.926114080316483,16.5,-0.02191221635881643,0.0449950947543074,-0.00025391857035331157
1.0,13.0,34.0,0.8126140803164827,2.926114080316483,16.5,-0.02191221635881643,0.0353677129450922,-0.000861319268048767
1.0,14.0,34.0,0.16501734212023322,2.9262281606329656,16.5,-0.021913904744310198,0.025783299329384796,-0.0014624369580261657
1.0,15.0,34.0,0.11205835642090678,2.918185199544742,16.5,-0.021794869145120358,0.02499950782199635,-0.0015042911202468416
1.0,16.0,34.0,0.06689246190843257,2.8951706892935642,16.5,-0.02145425503698787,0.02433105384624489,-0.0015240514440735726
1.0,17.0,34.0,0.0310574713394014,2.859335698724533,16.5,-0.020923898178667057,0.023800696987924076,-0.0015213576659406122
1.0,18.0,34.0,0.008042961088223777,2.8141698042120584,16.5,-0.020255444202915585,0.023460082879791587,-0.0014954310258864347
1.0,19.0,34.0,0.0,2.7612108185127324,16.5,-0.01947165269552715,0.023341047280601743,-0.0014447648599877256
1.0,20.0,34.0,0.0001140803164827453,2.113614080316483,16.5,-0.00988723907981974,0.023342735666095512,-0.0007248088374362181
1.0,21.0,34.0,0.0001140803164827453,1.4631140803164828,16.5,-0.0002598572706045437,0.023342735666095512,-1.1087541206667226e-5
1.0,22.0,34.0,0.0001140803164827453,0.8126140803164827,16.5,0.009367524538610653,0.023342735666095512,0.0007024292594709476
1.0,23.0,34.0,0.0,0.16501734212023322,16.5,0.01895193815431806,0.023341047280601743,0.0014218151638353011
1.0,24.0,34.0,0.008042961088223777,0.11205835642090678,16.5,0.019735729661706506,0.023460082879791587,0.0014726252417618672
1.0,25.0,34.0,0.0310574713394014,0.06689246190843257,16.5,0.020404183637457968,0.023800696987924076,0.0014990800373989484
1.0,26.0,34.0,0.06689246190843257,0.0310574713394014,16.5,0.02093454049577878,0.02433105384624489,0.0015026286829310234
1.0,27.0,34.0,0.11205835642090678,0.008042961088223777,16.5,0.02127515460391127,0.02499950782199635,0.001483960319533641
1.0,28.0,34.0,0.16501734212023322,0.0,16.5,0.02139419020310111,0.025783299329384796,0.0014433916063141055
1.0,29.0,34.0,0.8126140803164827,0.0001140803164827453,16.5,0.021392501817607344,0.0353677129450922,0.0008579386558207752
1.0,30.0,34.0,1.4631140803164828,0.0001140803164827453,16.5,0.021392501817607344,0.0449950947543074,0.0002663301579926824
1.0,31.0,34.0,2.113614080316483,0.0001140803164827453,16.5,0.021392501817607344,0.05462247656352259,-0.00034963484636790613
1.0,32.0,34.0,2.7612108185127324,0.0,16.5,0.02139419020310111,0.06420689017923001,-0.0010059272891573417
1.0,33.0,34.0,2.814169804212059,0.008042961088223777,16.5,0.02127515460391127,0.06499068168661845,-0.001087540865256454
1.0,34.0,34.0,2.859335698724533,0.0310574713394014,16.5,0.02093454049577878,0.06565913566236992,-0.0012093036920338687
1.0,35.0,34.0,2.8951706892935642,0.06689246190843257,16.5,0.020404183637457968,0.06618949252069073,-0.0013620342881813375
1.0,36.0,34.0,2.918185199544742,0.11205835642090678,16.5,0.019735729661706506,0.06653010662882321,-0.0015303574876351742
1.0,37.0,34.0,2.9262281606329656,0.16501734212023322,16.5,0.01895193815431806,0.06664914222801305,-0.0017071677202313968
1.0,38.0,34.0,2.926114080316483,0.29986408031648293,16.5,0.016956210199909793,0.06664745384251929,-0.0021386017221261986
1.0,39.0,34.0,2.926114080316483,0.43761408031648275,16.5,0.01491751405199374,0.06664745384251929,-0.0025835089552136642
1.0,40.0,34.0,2.926114080316483,0.5753640803164828,16.5,0.012878817904077687,0.06664745384251929,-0.00303371861466459
1.0,41.0,34.0,2.926114080316483,0.7131140803164828,16.5,0.010840121756161631,0.06664745384251929,-0.003489489922442157
2.0,1.0,34.0,5.9261140803164825,2.213114080316483,16.5,-0.011359836297370718,0.11104736994958399,0.0037122239675706457
2.0,2.0,34.0,5.9261140803164825,2.350864080316483,16.5,-0.013398532445286774,0.11104736994958399,0.0028972395713155767
2.0,3.0,34.0,5.9261140803164825,2.488614080316483,16.5,-0.015437228593202828,0.11104736994958399,0.002086441641793811
2.0,4.0,34.0,5.9261140803164825,2.626364080316483,16.5,-0.017475924741118882,0.11104736994958399,0.0012789189226566939
2.0,5.0,34.0,5.926228160632966,2.7612108185127324,16.5,-0.01947165269552715,0.11104905833507775,0.0004906445003812377
2.0,6.0,34.0,5.918185199544742,2.8141698042120584,16.5,-0.020255444202915585,0.11093002273588791,0.0001723279245219251
2.0,7.0,34.0,5.895170689293565,2.859335698724533,16.5,-0.020923898178667057,0.11058940862775543,-0.00011767897410557568
2.0,8.0,34.0,5.859335698724533,2.8951706892935642,16.5,-0.02145425503698787,0.1100590517694346,-0.00036823675403042217
2.0,9.0,34.0,5.814169804212058,2.918185199544742,16.5,-0.021794869145120358,0.10939059779368315,-0.0005551362071990627
2.0,10.0,34.0,5.7612108185127315,2.9262281606329656,16.5,-0.021913904744310198,0.1086068062862947,-0.0006643921795291895
2.0,11.0,34.0,5.1136140803164825,2.926114080316483,16.5,-0.02191221635881643,0.0990223926705873,-0.0014409253658897708
2.0,12.0,34.0,4.463114080316483,2.926114080316483,16.5,-0.02191221635881643,0.08939501086137211,-0.0022535389515078437
2.0,13.0,34.0,3.8126140803164827,2.926114080316483,16.5,-0.02191221635881643,0.0797676290521569,-0.003126450829007974
2.0,14.0,34.0,3.1650173421202332,2.9262281606329656,16.5,-0.021913904744310198,0.0701832154364495,-0.00408298479912721
2.0,15.0,34.0,3.112058356420907,2.918185199544742,16.5,-0.021794869145120358,0.06939942392906105,-0.004137858817056734
2.0,16.0,34.0,3.0668924619084326,2.8951706892935642,16.5,-0.02145425503698787,0.06873096995330959,-0.004130847490487709
2.0,17.0,34.0,3.0310574713394014,2.859335698724533,16.5,-0.020923898178667057,0.06820061309498877,-0.0040679490251378445
2.0,18.0,34.0,3.0080429610882238,2.8141698042120584,16.5,-0.020255444202915585,0.06785999898685628,-0.003957722749987042
2.0,19.0,34.0,3.0,2.7612108185127324,16.5,-0.01947165269552715,0.06774096338766644,-0.003806769253880497
2.0,20.0,34.0,3.0001140803164827,2.113614080316483,16.5,-0.00988723907981974,0.06774265177316022,-0.0018913815539814552
2.0,21.0,34.0,3.0001140803164827,1.4631140803164828,16.5,-0.0002598572706045437,0.06774265177316022,-2.4447097392001193e-5
2.0,22.0,34.0,3.0001140803164827,0.8126140803164827,16.5,0.009367524538610653,0.06774265177316022,0.001842658973802999
2.0,23.0,34.0,3.0,0.16501734212023322,16.5,0.01895193815431806,0.06774096338766644,0.003758298530456349
2.0,24.0,34.0,3.0080429610882238,0.11205835642090678,16.5,0.019735729661706506,0.06785999898685628,0.003910231186413338
2.0,25.0,34.0,3.0310574713394014,0.06689246190843257,16.5,0.020404183637457968,0.06820061309498877,0.004020339253235385
2.0,26.0,34.0,3.0668924619084326,0.0310574713394014,16.5,0.02093454049577878,0.06873096995330959,0.004083879945000746
2.0,27.0,34.0,3.112058356420907,0.008042961088223777,16.5,0.02127515460391127,0.06939942392906105,0.004092426259695928
2.0,28.0,34.0,3.1650173421202332,0.0,16.5,0.02139419020310111,0.0701832154364495,0.004039010895718154
2.0,29.0,34.0,3.8126140803164827,0.0001140803164827453,16.5,0.021392501817607344,0.0797676290521569,0.003099310839097526
2.0,30.0,34.0,4.463114080316483,0.0001140803164827453,16.5,0.021392501817607344,0.08939501086137211,0.002243116614616333
2.0,31.0,34.0,5.1136140803164825,0.0001140803164827453,16.5,0.021392501817607344,0.0990223926705873,0.0014469239610224614
2.0,32.0,34.0,5.761210818512732,0.0,16.5,0.02139419020310111,0.1086068062862947,0.0006866331044932994
2.0,33.0,34.0,5.814169804212058,0.008042961088223777,16.5,0.02127515460391127,0.10939059779368315,0.0005787074506962885
2.0,34.0,34.0,5.859335698724533,0.0310574713394014,16.5,0.02093454049577878,0.1100590517694346,0.0003929421546591658
2.0,35.0,34.0,5.895170689293565,0.06689246190843257,16.5,0.020404183637457968,0.11058940862775543,0.00014328164612070464
2.0,36.0,34.0,5.918185199544742,0.11205835642090678,16.5,0.019735729661706506,0.11093002273588791,-0.00014615459995427827
2.0,37.0,34.0,5.926228160632966,0.16501734212023322,16.5,0.01895193815431806,0.11104905833507775,-0.00046428320807458015
2.0,38.0,34.0,5.9261140803164825,0.29986408031648293,16.5,0.016956210199909793,0.11104736994958399,-0.0012525971599194681
2.0,39.0,34.0,5.9261140803164825,0.43761408031648275,16.5,0.01491751405199374,0.11104736994958399,-0.0020601460573101914
2.0,40.0,34.0,5.9261140803164825,0.5753640803164828,16.5,0.012878817904077687,0.11104736994958399,-0.0028709580997349844
2.0,41.0,34.0,5.9261140803164825,0.7131140803164828,16.5,0.010840121756161631,0.11104736994958399,-0.003685944628873128
1.0,1.0,35.0,2.926114080316483,2.213114080316483,17.0,-0.011675410610217568,0.06822892378423898,0.0032155905149670984
1.0,2.0,35.0,2.926114080316483,2.350864080316483,17.0,-0.01377092204584035,0.06822892378423898,0.0028032926787416403
1.0,3.0,35.0,2.926114080316483,2.488614080316483,17.0,-0.01586643348146313,0.06822892378423898,0.002396056058303876
1.0,4.0,35.0,2.926114080316483,2.626364080316483,17.0,-0.01796194491708591,0.06822892378423898,0.0019932722636213764
1.0,5.0,35.0,2.9262281606329656,2.7612108185127324,17.0,-0.020013290702542694,0.0682306592224079,0.001602967863163827
1.0,6.0,35.0,2.918185199544742,2.8141698042120584,17.0,-0.02081892525899947,0.06810830628638873,0.0014433304480219213
1.0,7.0,35.0,2.8951706892935642,2.859335698724533,17.0,-0.021506008006375317,0.06775819979334625,0.0012893911429545672
1.0,8.0,35.0,2.859335698724533,2.8951706892935642,17.0,-0.022051145084653643,0.06721306271506793,0.0011503161185945708
1.0,9.0,35.0,2.814169804212059,2.918185199544742,17.0,-0.022401251577696114,0.06652597996769209,0.0010397623568171486
1.0,10.0,35.0,2.761210818512732,2.9262281606329656,17.0,-0.02252360451371529,0.0657203454112353,0.0009641002570106122
1.0,11.0,35.0,2.113614080316483,2.926114080316483,17.0,-0.02252186907554637,0.05586882910951296,0.0003528475477723594
1.0,12.0,35.0,1.4631140803164828,2.926114080316483,17.0,-0.02252186907554637,0.04597314715762463,-0.00022228564877921909
1.0,13.0,35.0,0.8126140803164827,2.926114080316483,17.0,-0.02252186907554637,0.036077465205736285,-0.0007751950461533454
1.0,14.0,35.0,0.16501734212023322,2.9262281606329656,17.0,-0.02252360451371529,0.026225948904013942,-0.0013216804150739433
1.0,15.0,35.0,0.11205835642090678,2.918185199544742,17.0,-0.022401251577696114,0.025420314347557163,-0.0013597214795815391
1.0,16.0,35.0,0.06689246190843257,2.8951706892935642,17.0,-0.022051145084653643,0.024733231600181323,-0.0013777746332640883
1.0,17.0,35.0,0.0310574713394014,2.859335698724533,17.0,-0.021506008006375317,0.024188094521902997,-0.0013755172095025563
1.0,18.0,35.0,0.008042961088223777,2.8141698042120584,17.0,-0.02081892525899947,0.023837988028860526,-0.001352233904213203
1.0,19.0,35.0,0.0,2.7612108185127324,17.0,-0.020013290702542694,0.023715635092841345,-0.0013065528218282043
1.0,20.0,35.0,0.0001140803164827453,2.113614080316483,17.0,-0.010161774400820353,0.02371737053101027,-0.0006561413650627569
1.0,21.0,35.0,0.0001140803164827453,1.4631140803164828,17.0,-0.0002660924489320147,0.02371737053101027,-1.0365285800447095e-5
1.0,22.0,35.0,0.0001140803164827453,0.8126140803164827,17.0,0.009629589502956323,0.02371737053101027,0.0006351753811699003
1.0,23.0,35.0,0.0,0.16501734212023322,17.0,0.019481105804678666,0.023715635092841345,0.001284927634985052
1.0,24.0,35.0,0.008042961088223777,0.11205835642090678,17.0,0.02028674036113545,0.023837988028860526,0.001330735019114807
1.0,25.0,35.0,0.0310574713394014,0.06689246190843257,17.0,0.02097382310851129,0.024188094521902997,0.0013545109718199415
1.0,26.0,35.0,0.06689246190843257,0.0310574713394014,17.0,0.02151896018678961,0.024733231600181323,0.0013575721257628025
1.0,27.0,35.0,0.11205835642090678,0.008042961088223777,17.0,0.021869066679832082,0.025420314347557163,0.0013405490062423804
1.0,28.0,35.0,0.16501734212023322,0.0,17.0,0.021991419615851264,0.026225948904013942,0.0013037220424890455
1.0,29.0,35.0,0.8126140803164827,0.0001140803164827453,17.0,0.02198968417768234,0.036077465205736285,0.0007720201819094983
1.0,30.0,35.0,1.4631140803164828,0.0001140803164827453,17.0,0.02198968417768234,0.04597314715762463,0.00023405499322267485
1.0,31.0,35.0,2.113614080316483,0.0001140803164827453,17.0,0.02198968417768234,0.05586882910951296,-0.0003257577730405902
1.0,32.0,35.0,2.7612108185127324,0.0,17.0,0.021991419615851264,0.06572034541123531,-0.0009212742120121845
1.0,33.0,35.0,2.814169804212059,0.008042961088223777,17.0,0.021869066679832082,0.06652597996769209,-0.0009957117471412194
1.0,34.0,35.0,2.859335698724533,0.0310574713394014,17.0,0.02151896018678961,0.06721306271506793,-0.0011054916669885702
1.0,35.0,35.0,2.8951706892935642,0.06689246190843257,17.0,0.02097382310851129,0.06775819979334625,-0.0012431974221600473
1.0,36.0,35.0,2.918185199544742,0.11205835642090678,17.0,0.02028674036113545,0.06810830628638873,-0.0013958252075786
1.0,37.0,35.0,2.9262281606329656,0.16501734212023322,17.0,0.019481105804678666,0.0682306592224079,-0.0015566268659336806
1.0,38.0,35.0,2.926114080316483,0.29986408031648293,17.0,0.01742976001922188,0.06822892378423898,-0.0019462642132841402
1.0,39.0,35.0,2.926114080316483,0.43761408031648275,17.0,0.015334248583599101,0.06822892378423898,-0.0023491396881394934
1.0,40.0,35.0,2.926114080316483,0.5753640803164828,17.0,0.01323873714797632,0.06822892378423898,-0.002756449033931509
1.0,41.0,35.0,2.926114080316483,0.7131140803164828,17.0,0.01114322571235354,0.06822892378423898,-0.003168627506845105
2.0,1.0,35.0,5.9261140803164825,2.213114080316483,17.0,-0.011675410610217568,0.1138661964293812,0.0033617096364620155
2.0,2.0,35.0,5.9261140803164825,2.350864080316483,17.0,-0.01377092204584035,0.1138661964293812,0.002624207196210429
2.0,3.0,35.0,5.9261140803164825,2.488614080316483,17.0,-0.01586643348146313,0.1138661964293812,0.0018903513947177563
2.0,4.0,35.0,5.9261140803164825,2.626364080316483,17.0,-0.01796194491708591,0.1138661964293812,0.0011593665571521853
2.0,5.0,35.0,5.926228160632966,2.7612108185127324,17.0,-0.020013290702542694,0.1138679318675501,0.000445716526191598
2.0,6.0,35.0,5.918185199544742,2.8141698042120584,17.0,-0.02081892525899947,0.11374557893153094,0.00015750545458632936
2.0,7.0,35.0,5.895170689293565,2.859335698724533,17.0,-0.021506008006375317,0.11339547243848848,-0.00010509879601267418
2.0,8.0,35.0,5.859335698724533,2.8951706892935642,17.0,-0.022051145084653643,0.11285033536021014,-0.0003320212177584626
2.0,9.0,35.0,5.814169804212058,2.918185199544742,17.0,-0.022401251577696114,0.1121632526128343,-0.0005013702659467082
2.0,10.0,35.0,5.7612108185127315,2.9262281606329656,17.0,-0.02252360451371529,0.11135761805637752,-0.0006004864919343873
2.0,11.0,35.0,5.1136140803164825,2.926114080316483,17.0,-0.02252186907554637,0.10150610175465517,-0.001305680900090917
2.0,12.0,35.0,4.463114080316483,2.926114080316483,17.0,-0.02252186907554637,0.09161041980276685,-0.0020411188114670504
2.0,13.0,35.0,3.8126140803164827,2.926114080316483,17.0,-0.02252186907554637,0.0817147378508785,-0.0028283906932668216
2.0,14.0,35.0,3.1650173421202332,2.9262281606329656,17.0,-0.02252360451371529,0.07186322154915616,-0.003691296485241589
2.0,15.0,35.0,3.112058356420907,2.918185199544742,17.0,-0.022401251577696114,0.07105758699269937,-0.003740509224647255
2.0,16.0,35.0,3.0668924619084326,2.8951706892935642,17.0,-0.022051145084653643,0.07037050424532354,-0.003733348087285844
2.0,17.0,35.0,3.0310574713394014,2.859335698724533,17.0,-0.021506008006375317,0.06982536716704521,-0.003677198846419247
2.0,18.0,35.0,3.0080429610882238,2.8141698042120584,17.0,-0.02081892525899947,0.06947526067400274,-0.0035792594432016048
2.0,19.0,35.0,3.0,2.7612108185127324,17.0,-0.020013290702542694,0.06935290773798357,-0.0034407105191121344
2.0,20.0,35.0,3.0001140803164827,2.113614080316483,17.0,-0.010161774400820353,0.06935464317615249,-0.0017093210191076677
2.0,21.0,35.0,3.0001140803164827,1.4631140803164828,17.0,-0.0002660924489320147,0.06935464317615249,-2.3836283534835574e-5
2.0,22.0,35.0,3.0001140803164827,0.8126140803164827,17.0,0.009629589502956323,0.06935464317615249,0.0016617806340720456
2.0,23.0,35.0,3.0,0.16501734212023322,17.0,0.019481105804678666,0.06935290773798357,0.0033938810470147077
2.0,24.0,35.0,3.0080429610882238,0.11205835642090678,17.0,0.02028674036113545,0.06947526067400274,0.003531359721740059
2.0,25.0,35.0,3.0310574713394014,0.06689246190843257,17.0,0.02097382310851129,0.06982536716704521,0.003631171224819526
2.0,26.0,35.0,3.0668924619084326,0.0310574713394014,17.0,0.02151896018678961,0.07037050424532354,0.003688785699543826
2.0,27.0,35.0,3.112058356420907,0.008042961088223777,17.0,0.021869066679832082,0.07105758699269937,0.0036965786145684784
2.0,28.0,35.0,3.1650173421202332,0.0,17.0,0.021991419615851264,0.07186322154915616,0.003648553413897973
2.0,29.0,35.0,3.8126140803164827,0.0001140803164827453,17.0,0.02198968417768234,0.0817147378508785,0.0028021051514648416
2.0,30.0,35.0,4.463114080316483,0.0001140803164827453,17.0,0.02198968417768234,0.09161041980276685,0.0020308949659283964
2.0,31.0,35.0,5.1136140803164825,0.0001140803164827453,17.0,0.02198968417768234,0.10150610175465517,0.0013111201626499012
2.0,32.0,35.0,5.761210818512732,0.0,17.0,0.021991419615851264,0.11135761805637752,0.0006213412810426347
2.0,33.0,35.0,5.814169804212058,0.008042961088223777,17.0,0.021869066679832082,0.1121632526128343,0.0005234886600590766
2.0,34.0,35.0,5.859335698724533,0.0310574713394014,17.0,0.02151896018678961,0.11285033536021014,0.0003552163786505056
2.0,35.0,35.0,5.895170689293565,0.06689246190843257,17.0,0.02097382310851129,0.11339547243848848,0.00012914400402022535
2.0,36.0,35.0,5.918185199544742,0.11205835642090678,17.0,0.02028674036113545,0.11374557893153094,-0.00013292130120370484
2.0,37.0,35.0,5.926228160632966,0.16501734212023322,17.0,0.019481105804678666,0.1138679318675501,-0.00042095784462663585
2.0,38.0,35.0,5.9261140803164825,0.29986408031648293,17.0,0.01742976001922188,0.1138661964293812,-0.0011346586494486895
2.0,39.0,35.0,5.9261140803164825,0.43761408031648275,17.0,0.015334248583599101,0.1138661964293812,-0.0018656792559192394
2.0,40.0,35.0,5.9261140803164825,0.5753640803164828,17.0,0.01323873714797632,0.1138661964293812,-0.0025995550173852707
2.0,41.0,35.0,5.9261140803164825,0.7131140803164828,17.0,0.01114322571235354,0.1138661964293812,-0.0033370614853835048
1.0,1.0,36.0,2.926114080316483,2.213114080316483,17.5,-0.011958962231880603,0.06964742907268698,0.002866751395902293
1.0,2.0,36.0,2.926114080316483,2.350864080316483,17.5,-0.01410546104698349,0.06964742907268698,0.0025004078046008274
1.0,3.0,36.0,2.926114080316483,2.488614080316483,17.5,-0.016251959862086378,0.06964742907268698,0.00213820336463885
1.0,4.0,36.0,2.926114080316483,2.626364080316483,17.5,-0.018398458677189266,0.06964742907268698,0.0017804372759998603
1.0,5.0,36.0,2.9262281606329656,2.7612108185127324,17.5,-0.020499717216272667,0.06964920673703656,0.001433719238016134
1.0,6.0,36.0,2.918185199544742,2.8141698042120584,17.5,-0.021324954240248377,0.06952387674468963,0.0012895665786032155
1.0,7.0,36.0,2.8951706892935642,2.859335698724533,17.5,-0.02202875488673904,0.06916525156150033,0.0011550212378163035
1.0,8.0,36.0,2.859335698724533,2.8951706892935642,17.5,-0.022587156083077688,0.06860685036516168,0.0010316751254566476
1.0,9.0,36.0,2.814169804212059,2.918185199544742,17.5,-0.022945781266266986,0.06790304971867103,0.0009316839105319889
1.0,10.0,36.0,2.761210818512732,2.9262281606329656,17.5,-0.023071111258613927,0.0670778126946953,0.0008649015085234869
1.0,11.0,36.0,2.113614080316483,2.926114080316483,17.5,-0.02306933359426433,0.05698659214149934,0.00031918485568494117
1.0,12.0,36.0,1.4631140803164828,2.926114080316483,17.5,-0.02306933359426433,0.046850131312283896,-0.00019512623344958662
1.0,13.0,36.0,0.8126140803164827,2.926114080316483,17.5,-0.02306933359426433,0.03671367048306845,-0.0006898707938973645
1.0,14.0,36.0,0.16501734212023322,2.9262281606329656,17.5,-0.023071111258613927,0.026622449929872484,-0.0011779546376846734
1.0,15.0,36.0,0.11205835642090678,2.918185199544742,17.5,-0.022945781266266986,0.025797212905896767,-0.0012118804995976836
1.0,16.0,36.0,0.06689246190843257,2.8951706892935642,17.5,-0.022587156083077688,0.02509341225940611,-0.0012280204543881114
1.0,17.0,36.0,0.0310574713394014,2.859335698724533,17.5,-0.02202875488673904,0.024535011063067467,-0.001226094194589003
1.0,18.0,36.0,0.008042961088223777,2.8141698042120584,17.5,-0.021324954240248377,0.024176385879878165,-0.0012054602160544972
1.0,19.0,36.0,0.0,2.7612108185127324,17.5,-0.020499717216272667,0.024051055887531227,-0.0011648902182318421
1.0,20.0,36.0,0.0001140803164827453,2.113614080316483,17.5,-0.010408496663076704,0.02405283355188082,-0.0005859298908084148
1.0,21.0,36.0,0.0001140803164827453,1.4631140803164828,17.5,-0.0002720358338612548,0.02405283355188082,-9.593529205043146e-6
1.0,22.0,36.0,0.0001140803164827453,0.8126140803164827,17.5,0.009864424995354193,0.02405283355188082,0.0005664706792957055
1.0,23.0,36.0,0.0,0.16501734212023322,17.5,0.019955645548550158,0.024051055887531227,0.0011446627954275978
1.0,24.0,36.0,0.008042961088223777,0.11205835642090678,17.5,0.020780882572525874,0.024176385879878165,0.001185334899488865
1.0,25.0,36.0,0.0310574713394014,0.06689246190843257,17.5,0.02148468321901653,0.024535011063067467,0.001206421988296
1.0,26.0,36.0,0.06689246190843257,0.0310574713394014,17.5,0.02204308441535518,0.02509341225940611,0.0012090987699644661
1.0,27.0,36.0,0.11205835642090678,0.008042961088223777,17.5,0.022401709598544477,0.025797212905896767,0.0011939247478213422
1.0,28.0,36.0,0.16501734212023322,0.0,17.5,0.022527039590891418,0.026622449929872484,0.0011611380110524547
1.0,29.0,36.0,0.8126140803164827,0.0001140803164827453,17.5,0.02252526192654182,0.03671367048306845,0.0006868879461140975
1.0,30.0,36.0,1.4631140803164828,0.0001140803164827453,17.5,0.02252526192654182,0.046850131312283896,0.0002061523616837894
1.0,31.0,36.0,2.113614080316483,0.0001140803164827453,17.5,0.02252526192654182,0.05698659214149934,-0.00029357991756762407
1.0,32.0,36.0,2.7612108185127324,0.0,17.5,0.022527039590891418,0.06707781269469532,-0.0008241657848661243
1.0,33.0,36.0,2.814169804212059,0.008042961088223777,17.5,0.022401709598544477,0.06790304971867103,-0.0008895627060393681
1.0,34.0,36.0,2.859335698724533,0.0310574713394014,17.5,0.02204308441535518,0.06860685036516168,-0.0009880014844827502
1.0,35.0,36.0,2.8951706892935642,0.06689246190843257,17.5,0.02148468321901653,0.06916525156150033,-0.0011112816814771436
1.0,36.0,36.0,2.918185199544742,0.11205835642090678,17.5,0.020780882572525874,0.06952387674468963,-0.0012464773118295016
1.0,37.0,36.0,2.9262281606329656,0.16501734212023322,17.5,0.019955645548550158,0.06964920673703656,-0.0013880287667300982
1.0,38.0,36.0,2.926114080316483,0.29986408031648293,17.5,0.017854387009466753,0.06964742907268698,-0.0017358690456632266
1.0,39.0,36.0,2.926114080316483,0.43761408031648275,17.5,0.01570788819436387,0.06964742907268698,-0.0020934035393518516
1.0,40.0,36.0,2.926114080316483,0.5753640803164828,17.5,0.01356138937926098,0.06964742907268698,-0.0024554164177876536
1.0,41.0,36.0,2.926114080316483,0.7131140803164828,17.5,0.011414890564158092,0.06964742907268698,-0.002821957374336691
2.0,1.0,36.0,5.9261140803164825,2.213114080316483,17.5,-0.011958962231880603,0.11639513466476437,0.0029891610976927824
2.0,2.0,36.0,5.9261140803164825,2.350864080316483,17.5,-0.01410546104698349,0.11639513466476437,0.0023336810054869184
2.0,3.0,36.0,5.9261140803164825,2.488614080316483,17.5,-0.016251959862086378,0.11639513466476437,0.0016813043982167434
2.0,4.0,36.0,5.9261140803164825,2.626364080316483,17.5,-0.018398458677189266,0.11639513466476437,0.0010312704309246629
2.0,5.0,36.0,5.926228160632966,2.7612108185127324,17.5,-0.020499717216272667,0.11639691232911395,0.0003965097647163283
2.0,6.0,36.0,5.918185199544742,2.8141698042120584,17.5,-0.021324954240248377,0.11627158233676702,0.0001401263592002444
2.0,7.0,36.0,5.895170689293565,2.859335698724533,17.5,-0.02202875488673904,0.11591295715357773,-9.352714278999997e-5
2.0,8.0,36.0,5.859335698724533,2.8951706892935642,17.5,-0.022587156083077688,0.11535455595723906,-0.00029550657605194064
2.0,9.0,36.0,5.814169804212058,2.918185199544742,17.5,-0.022945781266266986,0.11465075531074842,-0.0004463221903591729
2.0,10.0,36.0,5.7612108185127315,2.9262281606329656,17.5,-0.023071111258613927,0.11382551828677269,-0.0005347577911703794
2.0,11.0,36.0,5.1136140803164825,2.926114080316483,17.5,-0.02306933359426433,0.10373429773357673,-0.0011652486278605463
2.0,12.0,36.0,4.463114080316483,2.926114080316483,17.5,-0.02306933359426433,0.0935978369043613,-0.0018186001174533065
2.0,13.0,36.0,3.8126140803164827,2.926114080316483,17.5,-0.02306933359426433,0.08346137607514584,-0.0025134752473087237
2.0,14.0,36.0,3.1650173421202332,2.9262281606329656,17.5,-0.023071111258613927,0.07337015552194988,-0.0032749812035762675
2.0,15.0,36.0,3.112058356420907,2.918185199544742,17.5,-0.022945781266266986,0.07254491849797416,-0.003319100314108717
2.0,16.0,36.0,3.0668924619084326,2.8951706892935642,17.5,-0.022587156083077688,0.0718411178514835,-0.0033136124987264183
2.0,17.0,36.0,3.0310574713394014,2.859335698724533,17.5,-0.02202875488673904,0.07128271665514485,-0.0032621211504068755
2.0,18.0,36.0,3.0080429610882238,2.8141698042120584,17.5,-0.021324954240248377,0.07092409147195555,-0.003171837327560619
2.0,19.0,36.0,3.0,2.7612108185127324,17.5,-0.020499717216272667,0.07079876147960862,-0.0030520776512195764
2.0,20.0,36.0,3.0001140803164827,2.113614080316483,17.5,-0.010408496663076704,0.07080053914395822,-0.001515127556942986
2.0,21.0,36.0,3.0001140803164827,1.4631140803164828,17.5,-0.0002720358338612548,0.07080053914395822,-2.3310937028422657e-5
2.0,22.0,36.0,3.0001140803164827,0.8126140803164827,17.5,0.009864424995354193,0.07080053914395822,0.0014688822249025834
2.0,23.0,36.0,3.0,0.16501734212023322,17.5,0.019955645548550158,0.07079876147960862,0.0030061866360984926
2.0,24.0,36.0,3.0080429610882238,0.11205835642090678,17.5,0.020780882572525874,0.07092409147195555,0.0031285935622928328
2.0,25.0,36.0,3.0310574713394014,0.06689246190843257,17.5,0.02148468321901653,0.07128271665514485,0.003217355260781433
2.0,26.0,36.0,3.0668924619084326,0.0310574713394014,17.5,0.02204308441535518,0.0718411178514835,0.003268810418400493
2.0,27.0,36.0,3.112058356420907,0.008042961088223777,17.5,0.022401709598544477,0.07254491849797416,0.0032761847849982198
2.0,28.0,36.0,3.1650173421202332,0.0,17.5,0.022527039590891418,0.07337015552194988,0.0032337056622713653
2.0,29.0,36.0,3.8126140803164827,0.0001140803164827453,17.5,0.02252526192654182,0.08346137607514584,0.002488076522491271
2.0,30.0,36.0,4.463114080316483,0.0001140803164827453,17.5,0.02252526192654182,0.0935978369043613,0.0018087022093228459
2.0,31.0,36.0,5.1136140803164825,0.0001140803164827453,17.5,0.02252526192654182,0.10373429773357673,0.0011701588465246348
2.0,32.0,36.0,5.761210818512732,0.0,17.5,0.022527039590891418,0.11382551828677269,0.0005541848854242428
2.0,33.0,36.0,5.814169804212058,0.008042961088223777,17.5,0.022401709598544477,0.11465075531074842,0.0004669410438474684
2.0,34.0,36.0,5.859335698724533,0.0310574713394014,17.5,0.02204308441535518,0.11535455595723906,0.0003171410078148686
2.0,35.0,36.0,5.895170689293565,0.06689246190843257,17.5,0.02148468321901653,0.11591295715357773,0.00011596248756515875
2.0,36.0,36.0,5.918185199544742,0.11205835642090678,17.5,0.020780882572525874,0.11627158233676702,-0.00011718706010604512
2.0,37.0,36.0,5.926228160632966,0.16501734212023322,17.5,0.019955645548550158,0.11639691232911395,-0.0003734155591210833
2.0,38.0,36.0,5.9261140803164825,0.29986408031648293,17.5,0.017854387009466753,0.11639513466476437,-0.0010082463015015854
2.0,39.0,36.0,5.9261140803164825,0.43761408031648275,17.5,0.01570788819436387,0.11639513466476437,-0.0016583288238877097
2.0,40.0,36.0,5.9261140803164825,0.5753640803164828,17.5,0.01356138937926098,0.11639513466476437,-0.002310733479235264
2.0,41.0,36.0,5.9261140803164825,0.7131140803164828,17.5,0.011414890564158092,0.11639513466476437,-0.002966221464743642
1.0,1.0,37.0,2.926114080316483,2.213114080316483,18.0,-0.01220863412164226,0.0708945456719775,0.002495070577090998
1.0,2.0,37.0,2.926114080316483,2.350864080316483,18.0,-0.014399948204568826,0.0708945456719775,0.002176765042619075
1.0,3.0,37.0,2.926114080316483,2.488614080316483,18.0,-0.016591262287495395,0.0708945456719775,0.0018624163491479503
1.0,4.0,37.0,2.926114080316483,2.626364080316483,18.0,-0.01878257637042196,0.0708945456719775,0.0015507339034489405
1.0,5.0,37.0,2.9262281606329656,2.7612108185127324,18.0,-0.020927705636818717,0.0708963604509546,0.001248781358909899
1.0,6.0,37.0,2.918185199544742,2.8141698042120584,18.0,-0.021770172215261112,0.07076841378016653,0.0011271760387186907
1.0,7.0,37.0,2.8951706892935642,2.859335698724533,18.0,-0.022488667029875713,0.07040230110920419,0.0010062899432367284
1.0,8.0,37.0,2.859335698724533,2.8951706892935642,18.0,-0.023058726699534213,0.06983224143954568,0.0008983485780036079
1.0,9.0,37.0,2.814169804212059,2.918185199544742,18.0,-0.023424839370496563,0.0691137466249311,0.0008138539561107045
1.0,10.0,37.0,2.761210818512732,2.9262281606329656,18.0,-0.02355278604128462,0.06827128004648868,0.0007546344005786449
1.0,11.0,37.0,2.113614080316483,2.926114080316483,18.0,-0.023550971262307537,0.0579693718616121,0.00027822380550729153
1.0,12.0,37.0,1.4631140803164828,2.926114080316483,18.0,-0.023550971262307537,0.0476212788602057,-0.00017183414719623236
1.0,13.0,37.0,0.8126140803164827,2.926114080316483,18.0,-0.023550971262307537,0.0372731858587993,-0.0006054719539183708
1.0,14.0,37.0,0.16501734212023322,2.9262281606329656,18.0,-0.02355278604128462,0.02697127767392271,-0.0010321141792396676
1.0,15.0,37.0,0.11205835642090678,2.918185199544742,18.0,-0.023424839370496563,0.02612881109548031,-0.0010616660554119764
1.0,16.0,37.0,0.06689246190843257,2.8951706892935642,18.0,-0.023058726699534213,0.025410316280865715,-0.001075710941258545
1.0,17.0,37.0,0.0310574713394014,2.859335698724533,18.0,-0.022488667029875713,0.024840256611207215,-0.0010740232963382525
1.0,18.0,37.0,0.008042961088223777,2.8141698042120584,18.0,-0.021770172215261112,0.024474143940244865,-0.0010560514292291827
1.0,19.0,37.0,0.0,2.7612108185127324,18.0,-0.020927705636818717,0.024346197269456808,-0.0010207166822864887
1.0,20.0,37.0,0.0001140803164827453,2.113614080316483,18.0,-0.010625797451942127,0.02434801204843389,-0.0005147198343880021
1.0,21.0,37.0,0.0001140803164827453,1.4631140803164828,18.0,-0.00027770445053572714,0.02434801204843389,-8.76512715023093e-6
1.0,22.0,37.0,0.0001140803164827453,0.8126140803164827,18.0,0.010070388550870673,0.02434801204843389,0.0004968763914114931
1.0,23.0,37.0,0.0,0.16501734212023322,18.0,0.020372296735747263,0.024346197269456808,0.0010019766461178965
1.0,24.0,37.0,0.008042961088223777,0.11205835642090678,18.0,0.021214763314189665,0.024474143940244865,0.0010373931383114766
1.0,25.0,37.0,0.0310574713394014,0.06689246190843257,18.0,0.02193325812880426,0.024840256611207215,0.0010557770327020112
1.0,26.0,37.0,0.06689246190843257,0.0310574713394014,18.0,0.02250331779846276,0.025410316280865715,0.001058155832553399
1.0,27.0,37.0,0.11205835642090678,0.008042961088223777,18.0,0.02286943046942511,0.02612881109548031,0.001045004908402723
1.0,28.0,37.0,0.16501734212023322,0.0,18.0,0.022997377140213167,0.02697127767392271,0.001016509543214572
1.0,29.0,37.0,0.8126140803164827,0.0001140803164827453,18.0,0.022995562361236083,0.0372731858587993,0.0006026670821663569
1.0,30.0,37.0,1.4631140803164828,0.0001140803164827453,18.0,0.022995562361236083,0.0476212788602057,0.00018198953306140195
1.0,31.0,37.0,2.113614080316483,0.0001140803164827453,18.0,0.022995562361236083,0.0579693718616121,-0.0002543102308256399
1.0,32.0,37.0,2.7612108185127324,0.0,18.0,0.022997377140213167,0.06827128004648869,-0.0007159507124507517
1.0,33.0,37.0,2.814169804212059,0.008042961088223777,18.0,0.02286943046942511,0.0691137466249311,-0.0007741188024180434
1.0,34.0,37.0,2.859335698724533,0.0310574713394014,18.0,0.02250331779846276,0.06983224143954568,-0.0008581813775006068
1.0,35.0,37.0,2.8951706892935642,0.06689246190843257,18.0,0.02193325812880426,0.07040230110920419,-0.0009639781627462111
1.0,36.0,37.0,2.918185199544742,0.11205835642090678,18.0,0.021214763314189665,0.07076841378016653,-0.0010823306224503188
1.0,37.0,37.0,2.9262281606329656,0.16501734212023322,18.0,0.020372296735747263,0.0708963604509546,-0.0012078791534545286
1.0,38.0,37.0,2.926114080316483,0.29986408031648293,18.0,0.018227167469350502,0.0708945456719775,-0.0015075280221303763
1.0,39.0,37.0,2.926114080316483,0.43761408031648275,18.0,0.01603585338642394,0.0708945456719775,-0.001819362296734578
1.0,40.0,37.0,2.926114080316483,0.5753640803164828,18.0,0.013844539303497373,0.0708945456719775,-0.0021339578851415175
1.0,41.0,37.0,2.926114080316483,0.7131140803164828,18.0,0.011653225220570804,0.0708945456719775,-0.0024518953820516797
2.0,1.0,37.0,5.9261140803164825,2.213114080316483,18.0,-0.01220863412164226,0.11861826435640364,0.002597954806882577
2.0,2.0,37.0,5.9261140803164825,2.350864080316483,18.0,-0.014399948204568826,0.11861826435640364,0.0020286768117637635
2.0,3.0,37.0,5.9261140803164825,2.488614080316483,18.0,-0.016591262287495395,0.11861826435640364,0.0014616489926649312
2.0,4.0,37.0,5.9261140803164825,2.626364080316483,18.0,-0.01878257637042196,0.11861826435640364,0.0008963702869878377
2.0,5.0,37.0,5.926228160632966,2.7612108185127324,18.0,-0.020927705636818717,0.11862007913538072,0.0003440996765258286
2.0,6.0,37.0,5.918185199544742,2.8141698042120584,18.0,-0.021770172215261112,0.11849213246459266,0.00012097264657682704
2.0,7.0,37.0,5.895170689293565,2.859335698724533,18.0,-0.022488667029875713,0.11812601979363033,-8.240918321194356e-5
2.0,8.0,37.0,5.859335698724533,2.8951706892935642,18.0,-0.023058726699534213,0.1175559601239718,-0.0002583033544052511
2.0,9.0,37.0,5.814169804212058,2.918185199544742,18.0,-0.023424839370496563,0.11683746530935722,-0.00038983379833508035
2.0,10.0,37.0,5.7612108185127315,2.9262281606329656,18.0,-0.02355278604128462,0.11599499873091482,-0.000467261706484988
2.0,11.0,37.0,5.1136140803164825,2.926114080316483,18.0,-0.023550971262307537,0.10569309054603823,-0.0010212416772801675
2.0,12.0,37.0,4.463114080316483,2.926114080316483,18.0,-0.023550971262307537,0.09534499754463184,-0.0015884987046525414
2.0,13.0,37.0,3.8126140803164827,2.926114080316483,18.0,-0.023550971262307537,0.08499690454322543,-0.002183489474990397
2.0,14.0,37.0,3.1650173421202332,2.9262281606329656,18.0,-0.02355278604128462,0.07469499635834884,-0.002836033942919475
2.0,15.0,37.0,3.112058356420907,2.918185199544742,18.0,-0.023424839370496563,0.07385252977990645,-0.0028727103089415634
2.0,16.0,37.0,3.0668924619084326,2.8951706892935642,18.0,-0.023058726699534213,0.07313403496529185,-0.0028661819559133057
2.0,17.0,37.0,3.0310574713394014,2.859335698724533,18.0,-0.022488667029875713,0.07256397529563334,-0.0028237216560226667
2.0,18.0,37.0,3.0080429610882238,2.8141698042120584,18.0,-0.021770172215261112,0.072197862624671,-0.0027503749908190153
2.0,19.0,37.0,3.0,2.7612108185127324,18.0,-0.020927705636818717,0.07206991595388293,-0.0026400447705189588
2.0,20.0,37.0,3.0001140803164827,2.113614080316483,18.0,-0.010625797451942127,0.07207173073286002,-0.00130981843111742
2.0,21.0,37.0,3.0001140803164827,1.4631140803164828,18.0,-0.00027770445053572714,0.07207173073286002,-2.272788831978575e-5
2.0,22.0,37.0,3.0001140803164827,0.8126140803164827,18.0,0.010070388550870673,0.07207173073286002,0.001264363010746972
2.0,23.0,37.0,3.0,0.16501734212023322,18.0,0.020372296735747263,0.07206991595388293,0.002596328023506149
2.0,24.0,37.0,3.0080429610882238,0.11205835642090678,18.0,0.021214763314189665,0.072197862624671,0.0027026043649317666
2.0,25.0,37.0,3.0310574713394014,0.06689246190843257,18.0,0.02193325812880426,0.07256397529563334,0.002780174236310997
2.0,26.0,37.0,3.0668924619084326,0.0310574713394014,18.0,0.02250331779846276,0.07313403496529185,0.002825222457141241
2.0,27.0,37.0,3.112058356420907,0.008042961088223777,18.0,0.02286943046942511,0.07385252977990645,0.0028318536513357254
2.0,28.0,37.0,3.1650173421202332,0.0,18.0,0.022997377140213167,0.07469499635834884,0.002795890507635499
2.0,29.0,37.0,3.8126140803164827,0.0001140803164827453,18.0,0.022995562361236083,0.08499690454322543,0.0021592279308386936
2.0,30.0,37.0,4.463114080316483,0.0001140803164827453,18.0,0.022995562361236083,0.09534499754463184,0.0015790736207253152
2.0,31.0,37.0,5.1136140803164825,0.0001140803164827453,18.0,0.022995562361236083,0.10569309054603823,0.001025668752361563
2.0,32.0,37.0,5.761210818512732,0.0,18.0,0.022997377140213167,0.11599499873091482,0.00048519794708221624
2.0,33.0,37.0,5.814169804212058,0.008042961088223777,18.0,0.02286943046942511,0.11683746530935722,0.0004088825850581312
2.0,34.0,37.0,5.859335698724533,0.0310574713394014,18.0,0.02250331779846276,0.1175559601239718,0.0002782994200437581
2.0,35.0,37.0,5.895170689293565,0.06689246190843257,18.0,0.02193325812880426,0.11812601979363033,0.00010314899900595024
2.0,36.0,37.0,5.918185199544742,0.11205835642090678,18.0,0.021214763314189665,0.11849213246459266,-9.976791176615984e-5
2.0,37.0,37.0,5.926228160632966,0.16501734212023322,18.0,0.020372296735747263,0.11862007913538072,-0.0003227578079225756
2.0,38.0,37.0,5.9261140803164825,0.29986408031648293,18.0,0.018227167469350502,0.11861826435640364,-0.0008751198982977279
2.0,39.0,37.0,5.9261140803164825,0.43761408031648275,18.0,0.01603585338642394,0.11861826435640364,-0.0014404674438333734
2.0,40.0,37.0,5.9261140803164825,0.5753640803164828,18.0,0.013844539303497373,0.11861826435640364,-0.0020075359411284356
2.0,41.0,37.0,5.9261140803164825,0.7131140803164828,18.0,0.011653225220570804,0.11861826435640364,-0.0025768258377509203
1.0,1.0,38.0,2.926114080316483,2.213114080316483,18.5,-0.012422721985306927,0.07196285186924951,0.0021044537923819826
1.0,2.0,38.0,2.926114080316483,2.350864080316483,18.5,-0.01465237488681048,0.07196285186924951,0.0018359212685901652
1.0,3.0,38.0,2.926114080316483,2.488614080316483,18.5,-0.016882027788314033,0.07196285186924951,0.0015698826814249302
1.0,4.0,38.0,2.926114080316483,2.626364080316483,18.5,-0.019111680689817587,0.07196285186924951,0.0013081820421646307
1.0,5.0,38.0,2.9262281606329656,2.7612108185127324,18.5,-0.021294340733937787,0.07196469839925787,0.0010536902144087684
1.0,6.0,38.0,2.918185199544742,2.8141698042120584,18.5,-0.02215154694900267,0.07183451319760968,0.0009444979468644497
1.0,7.0,38.0,2.8951706892935642,2.859335698724533,18.5,-0.02288261241360334,0.0714619950882941,0.0008486856840611928
1.0,8.0,38.0,2.859335698724533,2.8951706892935642,18.5,-0.023462645739901655,0.07088196176199578,0.0007586274478676776
1.0,9.0,38.0,2.814169804212059,2.918185199544742,18.5,-0.023835163849217234,0.07015089629739511,0.0006833359487149362
1.0,10.0,38.0,2.761210818512732,2.9262281606329656,18.5,-0.023965349050865427,0.06929369008233022,0.0006350249926225109
1.0,11.0,38.0,2.113614080316483,2.926114080316483,18.5,-0.023963502520857077,0.05881154165166958,0.00023106197048453533
1.0,12.0,38.0,1.4631140803164828,2.926114080316483,18.5,-0.023963502520857077,0.04828240036362558,-0.00015159649093495032
1.0,13.0,38.0,0.8126140803164827,2.926114080316483,18.5,-0.023963502520857077,0.03775325907558158,-0.0005221738718255888
1.0,14.0,38.0,0.16501734212023322,2.9262281606329656,18.5,-0.023965349050865427,0.027271110644920934,-0.0008852290588686518
1.0,15.0,38.0,0.11205835642090678,2.918185199544742,18.5,-0.023835163849217234,0.026413904429856045,-0.0009102106218822065
1.0,16.0,38.0,0.06689246190843257,2.8951706892935642,18.5,-0.023462645739901655,0.025682838965255382,-0.0009220292881242832
1.0,17.0,38.0,0.0310574713394014,2.859335698724533,18.5,-0.02288261241360334,0.025102805638957067,-0.0009205163774446262
1.0,18.0,38.0,0.008042961088223777,2.8141698042120584,18.5,-0.02215154694900267,0.024730287529641484,-0.0009052137231779013
1.0,19.0,38.0,0.0,2.7612108185127324,18.5,-0.021294340733937787,0.024600102327993294,-0.0008751974744993741
1.0,20.0,38.0,0.0001140803164827453,2.113614080316483,18.5,-0.01081219230327714,0.024601948858001644,-0.00044319457398315
1.0,21.0,38.0,0.0001140803164827453,1.4631140803164828,18.5,-0.0002830510152331398,0.024601948858001644,-7.873098750280697e-6
1.0,22.0,38.0,0.0001140803164827453,0.8126140803164827,18.5,0.01024609027281086,0.024601948858001644,0.0004270955306285103
1.0,23.0,38.0,0.0,0.16501734212023322,18.5,0.020728238703471506,0.024600102327993294,0.0008580568799369041
1.0,24.0,38.0,0.008042961088223777,0.11205835642090678,18.5,0.021585444918536395,0.024730287529641484,0.0008881207613968107
1.0,25.0,38.0,0.0310574713394014,0.06689246190843257,18.5,0.022316510383137058,0.025102805638957067,0.0009037885663902138
1.0,26.0,38.0,0.06689246190843257,0.0310574713394014,18.5,0.022896543709435373,0.025682838965255382,0.0009059342859890103
1.0,27.0,38.0,0.11205835642090678,0.008042961088223777,18.5,0.023269061818750957,0.026413904429856045,0.0008949418106916721
1.0,28.0,38.0,0.16501734212023322,0.0,18.5,0.023399247020399146,0.027271110644920934,0.0008709367203533079
1.0,29.0,38.0,0.8126140803164827,0.0001140803164827453,18.5,0.023397400490390796,0.03775325907558158,0.0005195456940600899
1.0,30.0,38.0,1.4631140803164828,0.0001140803164827453,18.5,0.023397400490390796,0.04828240036362558,0.0001607086601283598
1.0,31.0,38.0,2.113614080316483,0.0001140803164827453,18.5,0.023397400490390796,0.05881154165166958,-0.0002091546932825861
1.0,32.0,38.0,2.7612108185127324,0.0,18.5,0.023399247020399146,0.06929369008233023,-0.0005984866273267359
1.0,33.0,38.0,2.814169804212059,0.008042961088223777,18.5,0.023269061818750957,0.07015089629739511,-0.000645341181065025
1.0,34.0,38.0,2.859335698724533,0.0310574713394014,18.5,0.022896543709435373,0.07088196176199578,-0.0007187998638282141
1.0,35.0,38.0,2.8951706892935642,0.06689246190843257,18.5,0.022316510383137058,0.0714619950882941,-0.000810032819915002
1.0,36.0,38.0,2.918185199544742,0.11205835642090678,18.5,0.021585444918536395,0.07183451319760968,-0.0009083449234870999
1.0,37.0,38.0,2.9262281606329656,0.16501734212023322,18.5,0.020728238703471506,0.07196469839925787,-0.001009824332532245
1.0,38.0,38.0,2.926114080316483,0.29986408031648293,18.5,0.018545578659351303,0.07196285186924951,-0.0012679029120899609
1.0,39.0,38.0,2.926114080316483,0.43761408031648275,18.5,0.016315925757847755,0.07196285186924951,-0.001528986520902666
1.0,40.0,38.0,2.926114080316483,0.5753640803164828,18.5,0.0140862728563442,0.07196285186924951,-0.0017941750773872403
1.0,41.0,38.0,2.926114080316483,0.7131140803164828,18.5,0.011856619954840648,0.07196285186924951,-0.0020631849357955756
2.0,1.0,38.0,5.9261140803164825,2.213114080316483,18.5,-0.012422721985306927,0.12052153574954466,0.002192517656761538
2.0,2.0,38.0,5.9261140803164825,2.350864080316483,18.5,-0.01465237488681048,0.12052153574954466,0.0017126992115698869
2.0,3.0,38.0,5.9261140803164825,2.488614080316483,18.5,-0.016882027788314033,0.12052153574954466,0.0012344035565545386
2.0,4.0,38.0,5.9261140803164825,2.626364080316483,18.5,-0.019111680689817587,0.12052153574954466,0.0007569596923963956
2.0,5.0,38.0,5.926228160632966,2.7612108185127324,18.5,-0.021294340733937787,0.120523382279553,0.00029003838536491446
2.0,6.0,38.0,5.918185199544742,2.8141698042120584,18.5,-0.02215154694900267,0.12039319707790481,0.00010129257254617657
2.0,7.0,38.0,5.895170689293565,2.859335698724533,18.5,-0.02288261241360334,0.12002067896858926,-7.086479432732762e-5
2.0,8.0,38.0,5.859335698724533,2.8951706892935642,18.5,-0.023462645739901655,0.11944064564229093,-0.0002199381209187794
2.0,9.0,38.0,5.814169804212058,2.918185199544742,18.5,-0.023835163849217234,0.11870958017769026,-0.0003316229648675682
2.0,10.0,38.0,5.7612108185127315,2.9262281606329656,18.5,-0.023965349050865427,0.11785237396262536,-0.00039781815217652174
2.0,11.0,38.0,5.1136140803164825,2.926114080316483,18.5,-0.023963502520857077,0.10737022553196474,-0.0008758356268756508
2.0,12.0,38.0,4.463114080316483,2.926114080316483,18.5,-0.023963502520857077,0.09684108424392075,-0.0013541937614228196
2.0,13.0,38.0,3.8126140803164827,2.926114080316483,18.5,-0.023963502520857077,0.08631194295587673,-0.001840896853502697
2.0,14.0,38.0,3.1650173421202332,2.9262281606329656,18.5,-0.023965349050865427,0.07582979452521608,-0.0023739046661562127
2.0,15.0,38.0,3.112058356420907,2.918185199544742,18.5,-0.023835163849217234,0.0749725883101512,-0.002406155909633713
2.0,16.0,38.0,3.0668924619084326,2.8951706892935642,18.5,-0.023462645739901655,0.07424152284555054,-0.002401814867898712
2.0,17.0,38.0,3.0310574713394014,2.859335698724533,18.5,-0.02288261241360334,0.07366148951925222,-0.0023611942044985054
2.0,18.0,38.0,3.0080429610882238,2.8141698042120584,18.5,-0.02215154694900267,0.07328897140993663,-0.002290308457709578
2.0,19.0,38.0,3.0,2.7612108185127324,18.5,-0.021294340733937787,0.07315878620828845,-0.0022085084734821724
2.0,20.0,38.0,3.0001140803164827,2.113614080316483,18.5,-0.01081219230327714,0.07316063273829679,-0.0010929574153923495
2.0,21.0,38.0,3.0001140803164827,1.4631140803164828,18.5,-0.0002830510152331398,0.07316063273829679,-2.2366027115678137e-5
2.0,22.0,38.0,3.0001140803164827,0.8126140803164827,18.5,0.01024609027281086,0.07316063273829679,0.001048918331319329
2.0,23.0,38.0,3.0,0.16501734212023322,18.5,0.020728238703471506,0.07315878620828845,0.0021640537299750543
2.0,24.0,38.0,3.0080429610882238,0.11205835642090678,18.5,0.021585444918536395,0.07328897140993663,0.0022542749873606435
2.0,25.0,38.0,3.0310574713394014,0.06689246190843257,18.5,0.022316510383137058,0.07366148951925222,0.0023198351084966103
2.0,26.0,38.0,3.0668924619084326,0.0310574713394014,18.5,0.022896543709435373,0.07424152284555054,0.0023584282474480894
2.0,27.0,38.0,3.112058356420907,0.008042961088223777,18.5,0.023269061818750957,0.0749725883101512,0.0023650884479974803
2.0,28.0,38.0,3.1650173421202332,0.0,18.5,0.023399247020399146,0.07582979452521608,0.002335105791878208
2.0,29.0,38.0,3.8126140803164827,0.0001140803164827453,18.5,0.023397400490390796,0.08631194295587673,0.0018180167887819627
2.0,30.0,38.0,4.463114080316483,0.0001140803164827453,18.5,0.023397400490390796,0.09684108424392075,0.0013455043191913927
2.0,31.0,38.0,5.1136140803164825,0.0001140803164827453,18.5,0.023397400490390796,0.10737022553196474,0.0008798106026553386
2.0,32.0,38.0,5.761210818512732,0.0,18.5,0.023399247020399146,0.11785237396262536,0.0004141655489006998
2.0,33.0,38.0,5.814169804212058,0.008042961088223777,18.5,0.023269061818750957,0.11870958017769026,0.00034900382668246843
2.0,34.0,38.0,5.859335698724533,0.0310574713394014,18.5,0.022896543709435373,0.11944064564229093,0.00023819981684229492
2.0,35.0,38.0,5.895170689293565,0.06689246190843257,18.5,0.022316510383137058,0.12002067896858926,8.981602693918494e-5
2.0,36.0,38.0,5.918185199544742,0.11205835642090678,18.5,0.021585444918536395,0.12039319707790481,-8.191857167237317e-5
2.0,37.0,38.0,5.926228160632966,0.16501734212023322,18.5,0.020728238703471506,0.120523382279553,-0.0002705572041891937
2.0,38.0,38.0,5.9261140803164825,0.29986408031648293,18.5,0.018545578659351303,0.12052153574954466,-0.0007376111686662701
2.0,39.0,38.0,5.9261140803164825,0.43761408031648275,18.5,0.016315925757847755,0.12052153574954466,-0.0012151485969218365
2.0,40.0,38.0,5.9261140803164825,0.5753640803164828,18.5,0.0140862728563442,0.12052153574954466,-0.0016935000207263368
2.0,41.0,38.0,5.9261140803164825,0.7131140803164828,18.5,0.011856619954840648,0.12052153574954466,-0.0021733380391474144
1.0,1.0,39.0,2.926114080316483,2.213114080316483,19.0,-0.012599884465437784,0.07284586332441548,0.0016982548569816358
1.0,2.0,39.0,2.926114080316483,2.350864080316483,19.0,-0.014861135586098674,0.07284586332441548,0.0014816741870604523
1.0,3.0,39.0,2.926114080316483,2.488614080316483,19.0,-0.017122386706759564,0.07284586332441548,0.0012672834149314494
1.0,4.0,39.0,2.926114080316483,2.626364080316483,19.0,-0.019383637827420454,0.07284586332441548,0.001051492214493835
1.0,5.0,39.0,2.9262281606329656,2.7612108185127324,19.0,-0.021597230116812357,0.07284773602309781,0.0008445602255059356
1.0,6.0,39.0,2.918185199544742,2.8141698042120584,19.0,-0.022466584496207385,0.07271570586139779,0.0007671849148547543
1.0,7.0,39.0,2.8951706892935642,2.859335698724533,19.0,-0.0232080104822835,0.0723379084959028,0.0006792701353053656
1.0,8.0,39.0,2.859335698724533,2.8951706892935642,19.0,-0.023796263931162586,0.0717496550470237,0.0006041202697596354
1.0,9.0,39.0,2.814169804212059,2.918185199544742,19.0,-0.02417406129665759,0.0710082290609476,0.0005486520583567978
1.0,10.0,39.0,2.761210818512732,2.9262281606329656,19.0,-0.02430609145835761,0.07013887468155255,0.0005059606802942846
1.0,11.0,39.0,2.113614080316483,2.926114080316483,19.0,-0.024304218759675273,0.05950817522614345,0.00017936211693464298
1.0,12.0,39.0,1.4631140803164828,2.926114080316483,19.0,-0.024304218759675273,0.048829816939465344,-0.00013330963883290213
1.0,13.0,39.0,0.8126140803164827,2.926114080316483,19.0,-0.024304218759675273,0.03815145865278724,-0.00044020984550991593
1.0,14.0,39.0,0.16501734212023322,2.9262281606329656,19.0,-0.02430609145835761,0.027520759197378123,-0.0007387826153051635
1.0,15.0,39.0,0.11205835642090678,2.918185199544742,19.0,-0.02417406129665759,0.02665140481798309,-0.0007590135472451579
1.0,16.0,39.0,0.06689246190843257,2.8951706892935642,19.0,-0.023796263931162586,0.02590997883190698,-0.0007684651052167408
1.0,17.0,39.0,0.0310574713394014,2.859335698724533,19.0,-0.0232080104822835,0.025321725383027897,-0.0007670550654992396
1.0,18.0,39.0,0.008042961088223777,2.8141698042120584,19.0,-0.022466584496207385,0.024943928017532892,-0.0007544387224245419
1.0,19.0,39.0,0.0,2.7612108185127324,19.0,-0.021597230116812357,0.02481189785583287,-0.0007298461153569447
1.0,20.0,39.0,0.0001140803164827453,2.113614080316483,19.0,-0.010966530661403242,0.024813770554515207,-0.00037220720724860304
1.0,21.0,39.0,0.0001140803164827453,1.4631140803164828,19.0,-0.0002881723747251376,0.024813770554515207,-6.91136009984262e-6
1.0,22.0,39.0,0.0001140803164827453,0.8126140803164827,19.0,0.010390185911952966,0.024813770554515207,0.00035800114298885187
1.0,23.0,39.0,0.0,0.16501734212023322,19.0,0.02102088536736208,0.02481189785583287,0.0007144580455752498
1.0,24.0,39.0,0.008042961088223777,0.11205835642090678,19.0,0.021890239746757117,0.024943928017532892,0.0007390765317223992
1.0,25.0,39.0,0.0310574713394014,0.06689246190843257,19.0,0.022631665732833223,0.025321725383027897,0.0007520110170292488
1.0,26.0,39.0,0.06689246190843257,0.0310574713394014,19.0,0.02321991918171231,0.02590997883190698,0.0007539843714382019
1.0,27.0,39.0,0.11205835642090678,0.008042961088223777,19.0,0.023597716547207315,0.02665140481798309,0.0007452734636024205
1.0,28.0,39.0,0.16501734212023322,0.0,19.0,0.023729746708907335,0.027520759197378123,0.0007259220053057916
1.0,29.0,39.0,0.8126140803164827,0.0001140803164827453,19.0,0.023727874010225,0.03815145865278724,0.0004378214287720762
1.0,30.0,39.0,1.4631140803164828,0.0001140803164827453,19.0,0.023727874010225,0.048829816939465344,0.00014111625793997507
1.0,31.0,39.0,2.113614080316483,0.0001140803164827453,19.0,0.023727874010225,0.05950817522614345,-0.00015984933021945656
1.0,32.0,39.0,2.7612108185127324,0.0,19.0,0.023729746708907335,0.07013887468155257,-0.000472179934651877
1.0,33.0,39.0,2.814169804212059,0.008042961088223777,19.0,0.023597716547207315,0.0710082290609476,-0.0005135436172461516
1.0,34.0,39.0,2.859335698724533,0.0310574713394014,19.0,0.02321991918171231,0.0717496550470237,-0.000568481212438656
1.0,35.0,39.0,2.8951706892935642,0.06689246190843257,19.0,0.022631665732833223,0.0723379084959028,-0.0006393681999526122
1.0,36.0,39.0,2.918185199544742,0.11205835642090678,19.0,0.021890239746757117,0.07271570586139779,-0.0007216983210180988
1.0,37.0,39.0,2.9262281606329656,0.16501734212023322,19.0,0.02102088536736208,0.07284773602309781,-0.0008118242354867275
1.0,38.0,39.0,2.926114080316483,0.29986408031648293,19.0,0.018807293077970175,0.07284586332441548,-0.0010109501776884233
1.0,39.0,39.0,2.926114080316483,0.43761408031648275,19.0,0.01654604195730929,0.07284586332441548,-0.00122633167710665
1.0,40.0,39.0,2.926114080316483,0.5753640803164828,19.0,0.014284790836648398,0.07284586332441548,-0.0014417976797921248
1.0,41.0,39.0,2.926114080316483,0.7131140803164828,19.0,0.012023539715987509,0.07284586332441548,-0.0016575294476477145
2.0,1.0,39.0,5.9261140803164825,2.213114080316483,19.0,-0.012599884465437784,0.12209271168726607,0.0017778150756967508
2.0,2.0,39.0,5.9261140803164825,2.350864080316483,19.0,-0.014861135586098674,0.12209271168726607,0.0013908612760771602
2.0,3.0,39.0,5.9261140803164825,2.488614080316483,19.0,-0.017122386706759564,0.12209271168726607,0.0010036147319043855
2.0,4.0,39.0,5.9261140803164825,2.626364080316483,19.0,-0.019383637827420454,0.12209271168726607,0.0006160834188124407
2.0,5.0,39.0,5.926228160632966,2.7612108185127324,19.0,-0.021597230116812357,0.12209458438594839,0.00023634490760583813
2.0,6.0,39.0,5.918185199544742,2.8141698042120584,19.0,-0.022466584496207385,0.12196255422424837,8.271702575113072e-5
2.0,7.0,39.0,5.895170689293565,2.859335698724533,19.0,-0.0232080104822835,0.12158475685875339,-5.749602939619662e-5
2.0,8.0,39.0,5.859335698724533,2.8951706892935642,19.0,-0.023796263931162586,0.12099650340987428,-0.00017915566323192873
2.0,9.0,39.0,5.814169804212058,2.918185199544742,19.0,-0.02417406129665759,0.12025507742379818,-0.0002708666659829289
2.0,10.0,39.0,5.7612108185127315,2.9262281606329656,19.0,-0.02430609145835761,0.11938572304440315,-0.00032612772922598076
2.0,11.0,39.0,5.1136140803164825,2.926114080316483,19.0,-0.024304218759675273,0.10875502358899403,-0.0007317360878807239
2.0,12.0,39.0,4.463114080316483,2.926114080316483,19.0,-0.024304218759675273,0.09807666530231594,-0.0011209270268659243
2.0,13.0,39.0,3.8126140803164827,2.926114080316483,19.0,-0.024304218759675273,0.08739830701563783,-0.001488434342203768
2.0,14.0,39.0,3.1650173421202332,2.9262281606329656,19.0,-0.02430609145835761,0.07676760756022871,-0.0018875269634960974
2.0,15.0,39.0,3.112058356420907,2.918185199544742,19.0,-0.02417406129665759,0.07589825318083368,-0.0019089081231074886
2.0,16.0,39.0,3.0668924619084326,2.8951706892935642,19.0,-0.023796263931162586,0.07515682719475757,-0.0019032045086413883
2.0,17.0,39.0,3.0310574713394014,2.859335698724533,19.0,-0.0232080104822835,0.07456857374587848,-0.0018776522123192126
2.0,18.0,39.0,3.0080429610882238,2.8141698042120584,19.0,-0.022466584496207385,0.07419077638038347,-0.0018346448882364346
2.0,19.0,39.0,3.0,2.7612108185127324,19.0,-0.021597230116812357,0.07405874621868345,-0.0017480332003521634
2.0,20.0,39.0,3.0001140803164827,2.113614080316483,19.0,-0.010966530661403242,0.07406061891736579,-0.0008683279185141477
2.0,21.0,39.0,3.0001140803164827,1.4631140803164828,19.0,-0.0002881723747251376,0.07406061891736579,-2.142448143012939e-5
2.0,22.0,39.0,3.0001140803164827,0.8126140803164827,19.0,0.010390185911952966,0.07406061891736579,0.0008236135790686638
2.0,23.0,39.0,3.0,0.16501734212023322,19.0,0.02102088536736208,0.07405874621868345,0.001708073708166108
2.0,24.0,39.0,3.0080429610882238,0.11205835642090678,19.0,0.021890239746757117,0.07419077638038347,0.0017798076553046938
2.0,25.0,39.0,3.0310574713394014,0.06689246190843257,19.0,0.022631665732833223,0.07456857374587848,0.001833336890469531
2.0,26.0,39.0,3.0668924619084326,0.0310574713394014,19.0,0.02321991918171231,0.07515682719475757,0.0018651860679140613
2.0,27.0,39.0,3.112058356420907,0.008042961088223777,19.0,0.023597716547207315,0.07589825318083368,0.0018713178983539192
2.0,28.0,39.0,3.1650173421202332,0.0,19.0,0.023729746708907335,0.07676760756022871,0.0018502006414570446
2.0,29.0,39.0,3.8126140803164827,0.0001140803164827453,19.0,0.023727874010225,0.08739830701563783,0.001467401972832999
2.0,30.0,39.0,4.463114080316483,0.0001140803164827453,19.0,0.023727874010225,0.09807666530231594,0.0011133938601784455
2.0,31.0,39.0,5.1136140803164825,0.0001140803164827453,19.0,0.023727874010225,0.10875502358899403,0.0007352032818518605
2.0,32.0,39.0,5.761210818512732,0.0,19.0,0.023729746708907335,0.11938572304440315,0.00034077017655910285
2.0,33.0,39.0,5.814169804212058,0.008042961088223777,19.0,0.023597716547207315,0.12025507742379818,0.0002864481590284886
2.0,34.0,39.0,5.859335698724533,0.0310574713394014,19.0,0.02321991918171231,0.12099650340987428,0.00019553320567023178
2.0,35.0,39.0,5.895170689293565,0.06689246190843257,19.0,0.022631665732833223,0.12158475685875339,7.448935312528438e-5
2.0,36.0,39.0,5.918185199544742,0.11205835642090678,19.0,0.021890239746757117,0.12196255422424837,-6.535234837802821e-5
2.0,37.0,39.0,5.926228160632966,0.16501734212023322,19.0,0.02102088536736208,0.12209458438594839,-0.0002188985555984677
2.0,38.0,39.0,5.9261140803164825,0.29986408031648293,19.0,0.018807293077970175,0.12209271168726607,-0.0005988036246291408
2.0,39.0,39.0,5.9261140803164825,0.43761408031648275,19.0,0.01654604195730929,0.12209271168726607,-0.00098646418832525
2.0,40.0,39.0,5.9261140803164825,0.5753640803164828,19.0,0.014284790836648398,0.12209271168726607,-0.0013737907298919006
2.0,41.0,39.0,5.9261140803164825,0.7131140803164828,19.0,0.012023539715987509,0.12209271168726607,-0.0017607727706412783
1.0,1.0,40.0,2.926114080316483,2.213114080316483,19.5,-0.012738678181845228,0.07353811413143611,0.0012850224870796236
1.0,2.0,40.0,2.926114080316483,2.350864080316483,19.5,-0.015024560065189155,0.07353811413143611,0.001119325935218339
1.0,3.0,40.0,2.926114080316483,2.488614080316483,19.5,-0.01731044194853308,0.07353811413143611,0.0009536271415518522
1.0,4.0,40.0,2.926114080316483,2.626364080316483,19.5,-0.019596323831877007,0.07353811413143611,0.0007941156805449869
1.0,5.0,40.0,2.9262281606329656,2.7612108185127324,19.5,-0.021834027758343998,0.07354000722855912,0.0006312228798441282
1.0,6.0,40.0,2.918185199544742,2.8141698042120584,19.5,-0.02271285161293826,0.07340653892336849,0.0005512550039207328
1.0,7.0,40.0,2.8951706892935642,2.859335698724533,19.5,-0.023462353609388992,0.07302462638589334,0.0004997062690473605
1.0,8.0,40.0,2.859335698724533,2.8951706892935642,19.5,-0.02405701463103363,0.07242996536424871,0.000445995771737466
1.0,9.0,40.0,2.814169804212059,2.918185199544742,19.5,-0.02443892716850877,0.07168046336779799,0.00039603614769157506
1.0,10.0,40.0,2.761210818512732,2.9262281606329656,19.5,-0.02457239547369941,0.0708016395132037,0.00037048432543909833
1.0,11.0,40.0,2.113614080316483,2.926114080316483,19.5,-0.024570502376576403,0.06005514476506995,0.0001238923866606087
1.0,12.0,40.0,1.4631140803164828,2.926114080316483,19.5,-0.024570502376576403,0.04926047206005925,-0.00011448311947879107
1.0,13.0,40.0,0.8126140803164827,2.926114080316483,19.5,-0.024570502376576403,0.03846579935504855,-0.00036037731401977
1.0,14.0,40.0,0.16501734212023322,2.9262281606329656,19.5,-0.02457239547369941,0.027719304606914786,-0.0005946772553503525
1.0,15.0,40.0,0.11205835642090678,2.918185199544742,19.5,-0.02443892716850877,0.02684048075232052,-0.0006100952181701879
1.0,16.0,40.0,0.06689246190843257,2.8951706892935642,19.5,-0.02405701463103363,0.02609097875586979,-0.0006171425805106075
1.0,17.0,40.0,0.0310574713394014,2.859335698724533,19.5,-0.023462353609388992,0.025496317734225154,-0.0006158101693190068
1.0,18.0,40.0,0.008042961088223777,2.8141698042120584,19.5,-0.02271285161293826,0.025114405196750015,-0.0006058547643626108
1.0,19.0,40.0,0.0,2.7612108185127324,19.5,-0.021834027758343998,0.024980936891559374,-0.0005866595481067718
1.0,20.0,40.0,0.0001140803164827453,2.113614080316483,19.5,-0.011087533010210234,0.02498282998868238,-0.00030279749727241096
1.0,21.0,40.0,0.0001140803164827453,1.4631140803164828,19.5,-0.0002928603051995344,0.02498282998868238,-5.8843570416035816e-6
1.0,22.0,40.0,0.0001140803164827453,0.8126140803164827,19.5,0.010501812399811166,0.02498282998868238,0.00029066865741096736
1.0,23.0,40.0,0.0,0.16501734212023322,19.5,0.02124830714794493,0.024980936891559374,0.000573209940390374
1.0,24.0,40.0,0.008042961088223777,0.11205835642090678,19.5,0.0221271310025392,0.025114405196750015,0.000592391365196142
1.0,25.0,40.0,0.0310574713394014,0.06689246190843257,19.5,0.022876632998989926,0.025496317734225154,0.0006026120167206289
1.0,26.0,40.0,0.06689246190843257,0.0310574713394014,19.5,0.023471294020634564,0.02609097875586979,0.0006044432256126245
1.0,27.0,40.0,0.11205835642090678,0.008042961088223777,19.5,0.0238532065581097,0.02684048075232052,0.0005980623560445114
1.0,28.0,40.0,0.16501734212023322,0.0,19.5,0.02398667486330034,0.027719304606914786,0.0005834336641779204
1.0,29.0,40.0,0.8126140803164827,0.0001140803164827453,19.5,0.023984781766177334,0.03846579935504855,0.0003582702874583128
1.0,30.0,40.0,1.4631140803164828,0.0001140803164827453,19.5,0.023984781766177334,0.04926047206005925,0.00012103625602642816
1.0,31.0,40.0,2.113614080316483,0.0001140803164827453,19.5,0.023984781766177334,0.06005514476506995,-0.0001082768717341181
1.0,32.0,40.0,2.7612108185127324,0.0,19.5,0.02398667486330034,0.07080163951320372,-0.00033843471315329925
1.0,33.0,40.0,2.814169804212059,0.008042961088223777,19.5,0.0238532065581097,0.07168046336779799,-0.00036342401492535224
1.0,34.0,40.0,2.859335698724533,0.0310574713394014,19.5,0.023471294020634564,0.07242996536424871,-0.0004121333059549709
1.0,35.0,40.0,2.8951706892935642,0.06689246190843257,19.5,0.022876632998989926,0.07302462638589334,-0.0004696703457926544
1.0,36.0,40.0,2.918185199544742,0.11205835642090678,19.5,0.0221271310025392,0.07340653892336849,-0.000527376785355907
1.0,37.0,40.0,2.9262281606329656,0.16501734212023322,19.5,0.02124830714794493,0.07354000722855912,-0.000582657570257208
1.0,38.0,40.0,2.926114080316483,0.29986408031648293,19.5,0.019010603221477934,0.07353811413143611,-0.00075672399511063
1.0,39.0,40.0,2.926114080316483,0.43761408031648275,19.5,0.016724721338134012,0.07353811413143611,-0.0009158019256448038
1.0,40.0,40.0,2.926114080316483,0.5753640803164828,19.5,0.014438839454790086,0.07353811413143611,-0.0010774581607338274
1.0,41.0,40.0,2.926114080316483,0.7131140803164828,19.5,0.01215295757144616,0.07353811413143611,-0.0012434510868907
2.0,1.0,40.0,5.9261140803164825,2.213114080316483,19.5,-0.012738678181845228,0.1233213856380189,0.001362789484629333
2.0,2.0,40.0,5.9261140803164825,2.350864080316483,19.5,-0.015024560065189155,0.1233213856380189,0.0010697101470168412
2.0,3.0,40.0,5.9261140803164825,2.488614080316483,19.5,-0.01731044194853308,0.1233213856380189,0.0007750367732852213
2.0,4.0,40.0,5.9261140803164825,2.626364080316483,19.5,-0.019596323831877007,0.1233213856380189,0.0004782517024249612
2.0,5.0,40.0,5.926228160632966,2.7612108185127324,19.5,-0.021834027758343998,0.12332327873514189,0.00018592231728125155
2.0,6.0,40.0,5.918185199544742,2.8141698042120584,19.5,-0.02271285161293826,0.12318981042995125,6.737021554942244e-5
2.0,7.0,40.0,5.895170689293565,2.859335698724533,19.5,-0.023462353609388992,0.12280789789247613,-4.107204782467038e-5
2.0,8.0,40.0,5.859335698724533,2.8951706892935642,19.5,-0.02405701463103363,0.12221323687083148,-0.00013558897221121436
2.0,9.0,40.0,5.814169804212058,2.918185199544742,19.5,-0.02443892716850877,0.12146373487438075,-0.00020735561431684346
2.0,10.0,40.0,5.7612108185127315,2.9262281606329656,19.5,-0.02457239547369941,0.12058491101978648,-0.00025174807331679463
2.0,11.0,40.0,5.1136140803164825,2.926114080316483,19.5,-0.024570502376576403,0.10983841627165272,-0.0005917121477885724
2.0,12.0,40.0,4.463114080316483,2.926114080316483,19.5,-0.024570502376576403,0.09904374356664204,-0.0008971580727330997
2.0,13.0,40.0,3.8126140803164827,2.926114080316483,19.5,-0.024570502376576403,0.08824907086163132,-0.0011312437261476061
2.0,14.0,40.0,3.1650173421202332,2.9262281606329656,19.5,-0.02457239547369941,0.07750257611349756,-0.0013696855950789933
2.0,15.0,40.0,3.112058356420907,2.918185199544742,19.5,-0.02443892716850877,0.07662375225890329,-0.001387728563584539
2.0,16.0,40.0,3.0668924619084326,2.8951706892935642,19.5,-0.02405701463103363,0.07587425026245256,-0.001381352136749247
2.0,17.0,40.0,3.0310574713394014,2.859335698724533,19.5,-0.023462353609388992,0.07527958924080792,-0.0013480977364367659
2.0,18.0,40.0,3.0080429610882238,2.8141698042120584,19.5,-0.02271285161293826,0.07489767670333279,-0.0012930082046382337
2.0,19.0,40.0,3.0,2.7612108185127324,19.5,-0.021834027758343998,0.07476420839814216,-0.0012678614914784954
2.0,20.0,40.0,3.0001140803164827,2.113614080316483,19.5,-0.011087533010210234,0.07476610149526516,-0.0006374124764484964
2.0,21.0,40.0,3.0001140803164827,1.4631140803164828,19.5,-0.0002928603051995344,0.07476610149526516,-2.093211635729396e-5
2.0,22.0,40.0,3.0001140803164827,0.8126140803164827,19.5,0.010501812399811166,0.07476610149526516,0.0005952309805555007
2.0,23.0,40.0,3.0,0.16501734212023322,19.5,0.02124830714794493,0.07476420839814216,0.0012184698701728984
2.0,24.0,40.0,3.0080429610882238,0.11205835642090678,19.5,0.0221271310025392,0.07489767670333279,0.0012742032637216463
2.0,25.0,40.0,3.0310574713394014,0.06689246190843257,19.5,0.022876632998989926,0.07527958924080792,0.0013150600232656733
2.0,26.0,40.0,3.0668924619084326,0.0310574713394014,19.5,0.023471294020634564,0.07587425026245256,0.0013403433784060182
2.0,27.0,40.0,3.112058356420907,0.008042961088223777,19.5,0.0238532065581097,0.07662375225890329,0.0013470192823384626
2.0,28.0,40.0,3.1650173421202332,0.0,19.5,0.02398667486330034,0.07750257611349756,0.0013310522814823054
2.0,29.0,40.0,3.8126140803164827,0.0001140803164827453,19.5,0.023984781766177334,0.08824907086163132,0.0011143928901360231
2.0,30.0,40.0,4.463114080316483,0.0001140803164827453,19.5,0.023984781766177334,0.09904374356664204,0.0008907586419639377
2.0,31.0,40.0,5.1136140803164825,0.0001140803164827453,19.5,0.023984781766177334,0.10983841627165272,0.0005946407668348619
2.0,32.0,40.0,5.761210818512732,0.0,19.5,0.02398667486330034,0.12058491101978648,0.00026451289007657256
2.0,33.0,40.0,5.814169804212058,0.008042961088223777,19.5,0.0238532065581097,0.12146373487438075,0.00022095806956257783
2.0,34.0,40.0,5.859335698724533,0.0310574713394014,19.5,0.023471294020634564,0.12221323687083148,0.0001499053519925081
2.0,35.0,40.0,5.895170689293565,0.06689246190843257,19.5,0.022876632998989926,0.12280789789247613,5.594065860639435e-5
2.0,36.0,40.0,5.918185199544742,0.11205835642090678,19.5,0.0221271310025392,0.12318981042995125,-5.218268095919672e-5
2.0,37.0,40.0,5.926228160632966,0.16501734212023322,19.5,0.02124830714794493,0.12332327873514189,-0.0001706952070944515
2.0,38.0,40.0,5.9261140803164825,0.29986408031648293,19.5,0.019010603221477934,0.1233213856380189,-0.0004632711101505721
2.0,39.0,40.0,5.9261140803164825,0.43761408031648275,19.5,0.016724721338134012,0.1233213856380189,-0.0007602358869135984
2.0,40.0,40.0,5.9261140803164825,0.5753640803164828,19.5,0.014438839454790086,0.1233213856380189,-0.0010550144502513238
2.0,41.0,40.0,5.9261140803164825,0.7131140803164828,19.5,0.01215295757144616,0.1233213856380189,-0.0013481313066258606
1.0,1.0,41.0,2.926114080316483,2.213114080316483,20.0,-0.012838488749111181,0.07403582034574285,0.000882568318758643
1.0,2.0,41.0,2.926114080316483,2.350864080316483,20.0,-0.015141813407094779,0.07403582034574285,0.0007678301441754426
1.0,3.0,41.0,2.926114080316483,2.488614080316483,20.0,-0.017445138065078376,0.07403582034574285,0.0006432862905990534
1.0,4.0,41.0,2.926114080316483,2.626364080316483,20.0,-0.019748462723061973,0.07403582034574285,0.0005080090613563086
1.0,5.0,41.0,2.9262281606329656,2.7612108185127324,20.0,-0.02200324179483025,0.07403772788843574,0.000401060139635709
1.0,6.0,41.0,2.918185199544742,2.8141698042120584,20.0,-0.022888771650533032,0.0739032411327355,0.00038002459898856954
1.0,7.0,41.0,2.8951706892935642,2.859335698724533,20.0,-0.02364399283768707,0.07351841435267775,0.00031721907051911516
1.0,8.0,41.0,2.859335698724533,2.8951706892935642,20.0,-0.024243191512070078,0.07291921567829475,0.000269431299197912
1.0,9.0,41.0,2.814169804212059,2.918185199544742,20.0,-0.024628018292127817,0.07216399449114072,0.00023976647517684574
1.0,10.0,41.0,2.761210818512732,2.9262281606329656,20.0,-0.024762505047828058,0.07127846463543792,0.00020426336208027016
1.0,11.0,41.0,2.113614080316483,2.926114080316483,20.0,-0.024760597505135172,0.06044996709992309,7.689646855925504e-5
1.0,12.0,41.0,1.4631140803164828,2.926114080316483,20.0,-0.024760597505135172,0.04957292397819293,-9.47096463545249e-5
1.0,13.0,41.0,0.8126140803164827,2.926114080316483,20.0,-0.024760597505135172,0.038695880856462764,-0.00028332613409067035
1.0,14.0,41.0,0.16501734212023322,2.9262281606329656,20.0,-0.024762505047828058,0.027867383320947924,-0.0004556203013500011
1.0,15.0,41.0,0.11205835642090678,2.918185199544742,20.0,-0.024628018292127817,0.026981853465245134,-0.0004662525195910922
1.0,16.0,41.0,0.06689246190843257,2.8951706892935642,20.0,-0.024243191512070078,0.026226632278091102,-0.00047083535078806934
1.0,17.0,41.0,0.0310574713394014,2.859335698724533,20.0,-0.02364399283768707,0.025627433603708095,-0.0004695088155465071
1.0,18.0,41.0,0.008042961088223777,2.8141698042120584,20.0,-0.022888771650533032,0.025242606823650357,-0.0004621971001611831
1.0,19.0,41.0,0.0,2.7612108185127324,20.0,-0.02200324179483025,0.025108120067950115,-0.000448443629970197
1.0,20.0,41.0,0.0001140803164827453,2.113614080316483,20.0,-0.011174744259315408,0.025110027610643,-0.00023608955458344485
1.0,21.0,41.0,0.0001140803164827453,1.4631140803164828,20.0,-0.0002977011375852456,0.025110027610643,-4.798074133597798e-6
1.0,22.0,41.0,0.0001140803164827453,0.8126140803164827,20.0,0.010579341984144917,0.025110027610643,0.0002262072367567176
1.0,23.0,41.0,0.0,0.16501734212023322,20.0,0.021407839519659758,0.025108120067950115,0.0004373243398691661
1.0,24.0,41.0,0.008042961088223777,0.11205835642090678,20.0,0.022293369375362547,0.025242606823650357,0.00045100812104043584
1.0,25.0,41.0,0.0310574713394014,0.06689246190843257,20.0,0.02304859056251658,0.025627433603708095,0.00045852323832631063
1.0,26.0,41.0,0.06689246190843257,0.0310574713394014,20.0,0.023647789236899586,0.026226632278091102,0.0004602812135446965
1.0,27.0,41.0,0.11205835642090678,0.008042961088223777,20.0,0.024032616016957324,0.026981853465245134,0.0004562903930850756
1.0,28.0,41.0,0.16501734212023322,0.0,20.0,0.02416710277265757,0.027867383320947924,0.00044635425596312834
1.0,29.0,41.0,0.8126140803164827,0.0001140803164827453,20.0,0.02416519522996468,0.038695880856462764,0.0002815212025612975
1.0,30.0,41.0,1.4631140803164828,0.0001140803164827453,20.0,0.02416519522996468,0.04957292397819293,0.00010004003675725118
1.0,31.0,41.0,2.113614080316483,0.0001140803164827453,20.0,0.02416519522996468,0.06044996709992309,-6.537948146988284e-5
1.0,32.0,41.0,2.7612108185127324,0.0,20.0,0.02416710277265757,0.07127846463543792,-0.00018071895786008155
1.0,33.0,41.0,2.814169804212059,0.008042961088223777,20.0,0.024032616016957324,0.07216399449114072,-0.0002099083919365112
1.0,34.0,41.0,2.859335698724533,0.0310574713394014,20.0,0.023647789236899586,0.07291921567829475,-0.00023475459419938368
1.0,35.0,41.0,2.8951706892935642,0.06689246190843257,20.0,0.02304859056251658,0.07351841435267775,-0.0002730085813488814
1.0,36.0,41.0,2.918185199544742,0.11205835642090678,20.0,0.022293369375362547,0.0739032411327355,-0.0003243361502921236
1.0,37.0,41.0,2.9262281606329656,0.16501734212023322,20.0,0.021407839519659758,0.07403772788843574,-0.00038782964336822536
1.0,38.0,41.0,2.926114080316483,0.29986408031648293,20.0,0.019153060447891477,0.07403582034574285,-0.00046874395556200494
1.0,39.0,41.0,2.926114080316483,0.43761408031648275,20.0,0.016849735789907883,0.07403582034574285,-0.0005952920423264858
1.0,40.0,41.0,2.926114080316483,0.5753640803164828,20.0,0.014546411131924288,0.07403582034574285,-0.0007237992940764098
1.0,41.0,41.0,2.926114080316483,0.7131140803164828,20.0,0.012243086473940689,0.07403582034574285,-0.0008380563995799506
2.0,1.0,41.0,5.9261140803164825,2.213114080316483,20.0,-0.012838488749111181,0.1241989707918466,0.0009581737933044604
2.0,2.0,41.0,5.9261140803164825,2.350864080316483,20.0,-0.015141813407094779,0.1241989707918466,0.0007624420110960655
2.0,3.0,41.0,5.9261140803164825,2.488614080316483,20.0,-0.017445138065078376,0.1241989707918466,0.0005591549052289522
2.0,4.0,41.0,5.9261140803164825,2.626364080316483,20.0,-0.019748462723061973,0.1241989707918466,0.0003496859054559048
2.0,5.0,41.0,5.926228160632966,2.7612108185127324,20.0,-0.02200324179483025,0.12420087833453948,0.00014119749599594914
2.0,6.0,41.0,5.918185199544742,2.8141698042120584,20.0,-0.022888771650533032,0.12406639157883922,5.6621851864821276e-5
2.0,7.0,41.0,5.895170689293565,2.859335698724533,20.0,-0.02364399283768707,0.12368156479878151,-2.0893111681059452e-5
2.0,8.0,41.0,5.859335698724533,2.8951706892935642,20.0,-0.024243191512070078,0.12308236612439849,-8.919280904877506e-5
2.0,9.0,41.0,5.814169804212058,2.918185199544742,20.0,-0.024628018292127817,0.12232714493724446,-0.00014272635721988722
2.0,10.0,41.0,5.7612108185127315,2.9262281606329656,20.0,-0.024762505047828058,0.12144161508154167,-0.00017834813736215113
2.0,11.0,41.0,5.1136140803164825,2.926114080316483,20.0,-0.024760597505135172,0.11061311754602683,-0.00045574876251765087
2.0,12.0,41.0,4.463114080316483,2.926114080316483,20.0,-0.024760597505135172,0.09973607442429669,-0.0006945098156286236
2.0,13.0,41.0,3.8126140803164827,2.926114080316483,20.0,-0.024760597505135172,0.0888590313025665,-0.0007879848442166958
2.0,14.0,41.0,3.1650173421202332,2.9262281606329656,20.0,-0.024762505047828058,0.07803053376705167,-0.0007896355709977997
2.0,15.0,41.0,3.112058356420907,2.918185199544742,20.0,-0.024628018292127817,0.07714500391134888,-0.0007928687932584741
2.0,16.0,41.0,3.0668924619084326,2.8951706892935642,20.0,-0.024243191512070078,0.07638978272419485,-0.0007936074702499002
2.0,17.0,41.0,3.0310574713394014,2.859335698724533,20.0,-0.02364399283768707,0.07579058404981184,-0.0007935035062319898
2.0,18.0,41.0,3.0080429610882238,2.8141698042120584,20.0,-0.022888771650533032,0.0754057572697541,-0.0007921826433299178
2.0,19.0,41.0,3.0,2.7612108185127324,20.0,-0.02200324179483025,0.07527127051405386,-0.0007061460380704863
2.0,20.0,41.0,3.0001140803164827,2.113614080316483,20.0,-0.011174744259315408,0.07527317805674674,-0.0004362610538738203
2.0,21.0,41.0,3.0001140803164827,1.4631140803164828,20.0,-0.0002977011375852456,0.07527317805674674,-1.4847034941659072e-5
2.0,22.0,41.0,3.0001140803164827,0.8126140803164827,20.0,0.010579341984144917,0.07527317805674674,0.00038359205840634994
2.0,23.0,41.0,3.0,0.16501734212023322,20.0,0.021407839519659758,0.07527127051405386,0.0006744426509154073
2.0,24.0,41.0,3.0080429610882238,0.11205835642090678,20.0,0.022293369375362547,0.0754057572697541,0.0007014946743398108
2.0,25.0,41.0,3.0310574713394014,0.06689246190843257,20.0,0.02304859056251658,0.07579058404981184,0.0007264653915052477
2.0,26.0,41.0,3.0668924619084326,0.0310574713394014,20.0,0.023647789236899586,0.07638978272419485,0.0007447436600469932
2.0,27.0,41.0,3.112058356420907,0.008042961088223777,20.0,0.024032616016957324,0.07714500391134888,0.0007541895864269803
2.0,28.0,41.0,3.1650173421202332,0.0,20.0,0.02416710277265757,0.07803053376705167,0.000758116475558301
2.0,29.0,41.0,3.8126140803164827,0.0001140803164827453,20.0,0.02416519522996468,0.0888590313025665,0.0007765348147798936
2.0,30.0,41.0,4.463114080316483,0.0001140803164827453,20.0,0.02416519522996468,0.09973607442429669,0.0006889462303533686
2.0,31.0,41.0,5.1136140803164825,0.0001140803164827453,20.0,0.02416519522996468,0.11061311754602683,0.00045825239074463573
2.0,32.0,41.0,5.761210818512732,0.0,20.0,0.02416710277265757,0.12144161508154167,0.0001888143806417099
2.0,33.0,41.0,5.814169804212058,0.008042961088223777,20.0,0.024032616016957324,0.12232714493724446,0.00015394357404587792
2.0,34.0,41.0,5.859335698724533,0.0310574713394014,20.0,0.023647789236899586,0.12308236612439849,0.00010105853062075901
2.0,35.0,41.0,5.895170689293565,0.06689246190843257,20.0,0.02304859056251658,0.12368156479878151,3.324111005751964e-5
2.0,36.0,41.0,5.918185199544742,0.11205835642090678,20.0,0.022293369375362547,0.12406639157883922,-4.401389931668083e-5
2.0,37.0,41.0,5.926228160632966,0.16501734212023322,20.0,0.021407839519659758,0.12420087833453948,-0.00012860218263493497
2.0,38.0,41.0,5.9261140803164825,0.29986408031648293,20.0,0.019153060447891477,0.1241989707918466,-0.00033739001527990356
2.0,39.0,41.0,5.9261140803164825,0.43761408031648275,20.0,0.016849735789907883,0.1241989707918466,-0.0005470346013131414
2.0,40.0,41.0,5.9261140803164825,0.5753640803164828,20.0,0.014546411131924288,0.1241989707918466,-0.0007504158627894799
2.0,41.0,41.0,5.9261140803164825,0.7131140803164828,20.0,0.012243086473940689,0.1241989707918466,-0.000946186389202049
1.0,1.0,42.0,2.926114080316483,2.213114080316483,20.5,-0.012897133189173793,0.07433641911629624,0.0005347990274655613
1.0,2.0,42.0,2.926114080316483,2.350864080316483,20.5,-0.01521051870945421,0.07433641911629624,0.0004650061628478879
1.0,3.0,42.0,2.926114080316483,2.488614080316483,20.5,-0.017523904229734627,0.07433641911629624,0.00037382674338092947
1.0,4.0,42.0,2.926114080316483,2.626364080316483,20.5,-0.019837289750015044,0.07433641911629624,0.0002625507997480399
1.0,5.0,42.0,2.9262281606329656,2.7612108185127324,20.5,-0.02210191763822011,0.07433833499108608,9.280090558868834e-5
1.0,6.0,42.0,2.918185199544742,2.8141698042120584,20.5,-0.022991315465338502,0.07420326080072909,-5.662973310709907e-15
1.0,7.0,42.0,2.8951706892935642,2.859335698724533,20.5,-0.02374983543902759,0.07381675310728865,-5.7026978239296875e-15
1.0,8.0,42.0,2.859335698724533,2.8951706892935642,20.5,-0.024351651397661215,0.07321493714865503,-5.725869727715496e-15
1.0,9.0,42.0,2.814169804212059,2.918185199544742,20.5,-0.024738159091101646,0.07245641717496594,-5.730232564713302e-15
1.0,10.0,42.0,2.761210818512732,2.9262281606329656,20.5,-0.02487323328145864,0.07156701934784754,3.866539935917071e-5
1.0,11.0,42.0,2.113614080316483,2.926114080316483,20.5,-0.024871317406668803,0.06069122321627563,4.7463700493035664e-5
1.0,12.0,42.0,1.4631140803164828,2.926114080316483,20.5,-0.024871317406668803,0.04976666945262836,-7.51006916891668e-5
1.0,13.0,42.0,0.8126140803164827,2.926114080316483,20.5,-0.024871317406668803,0.03884211568898109,-0.00020869948197868533
1.0,14.0,42.0,0.16501734212023322,2.9262281606329656,20.5,-0.02487323328145864,0.02796631955740917,-0.0003258859323568592
1.0,15.0,42.0,0.11205835642090678,2.918185199544742,20.5,-0.024738159091101646,0.027076921730290773,-0.00033210011686380037
1.0,16.0,42.0,0.06689246190843257,2.8951706892935642,20.5,-0.024351651397661215,0.026318401756601696,-0.00033440142145122175
1.0,17.0,42.0,0.0310574713394014,2.859335698724533,20.5,-0.02374983543902759,0.02571658579796807,-0.000333112582205038
1.0,18.0,42.0,0.008042961088223777,2.8141698042120584,20.5,-0.022991315465338502,0.025330078104527635,-0.0003282831237298056
1.0,19.0,42.0,0.0,2.7612108185127324,20.5,-0.02210191763822011,0.025195003914170643,-0.0003196006149868699
1.0,20.0,42.0,0.0001140803164827453,2.113614080316483,20.5,-0.011226121506648194,0.025196919788960482,-0.000172726114312539
1.0,21.0,42.0,0.0001140803164827453,1.4631140803164828,20.5,-0.00030156774300092395,0.025196919788960482,-3.651229863722159e-6
1.0,22.0,42.0,0.0001140803164827453,0.8126140803164827,20.5,0.010622986020646345,0.025196919788960482,0.00016519323801762606
1.0,23.0,42.0,0.0,0.16501734212023322,20.5,0.021498782152218263,0.025195003914170643,0.0003113619866020723
1.0,24.0,42.0,0.008042961088223777,0.11205835642090678,20.5,0.02238817997933666,0.025330078104527635,0.00032005141187542956
1.0,25.0,42.0,0.0310574713394014,0.06689246190843257,20.5,0.02314669995302574,0.02571658579796807,0.0003250453536984474
1.0,26.0,42.0,0.06689246190843257,0.0310574713394014,20.5,0.023748515911659367,0.026318401756601696,0.00032663055492286396
1.0,27.0,42.0,0.11205835642090678,0.008042961088223777,20.5,0.0241350236050998,0.027076921730290773,0.00032471903280971095
1.0,28.0,42.0,0.16501734212023322,0.0,20.5,0.02427009779545679,0.02796631955740917,0.00031896842465542133
1.0,29.0,42.0,0.8126140803164827,0.0001140803164827453,20.5,0.024268181920666952,0.03884211568898109,0.0002073238104682787
1.0,30.0,42.0,1.4631140803164828,0.0001140803164827453,20.5,0.024268181920666952,0.04976666945262836,7.882789397385945e-5
1.0,31.0,42.0,2.113614080316483,0.0001140803164827453,20.5,0.024268181920666952,0.06069122321627563,-3.823931928918428e-5
1.0,32.0,42.0,2.7612108185127324,0.0,20.5,0.02427009779545679,0.07156701934784755,-3.308026316830992e-5
1.0,33.0,42.0,2.814169804212059,0.008042961088223777,20.5,0.0241350236050998,0.07245641717496594,-3.0413562230703153e-15
1.0,34.0,42.0,2.859335698724533,0.0310574713394014,20.5,0.023748515911659367,0.07321493714865503,-3.0987259349517486e-15
1.0,35.0,42.0,2.8951706892935642,0.06689246190843257,20.5,0.02314669995302574,0.07381675310728865,-3.164780591354515e-15
1.0,36.0,42.0,2.918185199544742,0.11205835642090678,20.5,0.02238817997933666,0.07420326080072909,-3.233087854366906e-15
1.0,37.0,42.0,2.9262281606329656,0.16501734212023322,20.5,0.021498782152218263,0.07433833499108608,-3.3003992671403724e-15
1.0,38.0,42.0,2.926114080316483,0.29986408031648293,20.5,0.019234154264013193,0.07433641911629624,-0.00019392651515715668
1.0,39.0,42.0,2.926114080316483,0.43761408031648275,20.5,0.01692076874373278,0.07433641911629624,-0.00032822330604392256
1.0,40.0,42.0,2.926114080316483,0.5753640803164828,20.5,0.014607383223452362,0.07433641911629624,-0.0004194578283007667
1.0,41.0,42.0,2.926114080316483,0.7131140803164828,20.5,0.012293997703171945,0.07433641911629624,-0.000491446241540426
2.0,1.0,42.0,5.9261140803164825,2.213114080316483,20.5,-0.012897133189173793,0.12471868090098771,0.0006031303752375685
2.0,2.0,42.0,5.9261140803164825,2.350864080316483,20.5,-0.01521051870945421,0.12471868090098771,0.0004949177782129039
2.0,3.0,42.0,5.9261140803164825,2.488614080316483,20.5,-0.017523904229734627,0.12471868090098771,0.00037064762123179446
2.0,4.0,42.0,5.9261140803164825,2.626364080316483,20.5,-0.019837289750015044,0.12471868090098771,0.00023676158479459398
2.0,5.0,42.0,5.926228160632966,2.7612108185127324,20.5,-0.02210191763822011,0.12472059677577754,0.00010136782869050342
2.0,6.0,42.0,5.918185199544742,2.8141698042120584,20.5,-0.022991315465338502,0.12458552258542055,4.6697341568360974e-5
2.0,7.0,42.0,5.895170689293565,2.859335698724533,20.5,-0.02374983543902759,0.12419901489198014,-3.3675207298329613e-6
2.0,8.0,42.0,5.859335698724533,2.8951706892935642,20.5,-0.024351651397661215,0.12359719893334649,-4.8193021501303346e-5
2.0,9.0,42.0,5.814169804212058,2.918185199544742,20.5,-0.024738159091101646,0.12283867895965742,-8.467310516888862e-5
2.0,10.0,42.0,5.7612108185127315,2.9262281606329656,20.5,-0.02487323328145864,0.12194928113253901,-0.0001119454029782171
2.0,11.0,42.0,5.1136140803164825,2.926114080316483,20.5,-0.024871317406668803,0.1110734850009671,-0.00033266142324455945
2.0,12.0,42.0,4.463114080316483,2.926114080316483,20.5,-0.024871317406668803,0.10014893123731985,-0.00048945644130486
2.0,13.0,42.0,3.8126140803164827,2.926114080316483,20.5,-0.024871317406668803,0.08922437747367257,-0.000569627113749195
2.0,14.0,42.0,3.1650173421202332,2.9262281606329656,20.5,-0.02487323328145864,0.07834858134210065,-5.905859034621031e-15
2.0,15.0,42.0,3.112058356420907,2.918185199544742,20.5,-0.024738159091101646,0.07745918351498225,-5.871690350210385e-15
2.0,16.0,42.0,3.0668924619084326,2.8951706892935642,20.5,-0.024351651397661215,0.07670066354129317,-5.824431823731701e-15
2.0,17.0,42.0,3.0310574713394014,2.859335698724533,20.5,-0.02374983543902759,0.07609884758265954,-5.7672261286396066e-15
2.0,18.0,42.0,3.0080429610882238,2.8141698042120584,20.5,-0.022991315465338502,0.07571233988921912,-5.705643899637924e-15
2.0,19.0,42.0,3.0,2.7612108185127324,20.5,-0.02210191763822011,0.07557726569886213,-0.00014665714082980177
2.0,20.0,42.0,3.0001140803164827,2.113614080316483,20.5,-0.011226121506648194,0.07557918157365195,-0.0002926634120991391
2.0,21.0,42.0,3.0001140803164827,1.4631140803164828,20.5,-0.00030156774300092395,0.07557918157365195,-1.7390109004666534e-5
2.0,22.0,42.0,3.0001140803164827,0.8126140803164827,20.5,0.010622986020646345,0.07557918157365195,0.000273149017529954
2.0,23.0,42.0,3.0,0.16501734212023322,20.5,0.021498782152218263,0.07557726569886213,-3.3501781707412053e-15
2.0,24.0,42.0,3.0080429610882238,0.11205835642090678,20.5,0.02238817997933666,0.07571233988921912,-3.2937210294109106e-15
2.0,25.0,42.0,3.0310574713394014,0.06689246190843257,20.5,0.02314669995302574,0.07609884758265954,-3.2564726934103267e-15
2.0,26.0,42.0,3.0668924619084326,0.0310574713394014,20.5,0.023748515911659367,0.07670066354129317,-3.238778673162979e-15
2.0,27.0,42.0,3.112058356420907,0.008042961088223777,20.5,0.0241350236050998,0.07745918351498225,-3.242361995075265e-15
2.0,28.0,42.0,3.1650173421202332,0.0,20.5,0.02427009779545679,0.07834858134210065,-3.268698584831608e-15
2.0,29.0,42.0,3.8126140803164827,0.0001140803164827453,20.5,0.024268181920666952,0.08922437747367257,0.0005585732976700735
2.0,30.0,42.0,4.463114080316483,0.0001140803164827453,20.5,0.024268181920666952,0.10014893123731985,0.0004859227105730324
2.0,31.0,42.0,5.1136140803164825,0.0001140803164827453,20.5,0.024268181920666952,0.1110734850009671,0.0003344588403707487
2.0,32.0,42.0,5.761210818512732,0.0,20.5,0.02427009779545679,0.12194928113253901,0.00011978890458927969
2.0,33.0,42.0,5.814169804212058,0.008042961088223777,20.5,0.0241350236050998,0.12283867895965742,9.300972874446177e-5
2.0,34.0,42.0,5.859335698724533,0.0310574713394014,20.5,0.023748515911659367,0.12359719893334649,5.694412678156927e-5
2.0,35.0,42.0,5.895170689293565,0.06689246190843257,20.5,0.02314669995302574,0.12419901489198014,1.244872760253978e-5
2.0,36.0,42.0,5.918185199544742,0.11205835642090678,20.5,0.02238817997933666,0.12458552258542055,-3.7417197229868184e-5
2.0,37.0,42.0,5.926228160632966,0.16501734212023322,20.5,0.021498782152218263,0.12472059677577754,-9.204516579798322e-5
2.0,38.0,42.0,5.9261140803164825,0.29986408031648293,20.5,0.019234154264013193,0.12471868090098771,-0.0002275349106202185
2.0,39.0,42.0,5.9261140803164825,0.43761408031648275,20.5,0.01692076874373278,0.12471868090098771,-0.0003614935606520007
2.0,40.0,42.0,5.9261140803164825,0.5753640803164828,20.5,0.014607383223452362,0.12471868090098771,-0.0004858074006855101
2.0,41.0,42.0,5.9261140803164825,0.7131140803164828,20.5,0.012293997703171945,0.12471868090098771,-0.0005940355204803265
1.0,1.0,43.0,2.926114080316483,2.213114080316483,21.0,-0.012924920941968858,0.0744917175741363,0.0002844977975032036
1.0,2.0,43.0,2.926114080316483,2.350864080316483,21.0,-0.015243143204383284,0.0744917175741363,0.00024497644155009244
1.0,3.0,43.0,2.926114080316483,2.488614080316483,21.0,-0.01756136546679771,0.0744917175741363,0.00018675129084091122
1.0,4.0,43.0,2.926114080316483,2.626364080316483,21.0,-0.019879587729212136,0.0744917175741363,0.00010594233575293833
1.0,5.0,43.0,2.9262281606329656,2.7612108185127324,21.0,-0.022148950418871046,0.07449363745456733,1.9896987433435704e-5
1.0,6.0,43.0,2.918185199544742,2.8141698042120584,21.0,-0.023040207766552096,0.07435828085601595,-5.662973310709907e-15
1.0,7.0,43.0,2.8951706892935642,2.859335698724533,21.0,-0.02380031362615776,0.07397096506637642,-5.7026978239296875e-15
1.0,8.0,43.0,2.859335698724533,2.8951706892935642,21.0,-0.024403387839664396,0.0733678908528698,-5.725869727715496e-15
1.0,9.0,43.0,2.814169804212059,2.918185199544742,21.0,-0.024790703629303926,0.07260778499326413,-5.730232564713302e-15
1.0,10.0,43.0,2.761210818512732,2.9262281606329656,21.0,-0.02492606022785531,0.07171652764558306,-4.8171204077877585e-6
1.0,11.0,43.0,2.113614080316483,2.926114080316483,21.0,-0.024924140347424285,0.06081799279582981,1.697131725479674e-5
1.0,12.0,43.0,1.4631140803164828,2.926114080316483,21.0,-0.024924140347424285,0.049870598373321036,-5.076320970315406e-5
1.0,13.0,43.0,0.8126140803164827,2.926114080316483,21.0,-0.024924140347424285,0.038923203950812266,-0.00013731089712714533
1.0,14.0,43.0,0.16501734212023322,2.9262281606329656,21.0,-0.02492606022785531,0.028024669101059003,-0.00020815056726285045
1.0,15.0,43.0,0.11205835642090678,2.918185199544742,21.0,-0.024790703629303926,0.027133411753377946,-0.0002115129676784957
1.0,16.0,43.0,0.06689246190843257,2.8951706892935642,21.0,-0.024403387839664396,0.02637330589377229,-0.00021258587132601923
1.0,17.0,43.0,0.0310574713394014,2.859335698724533,21.0,-0.02380031362615776,0.025770231680265654,-0.0002116268904077744
1.0,18.0,43.0,0.008042961088223777,2.8141698042120584,21.0,-0.023040207766552096,0.025382915890626127,-0.00020871826042199535
1.0,19.0,43.0,0.0,2.7612108185127324,21.0,-0.022148950418871046,0.025247559292074742,-0.00020365919555732185
1.0,20.0,43.0,0.0001140803164827453,2.113614080316483,21.0,-0.011250415569117787,0.025249479172505765,-0.00011264339811767975
1.0,21.0,43.0,0.0001140803164827453,1.4631140803164828,21.0,-0.0003030211466090125,0.025249479172505765,-2.4600773522699803e-6
1.0,22.0,43.0,0.0001140803164827453,0.8126140803164827,21.0,0.010644373275899762,0.025249479172505765,0.00010755960870326502
1.0,23.0,43.0,0.0,0.16501734212023322,21.0,0.021542908125653022,0.025247559292074742,0.00019842402949856296
1.0,24.0,43.0,0.008042961088223777,0.11205835642090678,21.0,0.02243416547333408,0.025382915890626127,0.00020355340850704997
1.0,25.0,43.0,0.0310574713394014,0.06689246190843257,21.0,0.023194271332939737,0.025770231680265654,0.00020658352245634965
1.0,26.0,43.0,0.06689246190843257,0.0310574713394014,21.0,0.023797345546446372,0.02637330589377229,0.00020770789995564517
1.0,27.0,43.0,0.11205835642090678,0.008042961088223777,21.0,0.0241846613360859,0.027133411753377946,0.00020683804156726446
1.0,28.0,43.0,0.16501734212023322,0.0,21.0,0.024320017934637284,0.028024669101059003,0.00020372259314763998
1.0,29.0,43.0,0.8126140803164827,0.0001140803164827453,21.0,0.02431809805420626,0.038923203950812266,0.00013632344905781745
1.0,30.0,43.0,1.4631140803164828,0.0001140803164827453,21.0,0.02431809805420626,0.049870598373321036,5.3343350656218615e-5
1.0,31.0,43.0,2.113614080316483,0.0001140803164827453,21.0,0.02431809805420626,0.06081799279582981,-1.168543573656111e-5
1.0,32.0,43.0,2.7612108185127324,0.0,21.0,0.024320017934637284,0.07171652764558308,4.381489777447456e-6
1.0,33.0,43.0,2.814169804212059,0.008042961088223777,21.0,0.0241846613360859,0.07260778499326413,-3.0413562230703153e-15
1.0,34.0,43.0,2.859335698724533,0.0310574713394014,21.0,0.023797345546446372,0.0733678908528698,-3.0987259349517486e-15
1.0,35.0,43.0,2.8951706892935642,0.06689246190843257,21.0,0.023194271332939737,0.07397096506637642,-3.164780591354515e-15
1.0,36.0,43.0,2.918185199544742,0.11205835642090678,21.0,0.02243416547333408,0.07435828085601595,-3.233087854366906e-15
1.0,37.0,43.0,2.9262281606329656,0.16501734212023322,21.0,0.021542908125653022,0.07449363745456733,-3.3003992671403724e-15
1.0,38.0,43.0,2.926114080316483,0.29986408031648293,21.0,0.019273545435994105,0.0744917175741363,-6.15629991966745e-5
1.0,39.0,43.0,2.926114080316483,0.43761408031648275,21.0,0.016955323173579683,0.0744917175741363,-0.00014641978678322164
1.0,40.0,43.0,2.926114080316483,0.5753640803164828,21.0,0.014637100911165258,0.0744917175741363,-0.000209623361490342
1.0,41.0,43.0,2.926114080316483,0.7131140803164828,21.0,0.012318878648750833,0.0744917175741363,-0.0002496968133606902
2.0,1.0,43.0,5.9261140803164825,2.213114080316483,21.0,-0.012924920941968858,0.12497931675557569,0.00034359157436884504
2.0,2.0,43.0,5.9261140803164825,2.350864080316483,21.0,-0.015243143204383284,0.12497931675557569,0.0002871300187871931
2.0,3.0,43.0,5.9261140803164825,2.488614080316483,21.0,-0.01756136546679771,0.12497931675557569,0.0002191342731948457
2.0,4.0,43.0,5.9261140803164825,2.626364080316483,21.0,-0.019879587729212136,0.12497931675557569,0.00014298632276273283
2.0,5.0,43.0,5.926228160632966,2.7612108185127324,21.0,-0.022148950418871046,0.12498123663600672,6.445151013719998e-5
2.0,6.0,43.0,5.918185199544742,2.8141698042120584,21.0,-0.023040207766552096,0.12484588003745532,3.2600129111594835e-5
2.0,7.0,43.0,5.895170689293565,2.859335698724533,21.0,-0.02380031362615776,0.12445856424781582,3.2907902158685612e-6
2.0,8.0,43.0,5.859335698724533,2.8951706892935642,21.0,-0.024403387839664396,0.12385549003430917,-2.338880498349772e-5
2.0,9.0,43.0,5.814169804212058,2.918185199544742,21.0,-0.024790703629303926,0.12309538417470352,-4.608932440159227e-5
2.0,10.0,43.0,5.7612108185127315,2.9262281606329656,21.0,-0.02492606022785531,0.12220412682702245,-6.419637423499729e-5
2.0,11.0,43.0,5.1136140803164825,2.926114080316483,21.0,-0.024924140347424285,0.11130559197726919,-0.0002131218443671887
2.0,12.0,43.0,4.463114080316483,2.926114080316483,21.0,-0.024924140347424285,0.10035819755476043,-0.00032481118007720954
2.0,13.0,43.0,3.8126140803164827,2.926114080316483,21.0,-0.024924140347424285,0.08941080313225165,-0.00028809905588070327
2.0,14.0,43.0,3.1650173421202332,2.9262281606329656,21.0,-0.02492606022785531,0.07851226828249838,-5.905859034621031e-15
2.0,15.0,43.0,3.112058356420907,2.918185199544742,21.0,-0.024790703629303926,0.07762101093481732,-5.871690350210385e-15
2.0,16.0,43.0,3.0668924619084326,2.8951706892935642,21.0,-0.024403387839664396,0.07686090507521168,-5.824431823731701e-15
2.0,17.0,43.0,3.0310574713394014,2.859335698724533,21.0,-0.02380031362615776,0.07625783086170504,-5.7672261286396066e-15
2.0,18.0,43.0,3.0080429610882238,2.8141698042120584,21.0,-0.023040207766552096,0.0758705150720655,-5.705643899637924e-15
2.0,19.0,43.0,3.0,2.7612108185127324,21.0,-0.022148950418871046,0.07573515847351413,5.992516673373402e-6
2.0,20.0,43.0,3.0001140803164827,2.113614080316483,21.0,-0.011250415569117787,0.07573707835394515,-0.00014905893083185185
2.0,21.0,43.0,3.0001140803164827,1.4631140803164828,21.0,-0.0003030211466090125,0.07573707835394515,-7.007543042538791e-6
2.0,22.0,43.0,3.0001140803164827,0.8126140803164827,21.0,0.010644373275899762,0.07573707835394515,0.0001078096199795745
2.0,23.0,43.0,3.0,0.16501734212023322,21.0,0.021542908125653022,0.07573515847351413,-3.3501781707412053e-15
2.0,24.0,43.0,3.0080429610882238,0.11205835642090678,21.0,0.02243416547333408,0.0758705150720655,-3.2937210294109106e-15
2.0,25.0,43.0,3.0310574713394014,0.06689246190843257,21.0,0.023194271332939737,0.07625783086170504,-3.2564726934103267e-15
2.0,26.0,43.0,3.0668924619084326,0.0310574713394014,21.0,0.023797345546446372,0.07686090507521168,-3.238778673162979e-15
2.0,27.0,43.0,3.112058356420907,0.008042961088223777,21.0,0.0241846613360859,0.07762101093481732,-3.242361995075265e-15
2.0,28.0,43.0,3.1650173421202332,0.0,21.0,0.024320017934637284,0.07851226828249838,-3.268698584831608e-15
2.0,29.0,43.0,3.8126140803164827,0.0001140803164827453,21.0,0.02431809805420626,0.08941080313225165,0.0002832920396478634
2.0,30.0,43.0,4.463114080316483,0.0001140803164827453,21.0,0.02431809805420626,0.10035819755476043,0.0003219603436455816
2.0,31.0,43.0,5.1136140803164825,0.0001140803164827453,21.0,0.02431809805420626,0.11130559197726919,0.0002144725332960251
2.0,32.0,43.0,5.761210818512732,0.0,21.0,0.024320017934637284,0.12220412682702245,6.920543384029425e-5
2.0,33.0,43.0,5.814169804212058,0.008042961088223777,21.0,0.0241846613360859,0.12309538417470352,5.1375238147919755e-5
2.0,34.0,43.0,5.859335698724533,0.0310574713394014,21.0,0.023797345546446372,0.12385549003430917,2.89056346859471e-5
2.0,35.0,43.0,5.895170689293565,0.06689246190843257,21.0,0.023194271332939737,0.12445856424781582,2.4108378137873088e-6
2.0,36.0,43.0,5.918185199544742,0.11205835642090678,21.0,0.02243416547333408,0.12484588003745532,-2.6762319188317953e-5
2.0,37.0,43.0,5.926228160632966,0.16501734212023322,21.0,0.021542908125653022,0.12498123663600672,-5.8526409414537817e-5
2.0,38.0,43.0,5.9261140803164825,0.29986408031648293,21.0,0.019273545435994105,0.12497931675557569,-0.00013696392423526643
2.0,39.0,43.0,5.9261140803164825,0.43761408031648275,21.0,0.016955323173579683,0.12497931675557569,-0.00021307711381594627
2.0,40.0,43.0,5.9261140803164825,0.5753640803164828,21.0,0.014637100911165258,0.12497931675557569,-0.00028106352427715946
2.0,41.0,43.0,5.9261140803164825,0.7131140803164828,21.0,0.012318878648750833,0.12497931675557569,-0.0003375229099565975
1.0,1.0,44.0,2.926114080316483,2.213114080316483,21.5,-0.012938710794687187,0.07457169984268405,0.00012074438010700065
1.0,2.0,44.0,2.926114080316483,2.350864080316483,21.5,-0.015259378042475144,0.07457169984268405,0.00010194252709294924
1.0,3.0,44.0,2.926114080316483,2.488614080316483,21.5,-0.0175800452902631,0.07457169984268405,7.560129466014361e-5
1.0,4.0,44.0,2.926114080316483,2.626364080316483,21.5,-0.01990071253805106,0.07457169984268405,4.6695707161202825e-5
1.0,5.0,44.0,2.9262281606329656,2.7612108185127324,21.5,-0.022172468681812028,0.07457362174797683,1.5232849288732342e-5
1.0,6.0,44.0,2.918185199544742,2.8141698042120584,21.5,-0.02306466602183741,0.07443812239136939,-5.662973310709907e-15
1.0,7.0,44.0,2.8951706892935642,2.859335698724533,21.5,-0.023825573550782207,0.07405039810705877,-5.7026978239296875e-15
1.0,8.0,44.0,2.859335698724533,2.8951706892935642,21.5,-0.02442928381530737,0.07344668784253361,-5.725869727715496e-15
1.0,9.0,44.0,2.814169804212059,2.918185199544742,21.5,-0.02481700809961799,0.07268578031358881,-5.730232564713302e-15
1.0,10.0,44.0,2.761210818512732,2.9262281606329656,21.5,-0.02495250745622542,0.07179358297356342,1.935490012419306e-6
1.0,11.0,44.0,2.113614080316483,2.926114080316483,21.5,-0.024950585550932654,0.06088355364429774,1.4235607943849535e-6
1.0,12.0,44.0,1.4631140803164828,2.926114080316483,21.5,-0.024950585550932654,0.04992461321100506,-2.5615370322206773e-5
1.0,13.0,44.0,0.8126140803164827,2.926114080316483,21.5,-0.024950585550932654,0.03896567277771239,-6.789467536171319e-5
1.0,14.0,44.0,0.16501734212023322,2.9262281606329656,21.5,-0.02495250745622542,0.0280556434484467,-0.00010127229437963052
1.0,15.0,44.0,0.11205835642090678,2.918185199544742,21.5,-0.02481700809961799,0.02716344610842131,-0.00010278194635625136
1.0,16.0,44.0,0.06689246190843257,2.8951706892935642,21.5,-0.02442928381530737,0.026402538579476522,-0.00010324247077444755
1.0,17.0,44.0,0.0310574713394014,2.859335698724533,21.5,-0.023825573550782207,0.02579882831495136,-0.00010276215880260182
1.0,18.0,44.0,0.008042961088223777,2.8141698042120584,21.5,-0.02306466602183741,0.02541110403064074,-0.00010136538956012091
1.0,19.0,44.0,0.0,2.7612108185127324,21.5,-0.022172468681812028,0.02527560467403331,-9.89486766103231e-5
1.0,20.0,44.0,0.0001140803164827453,2.113614080316483,21.5,-0.01126243935254634,0.025277526579326075,-5.5418693476284444e-5
1.0,21.0,44.0,0.0001140803164827453,1.4631140803164828,21.5,-0.0003034989192536662,0.025277526579326075,-1.2406523746520744e-6
1.0,22.0,44.0,0.0001140803164827453,0.8126140803164827,21.5,0.01065544151403901,0.025277526579326075,5.286819769818238e-5
1.0,23.0,44.0,0.0,0.16501734212023322,21.5,0.021565470843304693,0.02527560467403331,9.642631537522004e-5
1.0,24.0,44.0,0.008042961088223777,0.11205835642090678,21.5,0.022457668183330084,0.02541110403064074,9.887555756955984e-5
1.0,25.0,44.0,0.0310574713394014,0.06689246190843257,21.5,0.023218575712274876,0.02579882831495136,0.00010033089103704106
1.0,26.0,44.0,0.06689246190843257,0.0310574713394014,21.5,0.023822285976800035,0.026402538579476522,0.00010089193457301757
1.0,27.0,44.0,0.11205835642090678,0.008042961088223777,21.5,0.024210010261110658,0.02716344610842131,0.00010052820844410372
1.0,28.0,44.0,0.16501734212023322,0.0,21.5,0.02434550961771809,0.0280556434484467,9.913171057268711e-5
1.0,29.0,44.0,0.8126140803164827,0.0001140803164827453,21.5,0.024343587712425323,0.03896567277771239,6.738997790685383e-5
1.0,30.0,44.0,1.4631140803164828,0.0001140803164827453,21.5,0.024343587712425323,0.04992461321100506,2.6971367152852144e-5
1.0,31.0,44.0,2.113614080316483,0.0001140803164827453,21.5,0.024343587712425323,0.06088355364429774,5.054815058095078e-7
1.0,32.0,44.0,2.7612108185127324,0.0,21.5,0.02434550961771809,0.07179358297356342,-1.5243358190516461e-6
1.0,33.0,44.0,2.814169804212059,0.008042961088223777,21.5,0.024210010261110658,0.07268578031358881,-3.0413562230703153e-15
1.0,34.0,44.0,2.859335698724533,0.0310574713394014,21.5,0.023822285976800035,0.07344668784253361,-3.0987259349517486e-15
1.0,35.0,44.0,2.8951706892935642,0.06689246190843257,21.5,0.023218575712274876,0.07405039810705877,-3.164780591354515e-15
1.0,36.0,44.0,2.918185199544742,0.11205835642090678,21.5,0.022457668183330084,0.07443812239136939,-3.233087854366906e-15
1.0,37.0,44.0,2.9262281606329656,0.16501734212023322,21.5,0.021565470843304693,0.07457362174797683,-3.3003992671403724e-15
1.0,38.0,44.0,2.926114080316483,0.29986408031648293,21.5,0.01929371469954372,0.07457169984268405,-3.055423142345231e-5
1.0,39.0,44.0,2.926114080316483,0.43761408031648275,21.5,0.01697304745175577,0.07457169984268405,-5.8326876134360784e-5
1.0,40.0,44.0,2.926114080316483,0.5753640803164828,21.5,0.014652380203967811,0.07457169984268405,-8.284965155785862e-5
1.0,41.0,44.0,2.926114080316483,0.7131140803164828,21.5,0.012331712956179854,0.07457169984268405,-0.00010201815723313324
2.0,1.0,44.0,5.9261140803164825,2.213114080316483,21.5,-0.012938710794687187,0.12511254734441812,0.0001574673238632891
2.0,2.0,44.0,5.9261140803164825,2.350864080316483,21.5,-0.015259378042475144,0.12511254734441812,0.00013122674383133945
2.0,3.0,44.0,5.9261140803164825,2.488614080316483,21.5,-0.0175800452902631,0.12511254734441812,0.00010065678852959091
2.0,4.0,44.0,5.9261140803164825,2.626364080316483,21.5,-0.01990071253805106,0.12511254734441812,6.642882121798983e-5
2.0,5.0,44.0,5.926228160632966,2.7612108185127324,21.5,-0.022172468681812028,0.1251144692497109,3.0665378662336714e-5
2.0,6.0,44.0,5.918185199544742,2.8141698042120584,21.5,-0.02306466602183741,0.12497896989310346,1.5978201085558837e-5
2.0,7.0,44.0,5.895170689293565,2.859335698724533,21.5,-0.023825573550782207,0.12459124560879287,2.367627611040474e-6
2.0,8.0,44.0,5.859335698724533,2.8951706892935642,21.5,-0.02442928381530737,0.12398753534426768,-1.0058090696142925e-5
2.0,9.0,44.0,5.814169804212058,2.918185199544742,21.5,-0.02481700809961799,0.1232266278153229,-2.0495233096205196e-5
2.0,10.0,44.0,5.7612108185127315,2.9262281606329656,21.5,-0.02495250745622542,0.1223344304752975,-2.881195795079498e-5
2.0,11.0,44.0,5.1136140803164825,2.926114080316483,21.5,-0.024950585550932654,0.11142440114603182,-0.00010553297815459941
2.0,12.0,44.0,4.463114080316483,2.926114080316483,21.5,-0.024950585550932654,0.10046546071273917,-0.0001560377682043302
2.0,13.0,44.0,3.8126140803164827,2.926114080316483,21.5,-0.024950585550932654,0.08950652027944647,-0.0001250099953702025
2.0,14.0,44.0,3.1650173421202332,2.9262281606329656,21.5,-0.02495250745622542,0.07859649095018079,-5.905859034621031e-15
2.0,15.0,44.0,3.112058356420907,2.918185199544742,21.5,-0.02481700809961799,0.07770429361015539,-5.871690350210385e-15
2.0,16.0,44.0,3.0668924619084326,2.8951706892935642,21.5,-0.02442928381530737,0.07694338608121061,-5.824431823731701e-15
2.0,17.0,44.0,3.0310574713394014,2.859335698724533,21.5,-0.023825573550782207,0.07633967581668544,-5.7672261286396066e-15
2.0,18.0,44.0,3.0080429610882238,2.8141698042120584,21.5,-0.02306466602183741,0.07595195153237481,-5.705643899637924e-15
2.0,19.0,44.0,3.0,2.7612108185127324,21.5,-0.022172468681812028,0.0758164521757674,-1.1750209241564499e-5
2.0,20.0,44.0,3.0001140803164827,2.113614080316483,21.5,-0.01126243935254634,0.07581837408106015,-5.022430149433972e-5
2.0,21.0,44.0,3.0001140803164827,1.4631140803164828,21.5,-0.0003034989192536662,0.07581837408106015,-6.9248065205173145e-6
2.0,22.0,44.0,3.0001140803164827,0.8126140803164827,21.5,0.01065544151403901,0.07581837408106015,3.843142614295919e-5
2.0,23.0,44.0,3.0,0.16501734212023322,21.5,0.021565470843304693,0.0758164521757674,-3.3501781707412053e-15
2.0,24.0,44.0,3.0080429610882238,0.11205835642090678,21.5,0.022457668183330084,0.07595195153237481,-3.2937210294109106e-15
2.0,25.0,44.0,3.0310574713394014,0.06689246190843257,21.5,0.023218575712274876,0.07633967581668544,-3.2564726934103267e-15
2.0,26.0,44.0,3.0668924619084326,0.0310574713394014,21.5,0.023822285976800035,0.07694338608121061,-3.238778673162979e-15
2.0,27.0,44.0,3.112058356420907,0.008042961088223777,21.5,0.024210010261110658,0.07770429361015539,-3.242361995075265e-15
2.0,28.0,44.0,3.1650173421202332,0.0,21.5,0.02434550961771809,0.07859649095018079,-3.268698584831608e-15
2.0,29.0,44.0,3.8126140803164827,0.0001140803164827453,21.5,0.024343587712425323,0.08950652027944647,0.0001231104031596625
2.0,30.0,44.0,4.463114080316483,0.0001140803164827453,21.5,0.024343587712425323,0.10046546071273917,0.00015468067809498362
2.0,31.0,44.0,5.1136140803164825,0.0001140803164827453,21.5,0.024343587712425323,0.11142440114603182,0.00010616576178737692
2.0,32.0,44.0,5.761210818512732,0.0,21.5,0.02434550961771809,0.1223344304752975,3.126149280592742e-5
2.0,33.0,44.0,5.814169804212058,0.008042961088223777,21.5,0.024210010261110658,0.1232266278153229,2.3062397165681487e-5
2.0,34.0,44.0,5.859335698724533,0.0310574713394014,21.5,0.023822285976800035,0.12398753534426768,1.2726627807074198e-5
2.0,35.0,44.0,5.895170689293565,0.06689246190843257,21.5,0.023218575712274876,0.12459124560879287,3.9043254558550316e-7
2.0,36.0,44.0,5.918185199544742,0.11205835642090678,21.5,0.022457668183330084,0.12497896989310346,-1.3151469009897048e-5
2.0,37.0,44.0,5.926228160632966,0.16501734212023322,21.5,0.021565470843304693,0.1251144692497109,-2.7793448469154326e-5
2.0,38.0,44.0,5.9261140803164825,0.29986408031648293,21.5,0.01929371469954372,0.12511254734441812,-6.348626123981822e-5
2.0,39.0,44.0,5.9261140803164825,0.43761408031648275,21.5,0.01697304745175577,0.12511254734441812,-9.766698532698736e-5
2.0,40.0,44.0,5.9261140803164825,0.5753640803164828,21.5,0.014652380203967811,0.12511254734441812,-0.0001282135929991516
2.0,41.0,44.0,5.9261140803164825,0.7131140803164828,21.5,0.012331712956179854,0.12511254734441812,-0.00015444627080051597
1.0,1.0,45.0,2.926114080316483,2.213114080316483,22.0,-0.012943067658587536,0.07459665923438412,-4.910637606854165e-15
1.0,2.0,45.0,2.926114080316483,2.350864080316483,22.0,-0.015264500614777894,0.07459665923438412,-5.082113634625102e-15
1.0,3.0,45.0,2.926114080316483,2.488614080316483,22.0,-0.01758593357096825,0.07459665923438412,-5.259555772948055e-15
1.0,4.0,45.0,2.926114080316483,2.626364080316483,22.0,-0.019907366527158608,0.07459665923438412,-5.4318796475352564e-15
1.0,5.0,45.0,2.9262281606329656,2.7612108185127324,22.0,-0.022179872241013757,0.07459858177381305,-5.604055022394389e-15
1.0,6.0,45.0,2.918185199544742,2.8141698042120584,22.0,-0.023072363963183115,0.0744630377089451,-5.662973310709907e-15
1.0,7.0,45.0,2.8951706892935642,2.859335698724533,22.0,-0.02383352255495862,0.07407518549429783,-5.7026978239296875e-15
1.0,8.0,45.0,2.859335698724533,2.8951706892935642,22.0,-0.024437432014789616,0.07347127603446682,-5.725869727715496e-15
1.0,9.0,45.0,2.814169804212059,2.918185199544742,22.0,-0.02482528422943691,0.07271011744269133,-5.730232564713302e-15
1.0,10.0,45.0,2.761210818512732,2.9262281606329656,22.0,-0.024960828294304852,0.07181762572052196,-5.709364936634006e-15
1.0,11.0,45.0,2.113614080316483,2.926114080316483,22.0,-0.02495890575487592,0.060903996607127024,-5.310451707264526e-15
1.0,12.0,45.0,1.4631140803164828,2.926114080316483,22.0,-0.02495890575487592,0.04994144025139688,-4.9157014407672275e-15
1.0,13.0,45.0,0.8126140803164827,2.926114080316483,22.0,-0.02495890575487592,0.038978883895666734,-4.520680553972258e-15
1.0,14.0,45.0,0.16501734212023322,2.9262281606329656,22.0,-0.024960828294304852,0.028065254782271797,-4.096639010407702e-15
1.0,15.0,45.0,0.11205835642090678,2.918185199544742,22.0,-0.02482528422943691,0.027172763060102433,-4.047195904261354e-15
1.0,16.0,45.0,0.06689246190843257,2.8951706892935642,22.0,-0.024437432014789616,0.026411604468326935,-3.98273309220003e-15
1.0,17.0,45.0,0.0310574713394014,2.859335698724533,22.0,-0.02383352255495862,0.02580769500849594,-3.902862852744484e-15
1.0,18.0,45.0,0.008042961088223777,2.8141698042120584,22.0,-0.023072363963183115,0.025419842793848645,-3.799811633985744e-15
1.0,19.0,45.0,0.0,2.7612108185127324,22.0,-0.022179872241013757,0.025284298728980702,-3.69196788334604e-15
1.0,20.0,45.0,0.0001140803164827453,2.113614080316483,22.0,-0.011266243127618822,0.025286221268409636,-2.7240601206341668e-15
1.0,21.0,45.0,0.0001140803164827453,1.4631140803164828,22.0,-0.00030368677188867603,0.025286221268409636,0.0
1.0,22.0,45.0,0.0001140803164827453,0.8126140803164827,22.0,0.01065886958384147,0.025286221268409636,-1.3866003651360154e-15
1.0,23.0,45.0,0.0,0.16501734212023322,22.0,0.021572498697236406,0.025284298728980702,-9.7814800637437e-16
1.0,24.0,45.0,0.008042961088223777,0.11205835642090678,22.0,0.02246499041940577,0.025419842793848645,-9.678284913944667e-16
1.0,25.0,45.0,0.0310574713394014,0.06689246190843257,22.0,0.02322614901118127,0.02580769500849594,-9.696161538885104e-16
1.0,26.0,45.0,0.06689246190843257,0.0310574713394014,22.0,0.023830058471012265,0.026411604468326935,-9.74971641498912e-16
1.0,27.0,45.0,0.11205835642090678,0.008042961088223777,22.0,0.024217910685659556,0.027172763060102433,-9.99657987464648e-16
1.0,28.0,45.0,0.16501734212023322,0.0,22.0,0.0243534547505275,0.028065254782271797,-1.0496880597242557e-15
1.0,29.0,45.0,0.8126140803164827,0.0001140803164827453,22.0,0.024351532211098568,0.038978883895666734,-1.683189748678579e-15
1.0,30.0,45.0,1.4631140803164828,0.0001140803164827453,22.0,0.024351532211098568,0.04994144025139688,-2.1943395983639606e-15
1.0,31.0,45.0,2.113614080316483,0.0001140803164827453,22.0,0.024351532211098568,0.060903996607127024,-2.62069830449024e-15
1.0,32.0,45.0,2.7612108185127324,0.0,22.0,0.0243534547505275,0.07181762572052196,-2.998953924662286e-15
1.0,33.0,45.0,2.814169804212059,0.008042961088223777,22.0,0.024217910685659556,0.07271011744269133,-3.0413562230703153e-15
1.0,34.0,45.0,2.859335698724533,0.0310574713394014,22.0,0.023830058471012265,0.07347127603446682,-3.0987259349517486e-15
1.0,35.0,45.0,2.8951706892935642,0.06689246190843257,22.0,0.02322614901118127,0.07407518549429783,-3.164780591354515e-15
1.0,36.0,45.0,2.918185199544742,0.11205835642090678,22.0,0.02246499041940577,0.0744630377089451,-3.233087854366906e-15
1.0,37.0,45.0,2.9262281606329656,0.16501734212023322,22.0,0.021572498697236406,0.07459858177381305,-3.3003992671403724e-15
1.0,38.0,45.0,2.926114080316483,0.29986408031648293,22.0,0.019299992983381253,0.07459665923438412,-3.4668438108491155e-15
1.0,39.0,45.0,2.926114080316483,0.43761408031648275,22.0,0.0169785600271909,0.07459665923438412,-3.6409069758635234e-15
1.0,40.0,45.0,2.926114080316483,0.5753640803164828,22.0,0.014657127071000541,0.07459665923438412,-3.812952667605313e-15
1.0,41.0,45.0,2.926114080316483,0.7131140803164828,22.0,0.012335694114810183,0.07459665923438412,-3.982296990904032e-15
2.0,1.0,45.0,5.9261140803164825,2.213114080316483,22.0,-0.012943067658587536,0.12515418278117957,-6.683625853046312e-15
2.0,2.0,45.0,5.9261140803164825,2.350864080316483,22.0,-0.015264500614777894,0.12515418278117957,-6.8431694240616796e-15
2.0,3.0,45.0,5.9261140803164825,2.488614080316483,22.0,-0.01758593357096825,0.12515418278117957,-6.9916867480866845e-15
2.0,4.0,45.0,5.9261140803164825,2.626364080316483,22.0,-0.019907366527158608,0.12515418278117957,-7.163286772996775e-15
2.0,5.0,45.0,5.926228160632966,2.7612108185127324,22.0,-0.022179872241013757,0.1251561053206085,-7.322990503600533e-15
2.0,6.0,45.0,5.918185199544742,2.8141698042120584,22.0,-0.023072363963183115,0.12502056125574054,-7.377280207232704e-15
2.0,7.0,45.0,5.895170689293565,2.859335698724533,22.0,-0.02383352255495862,0.12463270904109328,-7.411899502209772e-15
2.0,8.0,45.0,5.859335698724533,2.8951706892935642,22.0,-0.024437432014789616,0.12402879958126226,-7.425333725441352e-15
2.0,9.0,45.0,5.814169804212058,2.918185199544742,22.0,-0.02482528422943691,0.12326764098948677,-7.417678715318064e-15
2.0,10.0,45.0,5.7612108185127315,2.9262281606329656,22.0,-0.024960828294304852,0.12237514926731739,-7.38785111070966e-15
2.0,11.0,45.0,5.1136140803164825,2.926114080316483,22.0,-0.02495890575487592,0.11146152015392247,-6.923756906390542e-15
2.0,12.0,45.0,4.463114080316483,2.926114080316483,22.0,-0.02495890575487592,0.10049896379819233,-6.527393289665644e-15
2.0,13.0,45.0,3.8126140803164827,2.926114080316483,22.0,-0.02495890575487592,0.08953640744246218,-6.194479855951307e-15
2.0,14.0,45.0,3.1650173421202332,2.9262281606329656,22.0,-0.024960828294304852,0.07862277832906724,-5.905859034621031e-15
2.0,15.0,45.0,3.112058356420907,2.918185199544742,22.0,-0.02482528422943691,0.07773028660689787,-5.871690350210385e-15
2.0,16.0,45.0,3.0668924619084326,2.8951706892935642,22.0,-0.024437432014789616,0.07696912801512237,-5.824431823731701e-15
2.0,17.0,45.0,3.0310574713394014,2.859335698724533,22.0,-0.02383352255495862,0.07636521855529138,-5.7672261286396066e-15
2.0,18.0,45.0,3.0080429610882238,2.8141698042120584,22.0,-0.023072363963183115,0.07597736634064409,-5.705643899637924e-15
2.0,19.0,45.0,3.0,2.7612108185127324,22.0,-0.022179872241013757,0.07584182227577614,-5.65367655232919e-15
2.0,20.0,45.0,3.0001140803164827,2.113614080316483,22.0,-0.011266243127618822,0.07584374481520507,-5.086716480854512e-15
2.0,21.0,45.0,3.0001140803164827,1.4631140803164828,22.0,-0.00030368677188867603,0.07584374481520507,-4.520117559024253e-15
2.0,22.0,45.0,3.0001140803164827,0.8126140803164827,22.0,0.01065886958384147,0.07584374481520507,-3.944312299286321e-15
2.0,23.0,45.0,3.0,0.16501734212023322,22.0,0.021572498697236406,0.07584182227577614,-3.3501781707412053e-15
2.0,24.0,45.0,3.0080429610882238,0.11205835642090678,22.0,0.02246499041940577,0.07597736634064409,-3.2937210294109106e-15
2.0,25.0,45.0,3.0310574713394014,0.06689246190843257,22.0,0.02322614901118127,0.07636521855529138,-3.2564726934103267e-15
2.0,26.0,45.0,3.0668924619084326,0.0310574713394014,22.0,0.023830058471012265,0.07696912801512237,-3.238778673162979e-15
2.0,27.0,45.0,3.112058356420907,0.008042961088223777,22.0,0.024217910685659556,0.07773028660689787,-3.242361995075265e-15
2.0,28.0,45.0,3.1650173421202332,0.0,22.0,0.0243534547505275,0.07862277832906724,-3.268698584831608e-15
2.0,29.0,45.0,3.8126140803164827,0.0001140803164827453,22.0,0.024351532211098568,0.08953640744246218,-3.675797758515373e-15
2.0,30.0,45.0,4.463114080316483,0.0001140803164827453,22.0,0.024351532211098568,0.10049896379819233,-4.0349609284418485e-15
2.0,31.0,45.0,5.1136140803164825,0.0001140803164827453,22.0,0.024351532211098568,0.11146152015392247,-4.359561437232511e-15
2.0,32.0,45.0,5.761210818512732,0.0,22.0,0.0243534547505275,0.12237514926731739,-4.660071415053408e-15
2.0,33.0,45.0,5.814169804212058,0.008042961088223777,22.0,0.024217910685659556,0.12326764098948677,-4.694351101043858e-15
2.0,34.0,45.0,5.859335698724533,0.0310574713394014,22.0,0.023830058471012265,0.12402879958126226,-4.742537602060028e-15
2.0,35.0,45.0,5.895170689293565,0.06689246190843257,22.0,0.02322614901118127,0.12463270904109328,-4.802553692531143e-15
2.0,36.0,45.0,5.918185199544742,0.11205835642090678,22.0,0.02246499041940577,0.12502056125574054,-4.862759445862076e-15
2.0,37.0,45.0,5.926228160632966,0.16501734212023322,22.0,0.021572498697236406,0.1251561053206085,-4.926335549882486e-15
2.0,38.0,45.0,5.9261140803164825,0.29986408031648293,22.0,0.019299992983381253,0.12515418278117957,-5.074061080342029e-15
2.0,39.0,45.0,5.9261140803164825,0.43761408031648275,22.0,0.0169785600271909,0.12515418278117957,-5.227769231768041e-15
2.0,40.0,45.0,5.9261140803164825,0.5753640803164828,22.0,0.014657127071000541,0.12515418278117957,-5.385181990626094e-15
2.0,41.0,45.0,5.9261140803164825,0.7131140803164828,22.0,0.012335694114810183,0.12515418278117957,-5.537234721608882e-15
1.0,1.0,46.0,2.926114080316483,2.213114080316483,22.5,-0.01293871079468663,0.07457169984268537,-0.00012074438011681465
1.0,2.0,46.0,2.926114080316483,2.350864080316483,22.5,-0.015259378042474583,0.07457169984268537,-0.00010194252710312151
1.0,3.0,46.0,2.926114080316483,2.488614080316483,22.5,-0.017580045290262535,0.07457169984268537,-7.560129467066325e-5
1.0,4.0,46.0,2.926114080316483,2.626364080316483,22.5,-0.019900712538050487,0.07457169984268537,-4.669570717207102e-5
1.0,5.0,46.0,2.9262281606329656,2.7612108185127324,22.5,-0.022172468681811452,0.07457362174797814,-1.5232849299937741e-5
1.0,6.0,46.0,2.918185199544742,2.8141698042120584,22.5,-0.023064666021836835,0.07443812239137071,-5.662973310709907e-15
1.0,7.0,46.0,2.8951706892935642,2.859335698724533,22.5,-0.02382557355078163,0.07405039810706009,-5.7026978239296875e-15
1.0,8.0,46.0,2.859335698724533,2.8951706892935642,22.5,-0.02442928381530679,0.07344668784253493,-5.725869727715496e-15
1.0,9.0,46.0,2.814169804212059,2.918185199544742,22.5,-0.02481700809961741,0.07268578031359015,-5.730232564713302e-15
1.0,10.0,46.0,2.761210818512732,2.9262281606329656,22.5,-0.024952507456224845,0.07179358297356474,-1.935490023837037e-6
1.0,11.0,46.0,2.113614080316483,2.926114080316483,22.5,-0.024950585550932075,0.060883553644299086,-1.4235608050017816e-6
1.0,12.0,46.0,1.4631140803164828,2.926114080316483,22.5,-0.024950585550932075,0.04992461321100643,2.5615370312377223e-5
1.0,13.0,46.0,0.8126140803164827,2.926114080316483,22.5,-0.024950585550932075,0.038965672777713775,6.789467535266706e-5
1.0,14.0,46.0,0.16501734212023322,2.9262281606329656,22.5,-0.024952507456224845,0.02805564344844811,0.00010127229437141874
1.0,15.0,46.0,0.11205835642090678,2.918185199544742,22.5,-0.02481700809961741,0.02716344610842272,0.00010278194634813234
1.0,16.0,46.0,0.06689246190843257,2.8951706892935642,22.5,-0.02442928381530679,0.02640253857947793,0.00010324247076645807
1.0,17.0,46.0,0.0310574713394014,2.859335698724533,22.5,-0.02382557355078163,0.02579882831495277,0.0001027621587947641
1.0,18.0,46.0,0.008042961088223777,2.8141698042120584,22.5,-0.023064666021836835,0.025411104030642152,0.00010136538955242176
1.0,19.0,46.0,0.0,2.7612108185127324,22.5,-0.022172468681811452,0.02527560467403472,9.894867660275709e-5
1.0,20.0,46.0,0.0001140803164827453,2.113614080316483,22.5,-0.011262439352545787,0.025277526579327487,5.541869347123018e-5
1.0,21.0,46.0,0.0001140803164827453,1.4631140803164828,22.5,-0.00030349891925313284,0.025277526579327487,1.240652372024696e-6
1.0,22.0,46.0,0.0001140803164827453,0.8126140803164827,22.5,0.010655441514039521,0.025277526579327487,-5.286819770057325e-5
1.0,23.0,46.0,0.0,0.16501734212023322,22.5,0.021565470843305186,0.02527560467403472,-9.642631537737777e-5
1.0,24.0,46.0,0.008042961088223777,0.11205835642090678,22.5,0.022457668183330576,0.025411104030642152,-9.887555757161696e-5
1.0,25.0,46.0,0.0310574713394014,0.06689246190843257,22.5,0.023218575712275365,0.02579882831495277,-0.00010033089103903974
1.0,26.0,46.0,0.06689246190843257,0.0310574713394014,22.5,0.023822285976800524,0.02640253857947793,-0.00010089193457501835
1.0,27.0,46.0,0.11205835642090678,0.008042961088223777,22.5,0.024210010261111144,0.02716344610842272,-0.00010052820844614959
1.0,28.0,46.0,0.16501734212023322,0.0,22.5,0.02434550961771858,0.02805564344844811,-9.913171057482765e-5
1.0,29.0,46.0,0.8126140803164827,0.0001140803164827453,22.5,0.02434358771242581,0.038965672777713775,-6.738997791024631e-5
1.0,30.0,46.0,1.4631140803164828,0.0001140803164827453,22.5,0.02434358771242581,0.04992461321100643,-2.6971367157256844e-5
1.0,31.0,46.0,2.113614080316483,0.0001140803164827453,22.5,0.02434358771242581,0.060883553644299086,-5.054815110595964e-7
1.0,32.0,46.0,2.7612108185127324,0.0,22.5,0.02434550961771858,0.07179358297356475,1.5243358130533988e-6
1.0,33.0,46.0,2.814169804212059,0.008042961088223777,22.5,0.024210010261111144,0.07268578031359015,-3.0413562230703153e-15
1.0,34.0,46.0,2.859335698724533,0.0310574713394014,22.5,0.023822285976800524,0.07344668784253493,-3.0987259349517486e-15
1.0,35.0,46.0,2.8951706892935642,0.06689246190843257,22.5,0.023218575712275365,0.07405039810706009,-3.164780591354515e-15
1.0,36.0,46.0,2.918185199544742,0.11205835642090678,22.5,0.022457668183330576,0.07443812239137071,-3.233087854366906e-15
1.0,37.0,46.0,2.9262281606329656,0.16501734212023322,22.5,0.021565470843305186,0.07457362174797814,-3.3003992671403724e-15
1.0,38.0,46.0,2.926114080316483,0.29986408031648293,22.5,0.019293714699544218,0.07457169984268537,3.0554231416521436e-5
1.0,39.0,46.0,2.926114080316483,0.43761408031648275,22.5,0.01697304745175627,0.07457169984268537,5.832687612708513e-5
1.0,40.0,46.0,2.926114080316483,0.5753640803164828,22.5,0.014652380203968318,0.07457169984268537,8.284965155023708e-5
1.0,41.0,46.0,2.926114080316483,0.7131140803164828,22.5,0.012331712956180364,0.07457169984268537,0.00010201815722515347
2.0,1.0,46.0,5.9261140803164825,2.213114080316483,22.5,-0.01293871079468663,0.12511254734441937,-0.00015746732387662872
2.0,2.0,46.0,5.9261140803164825,2.350864080316483,22.5,-0.015259378042474583,0.12511254734441937,-0.00013122674384500593
2.0,3.0,46.0,5.9261140803164825,2.488614080316483,22.5,-0.017580045290262535,0.12511254734441937,-0.00010065678854359502
2.0,4.0,46.0,5.9261140803164825,2.626364080316483,22.5,-0.019900712538050487,0.12511254734441937,-6.642882123230198e-5
2.0,5.0,46.0,5.926228160632966,2.7612108185127324,22.5,-0.022172468681811452,0.12511446924971212,-3.0665378676972726e-5
2.0,6.0,46.0,5.918185199544742,2.8141698042120584,22.5,-0.023064666021836835,0.12497896989310468,-1.597820110030312e-5
2.0,7.0,46.0,5.895170689293565,2.859335698724533,22.5,-0.02382557355078163,0.12459124560879409,-2.3676276258479424e-6
2.0,8.0,46.0,5.859335698724533,2.8951706892935642,22.5,-0.02442928381530679,0.1239875353442689,1.0058090681303428e-5
2.0,9.0,46.0,5.814169804212058,2.918185199544742,22.5,-0.02481700809961741,0.12322662781532413,2.0495233081375523e-5
2.0,10.0,46.0,5.7612108185127315,2.9262281606329656,22.5,-0.024952507456224845,0.12233443047529872,2.8811957936030696e-5
2.0,11.0,46.0,5.1136140803164825,2.926114080316483,22.5,-0.024950585550932075,0.11142440114603307,0.000105532978140768
2.0,12.0,46.0,4.463114080316483,2.926114080316483,22.5,-0.024950585550932075,0.10046546071274043,0.00015603776819128842
2.0,13.0,46.0,3.8126140803164827,2.926114080316483,22.5,-0.024950585550932075,0.08950652027944776,0.00012500999535782297
2.0,14.0,46.0,3.1650173421202332,2.9262281606329656,22.5,-0.024952507456224845,0.07859649095018209,-5.905859034621031e-15
2.0,15.0,46.0,3.112058356420907,2.918185199544742,22.5,-0.02481700809961741,0.07770429361015671,-5.871690350210385e-15
2.0,16.0,46.0,3.0668924619084326,2.8951706892935642,22.5,-0.02442928381530679,0.07694338608121191,-5.824431823731701e-15
2.0,17.0,46.0,3.0310574713394014,2.859335698724533,22.5,-0.02382557355078163,0.07633967581668676,-5.7672261286396066e-15
2.0,18.0,46.0,3.0080429610882238,2.8141698042120584,22.5,-0.023064666021836835,0.07595195153237613,-5.705643899637924e-15
2.0,19.0,46.0,3.0,2.7612108185127324,22.5,-0.022172468681811452,0.07581645217576871,1.1750209230258217e-5
2.0,20.0,46.0,3.0001140803164827,2.113614080316483,22.5,-0.011262439352545787,0.07581837408106147,5.022430148416732e-5
2.0,21.0,46.0,3.0001140803164827,1.4631140803164828,22.5,-0.00030349891925313284,0.07581837408106147,6.924806511472623e-6
2.0,22.0,46.0,3.0001140803164827,0.8126140803164827,22.5,0.010655441514039521,0.07581837408106147,-3.8431426150855596e-5
2.0,23.0,46.0,3.0,0.16501734212023322,22.5,0.021565470843305186,0.07581645217576871,-3.3501781707412053e-15
2.0,24.0,46.0,3.0080429610882238,0.11205835642090678,22.5,0.022457668183330576,0.07595195153237613,-3.2937210294109106e-15
2.0,25.0,46.0,3.0310574713394014,0.06689246190843257,22.5,0.023218575712275365,0.07633967581668676,-3.2564726934103267e-15
2.0,26.0,46.0,3.0668924619084326,0.0310574713394014,22.5,0.023822285976800524,0.07694338608121191,-3.238778673162979e-15
2.0,27.0,46.0,3.112058356420907,0.008042961088223777,22.5,0.024210010261111144,0.07770429361015671,-3.242361995075265e-15
2.0,28.0,46.0,3.1650173421202332,0.0,22.5,0.02434550961771858,0.07859649095018209,-3.268698584831608e-15
2.0,29.0,46.0,3.8126140803164827,0.0001140803164827453,22.5,0.02434358771242581,0.08950652027944776,-0.00012311040316702508
2.0,30.0,46.0,4.463114080316483,0.0001140803164827453,22.5,0.02434358771242581,0.10046546071274043,-0.0001546806781030641
2.0,31.0,46.0,5.1136140803164825,0.0001140803164827453,22.5,0.02434358771242581,0.11142440114603307,-0.00010616576179610021
2.0,32.0,46.0,5.761210818512732,0.0,22.5,0.02434550961771858,0.12233443047529872,-3.126149281524422e-5
2.0,33.0,46.0,5.814169804212058,0.008042961088223777,22.5,0.024210010261111144,0.12322662781532413,-2.306239717506431e-5
2.0,34.0,46.0,5.859335698724533,0.0310574713394014,22.5,0.023822285976800524,0.1239875353442689,-1.2726627816550857e-5
2.0,35.0,46.0,5.895170689293565,0.06689246190843257,22.5,0.023218575712275365,0.12459124560879409,-3.904325551723858e-7
2.0,36.0,46.0,5.918185199544742,0.11205835642090678,22.5,0.022457668183330576,0.12497896989310468,1.3151469000183972e-5
2.0,37.0,46.0,5.926228160632966,0.16501734212023322,22.5,0.021565470843305186,0.12511446924971212,2.779344845931312e-5
2.0,38.0,46.0,5.9261140803164825,0.29986408031648293,22.5,0.019293714699544218,0.12511254734441937,6.348626122968978e-5
2.0,39.0,46.0,5.9261140803164825,0.43761408031648275,22.5,0.01697304745175627,0.12511254734441937,9.766698531655123e-5
2.0,40.0,46.0,5.9261140803164825,0.5753640803164828,22.5,0.014652380203968318,0.12511254734441937,0.00012821359298840267
2.0,41.0,46.0,5.9261140803164825,0.7131140803164828,22.5,0.012331712956180364,0.12511254734441937,0.0001544462707894358
1.0,1.0,47.0,2.926114080316483,2.213114080316483,23.0,-0.012924920941967764,0.07449171757413893,-0.0002844977975130403
1.0,2.0,47.0,2.926114080316483,2.350864080316483,23.0,-0.015243143204382182,0.07449171757413893,-0.00024497644156027505
1.0,3.0,47.0,2.926114080316483,2.488614080316483,23.0,-0.0175613654667966,0.07449171757413893,-0.00018675129085143972
1.0,4.0,47.0,2.926114080316483,2.626364080316483,23.0,-0.01987958772921102,0.07449171757413893,-0.00010594233576380995
1.0,5.0,47.0,2.9262281606329656,2.7612108185127324,23.0,-0.022148950418869925,0.07449363745456995,-1.9896987444645697e-5
1.0,6.0,47.0,2.918185199544742,2.8141698042120584,23.0,-0.023040207766550972,0.07435828085601856,-5.662973310709907e-15
1.0,7.0,47.0,2.8951706892935642,2.859335698724533,23.0,-0.023800313626156634,0.07397096506637904,-5.7026978239296875e-15
1.0,8.0,47.0,2.859335698724533,2.8951706892935642,23.0,-0.024403387839663268,0.0733678908528724,-5.725869727715496e-15
1.0,9.0,47.0,2.814169804212059,2.918185199544742,23.0,-0.024790703629302795,0.07260778499326676,-5.730232564713302e-15
1.0,10.0,47.0,2.761210818512732,2.9262281606329656,23.0,-0.02492606022785418,0.07171652764558568,4.817120396369856e-6
1.0,11.0,47.0,2.113614080316483,2.926114080316483,23.0,-0.024924140347423154,0.06081799279583247,-1.6971317265400025e-5
1.0,12.0,47.0,1.4631140803164828,2.926114080316483,23.0,-0.024924140347423154,0.04987059837332373,5.076320969332871e-5
1.0,13.0,47.0,0.8126140803164827,2.926114080316483,23.0,-0.024924140347423154,0.03892320395081499,0.0001373108971180851
1.0,14.0,47.0,0.16501734212023322,2.9262281606329656,23.0,-0.02492606022785418,0.028024669101061765,0.0002081505672545932
1.0,15.0,47.0,0.11205835642090678,2.918185199544742,23.0,-0.024790703629302795,0.027133411753380708,0.00021151296767032873
1.0,16.0,47.0,0.06689246190843257,2.8951706892935642,23.0,-0.024403387839663268,0.026373305893775054,0.00021258587131797185
1.0,17.0,47.0,0.0310574713394014,2.859335698724533,23.0,-0.023800313626156634,0.02577023168026842,0.0002116268903998731
1.0,18.0,47.0,0.008042961088223777,2.8141698042120584,23.0,-0.023040207766550972,0.025382915890628893,0.00020871826041426482
1.0,19.0,47.0,0.0,2.7612108185127324,23.0,-0.022148950418869925,0.02524755929207751,0.00020365919554977827
1.0,20.0,47.0,0.0001140803164827453,2.113614080316483,23.0,-0.011250415569116698,0.025249479172508534,0.00011264339811223579
1.0,21.0,47.0,0.0001140803164827453,1.4631140803164828,23.0,-0.00030302114660795727,0.025249479172508534,2.4600773486168792e-6
1.0,22.0,47.0,0.0001140803164827453,0.8126140803164827,23.0,0.010644373275900783,0.025249479172508534,-0.00010755960870608026
1.0,23.0,47.0,0.0,0.16501734212023322,23.0,0.02154290812565401,0.02524755929207751,-0.00019842402950076224
1.0,24.0,47.0,0.008042961088223777,0.11205835642090678,23.0,0.022434165473335065,0.025382915890628893,-0.00020355340850920393
1.0,25.0,47.0,0.0310574713394014,0.06689246190843257,23.0,0.02319427133294072,0.02577023168026842,-0.00020658352245847873
1.0,26.0,47.0,0.06689246190843257,0.0310574713394014,23.0,0.023797345546447354,0.026373305893775054,-0.00020770789995777154
1.0,27.0,47.0,0.11205835642090678,0.008042961088223777,23.0,0.02418466133608688,0.027133411753380708,-0.0002068380415694302
1.0,28.0,47.0,0.16501734212023322,0.0,23.0,0.024320017934638265,0.028024669101061765,-0.0002037225931498979
1.0,29.0,47.0,0.8126140803164827,0.0001140803164827453,23.0,0.02431809805420724,0.03892320395081499,-0.00013632344906128457
1.0,30.0,47.0,1.4631140803164828,0.0001140803164827453,23.0,0.02431809805420724,0.04987059837332373,-5.334335066067113e-5
1.0,31.0,47.0,2.113614080316483,0.0001140803164827453,23.0,0.02431809805420724,0.06081799279583247,1.1685435731284815e-5
1.0,32.0,47.0,2.7612108185127324,0.0,23.0,0.024320017934638265,0.0717165276455857,-4.381489783447823e-6
1.0,33.0,47.0,2.814169804212059,0.008042961088223777,23.0,0.02418466133608688,0.07260778499326676,-3.0413562230703153e-15
1.0,34.0,47.0,2.859335698724533,0.0310574713394014,23.0,0.023797345546447354,0.0733678908528724,-3.0987259349517486e-15
1.0,35.0,47.0,2.8951706892935642,0.06689246190843257,23.0,0.02319427133294072,0.07397096506637904,-3.164780591354515e-15
1.0,36.0,47.0,2.918185199544742,0.11205835642090678,23.0,0.022434165473335065,0.07435828085601856,-3.233087854366906e-15
1.0,37.0,47.0,2.9262281606329656,0.16501734212023322,23.0,0.02154290812565401,0.07449363745456995,-3.3003992671403724e-15
1.0,38.0,47.0,2.926114080316483,0.29986408031648293,23.0,0.0192735454359951,0.07449171757413893,6.156299918975324e-5
1.0,39.0,47.0,2.926114080316483,0.43761408031648275,23.0,0.016955323173580686,0.07449171757413893,0.00014641978677596486
1.0,40.0,47.0,2.926114080316483,0.5753640803164828,23.0,0.014637100911166268,0.07449171757413893,0.00020962336148274812
1.0,41.0,47.0,2.926114080316483,0.7131140803164828,23.0,0.01231887864875185,0.07449171757413893,0.0002496968133527537
2.0,1.0,47.0,5.9261140803164825,2.213114080316483,23.0,-0.012924920941967764,0.12497931675557815,-0.0003435915743821987
2.0,2.0,47.0,5.9261140803164825,2.350864080316483,23.0,-0.015243143204382182,0.12497931675557815,-0.00028713001880088134
2.0,3.0,47.0,5.9261140803164825,2.488614080316483,23.0,-0.0175613654667966,0.12497931675557815,-0.00021913427320883675
2.0,4.0,47.0,5.9261140803164825,2.626364080316483,23.0,-0.01987958772921102,0.12497931675557815,-0.0001429863227770355
2.0,5.0,47.0,5.926228160632966,2.7612108185127324,23.0,-0.022148950418869925,0.12498123663600917,-6.445151015180644e-5
2.0,6.0,47.0,5.918185199544742,2.8141698042120584,23.0,-0.023040207766550972,0.12484588003745778,-3.260012912630552e-5
2.0,7.0,47.0,5.895170689293565,2.859335698724533,23.0,-0.023800313626156634,0.12445856424781829,-3.2907902306469513e-6
2.0,8.0,47.0,5.859335698724533,2.8951706892935642,23.0,-0.024403387839663268,0.12385549003431162,2.338880496869874e-5
2.0,9.0,47.0,5.814169804212058,2.918185199544742,23.0,-0.024790703629302795,0.12309538417470597,4.6089324386815e-5
2.0,10.0,47.0,5.7612108185127315,2.9262281606329656,23.0,-0.02492606022785418,0.12220412682702492,6.419637422028413e-5
2.0,11.0,47.0,5.1136140803164825,2.926114080316483,23.0,-0.024924140347423154,0.1113055919772717,0.00021312184435340147
2.0,12.0,47.0,4.463114080316483,2.926114080316483,23.0,-0.024924140347423154,0.10035819755476297,0.00032481118006420816
2.0,13.0,47.0,3.8126140803164827,2.926114080316483,23.0,-0.024924140347423154,0.08941080313225422,0.00028809905586835605
2.0,14.0,47.0,3.1650173421202332,2.9262281606329656,23.0,-0.02492606022785418,0.07851226828250099,-5.905859034621031e-15
2.0,15.0,47.0,3.112058356420907,2.918185199544742,23.0,-0.024790703629302795,0.07762101093481993,-5.871690350210385e-15
2.0,16.0,47.0,3.0668924619084326,2.8951706892935642,23.0,-0.024403387839663268,0.07686090507521429,-5.824431823731701e-15
2.0,17.0,47.0,3.0310574713394014,2.859335698724533,23.0,-0.023800313626156634,0.07625783086170765,-5.7672261286396066e-15
2.0,18.0,47.0,3.0080429610882238,2.8141698042120584,23.0,-0.023040207766550972,0.07587051507206811,-5.705643899637924e-15
2.0,19.0,47.0,3.0,2.7612108185127324,23.0,-0.022148950418869925,0.07573515847351674,-5.992516684682227e-6
2.0,20.0,47.0,3.0001140803164827,2.113614080316483,23.0,-0.011250415569116698,0.07573707835394776,0.00014905893082168837
2.0,21.0,47.0,3.0001140803164827,1.4631140803164828,23.0,-0.00030302114660795727,0.07573707835394776,7.007543033479943e-6
2.0,22.0,47.0,3.0001140803164827,0.8126140803164827,23.0,0.010644373275900783,0.07573707835394776,-0.00010780961998749933
2.0,23.0,47.0,3.0,0.16501734212023322,23.0,0.02154290812565401,0.07573515847351674,-3.3501781707412053e-15
2.0,24.0,47.0,3.0080429610882238,0.11205835642090678,23.0,0.022434165473335065,0.07587051507206811,-3.2937210294109106e-15
2.0,25.0,47.0,3.0310574713394014,0.06689246190843257,23.0,0.02319427133294072,0.07625783086170765,-3.2564726934103267e-15
2.0,26.0,47.0,3.0668924619084326,0.0310574713394014,23.0,0.023797345546447354,0.07686090507521429,-3.238778673162979e-15
2.0,27.0,47.0,3.112058356420907,0.008042961088223777,23.0,0.02418466133608688,0.07762101093481993,-3.242361995075265e-15
2.0,28.0,47.0,3.1650173421202332,0.0,23.0,0.024320017934638265,0.07851226828250099,-3.268698584831608e-15
2.0,29.0,47.0,3.8126140803164827,0.0001140803164827453,23.0,0.02431809805420724,0.08941080313225422,-0.00028329203965526343
2.0,30.0,47.0,4.463114080316483,0.0001140803164827453,23.0,0.02431809805420724,0.10035819755476297,-0.0003219603436536914
2.0,31.0,47.0,5.1136140803164825,0.0001140803164827453,23.0,0.02431809805420724,0.1113055919772717,-0.00021447253330476206
2.0,32.0,47.0,5.761210818512732,0.0,23.0,0.024320017934638265,0.12220412682702492,-6.920543384960838e-5
2.0,33.0,47.0,5.814169804212058,0.008042961088223777,23.0,0.02418466133608688,0.12309538417470597,-5.137523815729615e-5
2.0,34.0,47.0,5.859335698724533,0.0310574713394014,23.0,0.023797345546447354,0.12385549003431162,-2.8905634695414144e-5
2.0,35.0,47.0,5.895170689293565,0.06689246190843257,23.0,0.02319427133294072,0.12445856424781829,-2.4108378233684445e-6
2.0,36.0,47.0,5.918185199544742,0.11205835642090678,23.0,0.022434165473335065,0.12484588003745778,2.6762319178623838e-5
2.0,37.0,47.0,5.926228160632966,0.16501734212023322,23.0,0.02154290812565401,0.12498123663600917,5.852640940472211e-5
2.0,38.0,47.0,5.9261140803164825,0.29986408031648293,23.0,0.0192735454359951,0.12497931675557815,0.0001369639242251786
2.0,39.0,47.0,5.9261140803164825,0.43761408031648275,23.0,0.016955323173580686,0.12497931675557815,0.00021307711380556737
2.0,40.0,47.0,5.9261140803164825,0.5753640803164828,23.0,0.014637100911166268,0.12497931675557815,0.00028106352426647666
2.0,41.0,47.0,5.9261140803164825,0.7131140803164828,23.0,0.01231887864875185,0.12497931675557815,0.00033752290994560355
1.0,1.0,48.0,2.926114080316483,2.213114080316483,23.5,-0.012897133189172155,0.07433641911630011,-0.000534799027475455
1.0,2.0,48.0,2.926114080316483,2.350864080316483,23.5,-0.015210518709452558,0.07433641911630011,-0.00046500616285810776
1.0,3.0,48.0,2.926114080316483,2.488614080316483,23.5,-0.01752390422973296,0.07433641911630011,-0.0003738267433914761
1.0,4.0,48.0,2.926114080316483,2.626364080316483,23.5,-0.01983728975001337,0.07433641911630011,-0.0002625507997589171
1.0,5.0,48.0,2.9262281606329656,2.7612108185127324,23.5,-0.02210191763821842,0.07433833499108994,-9.2800905599895e-5
1.0,6.0,48.0,2.918185199544742,2.8141698042120584,23.5,-0.022991315465336806,0.07420326080073295,-5.662973310709907e-15
1.0,7.0,48.0,2.8951706892935642,2.859335698724533,23.5,-0.02374983543902589,0.07381675310729252,-5.7026978239296875e-15
1.0,8.0,48.0,2.859335698724533,2.8951706892935642,23.5,-0.02435165139765951,0.0732149371486589,-5.725869727715496e-15
1.0,9.0,48.0,2.814169804212059,2.918185199544742,23.5,-0.02473815909109994,0.07245641717496983,-5.730232564713302e-15
1.0,10.0,48.0,2.761210818512732,2.9262281606329656,23.5,-0.024873233281456932,0.07156701934785142,-3.866539937057406e-5
1.0,11.0,48.0,2.113614080316483,2.926114080316483,23.5,-0.024871317406667093,0.06069122321627957,-4.7463700503614455e-5
1.0,12.0,48.0,1.4631140803164828,2.926114080316483,23.5,-0.024871317406667093,0.04976666945263237,7.510069167934899e-5
1.0,13.0,48.0,0.8126140803164827,2.926114080316483,23.5,-0.024871317406667093,0.03884211568898516,0.00020869948196960462
1.0,14.0,48.0,0.16501734212023322,2.9262281606329656,23.5,-0.024873233281456932,0.027966319557413306,0.0003258859323485316
1.0,15.0,48.0,0.11205835642090678,2.918185199544742,23.5,-0.02473815909109994,0.02707692173029491,0.00033210011685555984
1.0,16.0,48.0,0.06689246190843257,2.8951706892935642,23.5,-0.02435165139765951,0.02631840175660584,0.0003344014214431047
1.0,17.0,48.0,0.0310574713394014,2.859335698724533,23.5,-0.02374983543902589,0.025716585797972216,0.0003331125821970693
1.0,18.0,48.0,0.008042961088223777,2.8141698042120584,23.5,-0.022991315465336806,0.025330078104531785,0.0003282831237219899
1.0,19.0,48.0,0.0,2.7612108185127324,23.5,-0.02210191763821842,0.025195003914174792,0.00031960061497920977
1.0,20.0,48.0,0.0001140803164827453,2.113614080316483,23.5,-0.011226121506646565,0.02519691978896463,0.0001727261143067095
1.0,21.0,48.0,0.0001140803164827453,1.4631140803164828,23.5,-0.0003015677429993586,0.02519691978896463,3.6512298594331086e-6
1.0,22.0,48.0,0.0001140803164827453,0.8126140803164827,23.5,0.010622986020647847,0.02519691978896463,-0.00016519323802088312
1.0,23.0,48.0,0.0,0.16501734212023322,23.5,0.021498782152219703,0.025195003914174792,-0.0003113619866044999
1.0,24.0,48.0,0.008042961088223777,0.11205835642090678,23.5,0.022388179979338098,0.025330078104531785,-0.0003200514118777845
1.0,25.0,48.0,0.0310574713394014,0.06689246190843257,23.5,0.02314669995302717,0.025716585797972216,-0.0003250453537007603
1.0,26.0,48.0,0.06689246190843257,0.0310574713394014,23.5,0.023748515911660793,0.02631840175660584,-0.0003266305549251778
1.0,27.0,48.0,0.11205835642090678,0.008042961088223777,23.5,0.024135023605101225,0.02707692173029491,-0.0003247190328120644
1.0,28.0,48.0,0.16501734212023322,0.0,23.5,0.024270097795458214,0.027966319557413306,-0.00031896842465785997
1.0,29.0,48.0,0.8126140803164827,0.0001140803164827453,23.5,0.024268181920668378,0.03884211568898516,-0.0002073238104718677
1.0,30.0,48.0,1.4631140803164828,0.0001140803164827453,23.5,0.024268181920668378,0.04976666945263237,-7.882789397839203e-5
1.0,31.0,48.0,2.113614080316483,0.0001140803164827453,23.5,0.024268181920668378,0.06069122321627957,3.823931928386339e-5
1.0,32.0,48.0,2.7612108185127324,0.0,23.5,0.024270097795458214,0.07156701934785142,3.308026316230608e-5
1.0,33.0,48.0,2.814169804212059,0.008042961088223777,23.5,0.024135023605101225,0.07245641717496983,-3.0413562230703153e-15
1.0,34.0,48.0,2.859335698724533,0.0310574713394014,23.5,0.023748515911660793,0.0732149371486589,-3.0987259349517486e-15
1.0,35.0,48.0,2.8951706892935642,0.06689246190843257,23.5,0.02314669995302717,0.07381675310729252,-3.164780591354515e-15
1.0,36.0,48.0,2.918185199544742,0.11205835642090678,23.5,0.022388179979338098,0.07420326080073295,-3.233087854366906e-15
1.0,37.0,48.0,2.9262281606329656,0.16501734212023322,23.5,0.021498782152219703,0.07433833499108994,-3.3003992671403724e-15
1.0,38.0,48.0,2.926114080316483,0.29986408031648293,23.5,0.019234154264014647,0.07433641911630011,0.00019392651515026235
1.0,39.0,48.0,2.926114080316483,0.43761408031648275,23.5,0.016920768743734247,0.07433641911630011,0.000328223306036716
1.0,40.0,48.0,2.926114080316483,0.5753640803164828,23.5,0.014607383223453842,0.07433641911630011,0.00041945782829323986
1.0,41.0,48.0,2.926114080316483,0.7131140803164828,23.5,0.012293997703173437,0.07433641911630011,0.0004914462415325707
2.0,1.0,48.0,5.9261140803164825,2.213114080316483,23.5,-0.012897133189172155,0.1247186809009913,-0.0006031303752510464
2.0,2.0,48.0,5.9261140803164825,2.350864080316483,23.5,-0.015210518709452558,0.1247186809009913,-0.0004949177782266435
2.0,3.0,48.0,5.9261140803164825,2.488614080316483,23.5,-0.01752390422973296,0.1247186809009913,-0.00037064762124580923
2.0,4.0,48.0,5.9261140803164825,2.626364080316483,23.5,-0.01983728975001337,0.1247186809009913,-0.00023676158480887024
2.0,5.0,48.0,5.926228160632966,2.7612108185127324,23.5,-0.02210191763821842,0.12472059677578112,-0.00010136782870504895
2.0,6.0,48.0,5.918185199544742,2.8141698042120584,23.5,-0.022991315465336806,0.12458552258542413,-4.669734158299419e-5
2.0,7.0,48.0,5.895170689293565,2.859335698724533,23.5,-0.02374983543902589,0.12419901489198372,3.3675207151564608e-6
2.0,8.0,48.0,5.859335698724533,2.8951706892935642,23.5,-0.02435165139765951,0.12359719893335007,4.819302148660562e-5
2.0,9.0,48.0,5.814169804212058,2.918185199544742,23.5,-0.02473815909109994,0.12283867895966101,8.467310515420512e-5
2.0,10.0,48.0,5.7612108185127315,2.9262281606329656,23.5,-0.024873233281456932,0.12194928113254261,0.00011194540296359871
2.0,11.0,48.0,5.1136140803164825,2.926114080316483,23.5,-0.024871317406667093,0.11107348500097076,0.000332661423230845
2.0,12.0,48.0,4.463114080316483,2.926114080316483,23.5,-0.024871317406667093,0.10014893123732356,0.0004894564412919185
2.0,13.0,48.0,3.8126140803164827,2.926114080316483,23.5,-0.024871317406667093,0.08922437747367634,0.0005696271137369193
2.0,14.0,48.0,3.1650173421202332,2.9262281606329656,23.5,-0.024873233281456932,0.07834858134210448,-5.905859034621031e-15
2.0,15.0,48.0,3.112058356420907,2.918185199544742,23.5,-0.02473815909109994,0.0774591835149861,-5.871690350210385e-15
2.0,16.0,48.0,3.0668924619084326,2.8951706892935642,23.5,-0.02435165139765951,0.07670066354129702,-5.824431823731701e-15
2.0,17.0,48.0,3.0310574713394014,2.859335698724533,23.5,-0.02374983543902589,0.0760988475826634,-5.7672261286396066e-15
2.0,18.0,48.0,3.0080429610882238,2.8141698042120584,23.5,-0.022991315465336806,0.07571233988922298,-5.705643899637924e-15
2.0,19.0,48.0,3.0,2.7612108185127324,23.5,-0.02210191763821842,0.07557726569886598,0.00014665714081851688
2.0,20.0,48.0,3.0001140803164827,2.113614080316483,23.5,-0.011226121506646565,0.07557918157365581,0.00029266341208899143
2.0,21.0,48.0,3.0001140803164827,1.4631140803164828,23.5,-0.0003015677429993586,0.07557918157365581,1.7390108995590766e-5
2.0,22.0,48.0,3.0001140803164827,0.8126140803164827,23.5,0.010622986020647847,0.07557918157365581,-0.00027314901753795127
2.0,23.0,48.0,3.0,0.16501734212023322,23.5,0.021498782152219703,0.07557726569886598,-3.3501781707412053e-15
2.0,24.0,48.0,3.0080429610882238,0.11205835642090678,23.5,0.022388179979338098,0.07571233988922298,-3.2937210294109106e-15
2.0,25.0,48.0,3.0310574713394014,0.06689246190843257,23.5,0.02314669995302717,0.0760988475826634,-3.2564726934103267e-15
2.0,26.0,48.0,3.0668924619084326,0.0310574713394014,23.5,0.023748515911660793,0.07670066354129702,-3.238778673162979e-15
2.0,27.0,48.0,3.112058356420907,0.008042961088223777,23.5,0.024135023605101225,0.0774591835149861,-3.242361995075265e-15
2.0,28.0,48.0,3.1650173421202332,0.0,23.5,0.024270097795458214,0.07834858134210448,-3.268698584831608e-15
2.0,29.0,48.0,3.8126140803164827,0.0001140803164827453,23.5,0.024268181920668378,0.08922437747367634,-0.0005585732976775625
2.0,30.0,48.0,4.463114080316483,0.0001140803164827453,23.5,0.024268181920668378,0.10014893123732356,-0.0004859227105811836
2.0,31.0,48.0,5.1136140803164825,0.0001140803164827453,23.5,0.024268181920668378,0.11107348500097076,-0.0003344588403795089
2.0,32.0,48.0,5.761210818512732,0.0,23.5,0.024270097795458214,0.12194928113254261,-0.00011978890459860159
2.0,33.0,48.0,5.814169804212058,0.008042961088223777,23.5,0.024135023605101225,0.12283867895966101,-9.30097287538453e-5
2.0,34.0,48.0,5.859335698724533,0.0310574713394014,23.5,0.023748515911660793,0.12359719893335007,-5.694412679103516e-5
2.0,35.0,48.0,5.895170689293565,0.06689246190843257,23.5,0.02314669995302717,0.12419901489198372,-1.2448727612101453e-5
2.0,36.0,48.0,5.918185199544742,0.11205835642090678,23.5,0.022388179979338098,0.12458552258542413,3.741719722019881e-5
2.0,37.0,48.0,5.926228160632966,0.16501734212023322,23.5,0.021498782152219703,0.12472059677578112,9.204516578820641e-5
2.0,38.0,48.0,5.9261140803164825,0.29986408031648293,23.5,0.019234154264014647,0.1247186809009913,0.0002275349106102009
2.0,39.0,48.0,5.9261140803164825,0.43761408031648275,23.5,0.016920768743734247,0.1247186809009913,0.000361493560641724
2.0,40.0,48.0,5.9261140803164825,0.5753640803164828,23.5,0.014607383223453842,0.1247186809009913,0.0004858074006749854
2.0,41.0,48.0,5.9261140803164825,0.7131140803164828,23.5,0.012293997703173437,0.1247186809009913,0.0005940355204695247
1.0,1.0,49.0,2.926114080316483,2.213114080316483,24.0,-0.012838488749108987,0.07403582034574789,-0.0008825683187685887
1.0,2.0,49.0,2.926114080316483,2.350864080316483,24.0,-0.01514181340709256,0.07403582034574789,-0.0007678301441856935
1.0,3.0,49.0,2.926114080316483,2.488614080316483,24.0,-0.01744513806507613,0.07403582034574789,-0.0006432862906096142
1.0,4.0,49.0,2.926114080316483,2.626364080316483,24.0,-0.019748462723059704,0.07403582034574789,-0.0005080090613671803
1.0,5.0,49.0,2.9262281606329656,2.7612108185127324,24.0,-0.022003241794827953,0.07403772788844078,-0.00040106013964689324
1.0,6.0,49.0,2.918185199544742,2.8141698042120584,24.0,-0.022888771650530725,0.07390324113274054,-0.0003800245989998654
1.0,7.0,49.0,2.8951706892935642,2.859335698724533,24.0,-0.023643992837684757,0.0735184143526828,-0.00031721907053048736
1.0,8.0,49.0,2.859335698724533,2.8951706892935642,24.0,-0.024243191512067757,0.0729192156782998,-0.00026943129920931617
1.0,9.0,49.0,2.814169804212059,2.918185199544742,24.0,-0.024628018292125492,0.07216399449114577,-0.00023976647518823683
1.0,10.0,49.0,2.761210818512732,2.9262281606329656,24.0,-0.024762505047825734,0.07127846463544299,-0.00020426336209161677
1.0,11.0,49.0,2.113614080316483,2.926114080316483,24.0,-0.024760597505132844,0.060449967099928274,-7.689646856980107e-5
1.0,12.0,49.0,1.4631140803164828,2.926114080316483,24.0,-0.024760597505132844,0.049572923978198236,9.470964634472034e-5
1.0,13.0,49.0,0.8126140803164827,2.926114080316483,24.0,-0.024760597505132844,0.0386958808564682,0.00028332613408156934
1.0,14.0,49.0,0.16501734212023322,2.9262281606329656,24.0,-0.024762505047825734,0.027867383320953475,0.00045562030134158483
1.0,15.0,49.0,0.11205835642090678,2.918185199544742,24.0,-0.024628018292125492,0.026981853465250696,0.0004662525195827527
1.0,16.0,49.0,0.06689246190843257,2.8951706892935642,24.0,-0.024243191512067757,0.026226632278096674,0.0004708353507798393
1.0,17.0,49.0,0.0310574713394014,2.859335698724533,24.0,-0.023643992837684757,0.025627433603713674,0.00046950881553841007
1.0,18.0,49.0,0.008042961088223777,2.8141698042120584,24.0,-0.022888771650530725,0.025242606823655936,0.0004621971001532359
1.0,19.0,49.0,0.0,2.7612108185127324,24.0,-0.022003241794827953,0.025108120067955698,0.0004484436299624009
1.0,20.0,49.0,0.0001140803164827453,2.113614080316483,24.0,-0.011174744259313233,0.025110027610648584,0.00023608955457728092
1.0,21.0,49.0,0.0001140803164827453,1.4631140803164828,24.0,-0.0002977011375831929,0.025110027610648584,4.798074128838994e-6
1.0,22.0,49.0,0.0001140803164827453,0.8126140803164827,24.0,0.010579341984146848,0.025110027610648584,-0.0002262072367603883
1.0,23.0,49.0,0.0,0.16501734212023322,24.0,0.021407839519661565,0.025108120067955698,-0.00043732433987188487
1.0,24.0,49.0,0.008042961088223777,0.11205835642090678,24.0,0.022293369375364348,0.025242606823655936,-0.0004510081210430814
1.0,25.0,49.0,0.0310574713394014,0.06689246190843257,24.0,0.02304859056251837,0.025627433603713674,-0.0004585232383289086
1.0,26.0,49.0,0.06689246190843257,0.0310574713394014,24.0,0.02364778923690137,0.026226632278096674,-0.0004602812135472757
1.0,27.0,49.0,0.11205835642090678,0.008042961088223777,24.0,0.024032616016959104,0.026981853465250696,-0.0004562903930876793
1.0,28.0,49.0,0.16501734212023322,0.0,24.0,0.024167102772659346,0.027867383320953475,-0.0004463542559658102
1.0,29.0,49.0,0.8126140803164827,0.0001140803164827453,24.0,0.02416519522996646,0.0386958808564682,-0.0002815212025650522
1.0,30.0,49.0,1.4631140803164828,0.0001140803164827453,24.0,0.02416519522996646,0.049572923978198236,-0.00010004003676189385
1.0,31.0,49.0,2.113614080316483,0.0001140803164827453,24.0,0.02416519522996646,0.060449967099928274,6.537948146449934e-5
1.0,32.0,49.0,2.7612108185127324,0.0,24.0,0.024167102772659346,0.07127846463544299,0.00018071895785407287
1.0,33.0,49.0,2.814169804212059,0.008042961088223777,24.0,0.024032616016959104,0.07216399449114577,0.0002099083919304359
1.0,34.0,49.0,2.859335698724533,0.0310574713394014,24.0,0.02364778923690137,0.0729192156782998,0.00023475459419322053
1.0,35.0,49.0,2.8951706892935642,0.06689246190843257,24.0,0.02304859056251837,0.0735184143526828,0.00027300858134260815
1.0,36.0,49.0,2.918185199544742,0.11205835642090678,24.0,0.022293369375364348,0.07390324113274054,0.0003243361502857307
1.0,37.0,49.0,2.9262281606329656,0.16501734212023322,24.0,0.021407839519661565,0.07403772788844078,0.000387829643361701
1.0,38.0,49.0,2.926114080316483,0.29986408031648293,24.0,0.019153060447893312,0.07403582034574789,0.00046874395555516953
1.0,39.0,49.0,2.926114080316483,0.43761408031648275,24.0,0.016849735789909746,0.07403582034574789,0.0005952920423193397
1.0,40.0,49.0,2.926114080316483,0.5753640803164828,24.0,0.014546411131926174,0.07403582034574789,0.0007237992940689578
1.0,41.0,49.0,2.926114080316483,0.7131140803164828,24.0,0.012243086473942602,0.07403582034574789,0.0008380563995722006
2.0,1.0,49.0,5.9261140803164825,2.213114080316483,24.0,-0.012838488749108987,0.12419897079185106,-0.0009581737933180576
2.0,2.0,49.0,5.9261140803164825,2.350864080316483,24.0,-0.01514181340709256,0.12419897079185106,-0.0007624420111098692
2.0,3.0,49.0,5.9261140803164825,2.488614080316483,24.0,-0.01744513806507613,0.12419897079185106,-0.0005591549052429598
2.0,4.0,49.0,5.9261140803164825,2.626364080316483,24.0,-0.019748462723059704,0.12419897079185106,-0.00034968590547013574
2.0,5.0,49.0,5.926228160632966,2.7612108185127324,24.0,-0.022003241794827953,0.12420087833454395,-0.0001411974960104097
2.0,6.0,49.0,5.918185199544742,2.8141698042120584,24.0,-0.022888771650530725,0.12406639157884371,-5.6621851879355704e-5
2.0,7.0,49.0,5.895170689293565,2.859335698724533,24.0,-0.023643992837684757,0.12368156479878599,2.0893111666481334e-5
2.0,8.0,49.0,5.859335698724533,2.8951706892935642,24.0,-0.024243191512067757,0.12308236612440297,8.919280903419635e-5
2.0,9.0,49.0,5.814169804212058,2.918185199544742,24.0,-0.024628018292125492,0.12232714493724896,0.00014272635720534115
2.0,10.0,49.0,5.7612108185127315,2.9262281606329656,24.0,-0.024762505047825734,0.12144161508154616,0.00017834813734766714
2.0,11.0,49.0,5.1136140803164825,2.926114080316483,24.0,-0.024760597505132844,0.11061311754603145,0.0004557487625040321
2.0,12.0,49.0,4.463114080316483,2.926114080316483,24.0,-0.024760597505132844,0.09973607442430144,0.0006945098156157704
2.0,13.0,49.0,3.8126140803164827,2.926114080316483,24.0,-0.024760597505132844,0.08885903130257138,0.0007879848442044887
2.0,14.0,49.0,3.1650173421202332,2.9262281606329656,24.0,-0.024762505047825734,0.07803053376705665,0.000789635570986156
2.0,15.0,49.0,3.112058356420907,2.918185199544742,24.0,-0.024628018292125492,0.07714500391135387,0.0007928687932468917
2.0,16.0,49.0,3.0668924619084326,2.8951706892935642,24.0,-0.024243191512067757,0.07638978272419986,0.000793607470238405
2.0,17.0,49.0,3.0310574713394014,2.859335698724533,24.0,-0.023643992837684757,0.07579058404981685,0.000793503506220598
2.0,18.0,49.0,3.0080429610882238,2.8141698042120584,24.0,-0.022888771650530725,0.07540575726975912,0.0007921826433186326
2.0,19.0,49.0,3.0,2.7612108185127324,24.0,-0.022003241794827953,0.07527127051405888,0.0007061460380592972
2.0,20.0,49.0,3.0001140803164827,2.113614080316483,24.0,-0.011174744259313233,0.07527317805675177,0.00043626105386369087
2.0,21.0,49.0,3.0001140803164827,1.4631140803164828,24.0,-0.0002977011375831929,0.07527317805675177,1.4847034932552136e-5
2.0,22.0,49.0,3.0001140803164827,0.8126140803164827,24.0,0.010579341984146848,0.07527317805675177,-0.0003835920584144078
2.0,23.0,49.0,3.0,0.16501734212023322,24.0,0.021407839519661565,0.07527127051405888,-0.0006744426509223521
2.0,24.0,49.0,3.0080429610882238,0.11205835642090678,24.0,0.022293369375364348,0.07540575726975912,-0.0007014946743466696
2.0,25.0,49.0,3.0310574713394014,0.06689246190843257,24.0,0.02304859056251837,0.07579058404981685,-0.0007264653915120481
2.0,26.0,49.0,3.0668924619084326,0.0310574713394014,24.0,0.02364778923690137,0.07638978272419986,-0.000744743660053766
2.0,27.0,49.0,3.112058356420907,0.008042961088223777,24.0,0.024032616016959104,0.07714500391135387,-0.0007541895864337553
2.0,28.0,49.0,3.1650173421202332,0.0,24.0,0.024167102772659346,0.07803053376705665,-0.0007581164755651201
2.0,29.0,49.0,3.8126140803164827,0.0001140803164827453,24.0,0.02416519522996646,0.08885903130257138,-0.000776534814787457
2.0,30.0,49.0,4.463114080316483,0.0001140803164827453,24.0,0.02416519522996646,0.09973607442430144,-0.0006889462303615847
2.0,31.0,49.0,5.1136140803164825,0.0001140803164827453,24.0,0.02416519522996646,0.11061311754603145,-0.00045825239075342384
2.0,32.0,49.0,5.761210818512732,0.0,24.0,0.024167102772659346,0.12144161508154616,-0.00018881438065104607
2.0,33.0,49.0,5.814169804212058,0.008042961088223777,24.0,0.024032616016959104,0.12232714493724896,-0.00015394357405526616
2.0,34.0,49.0,5.859335698724533,0.0310574713394014,24.0,0.02364778923690137,0.12308236612440297,-0.0001010585306302229
2.0,35.0,49.0,5.895170689293565,0.06689246190843257,24.0,0.02304859056251837,0.12368156479878599,-3.324111006707124e-5
2.0,36.0,49.0,5.918185199544742,0.11205835642090678,24.0,0.022293369375364348,0.12406639157884371,4.401389930704532e-5
2.0,37.0,49.0,5.926228160632966,0.16501734212023322,24.0,0.021407839519661565,0.12420087833454395,0.00012860218262520658
2.0,38.0,49.0,5.9261140803164825,0.29986408031648293,24.0,0.019153060447893312,0.12419897079185106,0.0003373900152699699
2.0,39.0,49.0,5.9261140803164825,0.43761408031648275,24.0,0.016849735789909746,0.12419897079185106,0.0005470346013030038
2.0,40.0,49.0,5.9261140803164825,0.5753640803164828,24.0,0.014546411131926174,0.12419897079185106,0.0007504158627791305
2.0,41.0,49.0,5.9261140803164825,0.7131140803164828,24.0,0.012243086473942602,0.12419897079185106,0.0009461863891915098
1.0,1.0,50.0,2.926114080316483,2.213114080316483,24.5,-0.012738678181842478,0.07353811413144223,-0.001285022487089622
1.0,2.0,50.0,2.926114080316483,2.350864080316483,24.5,-0.01502456006518636,0.07353811413144223,-0.0011193259352286146
1.0,3.0,50.0,2.926114080316483,2.488614080316483,24.5,-0.017310441948530243,0.07353811413144223,-0.0009536271415624087
1.0,4.0,50.0,2.926114080316483,2.626364080316483,24.5,-0.019596323831874124,0.07353811413144223,-0.0007941156805558343
1.0,5.0,50.0,2.9262281606329656,2.7612108185127324,24.5,-0.02183402775834107,0.07354000722856524,-0.0006312228798552635
1.0,6.0,50.0,2.918185199544742,2.8141698042120584,24.5,-0.022712851612935313,0.0734065389233746,-0.0005512550039319703
1.0,7.0,50.0,2.8951706892935642,2.859335698724533,24.5,-0.023462353609386033,0.07302462638589947,-0.0004997062690586618
1.0,8.0,50.0,2.859335698724533,2.8951706892935642,24.5,-0.02405701463103066,0.07242996536425485,-0.00044599577174879765
1.0,9.0,50.0,2.814169804212059,2.918185199544742,24.5,-0.02443892716850579,0.07168046336780413,-0.00039603614770290037
1.0,10.0,50.0,2.761210818512732,2.9262281606329656,24.5,-0.024572395473696426,0.07080163951320988,-0.00037048432545036753
1.0,11.0,50.0,2.113614080316483,2.926114080316483,24.5,-0.02457050237657342,0.06005514476507633,-0.0001238923866711054
1.0,12.0,50.0,1.4631140803164828,2.926114080316483,24.5,-0.02457050237657342,0.04926047206006584,0.00011448311946900642
1.0,13.0,50.0,0.8126140803164827,2.926114080316483,24.5,-0.02457050237657342,0.038465799355055355,0.00036037731401065314
1.0,14.0,50.0,0.16501734212023322,2.9262281606329656,24.5,-0.024572395473696426,0.0277193046069218,0.0005946772553418521
1.0,15.0,50.0,0.11205835642090678,2.918185199544742,24.5,-0.02443892716850579,0.02684048075232755,0.000610095218161754
1.0,16.0,50.0,0.06689246190843257,2.8951706892935642,24.5,-0.02405701463103066,0.026090978755876838,0.0006171425805022775
1.0,17.0,50.0,0.0310574713394014,2.859335698724533,24.5,-0.023462353609386033,0.025496317734232214,0.0006158101693108049
1.0,18.0,50.0,0.008042961088223777,2.8141698042120584,24.5,-0.022712851612935313,0.025114405196757086,0.0006058547643545435
1.0,19.0,50.0,0.0,2.7612108185127324,24.5,-0.02183402775834107,0.024980936891566444,0.0005866595480988439
1.0,20.0,50.0,0.0001140803164827453,2.113614080316483,24.5,-0.011087533010207517,0.02498282998868945,0.00030279749726596646
1.0,21.0,50.0,0.0001140803164827453,1.4631140803164828,24.5,-0.00029286030519702925,0.02498282998868945,5.884357036459108e-6
1.0,22.0,50.0,0.0001140803164827453,0.8126140803164827,24.5,0.01050181239981346,0.02498282998868945,-0.00029066865741501913
1.0,23.0,50.0,0.0,0.16501734212023322,24.5,0.021248307147947013,0.024980936891566444,-0.0005732099403934304
1.0,24.0,50.0,0.008042961088223777,0.11205835642090678,24.5,0.022127131002541264,0.025114405196757086,-0.0005923913651991167
1.0,25.0,50.0,0.0310574713394014,0.06689246190843257,24.5,0.022876632998991973,0.025496317734232214,-0.000602612016723547
1.0,26.0,50.0,0.06689246190843257,0.0310574713394014,24.5,0.0234712940206366,0.026090978755876838,-0.0006044432256155216
1.0,27.0,50.0,0.11205835642090678,0.008042961088223777,24.5,0.02385320655811173,0.02684048075232755,-0.0005980623560474274
1.0,28.0,50.0,0.16501734212023322,0.0,24.5,0.023986674863302367,0.0277193046069218,-0.0005834336641809013
1.0,29.0,50.0,0.8126140803164827,0.0001140803164827453,24.5,0.023984781766179363,0.038465799355055355,-0.0003582702874622714
1.0,30.0,50.0,1.4631140803164828,0.0001140803164827453,24.5,0.023984781766179363,0.04926047206006584,-0.00012103625603120848
1.0,31.0,50.0,2.113614080316483,0.0001140803164827453,24.5,0.023984781766179363,0.06005514476507633,0.00010827687172865033
1.0,32.0,50.0,2.7612108185127324,0.0,24.5,0.023986674863302367,0.07080163951320989,0.0003384347131472704
1.0,33.0,50.0,2.814169804212059,0.008042961088223777,24.5,0.02385320655811173,0.07168046336780413,0.0003634240149192674
1.0,34.0,50.0,2.859335698724533,0.0310574713394014,24.5,0.0234712940206366,0.07242996536425485,0.000412133305948801
1.0,35.0,50.0,2.8951706892935642,0.06689246190843257,24.5,0.022876632998991973,0.07302462638589947,0.0004696703457863816
1.0,36.0,50.0,2.918185199544742,0.11205835642090678,24.5,0.022127131002541264,0.0734065389233746,0.0005273767853495229
1.0,37.0,50.0,2.9262281606329656,0.16501734212023322,24.5,0.021248307147947013,0.07354000722856524,0.000582657570250702
1.0,38.0,50.0,2.926114080316483,0.29986408031648293,24.5,0.01901060322148006,0.07353811413144223,0.00075672399510384
1.0,39.0,50.0,2.926114080316483,0.43761408031648275,24.5,0.016724721338136184,0.07353811413144223,0.0009158019256377281
1.0,40.0,50.0,2.926114080316483,0.5753640803164828,24.5,0.014438839454792301,0.07353811413144223,0.0010774581607264722
1.0,41.0,50.0,2.926114080316483,0.7131140803164828,24.5,0.01215295757144842,0.07353811413144223,0.0012434510868830572
2.0,1.0,50.0,5.9261140803164825,2.213114080316483,24.5,-0.012738678181842478,0.12332138563802403,-0.0013627894846430161
2.0,2.0,50.0,5.9261140803164825,2.350864080316483,24.5,-0.01502456006518636,0.12332138563802403,-0.0010697101470306602
2.0,3.0,50.0,5.9261140803164825,2.488614080316483,24.5,-0.017310441948530243,0.12332138563802403,-0.0007750367732992101
2.0,4.0,50.0,5.9261140803164825,2.626364080316483,24.5,-0.019596323831874124,0.12332138563802403,-0.00047825170243912576
2.0,5.0,50.0,5.926228160632966,2.7612108185127324,24.5,-0.02183402775834107,0.12332327873514703,-0.00018592231729560406
2.0,6.0,50.0,5.918185199544742,2.8141698042120584,24.5,-0.022712851612935313,0.12318981042995639,-6.737021556383212e-5
2.0,7.0,50.0,5.895170689293565,2.859335698724533,24.5,-0.023462353609386033,0.12280789789248128,4.107204781024343e-5
2.0,8.0,50.0,5.859335698724533,2.8951706892935642,24.5,-0.02405701463103066,0.12221323687083664,0.00013558897219679084
2.0,9.0,50.0,5.814169804212058,2.918185199544742,24.5,-0.02443892716850579,0.12146373487438593,0.0002073556143024455
2.0,10.0,50.0,5.7612108185127315,2.9262281606329656,24.5,-0.024572395473696426,0.12058491101979167,0.000251748073302462
2.0,11.0,50.0,5.1136140803164825,2.926114080316483,24.5,-0.02457050237657342,0.10983841627165813,0.0005917121477750793
2.0,12.0,50.0,4.463114080316483,2.926114080316483,24.5,-0.02457050237657342,0.09904374356664765,0.0008971580727203522
2.0,13.0,50.0,3.8126140803164827,2.926114080316483,24.5,-0.02457050237657342,0.08824907086163715,0.0011312437261355069
2.0,14.0,50.0,3.1650173421202332,2.9262281606329656,24.5,-0.024572395473696426,0.0775025761135036,0.0013696855950674858
2.0,15.0,50.0,3.112058356420907,2.918185199544742,24.5,-0.02443892716850579,0.07662375225890934,0.0013877285635730957
2.0,16.0,50.0,3.0668924619084326,2.8951706892935642,24.5,-0.02405701463103066,0.07587425026245864,0.001381352136737889
2.0,17.0,50.0,3.0310574713394014,2.859335698724533,24.5,-0.023462353609386033,0.07527958924081402,0.0013480977364255073
2.0,18.0,50.0,3.0080429610882238,2.8141698042120584,24.5,-0.022712851612935313,0.07489767670333888,0.0012930082046270712
2.0,19.0,50.0,3.0,2.7612108185127324,24.5,-0.02183402775834107,0.07476420839814825,0.001267861491467429
2.0,20.0,50.0,3.0001140803164827,2.113614080316483,24.5,-0.011087533010207517,0.07476610149527124,0.0006374124764383889
2.0,21.0,50.0,3.0001140803164827,1.4631140803164828,24.5,-0.00029286030519702925,0.07476610149527124,2.0932116348156382e-5
2.0,22.0,50.0,3.0001140803164827,0.8126140803164827,24.5,0.01050181239981346,0.07476610149527124,-0.0005952309805636617
2.0,23.0,50.0,3.0,0.16501734212023322,24.5,0.021248307147947013,0.07476420839814825,-0.0012184698701800728
2.0,24.0,50.0,3.0080429610882238,0.11205835642090678,24.5,0.022127131002541264,0.07489767670333888,-0.0012742032637287433
2.0,25.0,50.0,3.0310574713394014,0.06689246190843257,24.5,0.022876632998991973,0.07527958924081402,-0.0013150600232727167
2.0,26.0,50.0,3.0668924619084326,0.0310574713394014,24.5,0.0234712940206366,0.07587425026245864,-0.0013403433784130315
2.0,27.0,50.0,3.112058356420907,0.008042961088223777,24.5,0.02385320655811173,0.07662375225890934,-0.0013470192823454785
2.0,28.0,50.0,3.1650173421202332,0.0,24.5,0.023986674863302367,0.0775025761135036,-0.0013310522814893584
2.0,29.0,50.0,3.8126140803164827,0.0001140803164827453,24.5,0.023984781766179363,0.08824907086163715,-0.001114392890143715
2.0,30.0,50.0,4.463114080316483,0.0001140803164827453,24.5,0.023984781766179363,0.09904374356664765,-0.0008907586419722247
2.0,31.0,50.0,5.1136140803164825,0.0001140803164827453,24.5,0.023984781766179363,0.10983841627165813,-0.0005946407668436889
2.0,32.0,50.0,5.761210818512732,0.0,24.5,0.023986674863302367,0.12058491101979167,-0.00026451289008591546
2.0,33.0,50.0,5.814169804212058,0.008042961088223777,24.5,0.02385320655811173,0.12146373487438593,-0.0002209580695719735
2.0,34.0,50.0,5.859335698724533,0.0310574713394014,24.5,0.0234712940206366,0.12221323687083664,-0.00014990535200196372
2.0,35.0,50.0,5.895170689293565,0.06689246190843257,24.5,0.022876632998991973,0.12280789789248128,-5.594065861591717e-5
2.0,36.0,50.0,5.918185199544742,0.11205835642090678,24.5,0.022127131002541264,0.12318981042995639,5.218268094959766e-5
2.0,37.0,50.0,5.926228160632966,0.16501734212023322,24.5,0.021248307147947013,0.12332327873514703,0.00017069520708477623
2.0,38.0,50.0,5.9261140803164825,0.29986408031648293,24.5,0.01901060322148006,0.12332138563802403,0.0004632711101407301
2.0,39.0,50.0,5.9261140803164825,0.43761408031648275,24.5,0.016724721338136184,0.12332138563802403,0.0007602358869035812
2.0,40.0,50.0,5.9261140803164825,0.5753640803164828,24.5,0.014438839454792301,0.12332138563802403,0.0010550144502411533
2.0,41.0,50.0,5.9261140803164825,0.7131140803164828,24.5,0.01215295757144842,0.12332138563802403,0.001348131306615534
1.0,1.0,51.0,2.926114080316483,2.213114080316483,25.0,-0.012599884465434499,0.07284586332442257,-0.0016982548569916714
1.0,2.0,51.0,2.926114080316483,2.350864080316483,25.0,-0.01486113558609532,0.07284586332442257,-0.001481674187070732
1.0,3.0,51.0,2.926114080316483,2.488614080316483,25.0,-0.017122386706756143,0.07284586332442257,-0.0012672834149419876
1.0,4.0,51.0,2.926114080316483,2.626364080316483,25.0,-0.019383637827416967,0.07284586332442257,-0.0010514922145046306
1.0,5.0,51.0,2.9262281606329656,2.7612108185127324,25.0,-0.021597230116808804,0.0728477360231049,-0.0008445602255169932
1.0,6.0,51.0,2.918185199544742,2.8141698042120584,25.0,-0.022466584496203805,0.07271570586140488,-0.0007671849148659035
1.0,7.0,51.0,2.8951706892935642,2.859335698724533,25.0,-0.023208010482279898,0.07233790849590989,-0.0006792701353165737
1.0,8.0,51.0,2.859335698724533,2.8951706892935642,25.0,-0.023796263931158967,0.07174965504703082,-0.0006041202697708652
1.0,9.0,51.0,2.814169804212059,2.918185199544742,25.0,-0.024174061296653962,0.07100822906095473,-0.0005486520583680143
1.0,10.0,51.0,2.761210818512732,2.9262281606329656,25.0,-0.024306091458353978,0.07013887468155973,-0.0005059606803054559
1.0,11.0,51.0,2.113614080316483,2.926114080316483,25.0,-0.02430421875967164,0.05950817522615093,-0.0001793621169450775
1.0,12.0,51.0,1.4631140803164828,2.926114080316483,25.0,-0.02430421875967164,0.04882981693947314,0.00013330963882314707
1.0,13.0,51.0,0.8126140803164827,2.926114080316483,25.0,-0.02430421875967164,0.03815145865279535,0.00044020984550078766
1.0,14.0,51.0,0.16501734212023322,2.9262281606329656,25.0,-0.024306091458353978,0.02752075919738655,0.0007387826152966044
1.0,15.0,51.0,0.11205835642090678,2.918185199544742,25.0,-0.024174061296653962,0.026651404817991543,0.0007590135472366629
1.0,16.0,51.0,0.06689246190843257,2.8951706892935642,25.0,-0.023796263931158967,0.025909978831915457,0.0007684651052083385
1.0,17.0,51.0,0.0310574713394014,2.859335698724533,25.0,-0.023208010482279898,0.025321725383036387,0.0007670550654909516
1.0,18.0,51.0,0.008042961088223777,2.8141698042120584,25.0,-0.022466584496203805,0.024943928017541393,0.0007544387224163829
1.0,19.0,51.0,0.0,2.7612108185127324,25.0,-0.021597230116808804,0.024811897855841376,0.000729846115348912
1.0,20.0,51.0,0.0001140803164827453,2.113614080316483,25.0,-0.010966530661400003,0.024813770554523714,0.0003722072072419169
1.0,21.0,51.0,0.0001140803164827453,1.4631140803164828,25.0,-0.0002881723747222158,0.024813770554523714,6.911360094368472e-6
1.0,22.0,51.0,0.0001140803164827453,0.8126140803164827,25.0,0.010390185911955572,0.024813770554523714,-0.0003580011429932678
1.0,23.0,51.0,0.0,0.16501734212023322,25.0,0.021020885367364375,0.024811897855841376,-0.0007144580455786643
1.0,24.0,51.0,0.008042961088223777,0.11205835642090678,25.0,0.021890239746759382,0.024943928017541393,-0.0007390765317257357
1.0,25.0,51.0,0.0310574713394014,0.06689246190843257,25.0,0.022631665732835468,0.025321725383036387,-0.0007520110170325312
1.0,26.0,51.0,0.06689246190843257,0.0310574713394014,25.0,0.023219919181714538,0.025909978831915457,-0.000753984371441457
1.0,27.0,51.0,0.11205835642090678,0.008042961088223777,25.0,0.02359771654720953,0.026651404817991543,-0.0007452734636056867
1.0,28.0,51.0,0.16501734212023322,0.0,25.0,0.02372974670890955,0.02752075919738655,-0.0007259220053091167
1.0,29.0,51.0,0.8126140803164827,0.0001140803164827453,25.0,0.02372787401022721,0.03815145865279535,-0.00043782142877627324
1.0,30.0,51.0,1.4631140803164828,0.0001140803164827453,25.0,0.02372787401022721,0.04882981693947314,-0.0001411162579449186
1.0,31.0,51.0,2.113614080316483,0.0001140803164827453,25.0,0.02372787401022721,0.05950817522615093,0.00015984933021388558
1.0,32.0,51.0,2.7612108185127324,0.0,25.0,0.02372974670890955,0.07013887468155973,0.0004721799346457965
1.0,33.0,51.0,2.814169804212059,0.008042961088223777,25.0,0.02359771654720953,0.07100822906095473,0.000513543617240016
1.0,34.0,51.0,2.859335698724533,0.0310574713394014,25.0,0.023219919181714538,0.07174965504703082,0.0005684812124324469
1.0,35.0,51.0,2.8951706892935642,0.06689246190843257,25.0,0.022631665732835468,0.07233790849590989,0.0006393681999463115
1.0,36.0,51.0,2.918185199544742,0.11205835642090678,25.0,0.021890239746759382,0.07271570586140488,0.0007216983210116955
1.0,37.0,51.0,2.9262281606329656,0.16501734212023322,25.0,0.021020885367364375,0.0728477360231049,0.0008118242354802149
1.0,38.0,51.0,2.926114080316483,0.29986408031648293,25.0,0.01880729307797253,0.07284586332442257,0.0010109501776816544
1.0,39.0,51.0,2.926114080316483,0.43761408031648275,25.0,0.016546041957311713,0.07284586332442257,0.0012263316770996173
1.0,40.0,51.0,2.926114080316483,0.5753640803164828,25.0,0.01428479083665089,0.07284586332442257,0.001441797679784837
1.0,41.0,51.0,2.926114080316483,0.7131140803164828,25.0,0.012023539715990066,0.07284586332442257,0.0016575294476401914
2.0,1.0,51.0,5.9261140803164825,2.213114080316483,25.0,-0.012599884465434499,0.12209271168727169,-0.0017778150757103892
2.0,2.0,51.0,5.9261140803164825,2.350864080316483,25.0,-0.01486113558609532,0.12209271168727169,-0.0013908612760909175
2.0,3.0,51.0,5.9261140803164825,2.488614080316483,25.0,-0.017122386706756143,0.12209271168727169,-0.0010036147319182843
2.0,4.0,51.0,5.9261140803164825,2.626364080316483,25.0,-0.019383637827416967,0.12209271168727169,-0.0006160834188264929
2.0,5.0,51.0,5.926228160632966,2.7612108185127324,25.0,-0.021597230116808804,0.12209458438595402,-0.00023634490762004858
2.0,6.0,51.0,5.918185199544742,2.8141698042120584,25.0,-0.022466584496203805,0.121962554224254,-8.271702576538704e-5
2.0,7.0,51.0,5.895170689293565,2.859335698724533,25.0,-0.023208010482279898,0.12158475685875904,5.749602938192356e-5
2.0,8.0,51.0,5.859335698724533,2.8951706892935642,25.0,-0.023796263931158967,0.12099650340987994,0.00017915566321767274
2.0,9.0,51.0,5.814169804212058,2.918185199544742,25.0,-0.024174061296653962,0.12025507742380387,0.00027086666596871196
2.0,10.0,51.0,5.7612108185127315,2.9262281606329656,25.0,-0.024306091458353978,0.11938572304440885,0.00032612772921182065
2.0,11.0,51.0,5.1136140803164825,2.926114080316483,25.0,-0.02430421875967164,0.10875502358900005,0.0007317360878673751
2.0,12.0,51.0,4.463114080316483,2.926114080316483,25.0,-0.02430421875967164,0.09807666530232229,0.001120927026853304
2.0,13.0,51.0,3.8126140803164827,2.926114080316483,25.0,-0.02430421875967164,0.08739830701564448,0.0014884343421917925
2.0,14.0,51.0,3.1650173421202332,2.9262281606329656,25.0,-0.024306091458353978,0.07676760756023568,0.001887526963484723
2.0,15.0,51.0,3.112058356420907,2.918185199544742,25.0,-0.024174061296653962,0.07589825318084067,0.0019089081230961773
2.0,16.0,51.0,3.0668924619084326,2.8951706892935642,25.0,-0.023796263931158967,0.07515682719476459,0.0019032045086301592
2.0,17.0,51.0,3.0310574713394014,2.859335698724533,25.0,-0.023208010482279898,0.07456857374588552,0.001877652212308073
2.0,18.0,51.0,3.0080429610882238,2.8141698042120584,25.0,-0.022466584496203805,0.07419077638039052,0.0018346448882253863
2.0,19.0,51.0,3.0,2.7612108185127324,25.0,-0.021597230116808804,0.0740587462186905,0.0017480332003411952
2.0,20.0,51.0,3.0001140803164827,2.113614080316483,25.0,-0.010966530661400003,0.07406061891737284,0.0008683279185040739
2.0,21.0,51.0,3.0001140803164827,1.4631140803164828,25.0,-0.0002881723747222158,0.07406061891737284,2.1424481420952748e-5
2.0,22.0,51.0,3.0001140803164827,0.8126140803164827,25.0,0.010390185911955572,0.07406061891737284,-0.0008236135790769431
2.0,23.0,51.0,3.0,0.16501734212023322,25.0,0.021020885367364375,0.0740587462186905,-0.0017080737081735017
2.0,24.0,51.0,3.0080429610882238,0.11205835642090678,25.0,0.021890239746759382,0.07419077638039052,-0.0017798076553120178
2.0,25.0,51.0,3.0310574713394014,0.06689246190843257,25.0,0.022631665732835468,0.07456857374588552,-0.0018333368904768074
2.0,26.0,51.0,3.0668924619084326,0.0310574713394014,25.0,0.023219919181714538,0.07515682719476459,-0.0018651860679213096
2.0,27.0,51.0,3.112058356420907,0.008042961088223777,25.0,0.02359771654720953,0.07589825318084067,-0.001871317898361167
2.0,28.0,51.0,3.1650173421202332,0.0,25.0,0.02372974670890955,0.07676760756023568,-0.0018502006414643237
2.0,29.0,51.0,3.8126140803164827,0.0001140803164827453,25.0,0.02372787401022721,0.08739830701564448,-0.0014674019728408377
2.0,30.0,51.0,4.463114080316483,0.0001140803164827453,25.0,0.02372787401022721,0.09807666530232229,-0.0011133938601868194
2.0,31.0,51.0,5.1136140803164825,0.0001140803164827453,25.0,0.02372787401022721,0.10875502358900005,-0.0007352032818607313
2.0,32.0,51.0,5.761210818512732,0.0,25.0,0.02372974670890955,0.11938572304440885,-0.00034077017656844254
2.0,33.0,51.0,5.814169804212058,0.008042961088223777,25.0,0.02359771654720953,0.12025507742380387,-0.00028644815903787355
2.0,34.0,51.0,5.859335698724533,0.0310574713394014,25.0,0.023219919181714538,0.12099650340987994,-0.00019553320567967122
2.0,35.0,51.0,5.895170689293565,0.06689246190843257,25.0,0.022631665732835468,0.12158475685875904,-7.448935313478493e-5
2.0,36.0,51.0,5.918185199544742,0.11205835642090678,25.0,0.021890239746759382,0.121962554224254,6.535234836846439e-5
2.0,37.0,51.0,5.926228160632966,0.16501734212023322,25.0,0.021020885367364375,0.12209458438595402,0.0002188985555888362
2.0,38.0,51.0,5.9261140803164825,0.29986408031648293,25.0,0.01880729307797253,0.12209271168727169,0.0005988036246193689
2.0,39.0,51.0,5.9261140803164825,0.43761408031648275,25.0,0.016546041957311713,0.12209271168727169,0.0009864641883153345
2.0,40.0,51.0,5.9261140803164825,0.5753640803164828,25.0,0.01428479083665089,0.12209271168727169,0.0013737907298818463
2.0,41.0,51.0,5.9261140803164825,0.7131140803164828,25.0,0.012023539715990066,0.12209271168727169,0.0017607727706311167
1.0,1.0,52.0,2.926114080316483,2.213114080316483,25.5,-0.01242272198530316,0.07196285186925744,-0.002104453792392008
1.0,2.0,52.0,2.926114080316483,2.350864080316483,25.5,-0.014652374886806627,0.07196285186925744,-0.0018359212686004218
1.0,3.0,52.0,2.926114080316483,2.488614080316483,25.5,-0.016882027788310095,0.07196285186925744,-0.001569882681435418
1.0,4.0,52.0,2.926114080316483,2.626364080316483,25.5,-0.019111680689813563,0.07196285186925744,-0.0013081820421753567
1.0,5.0,52.0,2.9262281606329656,2.7612108185127324,25.5,-0.02129434073393368,0.0719646983992658,-0.0010536902144197267
1.0,6.0,52.0,2.918185199544742,2.8141698042120584,25.5,-0.022151546948998527,0.0718345131976176,-0.0009444979468754882
1.0,7.0,52.0,2.8951706892935642,2.859335698724533,25.5,-0.02288261241359917,0.07146199508830203,-0.0008486856840722808
1.0,8.0,52.0,2.859335698724533,2.8951706892935642,25.5,-0.023462645739897463,0.07088196176200375,-0.0007586274478787886
1.0,9.0,52.0,2.814169804212059,2.918185199544742,25.5,-0.02383516384921303,0.0701508962974031,-0.0006833359487260367
1.0,10.0,52.0,2.761210818512732,2.9262281606329656,25.5,-0.023965349050861215,0.06929369008233825,-0.0006350249926335633
1.0,11.0,52.0,2.113614080316483,2.926114080316483,25.5,-0.023963502520852865,0.05881154165167801,-0.00023106197049489123
1.0,12.0,52.0,1.4631140803164828,2.926114080316483,25.5,-0.023963502520852865,0.04828240036363442,0.00015159649092523375
1.0,13.0,52.0,0.8126140803164827,2.926114080316483,25.5,-0.023963502520852865,0.037753259075590816,0.0005221738718164604
1.0,14.0,52.0,0.16501734212023322,2.9262281606329656,25.5,-0.023965349050861215,0.027271110644930572,0.000885229058860057
1.0,15.0,52.0,0.11205835642090678,2.918185199544742,25.5,-0.02383516384921303,0.026413904429865718,0.0009102106218736696
1.0,16.0,52.0,0.06689246190843257,2.8951706892935642,25.5,-0.023462645739897463,0.025682838965265083,0.0009220292881158333
1.0,17.0,52.0,0.0310574713394014,2.859335698724533,25.5,-0.02288261241359917,0.02510280563896679,0.0009205163774362813
1.0,18.0,52.0,0.008042961088223777,2.8141698042120584,25.5,-0.022151546948998527,0.024730287529651222,0.0009052137231696675
1.0,19.0,52.0,0.0,2.7612108185127324,25.5,-0.02129434073393368,0.024600102328003037,0.0008751974744912564
1.0,20.0,52.0,0.0001140803164827453,2.113614080316483,25.5,-0.010812192303273434,0.024601948858011386,0.00044319457397625997
1.0,21.0,52.0,0.0001140803164827453,1.4631140803164828,25.5,-0.00028305101522983805,0.024601948858011386,7.87309874451206e-6
1.0,22.0,52.0,0.0001140803164827453,0.8126140803164827,25.5,0.010246090272813757,0.024601948858011386,-0.0004270955306332691
1.0,23.0,52.0,0.0,0.16501734212023322,25.5,0.020728238703474004,0.024600102328003037,-0.0008580568799407079
1.0,24.0,52.0,0.008042961088223777,0.11205835642090678,25.5,0.02158544491853886,0.024730287529651222,-0.0008881207614005369
1.0,25.0,52.0,0.0310574713394014,0.06689246190843257,25.5,0.022316510383139494,0.02510280563896679,-0.0009037885663938859
1.0,26.0,52.0,0.06689246190843257,0.0310574713394014,25.5,0.022896543709437785,0.025682838965265083,-0.0009059342859926588
1.0,27.0,52.0,0.11205835642090678,0.008042961088223777,25.5,0.023269061818753354,0.026413904429865718,-0.0008949418106953291
1.0,28.0,52.0,0.16501734212023322,0.0,25.5,0.02339924702040154,0.027271110644930572,-0.0008709367203570115
1.0,29.0,52.0,0.8126140803164827,0.0001140803164827453,25.5,0.02339740049039319,0.037753259075590816,-0.0005195456940645501
1.0,30.0,52.0,1.4631140803164828,0.0001140803164827453,25.5,0.02339740049039319,0.04828240036363442,-0.00016070866013348975
1.0,31.0,52.0,2.113614080316483,0.0001140803164827453,25.5,0.02339740049039319,0.05881154165167801,0.00020915469327688983
1.0,32.0,52.0,2.7612108185127324,0.0,25.5,0.02339924702040154,0.06929369008233825,0.0005984866273205843
1.0,33.0,52.0,2.814169804212059,0.008042961088223777,25.5,0.023269061818753354,0.0701508962974031,0.0006453411810588264
1.0,34.0,52.0,2.859335698724533,0.0310574713394014,25.5,0.022896543709437785,0.07088196176200375,0.0007187998638219472
1.0,35.0,52.0,2.8951706892935642,0.06689246190843257,25.5,0.022316510383139494,0.07146199508830203,0.0008100328199086498
1.0,36.0,52.0,2.918185199544742,0.11205835642090678,25.5,0.02158544491853886,0.0718345131976176,0.0009083449234806609
1.0,37.0,52.0,2.9262281606329656,0.16501734212023322,25.5,0.020728238703474004,0.0719646983992658,0.0010098243325257072
1.0,38.0,52.0,2.926114080316483,0.29986408031648293,25.5,0.018545578659353884,0.07196285186925744,0.0012679029120831902
1.0,39.0,52.0,2.926114080316483,0.43761408031648275,25.5,0.01631592575785042,0.07196285186925744,0.0015289865208956682
1.0,40.0,52.0,2.926114080316483,0.5753640803164828,25.5,0.014086272856346952,0.07196285186925744,0.0017941750773800107
1.0,41.0,52.0,2.926114080316483,0.7131140803164828,25.5,0.011856619954843484,0.07196285186925744,0.0020631849357880994
2.0,1.0,52.0,5.9261140803164825,2.213114080316483,25.5,-0.01242272198530316,0.12052153574955073,-0.0021925176567750408
2.0,2.0,52.0,5.9261140803164825,2.350864080316483,25.5,-0.014652374886806627,0.12052153574955073,-0.0017126992115835272
2.0,3.0,52.0,5.9261140803164825,2.488614080316483,25.5,-0.016882027788310095,0.12052153574955073,-0.0012344035565683077
2.0,4.0,52.0,5.9261140803164825,2.626364080316483,25.5,-0.019111680689813563,0.12052153574955073,-0.0007569596924102989
2.0,5.0,52.0,5.926228160632966,2.7612108185127324,25.5,-0.02129434073393368,0.12052338227955907,-0.0002900383853789579
2.0,6.0,52.0,5.918185199544742,2.8141698042120584,25.5,-0.022151546948998527,0.1203931970779109,-0.00010129257256025811
2.0,7.0,52.0,5.895170689293565,2.859335698724533,25.5,-0.02288261241359917,0.12002067896859533,7.086479431324031e-5
2.0,8.0,52.0,5.859335698724533,2.8951706892935642,25.5,-0.023462645739897463,0.11944064564229703,0.00021993812090469986
2.0,9.0,52.0,5.814169804212058,2.918185199544742,25.5,-0.02383516384921303,0.1187095801776964,0.00033162296485351957
2.0,10.0,52.0,5.7612108185127315,2.9262281606329656,25.5,-0.023965349050861215,0.11785237396263154,0.0003978181521625377
2.0,11.0,52.0,5.1136140803164825,2.926114080316483,25.5,-0.023963502520852865,0.1073702255319713,0.00087583562686247
2.0,12.0,52.0,4.463114080316483,2.926114080316483,25.5,-0.023963502520852865,0.09684108424392772,0.0013541937614103422
2.0,13.0,52.0,3.8126140803164827,2.926114080316483,25.5,-0.023963502520852865,0.08631194295588411,0.0018408968534908592
2.0,14.0,52.0,3.1650173421202332,2.9262281606329656,25.5,-0.023965349050861215,0.07582979452522386,0.002373904666144958
2.0,15.0,52.0,3.112058356420907,2.918185199544742,25.5,-0.02383516384921303,0.074972588310159,0.0024061559096225176
2.0,16.0,52.0,3.0668924619084326,2.8951706892935642,25.5,-0.023462645739897463,0.07424152284555836,0.002401814867887588
2.0,17.0,52.0,3.0310574713394014,2.859335698724533,25.5,-0.02288261241359917,0.07366148951926008,0.0023611942044874687
2.0,18.0,52.0,3.0080429610882238,2.8141698042120584,25.5,-0.022151546948998527,0.07328897140994452,0.0022903084576986273
2.0,19.0,52.0,3.0,2.7612108185127324,25.5,-0.02129434073393368,0.07315878620829633,0.0022085084734713048
2.0,20.0,52.0,3.0001140803164827,2.113614080316483,25.5,-0.010812192303273434,0.07316063273830467,0.0010929574153823107
2.0,21.0,52.0,3.0001140803164827,1.4631140803164828,25.5,-0.00028305101522983805,0.07316063273830467,2.2366027106458946e-5
2.0,22.0,52.0,3.0001140803164827,0.8126140803164827,25.5,0.010246090272813757,0.07316063273830467,-0.0010489183313277365
2.0,23.0,52.0,3.0,0.16501734212023322,25.5,0.020728238703474004,0.07315878620829633,-0.0021640537299826563
2.0,24.0,52.0,3.0080429610882238,0.11205835642090678,25.5,0.02158544491853886,0.07328897140994452,-0.002254274987368177
2.0,25.0,52.0,3.0310574713394014,0.06689246190843257,25.5,0.022316510383139494,0.07366148951926008,-0.0023198351085040943
2.0,26.0,52.0,3.0668924619084326,0.0310574713394014,25.5,0.022896543709437785,0.07424152284555836,-0.0023584282474555527
2.0,27.0,52.0,3.112058356420907,0.008042961088223777,25.5,0.023269061818753354,0.074972588310159,-0.0023650884480049487
2.0,28.0,52.0,3.1650173421202332,0.0,25.5,0.02339924702040154,0.07582979452522386,-0.0023351057918857094
2.0,29.0,52.0,3.8126140803164827,0.0001140803164827453,25.5,0.02339740049039319,0.08631194295588411,-0.00181801678878996
2.0,30.0,52.0,4.463114080316483,0.0001140803164827453,25.5,0.02339740049039319,0.09684108424392772,-0.0013455043191998618
2.0,31.0,52.0,5.1136140803164825,0.0001140803164827453,25.5,0.02339740049039319,0.1073702255319713,-0.0008798106026642611
2.0,32.0,52.0,5.761210818512732,0.0,25.5,0.02339924702040154,0.11785237396263154,-0.0004141655489100368
2.0,33.0,52.0,5.814169804212058,0.008042961088223777,25.5,0.023269061818753354,0.1187095801776964,-0.00034900382669184185
2.0,34.0,52.0,5.859335698724533,0.0310574713394014,25.5,0.022896543709437785,0.11944064564229703,-0.00023819981685171672
2.0,35.0,52.0,5.895170689293565,0.06689246190843257,25.5,0.022316510383139494,0.12002067896859533,-8.981602694866317e-5
2.0,36.0,52.0,5.918185199544742,0.11205835642090678,25.5,0.02158544491853886,0.1203931970779109,8.19185716628376e-5
2.0,37.0,52.0,5.926228160632966,0.16501734212023322,25.5,0.020728238703474004,0.12052338227955907,0.00027055720417960106
2.0,38.0,52.0,5.9261140803164825,0.29986408031648293,25.5,0.018545578659353884,0.12052153574955073,0.0007376111686565557
2.0,39.0,52.0,5.9261140803164825,0.43761408031648275,25.5,0.01631592575785042,0.12052153574955073,0.0012151485969119956
2.0,40.0,52.0,5.9261140803164825,0.5753640803164828,25.5,0.014086272856346952,0.12052153574955073,0.0016935000207163676
2.0,41.0,52.0,5.9261140803164825,0.7131140803164828,25.5,0.011856619954843484,0.12052153574955073,0.0021733380391372984
1.0,1.0,53.0,2.926114080316483,2.213114080316483,26.0,-0.012208634121638081,0.07089454567198632,-0.0024950705771010252
1.0,2.0,53.0,2.926114080316483,2.350864080316483,26.0,-0.01439994820456455,0.07089454567198632,-0.002176765042629313
1.0,3.0,53.0,2.926114080316483,2.488614080316483,26.0,-0.01659126228749102,0.07089454567198632,-0.0018624163491583843
1.0,4.0,53.0,2.926114080316483,2.626364080316483,26.0,-0.018782576370417487,0.07089454567198632,-0.0015507339034595764
1.0,5.0,53.0,2.9262281606329656,2.7612108185127324,26.0,-0.020927705636814148,0.0708963604509634,-0.0012487813589207395
1.0,6.0,53.0,2.918185199544742,2.8141698042120584,26.0,-0.021770172215256504,0.07076841378017534,-0.001127176038729604
1.0,7.0,53.0,2.8951706892935642,2.859335698724533,26.0,-0.022488667029871075,0.07040230110921301,-0.001006289943247688
1.0,8.0,53.0,2.859335698724533,2.8951706892935642,26.0,-0.02305872669952955,0.06983224143955453,-0.0008983485780145813
1.0,9.0,53.0,2.814169804212059,2.918185199544742,26.0,-0.023424839370491883,0.06911374662493998,-0.0008138539561216636
1.0,10.0,53.0,2.761210818512732,2.9262281606329656,26.0,-0.023552786041279937,0.0682712800464976,-0.0007546344005895601
1.0,11.0,53.0,2.113614080316483,2.926114080316483,26.0,-0.023550971262302853,0.05796937186162149,-0.0002782238055175573
1.0,12.0,53.0,1.4631140803164828,2.926114080316483,26.0,-0.023550971262302853,0.04762127886021555,0.00017183414718656398
1.0,13.0,53.0,0.8126140803164827,2.926114080316483,26.0,-0.023550971262302853,0.03727318585880961,0.0006054719539092543
1.0,14.0,53.0,0.16501734212023322,2.9262281606329656,26.0,-0.023552786041279937,0.02697127767393348,0.0010321141792310527
1.0,15.0,53.0,0.11205835642090678,2.918185199544742,26.0,-0.023424839370491883,0.026128811095491117,0.0010616660554034138
1.0,16.0,53.0,0.06689246190843257,2.8951706892935642,26.0,-0.02305872669952955,0.025410316280876557,0.0010757109412500598
1.0,17.0,53.0,0.0310574713394014,2.859335698724533,26.0,-0.022488667029871075,0.024840256611218078,0.0010740232963298648
1.0,18.0,53.0,0.008042961088223777,2.8141698042120584,26.0,-0.021770172215256504,0.02447414394025575,0.0010560514292208972
1.0,19.0,53.0,0.0,2.7612108185127324,26.0,-0.020927705636814148,0.024346197269467695,0.0010207166822783055
1.0,20.0,53.0,0.0001140803164827453,2.113614080316483,26.0,-0.01062579745193802,0.024348012048444778,0.0005147198343809326
1.0,21.0,53.0,0.0001140803164827453,1.4631140803164828,26.0,-0.00027770445053208254,0.024348012048444778,8.765127144193531e-6
1.0,22.0,53.0,0.0001140803164827453,0.8126140803164827,26.0,0.010070388550873855,0.024348012048444778,-0.0004968763914165866
1.0,23.0,53.0,0.0,0.16501734212023322,26.0,0.020372296735749983,0.024346197269467695,-0.0010019766461220971
1.0,24.0,53.0,0.008042961088223777,0.11205835642090678,26.0,0.021214763314192347,0.02447414394025575,-0.0010373931383156068
1.0,25.0,53.0,0.0310574713394014,0.06689246190843257,26.0,0.02193325812880691,0.024840256611218078,-0.0010557770327060912
1.0,26.0,53.0,0.06689246190843257,0.0310574713394014,26.0,0.022503317798465386,0.025410316280876557,-0.0010581558325574484
1.0,27.0,53.0,0.11205835642090678,0.008042961088223777,26.0,0.02286943046942772,0.026128811095491117,-0.0010450049084067758
1.0,28.0,53.0,0.16501734212023322,0.0,26.0,0.022997377140215772,0.02697127767393348,-0.0010165095432186667
1.0,29.0,53.0,0.8126140803164827,0.0001140803164827453,26.0,0.022995562361238685,0.03727318585880961,-0.0006026670821711019
1.0,30.0,53.0,1.4631140803164828,0.0001140803164827453,26.0,0.022995562361238685,0.04762127886021555,-0.00018198953306673569
1.0,31.0,53.0,2.113614080316483,0.0001140803164827453,26.0,0.022995562361238685,0.05796937186162149,0.0002543102308197978
1.0,32.0,53.0,2.7612108185127324,0.0,26.0,0.022997377140215772,0.06827128004649761,0.000715950712444502
1.0,33.0,53.0,2.814169804212059,0.008042961088223777,26.0,0.02286943046942772,0.06911374662493998,0.0007741188024117528
1.0,34.0,53.0,2.859335698724533,0.0310574713394014,26.0,0.022503317798465386,0.06983224143955453,0.0008581813774942573
1.0,35.0,53.0,2.8951706892935642,0.06689246190843257,26.0,0.02193325812880691,0.07040230110921301,0.0009639781627397881
1.0,36.0,53.0,2.918185199544742,0.11205835642090678,26.0,0.021214763314192347,0.07076841378017534,0.001082330622443814
1.0,37.0,53.0,2.9262281606329656,0.16501734212023322,26.0,0.020372296735749983,0.0708963604509634,0.001207879153447938
1.0,38.0,53.0,2.926114080316483,0.29986408031648293,26.0,0.01822716746935332,0.07089454567198632,0.0015075280221235861
1.0,39.0,53.0,2.926114080316483,0.43761408031648275,26.0,0.016035853386426855,0.07089454567198632,0.001819362296727587
1.0,40.0,53.0,2.926114080316483,0.5753640803164828,26.0,0.013844539303500386,0.07089454567198632,0.0021339578851343258
1.0,41.0,53.0,2.926114080316483,0.7131140803164828,26.0,0.011653225220573916,0.07089454567198632,0.0024518953820442985
2.0,1.0,53.0,5.9261140803164825,2.213114080316483,26.0,-0.012208634121638081,0.11861826435641032,-0.00259795480689599
2.0,2.0,53.0,5.9261140803164825,2.350864080316483,26.0,-0.01439994820456455,0.11861826435641032,-0.0020286768117772935
2.0,3.0,53.0,5.9261140803164825,2.488614080316483,26.0,-0.01659126228749102,0.11861826435641032,-0.0014616489926785655
2.0,4.0,53.0,5.9261140803164825,2.626364080316483,26.0,-0.018782576370417487,0.11861826435641032,-0.0008963702870015791
2.0,5.0,53.0,5.926228160632966,2.7612108185127324,26.0,-0.020927705636814148,0.11862007913538739,-0.0003440996765396775
2.0,6.0,53.0,5.918185199544742,2.8141698042120584,26.0,-0.021770172215256504,0.11849213246459933,-0.00012097264659070775
2.0,7.0,53.0,5.895170689293565,2.859335698724533,26.0,-0.022488667029871075,0.11812601979363703,8.240918319805245e-5
2.0,8.0,53.0,5.859335698724533,2.8951706892935642,26.0,-0.02305872669952955,0.11755596012397852,0.00025830335439138135
2.0,9.0,53.0,5.814169804212058,2.918185199544742,26.0,-0.023424839370491883,0.11683746530936397,0.0003898337983212506
2.0,10.0,53.0,5.7612108185127315,2.9262281606329656,26.0,-0.023552786041279937,0.1159949987309216,0.00046726170647121926
2.0,11.0,53.0,5.1136140803164825,2.926114080316483,26.0,-0.023550971262302853,0.10569309054604548,0.0010212416772671703
2.0,12.0,53.0,4.463114080316483,2.926114080316483,26.0,-0.023550971262302853,0.09534499754463956,0.0015884987046402236
2.0,13.0,53.0,3.8126140803164827,2.926114080316483,26.0,-0.023550971262302853,0.08499690454323361,0.0021834894749787046
2.0,14.0,53.0,3.1650173421202332,2.9262281606329656,26.0,-0.023552786041279937,0.07469499635835748,0.002836033942908356
2.0,15.0,53.0,3.112058356420907,2.918185199544742,26.0,-0.023424839370491883,0.07385252977991512,0.0028727103089304946
2.0,16.0,53.0,3.0668924619084326,2.8951706892935642,26.0,-0.02305872669952955,0.07313403496530055,0.0028661819559023137
2.0,17.0,53.0,3.0310574713394014,2.859335698724533,26.0,-0.022488667029871075,0.07256397529564207,0.002823721656011752
2.0,18.0,53.0,3.0080429610882238,2.8141698042120584,26.0,-0.021770172215256504,0.07219786262467974,0.0027503749908081845
2.0,19.0,53.0,3.0,2.7612108185127324,26.0,-0.020927705636814148,0.07206991595389169,0.002640044770508204
2.0,20.0,53.0,3.0001140803164827,2.113614080316483,26.0,-0.01062579745193802,0.07207173073286877,0.0013098184311074149
2.0,21.0,53.0,3.0001140803164827,1.4631140803164828,26.0,-0.00027770445053208254,0.07207173073286877,2.2727888310523068e-5
2.0,22.0,53.0,3.0001140803164827,0.8126140803164827,26.0,0.010070388550873855,0.07207173073286877,-0.0012643630107555097
2.0,23.0,53.0,3.0,0.16501734212023322,26.0,0.020372296735749983,0.07206991595389169,-0.0025963280235139752
2.0,24.0,53.0,3.0080429610882238,0.11205835642090678,26.0,0.021214763314192347,0.07219786262467974,-0.002702604364939535
2.0,25.0,53.0,3.0310574713394014,0.06689246190843257,26.0,0.02193325812880691,0.07256397529564207,-0.002780174236318726
2.0,26.0,53.0,3.0668924619084326,0.0310574713394014,26.0,0.022503317798465386,0.07313403496530055,-0.0028252224571489455
2.0,27.0,53.0,3.112058356420907,0.008042961088223777,26.0,0.02286943046942772,0.07385252977991512,-0.0028318536513434298
2.0,28.0,53.0,3.1650173421202332,0.0,26.0,0.022997377140215772,0.07469499635835748,-0.00279589050764323
2.0,29.0,53.0,3.8126140803164827,0.0001140803164827453,26.0,0.022995562361238685,0.08499690454323361,-0.002159227930846853
2.0,30.0,53.0,4.463114080316483,0.0001140803164827453,26.0,0.022995562361238685,0.09534499754463956,-0.001579073620733888
2.0,31.0,53.0,5.1136140803164825,0.0001140803164827453,26.0,0.022995562361238685,0.10569309054604548,-0.0010256687523705408
2.0,32.0,53.0,5.761210818512732,0.0,26.0,0.022997377140215772,0.1159949987309216,-0.00048519794709156667
2.0,33.0,53.0,5.814169804212058,0.008042961088223777,26.0,0.02286943046942772,0.11683746530936397,-0.0004088825850675188
2.0,34.0,53.0,5.859335698724533,0.0310574713394014,26.0,0.022503317798465386,0.11755596012397852,-0.00027829942005318736
2.0,35.0,53.0,5.895170689293565,0.06689246190843257,26.0,0.02193325812880691,0.11812601979363703,-0.00010314899901542766
2.0,36.0,53.0,5.918185199544742,0.11205835642090678,26.0,0.021214763314192347,0.11849213246459933,9.976791175663594e-5
2.0,37.0,53.0,5.926228160632966,0.16501734212023322,26.0,0.020372296735749983,0.11862007913538739,0.0003227578079130013
2.0,38.0,53.0,5.9261140803164825,0.29986408031648293,26.0,0.01822716746935332,0.11861826435641032,0.0008751198982880621
2.0,39.0,53.0,5.9261140803164825,0.43761408031648275,26.0,0.016035853386426855,0.11861826435641032,0.0014404674438236028
2.0,40.0,53.0,5.9261140803164825,0.5753640803164828,26.0,0.013844539303500386,0.11861826435641032,0.0020075359411185598
2.0,41.0,53.0,5.9261140803164825,0.7131140803164828,26.0,0.011653225220573916,0.11861826435641032,0.002576825837740936
1.0,1.0,54.0,2.926114080316483,2.213114080316483,26.5,-0.011958962231876024,0.06964742907269642,-0.0028667513959123587
1.0,2.0,54.0,2.926114080316483,2.350864080316483,26.5,-0.014105461046978796,0.06964742907269642,-0.002500407804611036
1.0,3.0,54.0,2.926114080316483,2.488614080316483,26.5,-0.01625195986208157,0.06964742907269642,-0.0021382033646492197
1.0,4.0,54.0,2.926114080316483,2.626364080316483,26.5,-0.01839845867718434,0.06964742907269642,-0.001780437276010399
1.0,5.0,54.0,2.9262281606329656,2.7612108185127324,26.5,-0.02049971721626763,0.06964920673704601,-0.0014337192380268415
1.0,6.0,54.0,2.918185199544742,2.8141698042120584,26.5,-0.021324954240243298,0.06952387674469908,-0.0012895665786139781
1.0,7.0,54.0,2.8951706892935642,2.859335698724533,26.5,-0.02202875488673392,0.0691652515615098,-0.0011550212378270955
1.0,8.0,54.0,2.859335698724533,2.8951706892935642,26.5,-0.02258715608307254,0.06860685036517118,-0.0010316751254674517
1.0,9.0,54.0,2.814169804212059,2.918185199544742,26.5,-0.022945781266261817,0.06790304971868057,-0.0009316839105427794
1.0,10.0,54.0,2.761210818512732,2.9262281606329656,26.5,-0.02307111125860875,0.06707781269470489,-0.0008649015085342391
1.0,11.0,54.0,2.113614080316483,2.926114080316483,26.5,-0.023069333594259157,0.056986592141509466,-0.000319184855695106
1.0,12.0,54.0,1.4631140803164828,2.926114080316483,26.5,-0.023069333594259157,0.04685013131229456,0.00019512623343997715
1.0,13.0,54.0,0.8126140803164827,2.926114080316483,26.5,-0.023069333594259157,0.036713670483079656,0.0006898707938882663
1.0,14.0,54.0,0.16501734212023322,2.9262281606329656,26.5,-0.02307111125860875,0.02662244992988423,0.0011779546376760562
1.0,15.0,54.0,0.11205835642090678,2.918185199544742,26.5,-0.022945781266261817,0.02579721290590856,0.0012118804995891195
1.0,16.0,54.0,0.06689246190843257,2.8951706892935642,26.5,-0.02258715608307254,0.02509341225941794,0.0012280204543796173
1.0,17.0,54.0,0.0310574713394014,2.859335698724533,26.5,-0.02202875488673392,0.024535011063079325,0.0012260941945805902
1.0,18.0,54.0,0.008042961088223777,2.8141698042120584,26.5,-0.021324954240243298,0.024176385879890044,0.0012054602160461764
1.0,19.0,54.0,0.0,2.7612108185127324,26.5,-0.02049971721626763,0.024051055887543114,0.0011648902182236126
1.0,20.0,54.0,0.0001140803164827453,2.113614080316483,26.5,-0.010408496663072208,0.024052833551892708,0.0005859298908011856
1.0,21.0,54.0,0.0001140803164827453,1.4631140803164828,26.5,-0.00027203583385730103,0.024052833551892708,9.593529198756264e-6
1.0,22.0,54.0,0.0001140803164827453,0.8126140803164827,26.5,0.009864424995357605,0.024052833551892708,-0.0005664706793011223
1.0,23.0,54.0,0.0,0.16501734212023322,26.5,0.01995564554855303,0.024051055887543114,-0.0011446627954322024
1.0,24.0,54.0,0.008042961088223777,0.11205835642090678,26.5,0.020780882572528702,0.024176385879890044,-0.001185334899493408
1.0,25.0,54.0,0.0310574713394014,0.06689246190843257,26.5,0.02148468321901932,0.024535011063079325,-0.001206421988300499
1.0,26.0,54.0,0.06689246190843257,0.0310574713394014,26.5,0.022043084415357937,0.02509341225941794,-0.0012090987699689424
1.0,27.0,54.0,0.11205835642090678,0.008042961088223777,26.5,0.022401709598547218,0.02579721290590856,-0.0011939247478258176
1.0,28.0,54.0,0.16501734212023322,0.0,26.5,0.02252703959089415,0.02662244992988423,-0.0011611380110569578
1.0,29.0,54.0,0.8126140803164827,0.0001140803164827453,26.5,0.022525261926544554,0.036713670483079656,-0.0006868879461191386
1.0,30.0,54.0,1.4631140803164828,0.0001140803164827453,26.5,0.022525261926544554,0.04685013131229456,-0.00020615236168934452
1.0,31.0,54.0,2.113614080316483,0.0001140803164827453,26.5,0.022525261926544554,0.056986592141509466,0.0002935799175616244
1.0,32.0,54.0,2.7612108185127324,0.0,26.5,0.02252703959089415,0.06707781269470489,0.0008241657848597547
1.0,33.0,54.0,2.814169804212059,0.008042961088223777,26.5,0.022401709598547218,0.06790304971868057,0.0008895627060329587
1.0,34.0,54.0,2.859335698724533,0.0310574713394014,26.5,0.022043084415357937,0.06860685036517118,0.000988001484476288
1.0,35.0,54.0,2.8951706892935642,0.06689246190843257,26.5,0.02148468321901932,0.0691652515615098,0.0011112816814706158
1.0,36.0,54.0,2.918185199544742,0.11205835642090678,26.5,0.020780882572528702,0.06952387674469908,0.0012464773118229112
1.0,37.0,54.0,2.9262281606329656,0.16501734212023322,26.5,0.01995564554855303,0.06964920673704601,0.001388028766723437
1.0,38.0,54.0,2.926114080316483,0.29986408031648293,26.5,0.017854387009469737,0.06964742907269642,0.001735869045656398
1.0,39.0,54.0,2.926114080316483,0.43761408031648275,26.5,0.015707888194366967,0.06964742907269642,0.0020934035393448576
1.0,40.0,54.0,2.926114080316483,0.5753640803164828,26.5,0.013561389379264193,0.06964742907269642,0.0024554164177805057
1.0,41.0,54.0,2.926114080316483,0.7131140803164828,26.5,0.011414890564161421,0.06964742907269642,0.0028219573743293903
2.0,1.0,54.0,5.9261140803164825,2.213114080316483,26.5,-0.011958962231876024,0.1163951346647713,-0.0029891610977061433
2.0,2.0,54.0,5.9261140803164825,2.350864080316483,26.5,-0.014105461046978796,0.1163951346647713,-0.0023336810055003326
2.0,3.0,54.0,5.9261140803164825,2.488614080316483,26.5,-0.01625195986208157,0.1163951346647713,-0.00168130439823022
2.0,4.0,54.0,5.9261140803164825,2.626364080316483,26.5,-0.01839845867718434,0.1163951346647713,-0.0010312704309382078
2.0,5.0,54.0,5.926228160632966,2.7612108185127324,26.5,-0.02049971721626763,0.11639691232912089,-0.0003965097647299512
2.0,6.0,54.0,5.918185199544742,2.8141698042120584,26.5,-0.021324954240243298,0.11627158233677395,-0.0001401263592138818
2.0,7.0,54.0,5.895170689293565,2.859335698724533,26.5,-0.02202875488673392,0.1159129571535847,9.352714277637423e-5
2.0,8.0,54.0,5.859335698724533,2.8951706892935642,26.5,-0.02258715608307254,0.11535455595724606,0.00029550657603833624
2.0,9.0,54.0,5.814169804212058,2.918185199544742,26.5,-0.022945781266261817,0.11465075531075546,0.00044632219034560487
2.0,10.0,54.0,5.7612108185127315,2.9262281606329656,26.5,-0.02307111125860875,0.11382551828677977,0.0005347577911568681
2.0,11.0,54.0,5.1136140803164825,2.926114080316483,26.5,-0.023069333594259157,0.10373429773358436,0.001165248627847746
2.0,12.0,54.0,4.463114080316483,2.926114080316483,26.5,-0.023069333594259157,0.09359783690436946,0.0018186001174411576
2.0,13.0,54.0,3.8126140803164827,2.926114080316483,26.5,-0.023069333594259157,0.08346137607515454,0.002513475247297182
2.0,14.0,54.0,3.1650173421202332,2.9262281606329656,26.5,-0.02307111125860875,0.07337015552195912,0.003274981203565306
2.0,15.0,54.0,3.112058356420907,2.918185199544742,26.5,-0.022945781266261817,0.07254491849798345,0.003319100314097815
2.0,16.0,54.0,3.0668924619084326,2.8951706892935642,26.5,-0.02258715608307254,0.07184111785149283,0.003313612498715583
2.0,17.0,54.0,3.0310574713394014,2.859335698724533,26.5,-0.02202875488673392,0.07128271665515422,0.003262121150396111
2.0,18.0,54.0,3.0080429610882238,2.8141698042120584,26.5,-0.021324954240243298,0.07092409147196493,0.003171837327549919
2.0,19.0,54.0,3.0,2.7612108185127324,26.5,-0.02049971721626763,0.070798761479618,0.0030520776512089395
2.0,20.0,54.0,3.0001140803164827,2.113614080316483,26.5,-0.010408496663072208,0.0708005391439676,0.0015151275569330177
2.0,21.0,54.0,3.0001140803164827,1.4631140803164828,26.5,-0.00027203583385730103,0.0708005391439676,2.3310937019112172e-5
2.0,22.0,54.0,3.0001140803164827,0.8126140803164827,26.5,0.009864424995357605,0.0708005391439676,-0.0014688822249112475
2.0,23.0,54.0,3.0,0.16501734212023322,26.5,0.01995564554855303,0.070798761479618,-0.0030061866361065603
2.0,24.0,54.0,3.0080429610882238,0.11205835642090678,26.5,0.020780882572528702,0.07092409147196493,-0.0031285935623008494
2.0,25.0,54.0,3.0310574713394014,0.06689246190843257,26.5,0.02148468321901932,0.07128271665515422,-0.003217355260789415
2.0,26.0,54.0,3.0668924619084326,0.0310574713394014,26.5,0.022043084415357937,0.07184111785149283,-0.003268810418408459
2.0,27.0,54.0,3.112058356420907,0.008042961088223777,26.5,0.022401709598547218,0.07254491849798345,-0.003276184785006186
2.0,28.0,54.0,3.1650173421202332,0.0,26.5,0.02252703959089415,0.07337015552195912,-0.0032337056622793493
2.0,29.0,54.0,3.8126140803164827,0.0001140803164827453,26.5,0.022525261926544554,0.08346137607515454,-0.0024880765224995906
2.0,30.0,54.0,4.463114080316483,0.0001140803164827453,26.5,0.022525261926544554,0.09359783690436946,-0.0018087022093315266
2.0,31.0,54.0,5.1136140803164825,0.0001140803164827453,26.5,0.022525261926544554,0.10373429773358436,-0.0011701588465336732
2.0,32.0,54.0,5.761210818512732,0.0,26.5,0.02252703959089415,0.11382551828677977,-0.0005541848854336307
2.0,33.0,54.0,5.814169804212058,0.008042961088223777,26.5,0.022401709598547218,0.11465075531075546,-0.00046694104385688645
2.0,34.0,54.0,5.859335698724533,0.0310574713394014,26.5,0.022043084415357937,0.11535455595724606,-0.0003171410078243218
2.0,35.0,54.0,5.895170689293565,0.06689246190843257,26.5,0.02148468321901932,0.1159129571535847,-0.00011596248757464628
2.0,36.0,54.0,5.918185199544742,0.11205835642090678,26.5,0.020780882572528702,0.11627158233677395,0.00011718706009652273
2.0,37.0,54.0,5.926228160632966,0.16501734212023322,26.5,0.01995564554855303,0.11639691232912089,0.0003734155591115285
2.0,38.0,54.0,5.9261140803164825,0.29986408031648293,26.5,0.017854387009469737,0.1163951346647713,0.0010082463014919702
2.0,39.0,54.0,5.9261140803164825,0.43761408031648275,26.5,0.015707888194366967,0.1163951346647713,0.0016583288238780302
2.0,40.0,54.0,5.9261140803164825,0.5753640803164828,26.5,0.013561389379264193,0.1163951346647713,0.0023107334792255223
2.0,41.0,54.0,5.9261140803164825,0.7131140803164828,26.5,0.011414890564161421,0.1163951346647713,0.0029662214647338393
1.0,1.0,55.0,2.926114080316483,2.213114080316483,27.0,-0.011675410610212643,0.06822892378424887,-0.003215590514977139
1.0,2.0,55.0,2.926114080316483,2.350864080316483,27.0,-0.013770922045835294,0.06822892378424887,-0.0028032926787518045
1.0,3.0,55.0,2.926114080316483,2.488614080316483,27.0,-0.015866433481457946,0.06822892378424887,-0.002396056058314169
1.0,4.0,55.0,2.926114080316483,2.626364080316483,27.0,-0.017961944917080596,0.06822892378424887,-0.001993272263631806
1.0,5.0,55.0,2.9262281606329656,2.7612108185127324,27.0,-0.020013290702537254,0.06823065922241779,-0.001602967863174394
1.0,6.0,55.0,2.918185199544742,2.8141698042120584,27.0,-0.02081892525899398,0.06810830628639862,-0.0014433304480325362
1.0,7.0,55.0,2.8951706892935642,2.859335698724533,27.0,-0.021506008006369787,0.06775819979335616,-0.0012893911429652076
1.0,8.0,55.0,2.859335698724533,2.8951706892935642,27.0,-0.022051145084648078,0.06721306271507788,-0.0011503161186052142
1.0,9.0,55.0,2.814169804212059,2.918185199544742,27.0,-0.022401251577690528,0.06652597996770208,-0.001039762356827775
1.0,10.0,55.0,2.761210818512732,2.9262281606329656,27.0,-0.0225236045137097,0.06572034541124534,-0.0009641002570212025
1.0,11.0,55.0,2.113614080316483,2.926114080316483,27.0,-0.022521869075540775,0.055868829109523614,-0.0003528475477824139
1.0,12.0,55.0,1.4631140803164828,2.926114080316483,27.0,-0.022521869075540775,0.04597314715763588,0.0002222856487696769
1.0,13.0,55.0,0.8126140803164827,2.926114080316483,27.0,-0.022521869075540775,0.03607746520574815,0.0007751950461442741
1.0,14.0,55.0,0.16501734212023322,2.9262281606329656,27.0,-0.0225236045137097,0.02622594890402642,0.001321680415065327
1.0,15.0,55.0,0.11205835642090678,2.918185199544742,27.0,-0.022401251577690528,0.025420314347569684,0.0013597214795729676
1.0,16.0,55.0,0.06689246190843257,2.8951706892935642,27.0,-0.022051145084648078,0.02473323160019389,0.0013777746332555814
1.0,17.0,55.0,0.0310574713394014,2.859335698724533,27.0,-0.021506008006369787,0.024188094521915598,0.0013755172094941284
1.0,18.0,55.0,0.008042961088223777,2.8141698042120584,27.0,-0.02081892525899398,0.023837988028873148,0.0013522339042048557
1.0,19.0,55.0,0.0,2.7612108185127324,27.0,-0.020013290702537254,0.023715635092853973,0.0013065528218199386
1.0,20.0,55.0,0.0001140803164827453,2.113614080316483,27.0,-0.01016177440081552,0.023717370531022897,0.000656141365055383
1.0,21.0,55.0,0.0001140803164827453,1.4631140803164828,27.0,-0.0002660924489277907,0.023717370531022897,1.0365285793925434e-5
1.0,22.0,55.0,0.0001140803164827453,0.8126140803164827,27.0,0.009629589502959938,0.023717370531022897,-0.0006351753811756311
1.0,23.0,55.0,0.0,0.16501734212023322,27.0,0.019481105804681674,0.023715635092853973,-0.0012849276349900481
1.0,24.0,55.0,0.008042961088223777,0.11205835642090678,27.0,0.020286740361138405,0.023837988028873148,-0.0013307350191197468
1.0,25.0,55.0,0.0310574713394014,0.06689246190843257,27.0,0.020973823108514204,0.024188094521915598,-0.00135451097182484
1.0,26.0,55.0,0.06689246190843257,0.0310574713394014,27.0,0.021518960186792495,0.02473323160019389,-0.0013575721257676752
1.0,27.0,55.0,0.11205835642090678,0.008042961088223777,27.0,0.021869066679834945,0.025420314347569684,-0.00134054900624725
1.0,28.0,55.0,0.16501734212023322,0.0,27.0,0.021991419615854116,0.02622594890402642,-0.0013037220424939417
1.0,29.0,55.0,0.8126140803164827,0.0001140803164827453,27.0,0.021989684177685195,0.03607746520574815,-0.0007720201819148464
1.0,30.0,55.0,1.4631140803164828,0.0001140803164827453,27.0,0.021989684177685195,0.04597314715763588,-0.0002340549932284638
1.0,31.0,55.0,2.113614080316483,0.0001140803164827453,27.0,0.021989684177685195,0.055868829109523614,0.00032575777303441527
1.0,32.0,55.0,2.7612108185127324,0.0,27.0,0.021991419615854116,0.06572034541124534,0.0009212742120056853
1.0,33.0,55.0,2.814169804212059,0.008042961088223777,27.0,0.021869066679834945,0.06652597996770208,0.0009957117471346866
1.0,34.0,55.0,2.859335698724533,0.0310574713394014,27.0,0.021518960186792495,0.06721306271507788,0.001105491666981994
1.0,35.0,55.0,2.8951706892935642,0.06689246190843257,27.0,0.020973823108514204,0.06775819979335616,0.0012431974221534196
1.0,36.0,55.0,2.918185199544742,0.11205835642090678,27.0,0.020286740361138405,0.06810830628639862,0.0013958252075719167
1.0,37.0,55.0,2.9262281606329656,0.16501734212023322,27.0,0.019481105804681674,0.06823065922241779,0.0015566268659269378
1.0,38.0,55.0,2.926114080316483,0.29986408031648293,27.0,0.017429760019225013,0.06822892378424887,0.0019462642132772605
1.0,39.0,55.0,2.926114080316483,0.43761408031648275,27.0,0.015334248583602364,0.06822892378424887,0.0023491396881324773
1.0,40.0,55.0,2.926114080316483,0.5753640803164828,27.0,0.013238737147979712,0.06822892378424887,0.0027564490339243644
1.0,41.0,55.0,2.926114080316483,0.7131140803164828,27.0,0.01114322571235706,0.06822892378424887,0.003168627506837849
2.0,1.0,55.0,5.9261140803164825,2.213114080316483,27.0,-0.011675410610212643,0.11386619642938828,-0.0033617096364752753
2.0,2.0,55.0,5.9261140803164825,2.350864080316483,27.0,-0.013770922045835294,0.11386619642938828,-0.0026242071962236987
2.0,3.0,55.0,5.9261140803164825,2.488614080316483,27.0,-0.015866433481457946,0.11386619642938828,-0.0018903513947310488
2.0,4.0,55.0,5.9261140803164825,2.626364080316483,27.0,-0.017961944917080596,0.11386619642938828,-0.0011593665571655184
2.0,5.0,55.0,5.926228160632966,2.7612108185127324,27.0,-0.020013290702537254,0.11386793186755718,-0.000445716526204974
2.0,6.0,55.0,5.918185199544742,2.8141698042120584,27.0,-0.02081892525899398,0.11374557893153801,-0.0001575054545997102
2.0,7.0,55.0,5.895170689293565,2.859335698724533,27.0,-0.021506008006369787,0.11339547243849558,0.00010509879599930684
2.0,8.0,55.0,5.859335698724533,2.8951706892935642,27.0,-0.022051145084648078,0.11285033536021728,0.00033202121774512927
2.0,9.0,55.0,5.814169804212058,2.918185199544742,27.0,-0.022401251577690528,0.11216325261284149,0.0005013702659334153
2.0,10.0,55.0,5.7612108185127315,2.9262281606329656,27.0,-0.0225236045137097,0.11135761805638475,0.000600486491921144
2.0,11.0,55.0,5.1136140803164825,2.926114080316483,27.0,-0.022521869075540775,0.10150610175466301,0.0013056809000783294
2.0,12.0,55.0,4.463114080316483,2.926114080316483,27.0,-0.022521869075540775,0.0916104198027753,0.002041118811455079
2.0,13.0,55.0,3.8126140803164827,2.926114080316483,27.0,-0.022521869075540775,0.08171473785088756,0.0028283906932554314
2.0,14.0,55.0,3.1650173421202332,2.9262281606329656,27.0,-0.0225236045137097,0.07186322154916583,0.0036912964852307806
2.0,15.0,55.0,3.112058356420907,2.918185199544742,27.0,-0.022401251577690528,0.07105758699270909,0.003740509224636505
2.0,16.0,55.0,3.0668924619084326,2.8951706892935642,27.0,-0.022051145084648078,0.0703705042453333,0.0037333480872751555
2.0,17.0,55.0,3.0310574713394014,2.859335698724533,27.0,-0.021506008006369787,0.06982536716705501,0.003677198846408622
2.0,18.0,55.0,3.0080429610882238,2.8141698042120584,27.0,-0.02081892525899398,0.06947526067401255,0.0035792594431910386
2.0,19.0,55.0,3.0,2.7612108185127324,27.0,-0.020013290702537254,0.06935290773799338,0.00344071051910162
2.0,20.0,55.0,3.0001140803164827,2.113614080316483,27.0,-0.01016177440081552,0.0693546431761623,0.0017093210190977312
2.0,21.0,55.0,3.0001140803164827,1.4631140803164828,27.0,-0.0002660924489277907,0.0693546431761623,2.383628352548036e-5
2.0,22.0,55.0,3.0001140803164827,0.8126140803164827,27.0,0.009629589502959938,0.0693546431761623,-0.0016617806340808383
2.0,23.0,55.0,3.0,0.16501734212023322,27.0,0.019481105804681674,0.06935290773799338,-0.0033938810470229893
2.0,24.0,55.0,3.0080429610882238,0.11205835642090678,27.0,0.020286740361138405,0.06947526067401255,-0.0035313597217483048
2.0,25.0,55.0,3.0310574713394014,0.06689246190843257,27.0,0.020973823108514204,0.06982536716705501,-0.0036311712248277487
2.0,26.0,55.0,3.0668924619084326,0.0310574713394014,27.0,0.021518960186792495,0.0703705042453333,-0.003688785699552032
2.0,27.0,55.0,3.112058356420907,0.008042961088223777,27.0,0.021869066679834945,0.07105758699270909,-0.003696578614576683
2.0,28.0,55.0,3.1650173421202332,0.0,27.0,0.021991419615854116,0.07186322154916583,-0.003648553413906188
2.0,29.0,55.0,3.8126140803164827,0.0001140803164827453,27.0,0.021989684177685195,0.08171473785088756,-0.002802105151473324
2.0,30.0,55.0,4.463114080316483,0.0001140803164827453,27.0,0.021989684177685195,0.0916104198027753,-0.0020308949659371862
2.0,31.0,55.0,5.1136140803164825,0.0001140803164827453,27.0,0.021989684177685195,0.10150610175466301,-0.0013111201626590057
2.0,32.0,55.0,5.761210818512732,0.0,27.0,0.021991419615854116,0.11135761805638475,-0.0006213412810520523
2.0,33.0,55.0,5.814169804212058,0.008042961088223777,27.0,0.021869066679834945,0.11216325261284149,-0.000523488660068524
2.0,34.0,55.0,5.859335698724533,0.0310574713394014,27.0,0.021518960186792495,0.11285033536021728,-0.0003552163786599811
2.0,35.0,55.0,5.895170689293565,0.06689246190843257,27.0,0.020973823108514204,0.11339547243849558,-0.00012914400402972673
2.0,36.0,55.0,5.918185199544742,0.11205835642090678,27.0,0.020286740361138405,0.11374557893153801,0.00013292130119418497
2.0,37.0,55.0,5.926228160632966,0.16501734212023322,27.0,0.019481105804681674,0.11386793186755718,0.00042095784461709546
2.0,38.0,55.0,5.9261140803164825,0.29986408031648293,27.0,0.017429760019225013,0.11386619642938828,0.0011346586494391153
2.0,39.0,55.0,5.9261140803164825,0.43761408031648275,27.0,0.015334248583602364,0.11386619642938828,0.0018656792559096297
2.0,40.0,55.0,5.9261140803164825,0.5753640803164828,27.0,0.013238737147979712,0.11386619642938828,0.002599555017375639
2.0,41.0,55.0,5.9261140803164825,0.7131140803164828,27.0,0.01114322571235706,0.11386619642938828,0.0033370614853738744
1.0,1.0,56.0,2.926114080316483,2.213114080316483,27.5,-0.011359836297365457,0.06664745384252962,-0.0035384179631397926
1.0,2.0,56.0,2.926114080316483,2.350864080316483,27.5,-0.013398532445281363,0.06664745384252962,-0.003082716397255253
1.0,3.0,56.0,2.926114080316483,2.488614080316483,27.5,-0.01543722859319727,0.06664745384252962,-0.002632467210125387
1.0,4.0,56.0,2.926114080316483,2.626364080316483,27.5,-0.017475924741113178,0.06664745384252962,-0.002187504468116734
1.0,5.0,56.0,2.9262281606329656,2.7612108185127324,27.5,-0.019471652695521296,0.06664914222802339,-0.0017564410869608795
1.0,6.0,56.0,2.918185199544742,2.8141698042120584,27.5,-0.02025544420290968,0.06653010662883356,-0.0015786414606996464
1.0,7.0,56.0,2.8951706892935642,2.859335698724533,27.5,-0.0209238981786611,0.0661894925207011,-0.0014101866980282011
1.0,8.0,56.0,2.859335698724533,2.8951706892935642,27.5,-0.021454255036981874,0.06565913566238032,-0.001256843039616519
1.0,9.0,56.0,2.814169804212059,2.918185199544742,27.5,-0.02179486914511434,0.0649906816866289,-0.0011337027501215388
1.0,10.0,56.0,2.761210818512732,2.9262281606329656,27.5,-0.021913904744304172,0.06420689017924051,-0.0010507038822294074
1.0,11.0,56.0,2.113614080316483,2.926114080316483,27.5,-0.021912216358810403,0.054622476563533806,-0.0003781187356682229
1.0,12.0,56.0,1.4631140803164828,2.926114080316483,27.5,-0.021912216358810403,0.04499509475431931,0.0002539185703438441
1.0,13.0,56.0,0.8126140803164827,2.926114080316483,27.5,-0.021912216358810403,0.0353677129451048,0.0008613192680397362
1.0,14.0,56.0,0.16501734212023322,2.9262281606329656,27.5,-0.021913904744304172,0.025783299329398095,0.0014624369580175439
1.0,15.0,56.0,0.11205835642090678,2.918185199544742,27.5,-0.02179486914511434,0.024999507822009704,0.0015042911202382643
1.0,16.0,56.0,0.06689246190843257,2.8951706892935642,27.5,-0.021454255036981874,0.02433105384625829,0.0015240514440650554
1.0,17.0,56.0,0.0310574713394014,2.859335698724533,27.5,-0.0209238981786611,0.023800696987937516,0.001521357665932165
1.0,18.0,56.0,0.008042961088223777,2.8141698042120584,27.5,-0.02025544420290968,0.023460082879805052,0.0014954310258780612
1.0,19.0,56.0,0.0,2.7612108185127324,27.5,-0.019471652695521296,0.02334104728061522,0.001444764859979422
1.0,20.0,56.0,0.0001140803164827453,2.113614080316483,27.5,-0.009887239079814585,0.023342735666108987,0.0007248088374287111
1.0,21.0,56.0,0.0001140803164827453,1.4631140803164828,27.5,-0.00025985727060008515,0.023342735666108987,1.1087541199923166e-5
1.0,22.0,56.0,0.0001140803164827453,0.8126140803164827,27.5,0.009367524538614414,0.023342735666108987,-0.000702429259476982
1.0,23.0,56.0,0.0,0.16501734212023322,27.5,0.018951938154321127,0.02334104728061522,-0.0014218151638406757
1.0,24.0,56.0,0.008042961088223777,0.11205835642090678,27.5,0.019735729661709514,0.023460082879805052,-0.0014726252417671896
1.0,25.0,56.0,0.0310574713394014,0.06689246190843257,27.5,0.02040418363746093,0.023800696987937516,-0.001499080037404233
1.0,26.0,56.0,0.06689246190843257,0.0310574713394014,27.5,0.020934540495781705,0.02433105384625829,-0.0015026286829362854
1.0,27.0,56.0,0.11205835642090678,0.008042961088223777,27.5,0.02127515460391417,0.024999507822009704,-0.0014839603195388978
1.0,28.0,56.0,0.16501734212023322,0.0,27.5,0.021394190203104,0.025783299329398095,-0.0014433916063193825
1.0,29.0,56.0,0.8126140803164827,0.0001140803164827453,27.5,0.021392501817610234,0.0353677129451048,-0.0008579386558264342
1.0,30.0,56.0,1.4631140803164828,0.0001140803164827453,27.5,0.021392501817610234,0.04499509475431931,-0.0002663301579987164
1.0,31.0,56.0,2.113614080316483,0.0001140803164827453,27.5,0.021392501817610234,0.054622476563533806,0.0003496348463615439
1.0,32.0,56.0,2.7612108185127324,0.0,27.5,0.021394190203104,0.06420689017924051,0.0010059272891507131
1.0,33.0,56.0,2.814169804212059,0.008042961088223777,27.5,0.02127515460391417,0.0649906816866289,0.0010875408652497988
1.0,34.0,56.0,2.859335698724533,0.0310574713394014,27.5,0.020934540495781705,0.06565913566238032,0.0012093036920271757
1.0,35.0,56.0,2.8951706892935642,0.06689246190843257,27.5,0.02040418363746093,0.0661894925207011,0.0013620342881745984
1.0,36.0,56.0,2.918185199544742,0.11205835642090678,27.5,0.019735729661709514,0.06653010662883356,0.0015303574876283897
1.0,37.0,56.0,2.9262281606329656,0.16501734212023322,27.5,0.018951938154321127,0.06664914222802339,0.0017071677202245591
1.0,38.0,56.0,2.926114080316483,0.29986408031648293,27.5,0.016956210199913002,0.06664745384252962,0.0021386017221192485
1.0,39.0,56.0,2.926114080316483,0.43761408031648275,27.5,0.014917514051997099,0.06664745384252962,0.0025835089552065965
1.0,40.0,56.0,2.926114080316483,0.5753640803164828,27.5,0.012878817904081193,0.06664745384252962,0.003033718614657414
1.0,41.0,56.0,2.926114080316483,0.7131140803164828,27.5,0.010840121756165286,0.06664745384252962,0.0034894899224348695
2.0,1.0,56.0,5.9261140803164825,2.213114080316483,27.5,-0.011359836297365457,0.11104736994959111,-0.003712223967583703
2.0,2.0,56.0,5.9261140803164825,2.350864080316483,27.5,-0.013398532445281363,0.11104736994959111,-0.0028972395713286526
2.0,3.0,56.0,5.9261140803164825,2.488614080316483,27.5,-0.01543722859319727,0.11104736994959111,-0.0020864416418068994
2.0,4.0,56.0,5.9261140803164825,2.626364080316483,27.5,-0.017475924741113178,0.11104736994959111,-0.0012789189226697962
2.0,5.0,56.0,5.926228160632966,2.7612108185127324,27.5,-0.019471652695521296,0.11104905833508487,-0.0004906445003943616
2.0,6.0,56.0,5.918185199544742,2.8141698042120584,27.5,-0.02025544420290968,0.11093002273589504,-0.00017232792453504393
2.0,7.0,56.0,5.895170689293565,2.859335698724533,27.5,-0.0209238981786611,0.11058940862776259,0.00011767897409248112
2.0,8.0,56.0,5.859335698724533,2.8951706892935642,27.5,-0.021454255036981874,0.11005905176944179,0.00036823675401735385
2.0,9.0,56.0,5.814169804212058,2.918185199544742,27.5,-0.02179486914511434,0.10939059779369038,0.000555136207186033
2.0,10.0,56.0,5.7612108185127315,2.9262281606329656,27.5,-0.021913904744304172,0.108606806286302,0.0006643921795162124
2.0,11.0,56.0,5.1136140803164825,2.926114080316483,27.5,-0.021912216358810403,0.09902239267059529,0.0014409253658774096
2.0,12.0,56.0,4.463114080316483,2.926114080316483,27.5,-0.021912216358810403,0.0893950108613808,0.002253538951496059
2.0,13.0,56.0,3.8126140803164827,2.926114080316483,27.5,-0.021912216358810403,0.07976762905216629,0.003126450828996741
2.0,14.0,56.0,3.1650173421202332,2.9262281606329656,27.5,-0.021913904744304172,0.07018321543645958,0.004082984799116539
2.0,15.0,56.0,3.112058356420907,2.918185199544742,27.5,-0.02179486914511434,0.06939942392907118,0.004137858817046113
2.0,16.0,56.0,3.0668924619084326,2.8951706892935642,27.5,-0.021454255036981874,0.06873096995331977,0.00413084749047715
2.0,17.0,56.0,3.0310574713394014,2.859335698724533,27.5,-0.0209238981786611,0.068200613094999,0.004067949025127352
2.0,18.0,56.0,3.0080429610882238,2.8141698042120584,27.5,-0.02025544420290968,0.06785999898686654,0.003957722749976604
2.0,19.0,56.0,3.0,2.7612108185127324,27.5,-0.019471652695521296,0.0677409633876767,0.003806769253870108
2.0,20.0,56.0,3.0001140803164827,2.113614080316483,27.5,-0.009887239079814585,0.06774265177317047,0.0018913815539715448
2.0,21.0,56.0,3.0001140803164827,1.4631140803164828,27.5,-0.00025985727060008515,0.06774265177317047,2.4447097382601798e-5
2.0,22.0,56.0,3.0001140803164827,0.8126140803164827,27.5,0.009367524538614414,0.06774265177317047,-0.001842658973811913
2.0,23.0,56.0,3.0,0.16501734212023322,27.5,0.018951938154321127,0.0677409633876767,-0.003758298530464836
2.0,24.0,56.0,3.0080429610882238,0.11205835642090678,27.5,0.019735729661709514,0.06785999898686654,-0.0039102311864217905
2.0,25.0,56.0,3.0310574713394014,0.06689246190843257,27.5,0.02040418363746093,0.068200613094999,-0.004020339253243805
2.0,26.0,56.0,3.0668924619084326,0.0310574713394014,27.5,0.020934540495781705,0.06873096995331977,-0.004083879945009158
2.0,27.0,56.0,3.112058356420907,0.008042961088223777,27.5,0.02127515460391417,0.06939942392907118,-0.004092426259704335
2.0,28.0,56.0,3.1650173421202332,0.0,27.5,0.021394190203104,0.07018321543645958,-0.0040390108957265745
2.0,29.0,56.0,3.8126140803164827,0.0001140803164827453,27.5,0.021392501817610234,0.07976762905216629,-0.0030993108391061714
2.0,30.0,56.0,4.463114080316483,0.0001140803164827453,27.5,0.021392501817610234,0.0893950108613808,-0.00224311661462523
2.0,31.0,56.0,5.1136140803164825,0.0001140803164827453,27.5,0.021392501817610234,0.09902239267059529,-0.0014469239610316318
2.0,32.0,56.0,5.761210818512732,0.0,27.5,0.021394190203104,0.108606806286302,-0.0006866331045027377
2.0,33.0,56.0,5.814169804212058,0.008042961088223777,27.5,0.02127515460391417,0.10939059779369038,-0.0005787074507057461
2.0,34.0,56.0,5.859335698724533,0.0310574713394014,27.5,0.020934540495781705,0.11005905176944179,-0.00039294215466864467
2.0,35.0,56.0,5.895170689293565,0.06689246190843257,27.5,0.02040418363746093,0.11058940862776259,-0.00014328164613020353
2.0,36.0,56.0,5.918185199544742,0.11205835642090678,27.5,0.019735729661709514,0.11093002273589504,0.0001461545999447627
2.0,37.0,56.0,5.926228160632966,0.16501734212023322,27.5,0.018951938154321127,0.11104905833508487,0.00046428320806505185
2.0,38.0,56.0,5.9261140803164825,0.29986408031648293,27.5,0.016956210199913002,0.11104736994959111,0.0012525971599099293
2.0,39.0,56.0,5.9261140803164825,0.43761408031648275,27.5,0.014917514051997099,0.11104736994959111,0.0020601460573006344
2.0,40.0,56.0,5.9261140803164825,0.5753640803164828,27.5,0.012878817904081193,0.11104736994959111,0.0028709580997254196
2.0,41.0,56.0,5.9261140803164825,0.7131140803164828,27.5,0.010840121756165286,0.11104736994959111,0.0036859446288635455
1.0,1.0,57.0,2.926114080316483,2.213114080316483,28.0,-0.011014343626128922,0.06491237995337173,-0.0038322325443480524
1.0,2.0,57.0,2.926114080316483,2.350864080316483,28.0,-0.012990780005039072,0.06491237995337173,-0.00333573370997875
1.0,3.0,57.0,2.926114080316483,2.488614080316483,28.0,-0.014967216383949222,0.06491237995337173,-0.002845349356105745
1.0,4.0,57.0,2.926114080316483,2.626364080316483,28.0,-0.016943652762859373,0.06491237995337173,-0.002360621526698539
1.0,5.0,57.0,2.9262281606329656,2.7612108185127324,28.0,-0.01887843315449959,0.06491401677723826,-0.0018910337082089406
1.0,6.0,57.0,2.918185199544742,2.8141698042120584,28.0,-0.019638288442531026,0.06479861640780868,-0.0016982576925501393
1.0,7.0,57.0,2.8951706892935642,2.859335698724533,28.0,-0.020286328493351158,0.06446840431849306,-0.001513918998331376
1.0,8.0,57.0,2.859335698724533,2.8951706892935642,28.0,-0.020800488776462123,0.0639542440353821,-0.0013468982960072122
1.0,9.0,57.0,2.814169804212059,2.918185199544742,28.0,-0.021130700865777754,0.06330620398456197,-0.0012136346932287707
1.0,10.0,57.0,2.761210818512732,2.9262281606329656,28.0,-0.02124610123520733,0.06254634869653052,-0.0011231964905399864
1.0,11.0,57.0,2.113614080316483,2.926114080316483,28.0,-0.021244464411340803,0.05325463361678737,-0.00039395389392195794
1.0,12.0,57.0,1.4631140803164828,2.926114080316483,28.0,-0.021244464411340803,0.043921262549774284,0.0002905359160143581
1.0,13.0,57.0,0.8126140803164827,2.926114080316483,28.0,-0.021244464411340803,0.0345878914827612,0.000948146882467127
1.0,14.0,57.0,0.16501734212023322,2.9262281606329656,28.0,-0.02124610123520733,0.02529617640301805,0.0015995208202318394
1.0,15.0,57.0,0.11205835642090678,2.918185199544742,28.0,-0.021130700865777754,0.024536321114986607,0.0016448454430919562
1.0,16.0,57.0,0.06689246190843257,2.8951706892935642,28.0,-0.020800488776462123,0.023888281064166482,0.0016660755138335215
1.0,17.0,57.0,0.0310574713394014,2.859335698724533,28.0,-0.020286328493351158,0.023374120781055517,0.0016628212162930736
1.0,18.0,57.0,0.008042961088223777,2.8141698042120584,28.0,-0.019638288442531026,0.023043908691739886,0.001634256747974856
1.0,19.0,57.0,0.0,2.7612108185127324,28.0,-0.01887843315449959,0.02292850832231031,0.0015787506903160815
1.0,20.0,57.0,0.0001140803164827453,2.113614080316483,28.0,-0.009586718074756438,0.022930145146176837,0.0007914879413409417
1.0,21.0,57.0,0.0001140803164827453,1.4631140803164828,28.0,-0.00025334700774335534,0.022930145146176837,1.1766571364757518e-5
1.0,22.0,57.0,0.0001140803164827453,0.8126140803164827,28.0,0.009080024059269727,0.022930145146176837,-0.0007677753094652598
1.0,23.0,57.0,0.0,0.16501734212023322,28.0,0.01837173913901288,0.02292850832231031,-0.0015545376345545883
1.0,24.0,57.0,0.008042961088223777,0.11205835642090678,28.0,0.019131594427044322,0.023043908691739886,-0.0016102048329222631
1.0,25.0,57.0,0.0310574713394014,0.06689246190843257,28.0,0.019779634477864447,0.023374120781055517,-0.001639330498618786
1.0,26.0,57.0,0.06689246190843257,0.0310574713394014,28.0,0.02029379476097541,0.023888281064166482,-0.0016434865699484825
1.0,27.0,57.0,0.11205835642090678,0.008042961088223777,28.0,0.020624006850291043,0.024536321114986607,-0.0016234060125332418
1.0,28.0,57.0,0.16501734212023322,0.0,28.0,0.020739407219720618,0.02529617640301805,-0.001579433986586519
1.0,29.0,57.0,0.8126140803164827,0.0001140803164827453,28.0,0.02073777039585409,0.0345878914827612,-0.0009445471444626387
1.0,30.0,57.0,1.4631140803164828,0.0001140803164827453,28.0,0.02073777039585409,0.043921262549774284,-0.0003035296208699729
1.0,31.0,57.0,2.113614080316483,0.0001140803164827453,28.0,0.02073777039585409,0.05325463361678737,0.0003641776497278522
1.0,32.0,57.0,2.7612108185127324,0.0,28.0,0.020739407219720618,0.06254634869653052,0.0010764433845826392
1.0,33.0,57.0,2.814169804212059,0.008042961088223777,28.0,0.020624006850291043,0.06330620398456197,0.001165503356907092
1.0,34.0,57.0,2.859335698724533,0.0310574713394014,28.0,0.02029379476097541,0.0639542440353821,0.0012977282240532022
1.0,35.0,57.0,2.8951706892935642,0.06689246190843257,28.0,0.019779634477864447,0.06446840431849306,0.0014636238026278583
1.0,36.0,57.0,2.918185199544742,0.11205835642090678,28.0,0.019131594427044322,0.06479861640780868,0.0016470850362992953
1.0,37.0,57.0,2.9262281606329656,0.16501734212023322,28.0,0.01837173913901288,0.06491401677723826,0.0018401130551492615
1.0,38.0,57.0,2.926114080316483,0.29986408031648293,28.0,0.01643695874737266,0.06491237995337173,0.002309525192994997
1.0,39.0,57.0,2.926114080316483,0.43761408031648275,28.0,0.014460522368462512,0.06491237995337173,0.0027943014282373513
1.0,40.0,57.0,2.926114080316483,0.5753640803164828,28.0,0.01248408598955236,0.06491237995337173,0.0032847187948108867
1.0,41.0,57.0,2.926114080316483,0.7131140803164828,28.0,0.010507649610642211,0.06491237995337173,0.0037811852341682176
2.0,1.0,57.0,5.9261140803164825,2.213114080316483,28.0,-0.011014343626128922,0.107956366426914,-0.004037664106784152
2.0,2.0,57.0,5.9261140803164825,2.350864080316483,28.0,-0.012990780005039072,0.107956366426914,-0.0031503278909529105
2.0,3.0,57.0,5.9261140803164825,2.488614080316483,28.0,-0.014967216383949222,0.107956366426914,-0.002267610860960386
2.0,4.0,57.0,5.9261140803164825,2.626364080316483,28.0,-0.016943652762859373,0.107956366426914,-0.0013885387790052183
2.0,5.0,57.0,5.926228160632966,2.7612108185127324,28.0,-0.01887843315449959,0.10795800325078052,-0.0005304709312186543
2.0,6.0,57.0,5.918185199544742,2.8141698042120584,28.0,-0.019638288442531026,0.10784260288135095,-0.00018399042924537902
2.0,7.0,57.0,5.895170689293565,2.859335698724533,28.0,-0.020286328493351158,0.10751239079203534,0.00013163751588186879
2.0,8.0,57.0,5.859335698724533,2.8951706892935642,28.0,-0.020800488776462123,0.10699823050892435,0.0004042822406053726
2.0,9.0,57.0,5.814169804212058,2.918185199544742,28.0,-0.021130700865777754,0.10635019045810423,0.0006076027366277543
2.0,10.0,57.0,5.7612108185127315,2.9262281606329656,28.0,-0.02124610123520733,0.10559033517007278,0.000726360341505954
2.0,11.0,57.0,5.1136140803164825,2.926114080316483,28.0,-0.021244464411340803,0.09629862009032963,0.0015697084663719514
2.0,12.0,57.0,4.463114080316483,2.926114080316483,28.0,-0.021244464411340803,0.08696524902331657,0.002453995478882813
2.0,13.0,57.0,3.8126140803164827,2.926114080316483,28.0,-0.021244464411340803,0.07763187795630347,0.0034056895885549747
2.0,14.0,57.0,3.1650173421202332,2.9262281606329656,28.0,-0.02124610123520733,0.06834016287656032,0.004448783019980004
2.0,15.0,57.0,3.112058356420907,2.918185199544742,28.0,-0.021130700865777754,0.06758030758852887,0.004508426256848044
2.0,16.0,57.0,3.0668924619084326,2.8951706892935642,28.0,-0.020800488776462123,0.06693226753770876,0.004500265031778467
2.0,17.0,57.0,3.0310574713394014,2.859335698724533,28.0,-0.020286328493351158,0.06641810725459779,0.004432277665384922
2.0,18.0,57.0,3.0080429610882238,2.8141698042120584,28.0,-0.019638288442531026,0.06608789516528216,0.0043134141831327735
2.0,19.0,57.0,3.0,2.7612108185127324,28.0,-0.01887843315449959,0.06597249479585258,0.004147830731108747
2.0,20.0,57.0,3.0001140803164827,2.113614080316483,28.0,-0.009586718074756438,0.0659741316197191,0.0020609568424869197
2.0,21.0,57.0,3.0001140803164827,1.4631140803164828,28.0,-0.00025334700774335534,0.0659741316197191,2.5064147059152158e-5
2.0,22.0,57.0,3.0001140803164827,0.8126140803164827,28.0,0.009080024059269727,0.0659741316197191,-0.002010904554323059
2.0,23.0,57.0,3.0,0.16501734212023322,28.0,0.01837173913901288,0.06597249479585258,-0.0040980516980725894
2.0,24.0,57.0,3.0080429610882238,0.11205835642090678,28.0,0.019131594427044322,0.06608789516528216,-0.004263453007800565
2.0,25.0,57.0,3.0310574713394014,0.06689246190843257,28.0,0.019779634477864447,0.06641810725459779,-0.0043833833141205675
2.0,26.0,57.0,3.0668924619084326,0.0310574713394014,28.0,0.02029379476097541,0.06693226753770876,-0.004452520069168559
2.0,27.0,57.0,3.112058356420907,0.008042961088223777,28.0,0.020624006850291043,0.06758030758852887,-0.004461677605437811
2.0,28.0,57.0,3.1650173421202332,0.0,28.0,0.020739407219720618,0.06834016287656032,-0.004403438403699577
2.0,29.0,57.0,3.8126140803164827,0.0001140803164827453,28.0,0.02073777039585409,0.07763187795630347,-0.0033778046131162647
2.0,30.0,57.0,4.463114080316483,0.0001140803164827453,28.0,0.02073777039585409,0.08696524902331657,-0.0024434326778842077
2.0,31.0,57.0,5.1136140803164825,0.0001140803164827453,28.0,0.02073777039585409,0.09629862009032963,-0.0015762949792549278
2.0,32.0,57.0,5.761210818512732,0.0,28.0,0.020739407219720618,0.10559033517007278,-0.0007499536140009085
2.0,33.0,57.0,5.814169804212058,0.008042961088223777,28.0,0.020624006850291043,0.10635019045810423,-0.0006325895332556066
2.0,34.0,57.0,5.859335698724533,0.0310574713394014,28.0,0.02029379476097541,0.10699823050892435,-0.0004304570996813138
2.0,35.0,57.0,5.895170689293565,0.06689246190843257,28.0,0.019779634477864447,0.10751239079203534,-0.0001587524836895852
2.0,36.0,57.0,5.918185199544742,0.11205835642090678,28.0,0.019131594427044322,0.10784260288135095,0.00015627596416650926
2.0,37.0,57.0,5.926228160632966,0.16501734212023322,28.0,0.01837173913901288,0.10795800325078052,0.0005025555051234911
2.0,38.0,57.0,5.9261140803164825,0.29986408031648293,28.0,0.01643695874737266,0.107956366426914,0.0013606553445130822
2.0,39.0,57.0,5.9261140803164825,0.43761408031648275,28.0,0.014460522368462512,0.107956366426914,0.0022397480908452707
2.0,40.0,57.0,5.9261140803164825,0.5753640803164828,28.0,0.01248408598955236,0.107956366426914,0.003122475739146695
2.0,41.0,57.0,5.9261140803164825,0.7131140803164828,28.0,0.010507649610642211,0.107956366426914,0.004009812589717868
1.0,1.0,58.0,2.926114080316483,2.213114080316483,28.5,-0.010641222146074422,0.06303399242158281,-0.004094112709513659
1.0,2.0,58.0,2.926114080316483,2.350864080316483,28.5,-0.012550374817526674,0.06303399242158281,-0.003559830121776575
1.0,3.0,58.0,2.926114080316483,2.488614080316483,28.5,-0.014459527488978927,0.06303399242158281,-0.003032113594735334
1.0,4.0,58.0,2.926114080316483,2.626364080316483,28.5,-0.01636868016043118,0.06303399242158281,-0.002510624892912788
1.0,5.0,58.0,2.9262281606329656,2.7612108185127324,28.5,-0.018237594936939286,0.06303557352315067,-0.00200550966596105
1.0,6.0,58.0,2.918185199544742,2.8141698042120584,28.5,-0.018971582516070104,0.0629241017217135,-0.001797665700375697
1.0,7.0,58.0,2.8951706892935642,2.859335698724533,28.5,-0.019597561377536685,0.06260513102314218,-0.0016000132259319437
1.0,8.0,58.0,2.859335698724533,2.8951706892935642,28.5,-0.02009421813235579,0.06210847426832307,-0.001420554433308564
1.0,9.0,58.0,2.814169804212059,2.918185199544742,28.5,-0.020413188830927124,0.06148249540685649,-0.001276966707446692
1.0,10.0,58.0,2.761210818512732,2.9262281606329656,28.5,-0.020524660632364283,0.060748507827725666,-0.001180098692651583
1.0,11.0,58.0,2.113614080316483,2.926114080316483,28.5,-0.02052307953079642,0.05177311005820746,-0.00039939026399223563
1.0,12.0,58.0,1.4631140803164828,2.926114080316483,28.5,-0.02052307953079642,0.0427574743937451,0.0003326113820506266
1.0,13.0,58.0,0.8126140803164827,2.926114080316483,28.5,-0.02052307953079642,0.03374183872928275,0.0010356019845759548
1.0,14.0,58.0,0.16501734212023322,2.9262281606329656,28.5,-0.020524660632364283,0.024766440959764532,0.0017323316713526232
1.0,15.0,58.0,0.11205835642090678,2.918185199544742,28.5,-0.020413188830927124,0.02403245338063371,0.0017807462791780608
1.0,16.0,58.0,0.06689246190843257,2.8951706892935642,28.5,-0.02009421813235579,0.023406474519167136,0.0018031851727045329
1.0,17.0,58.0,0.0310574713394014,2.859335698724533,28.5,-0.019597561377536685,0.02290981776434803,0.0017992347928603807
1.0,18.0,58.0,0.008042961088223777,2.8141698042120584,28.5,-0.018971582516070104,0.022590847065776697,0.0017680367800983656
1.0,19.0,58.0,0.0,2.7612108185127324,28.5,-0.018237594936939286,0.022479375264339536,0.0017078465953506378
1.0,20.0,58.0,0.0001140803164827453,2.113614080316483,28.5,-0.009262197167421073,0.022480956365907398,0.0008558096353415542
1.0,21.0,58.0,0.0001140803164827453,1.4631140803164828,28.5,-0.0002465615029587177,0.022480956365907398,1.2407551138918562e-5
1.0,22.0,58.0,0.0001140803164827453,0.8126140803164827,28.5,0.008769074161503639,0.022480956365907398,-0.0008308343646577503
1.0,23.0,58.0,0.0,0.16501734212023322,28.5,0.01774447193102185,0.022479375264339536,-0.0016824238191385083
1.0,24.0,58.0,0.008042961088223777,0.11205835642090678,28.5,0.018478459510152673,0.022590847065776697,-0.0017427890687143047
1.0,25.0,58.0,0.0310574713394014,0.06689246190843257,28.5,0.019104438371619247,0.02290981776434803,-0.001774578676497547
1.0,26.0,58.0,0.06689246190843257,0.0310574713394014,28.5,0.019601095126438355,0.023406474519167136,-0.0017794755235310408
1.0,27.0,58.0,0.11205835642090678,0.008042961088223777,28.5,0.019920065825009686,0.02403245338063371,-0.0017582408975234467
1.0,28.0,58.0,0.16501734212023322,0.0,28.5,0.020031537626446848,0.024766440959764532,-0.0017112423412406362
1.0,29.0,58.0,0.8126140803164827,0.0001140803164827453,28.5,0.020029956524878986,0.03374183872928275,-0.0010317775327303917
1.0,30.0,58.0,1.4631140803164828,0.0001140803164827453,28.5,0.020029956524878986,0.0427574743937451,-0.0003461360444225571
1.0,31.0,58.0,2.113614080316483,0.0001140803164827453,28.5,0.020029956524878986,0.05177311005820746,0.0003683678855292782
1.0,32.0,58.0,2.7612108185127324,0.0,28.5,0.020031537626446848,0.06074850782772567,0.0011314624860974574
1.0,33.0,58.0,2.814169804212059,0.008042961088223777,28.5,0.019920065825009686,0.06148249540685649,0.0012268717379565741
1.0,34.0,58.0,2.859335698724533,0.0310574713394014,28.5,0.019601095126438355,0.06210847426832307,0.0013691207326254162
1.0,35.0,58.0,2.8951706892935642,0.06689246190843257,28.5,0.019104438371619247,0.06260513102314218,0.0015477108363386972
1.0,36.0,58.0,2.918185199544742,0.11205835642090678,28.5,0.018478459510152673,0.0629241017217135,0.0017449057272484693
1.0,37.0,58.0,2.9262281606329656,0.16501734212023322,28.5,0.01774447193102185,0.06303557352315067,0.0019522739747591359
1.0,38.0,58.0,2.926114080316483,0.29986408031648293,28.5,0.01587555715451374,0.06303399242158281,0.00245753284634341
1.0,39.0,58.0,2.926114080316483,0.43761408031648275,28.5,0.013966404483061492,0.06303399242158281,0.002979025136601198
1.0,40.0,58.0,2.926114080316483,0.5753640803164828,28.5,0.01205725181160924,0.06303399242158281,0.0035067419163385617
1.0,41.0,58.0,2.926114080316483,0.7131140803164828,28.5,0.010148099140156987,0.06303399242158281,0.0040410509486275975
2.0,1.0,58.0,5.9261140803164825,2.213114080316483,28.5,-0.010641222146074422,0.10461263499404562,-0.004335407166395857
2.0,2.0,58.0,5.9261140803164825,2.350864080316483,28.5,-0.012550374817526674,0.10461263499404562,-0.0033812847715045634
2.0,3.0,58.0,5.9261140803164825,2.488614080316483,28.5,-0.014459527488978927,0.10461263499404562,-0.002432190241032834
2.0,4.0,58.0,5.9261140803164825,2.626364080316483,28.5,-0.01636868016043118,0.10461263499404562,-0.0014870573467435332
2.0,5.0,58.0,5.926228160632966,2.7612108185127324,28.5,-0.018237594936939286,0.10461421609561349,-0.0005645425194701298
2.0,6.0,58.0,5.918185199544742,2.8141698042120584,28.5,-0.018971582516070104,0.10450274429417632,-0.0001920622105287447
2.0,7.0,58.0,5.895170689293565,2.859335698724533,28.5,-0.019597561377536685,0.104183773595605,0.00014721604940654082
2.0,8.0,58.0,5.859335698724533,2.8951706892935642,28.5,-0.02009421813235579,0.10368711684078588,0.0004402490118140459
2.0,9.0,58.0,5.814169804212058,2.918185199544742,28.5,-0.020413188830927124,0.10306113797931932,0.0006587111937423614
2.0,10.0,58.0,5.7612108185127315,2.9262281606329656,28.5,-0.020524660632364283,0.10232715040018849,0.0007862206546765287
2.0,11.0,58.0,5.1136140803164825,2.926114080316483,28.5,-0.02052307953079642,0.09335175263067028,0.001691026735101092
2.0,12.0,58.0,4.463114080316483,2.926114080316483,28.5,-0.02052307953079642,0.08433611696620794,0.002640906169375734
2.0,13.0,58.0,3.8126140803164827,2.926114080316483,28.5,-0.02052307953079642,0.07532048130174557,0.003664463176449932
2.0,14.0,58.0,3.1650173421202332,2.9262281606329656,28.5,-0.020524660632364283,0.06634508353222736,0.0047865613969655585
2.0,15.0,58.0,3.112058356420907,2.918185199544742,28.5,-0.020413188830927124,0.06561109595309653,0.0048507586198614115
2.0,16.0,58.0,3.0668924619084326,2.8951706892935642,28.5,-0.02009421813235579,0.06498511709162996,0.0048422821476381064
2.0,17.0,58.0,3.0310574713394014,2.859335698724533,28.5,-0.019597561377536685,0.06448846033681085,0.004768809301278845
2.0,18.0,58.0,3.0080429610882238,2.8141698042120584,28.5,-0.018971582516070104,0.06416948963823951,0.004640225388346057
2.0,19.0,58.0,3.0,2.7612108185127324,28.5,-0.018237594936939286,0.06405801783680236,0.004462756823761762
2.0,20.0,58.0,3.0001140803164827,2.113614080316483,28.5,-0.009262197167421073,0.06405959893837022,0.002217201904378622
2.0,21.0,58.0,3.0001140803164827,1.4631140803164828,28.5,-0.0002465615029587177,0.06405959893837022,2.5713878801312526e-5
2.0,22.0,58.0,3.0001140803164827,0.8126140803164827,28.5,0.008769074161503639,0.06405959893837022,-0.0021658389090809227
2.0,23.0,58.0,3.0,0.16501734212023322,28.5,0.01774447193102185,0.06405801783680236,-0.0044114877120389985
2.0,24.0,58.0,3.0080429610882238,0.11205835642090678,28.5,0.018478459510152673,0.06416948963823951,-0.004589427582141127
2.0,25.0,58.0,3.0310574713394014,0.06689246190843257,28.5,0.019104438371619247,0.06448846033681085,-0.004718404795463854
2.0,26.0,58.0,3.0668924619084326,0.0310574713394014,28.5,0.019601095126438355,0.06498511709162996,-0.004792781082230931
2.0,27.0,58.0,3.112058356420907,0.008042961088223777,28.5,0.019920065825009686,0.06561109595309653,-0.004802665372210121
2.0,28.0,58.0,3.1650173421202332,0.0,28.5,0.020031537626446848,0.06634508353222736,-0.004739952485741783
2.0,29.0,58.0,3.8126140803164827,0.0001140803164827453,28.5,0.020029956524878986,0.07532048130174557,-0.0036358505117180017
2.0,30.0,58.0,4.463114080316483,0.0001140803164827453,28.5,0.020029956524878986,0.08433611696620794,-0.0026302574308508715
2.0,31.0,58.0,5.1136140803164825,0.0001140803164827453,28.5,0.020029956524878986,0.09335175263067028,-0.0016982138784885075
2.0,32.0,58.0,5.761210818512732,0.0,28.5,0.020031537626446848,0.10232715040018849,-0.0008111399044521165
2.0,33.0,58.0,5.814169804212058,0.008042961088223777,28.5,0.019920065825009686,0.10306113797931932,-0.0006850833346398193
2.0,34.0,58.0,5.859335698724533,0.0310574713394014,28.5,0.019601095126438355,0.10368711684078588,-0.000467860110978063
2.0,35.0,58.0,5.895170689293565,0.06689246190843257,28.5,0.019104438371619247,0.104183773595605,-0.00017580836815558843
2.0,36.0,58.0,5.918185199544742,0.11205835642090678,28.5,0.018478459510152673,0.10450274429417632,0.0001628435177901919
2.0,37.0,58.0,5.926228160632966,0.16501734212023322,28.5,0.01774447193102185,0.10461421609561349,0.0005351126993062062
2.0,38.0,58.0,5.9261140803164825,0.29986408031648293,28.5,0.01587555715451374,0.10461263499404562,0.0014576556215812352
2.0,39.0,58.0,5.9261140803164825,0.43761408031648275,28.5,0.013966404483061492,0.10461263499404562,0.0024028058741743553
2.0,40.0,58.0,5.9261140803164825,0.5753640803164828,28.5,0.01205725181160924,0.10461263499404562,0.0033519089982735777
2.0,41.0,58.0,5.9261140803164825,0.7131140803164828,28.5,0.010148099140156987,0.10461263499404562,0.004306031388341813
1.0,1.0,59.0,2.926114080316483,2.213114080316483,29.0,-0.01024296287715933,0.061023452342718026,-0.004321386534716387
1.0,2.0,59.0,2.926114080316483,2.350864080316483,29.0,-0.012080263760513582,0.061023452342718026,-0.0037524612341472575
1.0,3.0,59.0,2.926114080316483,2.488614080316483,29.0,-0.013917564643867831,0.061023452342718026,-0.0031906304419019606
1.0,4.0,59.0,2.926114080316483,2.626364080316483,29.0,-0.015754865527222082,0.061023452342718026,-0.0026354443046845218
1.0,5.0,59.0,2.9262281606329656,2.7612108185127324,29.0,-0.017553442886245007,0.061024973938843236,-0.002097721291712127
1.0,6.0,59.0,2.918185199544742,2.8141698042120584,29.0,-0.01825980652477072,0.0609176974269581,-0.0018768105264394283
1.0,7.0,59.0,2.8951706892935642,2.859335698724533,29.0,-0.018862226400525744,0.06061073132884954,-0.0016661776442675556
1.0,8.0,59.0,2.859335698724533,2.8951706892935642,29.0,-0.01934019126315712,0.060132766466218165,-0.0014752833440360071
1.0,9.0,59.0,2.814169804212059,2.918185199544742,29.0,-0.01964715736126568,0.05953034659046315,-0.0013229421628503234
1.0,10.0,59.0,2.761210818512732,2.9262281606329656,29.0,-0.019754433873150814,0.05882398295193742,-0.0012200398454850687
1.0,11.0,59.0,2.113614080316483,2.926114080316483,29.0,-0.019752912277025608,0.05018637816685358,-0.00039350318650076656
1.0,12.0,59.0,1.4631140803164828,2.926114080316483,29.0,-0.019752912277025608,0.04151004985743842,0.0003805800581733146
1.0,13.0,59.0,0.8126140803164827,2.926114080316483,29.0,-0.019752912277025608,0.03283372154802325,0.0011236325252600796
1.0,14.0,59.0,0.16501734212023322,2.9262281606329656,29.0,-0.019754433873150814,0.024196116762939406,0.0018603451362261797
1.0,15.0,59.0,0.11205835642090678,2.918185199544742,29.0,-0.01964715736126568,0.02348975312441369,0.0019114369728877657
1.0,16.0,59.0,0.06689246190843257,2.8951706892935642,29.0,-0.01934019126315712,0.02288733324865867,0.0019348004634998973
1.0,17.0,59.0,0.0310574713394014,2.859335698724533,29.0,-0.018862226400525744,0.022409368386027292,0.0019300053174974294
1.0,18.0,59.0,0.008042961088223777,2.8141698042120584,29.0,-0.01825980652477072,0.022102402287918734,0.0018961783267015758
1.0,19.0,59.0,0.0,2.7612108185127324,29.0,-0.017553442886245007,0.0219951257760336,0.001831474343846925
1.0,20.0,59.0,0.0001140803164827453,2.113614080316483,29.0,-0.008915838101161163,0.021996647372158805,0.0009174596592668746
1.0,21.0,59.0,0.0001140803164827453,1.4631140803164828,29.0,-0.00023950979174599675,0.021996647372158805,1.301458494654499e-5
1.0,22.0,59.0,0.0001140803164827453,0.8126140803164827,29.0,0.00843681851766917,0.021996647372158805,-0.0008912846278369208
1.0,23.0,59.0,0.0,0.16501734212023322,29.0,0.017074423302753015,0.0219951257760336,-0.0018048902107714636
1.0,24.0,59.0,0.008042961088223777,0.11205835642090678,29.0,0.017780786941278732,0.022102402287918734,-0.0018697820541250785
1.0,25.0,59.0,0.0310574713394014,0.06689246190843257,29.0,0.01838320681703375,0.022409368386027292,-0.0019042289801682233
1.0,26.0,59.0,0.06689246190843257,0.0310574713394014,29.0,0.018861171679665126,0.02288733324865867,-0.0019100124030802825
1.0,27.0,59.0,0.11205835642090678,0.008042961088223777,29.0,0.019168137777773687,0.02348975312441369,-0.0018879050753067795
1.0,28.0,59.0,0.16501734212023322,0.0,29.0,0.019275414289658822,0.024196116762939406,-0.0018382898909741173
1.0,29.0,59.0,0.8126140803164827,0.0001140803164827453,29.0,0.019273892693533617,0.03283372154802325,-0.0011195803096945849
1.0,30.0,59.0,1.4631140803164828,0.0001140803164827453,29.0,0.019273892693533617,0.04151004985743842,-0.0003946039866192811
1.0,31.0,59.0,2.113614080316483,0.0001140803164827453,29.0,0.019273892693533617,0.05018637816685358,0.00036129288698374533
1.0,32.0,59.0,2.7612108185127324,0.0,29.0,0.019275414289658822,0.05882398295193743,0.0011695354876259218
1.0,33.0,59.0,2.814169804212059,0.008042961088223777,29.0,0.019168137777773687,0.05953034659046315,0.0012709354412810793
1.0,34.0,59.0,2.859335698724533,0.0310574713394014,29.0,0.018861171679665126,0.060132766466218165,0.0014220613348643464
1.0,35.0,59.0,2.8951706892935642,0.06689246190843257,29.0,0.01838320681703375,0.06061073132884954,0.001611871957355271
1.0,36.0,59.0,2.918185199544742,0.11205835642090678,29.0,0.017780786941278732,0.0609176974269581,0.0018217548856248244
1.0,37.0,59.0,2.9262281606329656,0.16501734212023322,29.0,0.017074423302753015,0.061024973938843236,0.002042607400381507
1.0,38.0,59.0,2.926114080316483,0.29986408031648293,29.0,0.015275845943730083,0.061023452342718026,0.002580303198929276
1.0,39.0,59.0,2.926114080316483,0.43761408031648275,29.0,0.013438545060375838,0.061023452342718026,0.0031355231313478227
1.0,40.0,59.0,2.926114080316483,0.5753640803164828,29.0,0.011601244177021587,0.061023452342718026,0.003697376369342312
1.0,41.0,59.0,2.926114080316483,0.7131140803164828,29.0,0.009763943293667338,0.061023452342718026,0.004266296142165209
2.0,1.0,59.0,5.9261140803164825,2.213114080316483,29.0,-0.01024296287715933,0.10103726468437137,-0.004603056632335603
2.0,2.0,59.0,5.9261140803164825,2.350864080316483,29.0,-0.012080263760513582,0.10103726468437137,-0.0035881816510178674
2.0,3.0,59.0,5.9261140803164825,2.488614080316483,29.0,-0.013917564643867831,0.10103726468437137,-0.002578695167692589
2.0,4.0,59.0,5.9261140803164825,2.626364080316483,29.0,-0.015754865527222082,0.10103726468437137,-0.0015734626397426509
2.0,5.0,59.0,5.926228160632966,2.7612108185127324,29.0,-0.017553442886245007,0.10103878628049656,-0.0005923112525985494
2.0,6.0,59.0,5.918185199544742,2.8141698042120584,29.0,-0.01825980652477072,0.10093150976861143,-0.00019617717774021327
2.0,7.0,59.0,5.895170689293565,2.859335698724533,29.0,-0.018862226400525744,0.10062454367050289,0.0001646029621897798
2.0,8.0,59.0,5.859335698724533,2.8951706892935642,29.0,-0.01934019126315712,0.10014657880787149,0.00047615640943311104
2.0,9.0,59.0,5.814169804212058,2.918185199544742,29.0,-0.01964715736126568,0.09954415893211649,0.0007083658939639614
2.0,10.0,59.0,5.7612108185127315,2.9262281606329656,29.0,-0.019754433873150814,0.09883779529359075,0.0008438029487888112
2.0,11.0,59.0,5.1136140803164825,2.926114080316483,29.0,-0.019752912277025608,0.09020019050850692,0.0018040351566658674
2.0,12.0,59.0,4.463114080316483,2.926114080316483,29.0,-0.019752912277025608,0.08152386219909177,0.002812952453035887
2.0,13.0,59.0,3.8126140803164827,2.926114080316483,29.0,-0.019752912277025608,0.07284753388967659,0.0039011098469001037
2.0,14.0,59.0,3.1650173421202332,2.9262281606329656,29.0,-0.019754433873150814,0.06420992910459275,0.005094580165971191
2.0,15.0,59.0,3.112058356420907,2.918185199544742,29.0,-0.01964715736126568,0.06350356546606703,0.005162804155491865
2.0,16.0,59.0,3.0668924619084326,2.8951706892935642,29.0,-0.01934019126315712,0.06290114559031201,0.005153470864294115
2.0,17.0,59.0,3.0310574713394014,2.859335698724533,29.0,-0.018862226400525744,0.06242318072768063,0.005075356938629325
2.0,18.0,59.0,3.0080429610882238,2.8141698042120584,29.0,-0.01825980652477072,0.06211621462957207,0.004938845803169952
2.0,19.0,59.0,3.0,2.7612108185127324,29.0,-0.017553442886245007,0.062008938117686936,0.004749564154383402
2.0,20.0,59.0,3.0001140803164827,2.113614080316483,29.0,-0.008915838101161163,0.062010459713812145,0.00235941669588909
2.0,21.0,59.0,3.0001140803164827,1.4631140803164828,29.0,-0.00023950979174599675,0.062010459713812145,2.6370387128179116e-5
2.0,22.0,59.0,3.0001140803164827,0.8126140803164827,29.0,0.00843681851766917,0.062010459713812145,-0.00230669925680041
2.0,23.0,59.0,3.0,0.16501734212023322,29.0,0.017074423302753015,0.062008938117686936,-0.00469691137653981
2.0,24.0,59.0,3.0080429610882238,0.11205835642090678,29.0,0.017780786941278732,0.06211621462957207,-0.004886291030694304
2.0,25.0,59.0,3.0310574713394014,0.06689246190843257,29.0,0.01838320681703375,0.06242318072768063,-0.0050236187542562856
2.0,26.0,59.0,3.0668924619084326,0.0310574713394014,29.0,0.018861171679665126,0.06290114559031201,-0.005102824995089298
2.0,27.0,59.0,3.112058356420907,0.008042961088223777,29.0,0.019168137777773687,0.06350356546606703,-0.005113367247577772
2.0,28.0,59.0,3.1650173421202332,0.0,29.0,0.019275414289658822,0.06420992910459275,-0.005046671597921867
2.0,29.0,59.0,3.8126140803164827,0.0001140803164827453,29.0,0.019273892693533617,0.07284753388967659,-0.0038718186493435502
2.0,30.0,59.0,4.463114080316483,0.0001140803164827453,29.0,0.019273892693533617,0.08152386219909177,-0.0028022436813502152
2.0,31.0,59.0,5.1136140803164825,0.0001140803164827453,29.0,0.019273892693533617,0.09020019050850692,-0.0018118315165307783
2.0,32.0,59.0,5.761210818512732,0.0,29.0,0.019275414289658822,0.09883779529359075,-0.0008700218287599441
2.0,33.0,59.0,5.814169804212058,0.008042961088223777,29.0,0.019168137777773687,0.09954415893211649,-0.0007360949162922564
2.0,34.0,59.0,5.859335698724533,0.0310574713394014,29.0,0.018861171679665126,0.10014657880787149,-0.0005051732000026262
2.0,35.0,59.0,5.895170689293565,0.06689246190843257,29.0,0.01838320681703375,0.10062454367050289,-0.00019463957662349177
2.0,36.0,59.0,5.918185199544742,0.11205835642090678,29.0,0.017780786941278732,0.10093150976861143,0.00016548904325129854
2.0,37.0,59.0,5.926228160632966,0.16501734212023322,29.0,0.017074423302753015,0.10103878628049656,0.0005614024132982611
2.0,38.0,59.0,5.9261140803164825,0.29986408031648293,29.0,0.015275845943730083,0.10103726468437137,0.0015425801628629618
2.0,39.0,59.0,5.9261140803164825,0.43761408031648275,29.0,0.013438545060375838,0.10103726468437137,0.0025478286373836465
2.0,40.0,59.0,5.9261140803164825,0.5753640803164828,29.0,0.011601244177021587,0.10103726468437137,0.0035573228166697795
2.0,41.0,59.0,5.9261140803164825,0.7131140803164828,29.0,0.009763943293667338,0.10103726468437137,0.004572197460568444
1.0,1.0,60.0,2.926114080316483,2.213114080316483,29.5,-0.00982223255817874,0.05889275126836346,-0.0045114710014659155
1.0,2.0,60.0,2.926114080316483,2.350864080316483,29.5,-0.011583602577553942,0.05889275126836346,-0.003911334807661787
1.0,3.0,60.0,2.926114080316483,2.488614080316483,29.5,-0.013344972596929145,0.05889275126836346,-0.003318726425615153
1.0,4.0,60.0,2.926114080316483,2.626364080316483,29.5,-0.01510634261630435,0.05889275126836346,-0.002733222529413771
1.0,5.0,60.0,2.9262281606329656,2.7612108185127324,29.5,-0.016830589453831833,0.05889420998088073,-0.0021662079760421445
1.0,6.0,60.0,2.918185199544742,2.8141698042120584,29.5,-0.01750776092147113,0.058791366928047345,-0.001933125977373892
1.0,7.0,60.0,2.8951706892935642,2.859335698724533,29.5,-0.01808528435154398,0.05849708693990195,-0.0017113596337935248
1.0,8.0,60.0,2.859335698724533,2.8951706892935642,29.5,-0.018543496170294507,0.058038875121151426,-0.0015102992685478993
1.0,9.0,60.0,2.814169804212059,2.918185199544742,29.5,-0.018837776158439897,0.05746135169107858,-0.0013497751391566863
1.0,10.0,60.0,2.761210818512732,2.9262281606329656,29.5,-0.018940619211273282,0.05678418022343927,-0.001241707935511574
1.0,11.0,60.0,2.113614080316483,2.926114080316483,29.5,-0.018939160498756016,0.048503545164970706,-0.00037543503572052514
1.0,12.0,60.0,1.4631140803164828,2.926114080316483,29.5,-0.018939160498756016,0.04018578692465441,0.00043485729837178537
1.0,13.0,60.0,0.8126140803164827,2.926114080316483,29.5,-0.018939160498756016,0.031868028684338114,0.0012122018896710879
1.0,14.0,60.0,0.16501734212023322,2.9262281606329656,29.5,-0.018940619211273282,0.02358739362586954,0.001983098252660185
1.0,15.0,60.0,0.11205835642090678,2.918185199544742,29.5,-0.018837776158439897,0.02291022215823024,0.0020364231094611002
1.0,16.0,60.0,0.06689246190843257,2.8951706892935642,29.5,-0.018543496170294507,0.022332698728157387,0.002060406686661806
1.0,17.0,60.0,0.0310574713394014,2.859335698724533,29.5,-0.01808528435154398,0.021874486909406864,0.0020546083231050183
1.0,18.0,60.0,0.008042961088223777,2.8141698042120584,29.5,-0.01750776092147113,0.021580206921261474,0.0020181572960157163
1.0,19.0,60.0,0.0,2.7612108185127324,29.5,-0.016830589453831833,0.02147736386842809,0.0019491215915718855
1.0,20.0,60.0,0.0001140803164827453,2.113614080316483,29.5,-0.008549954395363258,0.021478822580945356,0.0009761652706277067
1.0,21.0,60.0,0.0001140803164827453,1.4631140803164828,29.5,-0.00023219615504696281,0.021478822580945356,1.3590743040197847e-5
1.0,22.0,60.0,0.0001140803164827453,0.8126140803164827,29.5,0.008085562085269333,0.021478822580945356,-0.0009488478065432809
1.0,23.0,60.0,0.0,0.16501734212023322,29.5,0.016366197143737906,0.02147736386842809,-0.0019214212914251947
1.0,24.0,60.0,0.008042961088223777,0.11205835642090678,29.5,0.01704336861137721,0.021580206921261474,-0.001990655778666245
1.0,25.0,60.0,0.0310574713394014,0.06689246190843257,29.5,0.017620892041450058,0.021874486909406864,-0.0020277532268176807
1.0,26.0,60.0,0.06689246190843257,0.0310574713394014,29.5,0.01807910386020058,0.022332698728157387,-0.0020345797858044388
1.0,27.0,60.0,0.11205835642090678,0.008042961088223777,29.5,0.018373383848345973,0.02291022215823024,-0.0020119018828118557
1.0,28.0,60.0,0.16501734212023322,0.0,29.5,0.018476226901179355,0.02358739362586954,-0.0019601113615003315
1.0,29.0,60.0,0.8126140803164827,0.0001140803164827453,29.5,0.01847476818866209,0.031868028684338114,-0.0012079237476968008
1.0,30.0,60.0,1.4631140803164828,0.0001140803164827453,29.5,0.01847476818866209,0.04018578692465441,-0.00044935224196088544
1.0,31.0,60.0,2.113614080316483,0.0001140803164827453,29.5,0.01847476818866209,0.048503545164970706,0.00034207247217409953
1.0,32.0,60.0,2.7612108185127324,0.0,29.5,0.018476226901179355,0.05678418022343928,0.001189401745446307
1.0,33.0,60.0,2.814169804212059,0.008042961088223777,29.5,0.018373383848345973,0.05746135169107858,0.0012959109692992437
1.0,34.0,60.0,2.859335698724533,0.0310574713394014,29.5,0.01807910386020058,0.058038875121151426,0.001455059524250424
1.0,35.0,60.0,2.8951706892935642,0.06689246190843257,29.5,0.017620892041450058,0.05849708693990195,0.0016551126141344194
1.0,36.0,60.0,2.918185199544742,0.11205835642090678,29.5,0.01704336861137721,0.058791366928047345,0.0018762748590788803
1.0,37.0,60.0,2.9262281606329656,0.16501734212023322,29.5,0.016366197143737906,0.05889420998088073,0.0021090357565819806
1.0,38.0,60.0,2.926114080316483,0.29986408031648293,29.5,0.01464195030621042,0.05889275126836346,0.00267612617058384
1.0,39.0,60.0,2.926114080316483,0.43761408031648275,29.5,0.01288058028683522,0.05889275126836346,0.0032616509877867093
1.0,40.0,60.0,2.926114080316483,0.5753640803164828,29.5,0.011119210267460017,0.05889275126836346,0.0038542707222542077
1.0,41.0,60.0,2.926114080316483,0.7131140803164828,29.5,0.009357840248084812,0.05889275126836346,0.004454419901002391
2.0,1.0,60.0,5.9261140803164825,2.213114080316483,29.5,-0.00982223255817874,0.09725289688089056,-0.00483844388400019
2.0,2.0,60.0,5.9261140803164825,2.350864080316483,29.5,-0.011583602577553942,0.09725289688089056,-0.0037692580042724233
2.0,3.0,60.0,5.9261140803164825,2.488614080316483,29.5,-0.013344972596929145,0.09725289688089056,-0.0027057957545167798
2.0,4.0,60.0,5.9261140803164825,2.626364080316483,29.5,-0.01510634261630435,0.09725289688089056,-0.0016468504750714323
2.0,5.0,60.0,5.926228160632966,2.7612108185127324,29.5,-0.016830589453831833,0.09725435559340782,-0.0006132973268544537
2.0,6.0,60.0,5.918185199544742,2.8141698042120584,29.5,-0.01750776092147113,0.09715151254057444,-0.00019603314472613006
2.0,7.0,60.0,5.895170689293565,2.859335698724533,29.5,-0.01808528435154398,0.09685723255242906,0.0001839430654824827
2.0,8.0,60.0,5.859335698724533,2.8951706892935642,29.5,-0.018543496170294507,0.09639902073367852,0.0005120183307521411
2.0,9.0,60.0,5.814169804212058,2.918185199544742,29.5,-0.018837776158439897,0.09582149730360569,0.0007564690922193677
2.0,10.0,60.0,5.7612108185127315,2.9262281606329656,29.5,-0.018940619211273282,0.09514432583596638,0.0008989361252566515
2.0,11.0,60.0,5.1136140803164825,2.926114080316483,29.5,-0.018939160498756016,0.08686369077749781,0.001908018722313159
2.0,12.0,60.0,4.463114080316483,2.926114080316483,29.5,-0.018939160498756016,0.07854593253718152,0.00296895805291016
2.0,13.0,60.0,3.8126140803164827,2.926114080316483,29.5,-0.018939160498756016,0.07022817429686522,0.004114149133422992
2.0,14.0,60.0,3.1650173421202332,2.9262281606329656,29.5,-0.018940619211273282,0.06194753923839664,0.005370893880919252
2.0,15.0,60.0,3.112058356420907,2.918185199544742,29.5,-0.018837776158439897,0.06127036777075734,0.005442702999033846
2.0,16.0,60.0,3.0668924619084326,2.8951706892935642,29.5,-0.018543496170294507,0.06069284434068449,0.005432882474175287
2.0,17.0,60.0,3.0310574713394014,2.859335698724533,29.5,-0.01808528435154398,0.060234632521933965,0.0053503174747226365
2.0,18.0,60.0,3.0080429610882238,2.8141698042120584,29.5,-0.01750776092147113,0.05994035253378858,0.00520607546534536
2.0,19.0,60.0,3.0,2.7612108185127324,29.5,-0.016830589453831833,0.05983750948095519,0.005006703300145966
2.0,20.0,60.0,3.0001140803164827,2.113614080316483,29.5,-0.008549954395363258,0.05983896819347246,0.0024867723277440645
2.0,21.0,60.0,3.0001140803164827,1.4631140803164828,29.5,-0.00023219615504696281,0.05983896819347246,2.7037350955130082e-5
2.0,22.0,60.0,3.0001140803164827,0.8126140803164827,29.5,0.008085562085269333,0.05983896819347246,-0.0024327081923196125
2.0,23.0,60.0,3.0,0.16501734212023322,29.5,0.016366197143737906,0.05983750948095519,-0.004952625996014718
2.0,24.0,60.0,3.0080429610882238,0.11205835642090678,29.5,0.01704336861137721,0.05994035253378858,-0.005152316670733914
2.0,25.0,60.0,3.0310574713394014,0.06689246190843257,29.5,0.017620892041450058,0.060234632521933965,-0.0052971510562899735
2.0,26.0,60.0,3.0668924619084326,0.0310574713394014,29.5,0.01807910386020058,0.06069284434068449,-0.005380747853619619
2.0,27.0,60.0,3.112058356420907,0.008042961088223777,29.5,0.018373383848345973,0.06127036777075734,-0.005391973615104607
2.0,28.0,60.0,3.1650173421202332,0.0,29.5,0.018476226901179355,0.06194753923839664,-0.005321734787291937
2.0,29.0,60.0,3.8126140803164827,0.0001140803164827453,29.5,0.01847476818866209,0.07022817429686522,-0.004084195710100658
2.0,30.0,60.0,4.463114080316483,0.0001140803164827453,29.5,0.01847476818866209,0.07854593253718152,-0.002958212778944298
2.0,31.0,60.0,5.1136140803164825,0.0001140803164827453,29.5,0.01847476818866209,0.08686369077749781,-0.0019164243411945307
2.0,32.0,60.0,5.761210818512732,0.0,29.5,0.018476226901179355,0.09514432583596638,-0.000926429210210502
2.0,33.0,60.0,5.814169804212058,0.008042961088223777,29.5,0.018373383848345973,0.09582149730360569,-0.0007855270359281323
2.0,34.0,60.0,5.859335698724533,0.0310574713394014,29.5,0.01807910386020058,0.09639902073367852,-0.000542410815182143
2.0,35.0,60.0,5.895170689293565,0.06689246190843257,29.5,0.017620892041450058,0.09685723255242906,-0.00021539269423685435
2.0,36.0,60.0,5.918185199544742,0.11205835642090678,29.5,0.01704336861137721,0.09715151254057444,0.0001639080507958231
2.0,37.0,60.0,5.926228160632966,0.16501734212023322,29.5,0.016366197143737906,0.09725435559340782,0.0005809432619914233
2.0,38.0,60.0,5.9261140803164825,0.29986408031648293,29.5,0.01464195030621042,0.09725289688089056,0.0016145226348555604
2.0,39.0,60.0,5.9261140803164825,0.43761408031648275,29.5,0.01288058028683522,0.09725289688089056,0.0026734835792752384
2.0,40.0,60.0,5.9261140803164825,0.5753640803164828,29.5,0.011119210267460017,0.09725289688089056,0.003736953351684471
2.0,41.0,60.0,5.9261140803164825,0.7131140803164828,29.5,0.009357840248084812,0.09725289688089056,0.004806138880748359
1.0,1.0,61.0,2.926114080316483,2.213114080316483,30.0,-0.009381869802435945,0.05665465414573852,-0.004661993346255351
1.0,2.0,61.0,2.926114080316483,2.350864080316483,30.0,-0.011063749946333506,0.05665465414573852,-0.0040342402952894705
1.0,3.0,61.0,2.926114080316483,2.488614080316483,30.0,-0.012745630090231068,0.05665465414573852,-0.003414457604777752
1.0,4.0,61.0,2.926114080316483,2.626364080316483,30.0,-0.014427510234128629,0.05665465414573852,-0.002802166511073551
1.0,5.0,61.0,2.9262281606329656,2.7612108185127324,30.0,-0.016073942549494326,0.0566560470271839,-0.002209271072970726
1.0,6.0,61.0,2.918185199544742,2.8141698042120584,30.0,-0.01672055355848635,0.056557845237329644,-0.0019657333830622754
1.0,7.0,61.0,2.8951706892935642,2.859335698724533,30.0,-0.01727201360321886,0.05627684597915917,-0.001733861209055978
1.0,8.0,61.0,2.859335698724533,2.8951706892935642,30.0,-0.017709546518607677,0.05583931306377035,-0.0015238685605335868
1.0,9.0,61.0,2.814169804212059,2.918185199544742,30.0,-0.01799054577677815,0.055287853019037846,-0.0013564830713221764
1.0,10.0,61.0,2.761210818512732,2.9262281606329656,30.0,-0.01808874756663241,0.05464124201004581,-0.0012438829110997646
1.0,11.0,61.0,2.113614080316483,2.926114080316483,30.0,-0.018087354685187025,0.04673430846939174,-0.00034437387547002436
1.0,12.0,61.0,1.4631140803164828,2.926114080316483,30.0,-0.018087354685187025,0.0387919271002058,0.0004958317200720924
1.0,13.0,61.0,0.8126140803164827,2.926114080316483,30.0,-0.018087354685187025,0.03084954573101986,0.001301287829052259
1.0,14.0,61.0,0.16501734212023322,2.9262281606329656,30.0,-0.01808874756663241,0.02294261219036578,0.002100177039298749
1.0,15.0,61.0,0.11205835642090678,2.918185199544742,30.0,-0.01799054577677815,0.022296001181373752,0.002155263186152642
1.0,16.0,61.0,0.06689246190843257,2.8951706892935642,30.0,-0.017709546518607677,0.02174454113664125,0.0021795431846858815
1.0,17.0,61.0,0.0310574713394014,2.859335698724533,30.0,-0.01727201360321886,0.02130700822125243,0.002172572907615136
1.0,18.0,61.0,0.008042961088223777,2.8141698042120584,30.0,-0.01672055355848635,0.021026008963081957,0.0021335034279016557
1.0,19.0,61.0,0.0,2.7612108185127324,30.0,-0.016073942549494326,0.0209278071732277,0.0020603302633792997
1.0,20.0,61.0,0.0001140803164827453,2.113614080316483,30.0,-0.008167009008840249,0.020929200054673084,0.0010316858935597152
1.0,21.0,61.0,0.0001140803164827453,1.4631140803164828,30.0,-0.00022462763965430747,0.020929200054673084,1.4138174406126388e-5
1.0,22.0,61.0,0.0001140803164827453,0.8126140803164827,30.0,0.007717753729531634,0.020929200054673084,-0.0010032795769938925
1.0,23.0,61.0,0.0,0.16501734212023322,30.0,0.015624687270185712,0.0209278071732277,-0.0020315569191244796
1.0,24.0,61.0,0.008042961088223777,0.11205835642090678,30.0,0.01627129827917774,0.021026008963081957,-0.0021049387242422133
1.0,25.0,61.0,0.0310574713394014,0.06689246190843257,30.0,0.016822758323910243,0.02130700822125243,-0.002144679483674648
1.0,26.0,61.0,0.06689246190843257,0.0310574713394014,30.0,0.017260291239299064,0.02174454113664125,-0.0021527157155257015
1.0,27.0,61.0,0.11205835642090678,0.008042961088223777,30.0,0.017541290497469535,0.022296001181373752,-0.002129788689363383
1.0,28.0,61.0,0.16501734212023322,0.0,30.0,0.017639492287323793,0.02294261219036578,-0.0020762922382333996
1.0,29.0,61.0,0.8126140803164827,0.0001140803164827453,30.0,0.017638099405878408,0.03084954573101986,-0.0012967870479130169
1.0,30.0,61.0,1.4631140803164828,0.0001140803164827453,30.0,0.017638099405878408,0.0387919271002058,-0.0005107774032550922
1.0,31.0,61.0,2.113614080316483,0.0001140803164827453,30.0,0.017638099405878408,0.04673430846939174,0.00030990067465740687
1.0,32.0,61.0,2.7612108185127324,0.0,30.0,0.017639492287323793,0.05464124201004582,0.001189808901569495
1.0,33.0,61.0,2.814169804212059,0.008042961088223777,30.0,0.017541290497469535,0.055287853019037846,0.0013007960614816075
1.0,34.0,61.0,2.859335698724533,0.0310574713394014,30.0,0.017260291239299064,0.05583931306377035,0.001466842922537831
1.0,35.0,61.0,2.8951706892935642,0.06689246190843257,30.0,0.016822758323910243,0.05627684597915917,0.001675716955984088
1.0,36.0,61.0,2.918185199544742,0.11205835642090678,30.0,0.01627129827917774,0.056557845237329644,0.001906850068474008
1.0,37.0,61.0,2.9262281606329656,0.16501734212023322,30.0,0.015624687270185712,0.0566560470271839,0.0021502231147942003
1.0,38.0,61.0,2.926114080316483,0.29986408031648293,30.0,0.013978254954820012,0.05665465414573852,0.0027431335319353756
1.0,39.0,61.0,2.926114080316483,0.43761408031648275,30.0,0.012296374810922453,0.05665465414573852,0.0033554542480531274
1.0,40.0,61.0,2.926114080316483,0.5753640803164828,30.0,0.010614494667024892,0.05665465414573852,0.003975256151268541
1.0,41.0,61.0,2.926114080316483,0.7131140803164828,30.0,0.00893261452312733,0.05665465414573852,0.0046030110942454966
2.0,1.0,61.0,5.9261140803164825,2.213114080316483,30.0,-0.009381869802435945,0.09328362279686507,-0.005039575381348234
2.0,2.0,61.0,5.9261140803164825,2.350864080316483,30.0,-0.011063749946333506,0.09328362279686507,-0.003922914105099843
2.0,3.0,61.0,5.9261140803164825,2.488614080316483,30.0,-0.012745630090231068,0.09328362279686507,-0.0028122799729721933
2.0,4.0,61.0,5.9261140803164825,2.626364080316483,30.0,-0.014427510234128629,0.09328362279686507,-0.0017064046702927795
2.0,5.0,61.0,5.926228160632966,2.7612108185127324,30.0,-0.016073942549494326,0.09328501567831045,-0.0006270726843627657
2.0,6.0,61.0,5.918185199544742,2.8141698042120584,30.0,-0.01672055355848635,0.09318681388845619,-0.00019135637972718378
2.0,7.0,61.0,5.895170689293565,2.859335698724533,30.0,-0.01727201360321886,0.09290581463028573,0.00020536506736012689
2.0,8.0,61.0,5.859335698724533,2.8951706892935642,30.0,-0.017709546518607677,0.09246828171489689,0.0005478319185620541
2.0,9.0,61.0,5.814169804212058,2.918185199544742,30.0,-0.01799054577677815,0.0919168216701644,0.0008029235973737488
2.0,10.0,61.0,5.7612108185127315,2.9262281606329656,30.0,-0.01808874756663241,0.09127021066117237,0.0009514642972002855
2.0,11.0,61.0,5.1136140803164825,2.926114080316483,30.0,-0.018087354685187025,0.08336327712051829,0.002002352827713005
2.0,12.0,61.0,4.463114080316483,2.926114080316483,30.0,-0.018087354685187025,0.07542089575133236,0.0031078905335142556
2.0,13.0,61.0,3.8126140803164827,2.926114080316483,30.0,-0.018087354685187025,0.06747851438214642,0.004302168034065564
2.0,14.0,61.0,3.1650173421202332,2.9262281606329656,30.0,-0.01808874756663241,0.05957158084149233,0.005613776170379668
2.0,15.0,61.0,3.112058356420907,2.918185199544742,30.0,-0.01799054577677815,0.058924969832500305,0.005688686891887997
2.0,16.0,61.0,3.0668924619084326,2.8951706892935642,30.0,-0.017709546518607677,0.0583735097877678,0.005678164562776569
2.0,17.0,61.0,3.0310574713394014,2.859335698724533,30.0,-0.01727201360321886,0.05793597687237898,0.005591770579340988
2.0,18.0,61.0,3.0080429610882238,2.8141698042120584,30.0,-0.01672055355848635,0.05765497761420851,0.005441033552982367
2.0,19.0,61.0,3.0,2.7612108185127324,30.0,-0.016073942549494326,0.05755677582435425,0.0052324528893644365
2.0,20.0,61.0,3.0001140803164827,2.113614080316483,30.0,-0.008167009008840249,0.057558168705799634,0.0025985098641847166
2.0,21.0,61.0,3.0001140803164827,1.4631140803164828,30.0,-0.00022462763965430747,0.057558168705799634,2.7705200983234267e-5
2.0,22.0,61.0,3.0001140803164827,0.8126140803164827,30.0,0.007717753729531634,0.057558168705799634,-0.0025430917614949833
2.0,23.0,61.0,3.0,0.16501734212023322,30.0,0.015624687270185712,0.05755677582435425,-0.005176998396994574
2.0,24.0,61.0,3.0080429610882238,0.11205835642090678,30.0,0.01627129827917774,0.05765497761420851,-0.005385770244311342
2.0,25.0,61.0,3.0310574713394014,0.06689246190843257,30.0,0.016822758323910243,0.05793597687237898,-0.005537269937795299
2.0,26.0,61.0,3.0668924619084326,0.0310574713394014,30.0,0.017260291239299064,0.0583735097877678,-0.005624784123757003
2.0,27.0,61.0,3.112058356420907,0.008042961088223777,30.0,0.017541290497469535,0.058924969832500305,-0.005636649958208948
2.0,28.0,61.0,3.1650173421202332,0.0,30.0,0.017639492287323793,0.05957158084149233,-0.005563369861583025
2.0,29.0,61.0,3.8126140803164827,0.0001140803164827453,30.0,0.017638099405878408,0.06747851438214642,-0.004271579518144121
2.0,30.0,61.0,4.463114080316483,0.0001140803164827453,30.0,0.017638099405878408,0.07542089575133236,-0.003097121350772477
2.0,31.0,61.0,5.1136140803164825,0.0001140803164827453,30.0,0.017638099405878408,0.08336327712051829,-0.002011364583095805
2.0,32.0,61.0,5.761210818512732,0.0,30.0,0.017639492287323793,0.09127021066117237,-0.00098020421045107
2.0,33.0,61.0,5.814169804212058,0.008042961088223777,30.0,0.017541290497469535,0.0919168216701644,-0.0008332813985971648
2.0,34.0,61.0,5.859335698724533,0.0310574713394014,30.0,0.017260291239299064,0.09246828171489689,-0.0005795694508424099
2.0,35.0,61.0,5.895170689293565,0.06689246190843257,30.0,0.016822758323910243,0.09290581463028573,-0.00023819539870812472
2.0,36.0,61.0,5.918185199544742,0.11205835642090678,30.0,0.01627129827917774,0.09318681388845619,0.00015782776727149388
2.0,37.0,61.0,5.926228160632966,0.16501734212023322,30.0,0.015624687270185712,0.09328501567831045,0.0005933072744580372
2.0,38.0,61.0,5.9261140803164825,0.29986408031648293,30.0,0.013978254954820012,0.09328362279686507,0.0016726664192733313
2.0,39.0,61.0,5.9261140803164825,0.43761408031648275,30.0,0.012296374810922453,0.09328362279686507,0.0027785579650801326
2.0,40.0,61.0,5.9261140803164825,0.5753640803164828,30.0,0.010614494667024892,0.09328362279686507,0.003889199952880109
2.0,41.0,61.0,5.9261140803164825,0.7131140803164828,30.0,0.00893261452312733,0.09328362279686507,0.0050058610151140865
1.0,1.0,62.0,2.926114080316483,2.213114080316483,30.5,-0.00892486888323147,0.05432264680155836,-0.0047707106363364185
1.0,2.0,62.0,2.926114080316483,2.350864080316483,30.5,-0.010524249021110267,0.05432264680155836,-0.004119155368997919
1.0,3.0,62.0,2.926114080316483,2.488614080316483,30.5,-0.012123629158989065,0.05432264680155836,-0.003475954430297126
1.0,4.0,62.0,2.926114080316483,2.626364080316483,30.5,-0.013723009296867863,0.05432264680155836,-0.002840633487100848
1.0,5.0,62.0,2.9262281606329656,2.7612108185127324,30.5,-0.015288680401977289,0.05432397135903426,-0.002225522417172733
1.0,6.0,62.0,2.918185199544742,2.8141698042120584,30.5,-0.01590357368582273,0.05423058658796902,-0.0019728359431330383
1.0,7.0,62.0,2.8951706892935642,2.859335698724533,30.5,-0.016427983374336565,0.053963370975782146,-0.0017325718778979176
1.0,8.0,62.0,2.859335698724533,2.8951706892935642,30.5,-0.01684405431558653,0.05354730003453218,-0.0015150200872014053
1.0,9.0,62.0,2.814169804212059,2.918185199544742,30.5,-0.017111269927773398,0.05302289034601835,-0.0013416714512961736
1.0,10.0,62.0,2.761210818512732,2.9262281606329656,30.5,-0.017204654698838643,0.052407997062172904,-0.0012254168521884062
1.0,11.0,62.0,2.113614080316483,2.926114080316483,30.5,-0.01720333014136274,0.044888916405721534,-0.00029956519700917846
1.0,12.0,62.0,1.4631140803164828,2.926114080316483,30.5,-0.01720333014136274,0.037336126716500787,0.0005638697894197138
1.0,13.0,62.0,0.8126140803164827,2.926114080316483,30.5,-0.01720333014136274,0.029783337027280043,0.0013908758529880812
1.0,14.0,62.0,0.16501734212023322,2.9262281606329656,30.5,-0.017204654698838643,0.022264256370828666,0.0022112097258921545
1.0,15.0,62.0,0.11205835642090678,2.918185199544742,30.5,-0.017111269927773398,0.021649363086983224,0.002267559118001214
1.0,16.0,62.0,0.06689246190843257,2.8951706892935642,30.5,-0.01684405431558653,0.02112495339846939,0.002291794627832159
1.0,17.0,62.0,0.0310574713394014,2.859335698724533,30.5,-0.016427983374336565,0.020708882457219427,0.0022834753675502585
1.0,18.0,62.0,0.008042961088223777,2.8141698042120584,30.5,-0.01590357368582273,0.02044166684503256,0.0022417936155916178
1.0,19.0,62.0,0.0,2.7612108185127324,30.5,-0.015288680401977289,0.020348282073967314,0.0021646878702305974
1.0,20.0,62.0,0.0001140803164827453,2.113614080316483,30.5,-0.007769599745525915,0.020349606631443216,0.001083806969639161
1.0,21.0,62.0,0.0001140803164827453,1.4631140803164828,30.5,-0.0002168100563051695,0.020349606631443216,1.465818787088265e-5
1.0,22.0,62.0,0.0001140803164827453,0.8126140803164827,30.5,0.007335979632915576,0.020349606631443216,-0.0010543630981328458
1.0,23.0,62.0,0.0,0.16501734212023322,30.5,0.01485506028936695,0.020348282073967314,-0.0021348834831381213
1.0,24.0,62.0,0.008042961088223777,0.11205835642090678,30.5,0.015469953573212396,0.02044166684503256,-0.0022122064222245344
1.0,25.0,62.0,0.0310574713394014,0.06689246190843257,30.5,0.015994363261726225,0.020708882457219427,-0.002254582806200211
1.0,26.0,62.0,0.06689246190843257,0.0310574713394014,30.5,0.01641043420297619,0.02112495339846939,-0.002264004081986919
1.0,27.0,62.0,0.11205835642090678,0.008042961088223777,30.5,0.01667764981516306,0.021649363086983224,-0.002241166735805049
1.0,28.0,62.0,0.16501734212023322,0.0,30.5,0.016771034586228303,0.022264256370828666,-0.0021864599094440873
1.0,29.0,62.0,0.8126140803164827,0.0001140803164827453,30.5,0.0167697100287524,0.029783337027280043,-0.0013861576699616756
1.0,30.0,62.0,1.4631140803164828,0.0001140803164827453,30.5,0.0167697100287524,0.037336126716500787,-0.0005792465373225084
1.0,31.0,62.0,2.113614080316483,0.0001140803164827453,30.5,0.0167697100287524,0.044888916405721534,0.00026401388184176965
1.0,32.0,62.0,2.7612108185127324,0.0,30.5,0.016771034586228303,0.05240799706217291,0.0011696308067973735
1.0,33.0,62.0,2.814169804212059,0.008042961088223777,30.5,0.01667764981516306,0.05302289034601835,0.0012842238305666527
1.0,34.0,62.0,2.859335698724533,0.0310574713394014,30.5,0.01641043420297619,0.05354730003453218,0.0014561227031614677
1.0,35.0,62.0,2.8951706892935642,0.06689246190843257,30.5,0.015994363261726225,0.053963370975782146,0.0016725791803358363
1.0,36.0,62.0,2.918185199544742,0.11205835642090678,30.5,0.015469953573212396,0.05423058658796902,0.0019121668346634506
1.0,37.0,62.0,2.9262281606329656,0.16501734212023322,30.5,0.01485506028936695,0.05432397135903426,0.0021645586889699007
1.0,38.0,62.0,2.926114080316483,0.29986408031648293,30.5,0.013289389184257521,0.05432264680155836,0.0027797292196896934
1.0,39.0,62.0,2.926114080316483,0.43761408031648275,30.5,0.011690009046378727,0.05432264680155836,0.003415074561303309
1.0,40.0,62.0,2.926114080316483,0.5753640803164828,30.5,0.010090628908499929,0.05432264680155836,0.004058289190818747
1.0,41.0,62.0,2.926114080316483,0.7131140803164828,30.5,0.008491248770621131,0.05432264680155836,0.004709853964872092
2.0,1.0,62.0,5.9261140803164825,2.213114080316483,30.5,-0.00892486888323147,0.08915488210926356,-0.0052046314268500045
2.0,2.0,62.0,5.9261140803164825,2.350864080316483,30.5,-0.010524249021110267,0.08915488210926356,-0.004047686140033578
2.0,3.0,62.0,5.9261140803164825,2.488614080316483,30.5,-0.012123629158989065,0.08915488210926356,-0.002897045501490074
2.0,4.0,62.0,5.9261140803164825,2.626364080316483,30.5,-0.013723009296867863,0.08915488210926356,-0.0017513825109319557
2.0,5.0,62.0,5.926228160632966,2.7612108185127324,30.5,-0.015288680401977289,0.08915620666673946,-0.0006332481791872268
2.0,6.0,62.0,5.918185199544742,2.8141698042120584,30.5,-0.01590357368582273,0.08906282189567422,-0.0001819031810484712
2.0,7.0,62.0,5.895170689293565,2.859335698724533,30.5,-0.016427983374336565,0.08879560628348736,0.0002289815578196499
2.0,8.0,62.0,5.859335698724533,2.8951706892935642,30.5,-0.01684405431558653,0.08837953534223737,0.0005835985205989582
2.0,9.0,62.0,5.814169804212058,2.918185199544742,30.5,-0.017111269927773398,0.08785512565372355,0.0008476422537845312
2.0,10.0,62.0,5.7612108185127315,2.9262281606329656,30.5,-0.017204654698838643,0.0872402323698781,0.0010012455018451232
2.0,11.0,62.0,5.1136140803164825,2.926114080316483,30.5,-0.01720333014136274,0.07972115171342674,0.0020864947769304574
2.0,12.0,62.0,4.463114080316483,2.926114080316483,30.5,-0.01720333014136274,0.072168362024206,0.003228824107836421
2.0,13.0,62.0,3.8126140803164827,2.926114080316483,30.5,-0.01720333014136274,0.06461557233498524,0.004463892386620635
2.0,14.0,62.0,3.1650173421202332,2.9262281606329656,30.5,-0.017204654698838643,0.05709649167853387,0.005821531349393448
2.0,15.0,62.0,3.112058356420907,2.918185199544742,30.5,-0.017111269927773398,0.05648159839468842,0.0058990205934224636
2.0,16.0,62.0,3.0668924619084326,2.8951706892935642,30.5,-0.01684405431558653,0.055957188706174596,0.0058879843696811075
2.0,17.0,62.0,3.0310574713394014,2.859335698724533,30.5,-0.016427983374336565,0.05554111776492463,0.005798168254402875
2.0,18.0,62.0,3.0080429610882238,2.8141698042120584,30.5,-0.01590357368582273,0.05527390215273776,0.005641606056515926
2.0,19.0,62.0,3.0,2.7612108185127324,30.5,-0.015288680401977289,0.05518051738167252,0.005425313872945201
2.0,20.0,62.0,3.0001140803164827,2.113614080316483,30.5,-0.007769599745525915,0.05518184193914842,0.0026938694256725105
2.0,21.0,62.0,3.0001140803164827,1.4631140803164828,30.5,-0.0002168100563051695,0.05518184193914842,2.8373860835319258e-5
2.0,22.0,62.0,3.0001140803164827,0.8126140803164827,30.5,0.007335979632915576,0.05518184193914842,-0.00263710816422608
2.0,23.0,62.0,3.0,0.16501734212023322,30.5,0.01485506028936695,0.05518051738167252,-0.005368483532279884
2.0,24.0,62.0,3.0080429610882238,0.11205835642090678,30.5,0.015469953573212396,0.05527390215273776,-0.005585059970473206
2.0,25.0,62.0,3.0310574713394014,0.06689246190843257,30.5,0.015994363261726225,0.05554111776492463,-0.005742302078872835
2.0,26.0,62.0,3.0668924619084326,0.0310574713394014,30.5,0.01641043420297619,0.055957188706174596,-0.0058332338613665624
2.0,27.0,62.0,3.112058356420907,0.008042961088223777,30.5,0.01667764981516306,0.05648159839468842,-0.0058457310557740606
2.0,28.0,62.0,3.1650173421202332,0.0,30.5,0.016771034586228303,0.05709649167853387,-0.00576991005672893
2.0,29.0,62.0,3.8126140803164827,0.0001140803164827453,30.5,0.0167697100287524,0.06461557233498524,-0.004432685210887816
2.0,30.0,62.0,4.463114080316483,0.0001140803164827453,30.5,0.0167697100287524,0.072168362024206,-0.0032180426260051322
2.0,31.0,62.0,5.1136140803164825,0.0001140803164827453,30.5,0.0167697100287524,0.07972115171342674,-0.0020961053301957406
2.0,32.0,62.0,5.761210818512732,0.0,30.5,0.016771034586228303,0.0872402323698781,-0.0010312034052441111
2.0,33.0,62.0,5.814169804212058,0.008042961088223777,30.5,0.01667764981516306,0.08785512565372355,-0.0008792690703322223
2.0,34.0,62.0,5.859335698724533,0.0310574713394014,30.5,0.01641043420297619,0.08837953534223737,-0.0006166486168418832
2.0,35.0,62.0,5.895170689293565,0.06689246190843257,30.5,0.015994363261726225,0.08879560628348736,-0.00026315897375198366
2.0,36.0,62.0,5.918185199544742,0.11205835642090678,30.5,0.015469953573212396,0.08906282189567422,0.00014700559761616068
2.0,37.0,62.0,5.926228160632966,0.16501734212023322,30.5,0.01485506028936695,0.08915620666673946,0.0005981067294722903
2.0,38.0,62.0,5.9261140803164825,0.29986408031648293,30.5,0.013289389184257521,0.08915488210926356,0.0017162699646468436
2.0,39.0,62.0,5.9261140803164825,0.43761408031648275,30.5,0.011690009046378727,0.08915488210926356,0.002861950382716703
2.0,40.0,62.0,5.9261140803164825,0.5753640803164828,30.5,0.010090628908499929,0.08915488210926356,0.004012599582874893
2.0,41.0,62.0,5.9261140803164825,0.7131140803164828,30.5,0.008491248770621131,0.08915488210926356,0.005169544906557797
1.0,1.0,63.0,2.926114080316483,2.213114080316483,31.0,-0.008454369371141657,0.05191087737677991,-0.004835566903067331
1.0,2.0,63.0,2.926114080316483,2.350864080316483,31.0,-0.009968814785423517,0.05191087737677991,-0.0041641766415665
1.0,3.0,63.0,2.926114080316483,2.488614080316483,31.0,-0.011483260199705376,0.05191087737677991,-0.003501517603572111
1.0,4.0,63.0,2.926114080316483,2.626364080316483,31.0,-0.012997705613987236,0.05191087737677991,-0.002847073177952089
1.0,5.0,63.0,2.9262281606329656,2.7612108185127324,31.0,-0.014480232106126449,0.05191213159392805,-0.0022135360386799224
1.0,6.0,63.0,2.918185199544742,2.8141698042120584,31.0,-0.015062471620009302,0.051823706000190796,-0.0019534536260534586
1.0,7.0,63.0,2.8951706892935642,2.859335698724533,31.0,-0.015559032649601718,0.051570680813172,-0.001706098008282205
1.0,8.0,63.0,2.859335698724533,2.8951706892935642,31.0,-0.015953008236811176,0.05117670522596254,-0.001482373713062496
1.0,9.0,63.0,2.814169804212059,2.918185199544742,31.0,-0.01620603342382997,0.05068014419637013,-0.0013044063181935734
1.0,10.0,63.0,2.761210818512732,2.9262281606329656,31.0,-0.016294459017567233,0.05009790468248727,-0.0011852416183281713
1.0,11.0,63.0,2.113614080316483,2.926114080316483,31.0,-0.016293204800419087,0.04297812311831159,-0.00024030434308812924
1.0,12.0,63.0,1.4631140803164828,2.926114080316483,31.0,-0.016293204800419087,0.03582642263199326,0.0006393101709798252
1.0,13.0,63.0,0.8126140803164827,2.926114080316483,31.0,-0.016293204800419087,0.028674722145674934,0.0014809559504013995
1.0,14.0,63.0,0.16501734212023322,2.9262281606329656,31.0,-0.016294459017567233,0.02155494058149925,0.002315859685846705
1.0,15.0,63.0,0.11205835642090678,2.918185199544742,31.0,-0.01620603342382997,0.020972701067616395,0.0023729512121791045
1.0,16.0,63.0,0.06689246190843257,2.8951706892935642,31.0,-0.015953008236811176,0.02047614003802398,0.002396785421987951
1.0,17.0,63.0,0.0310574713394014,2.859335698724533,31.0,-0.015559032649601718,0.020082164450814524,0.002386931743804009
1.0,18.0,63.0,0.008042961088223777,2.8141698042120584,31.0,-0.015062471620009302,0.01982913926379573,0.0023426446423563214
1.0,19.0,63.0,0.0,2.7612108185127324,31.0,-0.014480232106126449,0.019740713670058467,0.0022618214710909733
1.0,20.0,63.0,0.0001140803164827453,2.113614080316483,31.0,-0.007360450541950767,0.019741967887206613,0.0011323356015597948
1.0,21.0,63.0,0.0001140803164827453,1.4631140803164828,31.0,-0.00020875005563243866,0.019741967887206613,1.5151317406866582e-5
1.0,22.0,63.0,0.0001140803164827453,0.8126140803164827,31.0,0.00694295043068589,0.019741967887206613,-0.0011019045344216525
1.0,23.0,63.0,0.0,0.16501734212023322,31.0,0.014062731994861572,0.019740713670058467,-0.0022310275142003347
1.0,24.0,63.0,0.008042961088223777,0.11205835642090678,31.0,0.014644971508744428,0.01982913926379573,-0.002312075437353972
1.0,25.0,63.0,0.0310574713394014,0.06689246190843257,31.0,0.015141532538336841,0.020082164450814524,-0.0023570790484368433
1.0,26.0,63.0,0.06689246190843257,0.0310574713394014,31.0,0.015535508125546299,0.02047614003802398,-0.0023680688633775115
1.0,27.0,63.0,0.11205835642090678,0.008042961088223777,31.0,0.015788533312565092,0.020972701067616395,-0.002345675967855716
1.0,28.0,63.0,0.16501734212023322,0.0,31.0,0.015876958906302356,0.02155494058149925,-0.0022902776817518536
1.0,29.0,63.0,0.8126140803164827,0.0001140803164827453,31.0,0.01587570468915421,0.028674722145674934,-0.0014760253636096645
1.0,30.0,63.0,1.4631140803164828,0.0001140803164827453,31.0,0.01587570468915421,0.03582642263199326,-0.0006551008258482368
1.0,31.0,63.0,2.113614080316483,0.0001140803164827453,31.0,0.01587570468915421,0.04297812311831159,0.00020371180888382779
1.0,32.0,63.0,2.7612108185127324,0.0,31.0,0.015876958906302356,0.050097904682487274,0.001127782400266209
1.0,33.0,63.0,2.814169804212059,0.008042961088223777,31.0,0.015788533312565092,0.05068014419637013,0.00124523034914112
1.0,34.0,63.0,2.859335698724533,0.0310574713394014,31.0,0.015535508125546299,0.05117670522596254,0.0014217696634867506
1.0,35.0,63.0,2.8951706892935642,0.06689246190843257,31.0,0.015141532538336841,0.051570680813172,0.001644306633439774
1.0,36.0,63.0,2.918185199544742,0.11205835642090678,31.0,0.014644971508744428,0.051823706000190796,0.001890882054762417
1.0,37.0,63.0,2.9262281606329656,0.16501734212023322,31.0,0.014062731994861572,0.05191213159392805,0.0021507780438242926
1.0,38.0,63.0,2.926114080316483,0.29986408031648293,31.0,0.012580205502722357,0.05191087737677991,0.002784332222518107
1.0,39.0,63.0,2.926114080316483,0.43761408031648275,31.0,0.011065760088440499,0.05191087737677991,0.003438805306334258
1.0,40.0,63.0,2.926114080316483,0.5753640803164828,31.0,0.009551314674158639,0.05191087737677991,0.0041014827474363256
1.0,41.0,63.0,2.926114080316483,0.7131140803164828,31.0,0.008036869259876778,0.05191087737677991,0.004772875330463255
2.0,1.0,63.0,5.9261140803164825,2.213114080316483,31.0,-0.008454369371141657,0.08489335463881678,-0.005331955134692053
2.0,2.0,63.0,5.9261140803164825,2.350864080316483,31.0,-0.009968814785423517,0.08489335463881678,-0.00414224640179125
2.0,3.0,63.0,5.9261140803164825,2.488614080316483,31.0,-0.011483260199705376,0.08489335463881678,-0.002959090946400121
2.0,4.0,63.0,5.9261140803164825,2.626364080316483,31.0,-0.012997705613987236,0.08489335463881678,-0.0017811105705814912
2.0,5.0,63.0,5.926228160632966,2.7612108185127324,31.0,-0.014480232106126449,0.08489460885596492,-0.0006314711408798629
2.0,6.0,63.0,5.918185199544742,2.8141698042120584,31.0,-0.015062471620009302,0.08480618326222766,-0.0001674491831505069
2.0,7.0,63.0,5.895170689293565,2.859335698724533,31.0,-0.015559032649601718,0.08455315807520888,0.0002548981651734931
2.0,8.0,63.0,5.859335698724533,2.8951706892935642,31.0,-0.015953008236811176,0.0841591824879994,0.0006193182654072512
2.0,9.0,63.0,5.814169804212058,2.918185199544742,31.0,-0.01620603342382997,0.083662621458407,0.0008905481482590705
2.0,10.0,63.0,5.7612108185127315,2.9262281606329656,31.0,-0.016294459017567233,0.08308038194452413,0.0010481564617823972
2.0,11.0,63.0,5.1136140803164825,2.926114080316483,31.0,-0.016293204800419087,0.07596060038034846,0.0021599721219132855
2.0,12.0,63.0,4.463114080316483,2.926114080316483,31.0,-0.016293204800419087,0.06880889989403015,0.003330944899052932
2.0,13.0,63.0,3.8126140803164827,2.926114080316483,31.0,-0.016293204800419087,0.061657199407711805,0.004598152952335499
2.0,14.0,63.0,3.1650173421202332,2.9262281606329656,31.0,-0.016294459017567233,0.05453741784353612,0.005992638335615318
2.0,15.0,63.0,3.112058356420907,2.918185199544742,31.0,-0.01620603342382997,0.05395517832965326,0.006072194005814353
2.0,16.0,63.0,3.0668924619084326,2.8951706892935642,31.0,-0.015953008236811176,0.05345861730006085,0.006060538457152918
2.0,17.0,63.0,3.0310574713394014,2.859335698724533,31.0,-0.015559032649601718,0.05306464171285139,0.005967890415398336
2.0,18.0,63.0,3.0080429610882238,2.8141698042120584,31.0,-0.015062471620009302,0.0528116165258326,0.005806634475627552
2.0,19.0,63.0,3.0,2.7612108185127324,31.0,-0.014480232106126449,0.052723190932095335,0.005583820865668053
2.0,20.0,63.0,3.0001140803164827,2.113614080316483,31.0,-0.007360450541950767,0.05272444514924349,0.0027721573213929165
2.0,21.0,63.0,3.0001140803164827,1.4631140803164828,31.0,-0.00020875005563243866,0.05272444514924349,2.903971836303951e-5
2.0,22.0,63.0,3.0001140803164827,0.8126140803164827,31.0,0.00694295043068589,0.05272444514924349,-0.0027140588778710333
2.0,23.0,63.0,3.0,0.16501734212023322,31.0,0.014062731994861572,0.052723190932095335,-0.00552564977116503
2.0,24.0,63.0,3.0080429610882238,0.11205835642090678,31.0,0.014644971508744428,0.0528116165258326,-0.005748682605427487
2.0,25.0,63.0,3.0310574713394014,0.06689246190843257,31.0,0.015141532538336841,0.05306464171285139,-0.0059107245164371595
2.0,26.0,63.0,3.0668924619084326,0.0310574713394014,31.0,0.015535508125546299,0.05345861730006085,-0.00600455166357043
2.0,27.0,63.0,3.112058356420907,0.008042961088223777,31.0,0.015788533312565092,0.05395517832965326,-0.0060176450416747134
2.0,28.0,63.0,3.1650173421202332,0.0,31.0,0.015876958906302356,0.05453741784353612,-0.005939818921564813
2.0,29.0,63.0,3.8126140803164827,0.0001140803164827453,31.0,0.01587570468915421,0.061657199407711805,-0.004566349042605062
2.0,30.0,63.0,4.463114080316483,0.0001140803164827453,31.0,0.01587570468915421,0.06880889989403015,-0.0033201592748894368
2.0,31.0,63.0,5.1136140803164825,0.0001140803164827453,31.0,0.01587570468915421,0.07596060038034846,-0.002170172428301587
2.0,32.0,63.0,5.761210818512732,0.0,31.0,0.015876958906302356,0.08308038194452413,-0.0010793008521194452
2.0,33.0,63.0,5.814169804212058,0.008042961088223777,31.0,0.015788533312565092,0.083662621458407,-0.000923410801551847
2.0,34.0,63.0,5.859335698724533,0.0310574713394014,31.0,0.015535508125546299,0.0841591824879994,-0.0006536462221905301
2.0,35.0,63.0,5.895170689293565,0.06689246190843257,31.0,0.015141532538336841,0.08455315807520888,-0.0002903865006510962
2.0,36.0,63.0,5.918185199544742,0.11205835642090678,31.0,0.014644971508744428,0.08480618326222766,0.00013121977037946028
2.0,37.0,63.0,5.926228160632966,0.16501734212023322,31.0,0.014062731994861572,0.08489460885596492,0.0005949911997313686
2.0,38.0,63.0,5.9261140803164825,0.29986408031648293,31.0,0.012580205502722357,0.08489335463881678,0.0017446620207718746
2.0,39.0,63.0,5.9261140803164825,0.43761408031648275,31.0,0.011065760088440499,0.08489335463881678,0.0029226615750537433
2.0,40.0,63.0,5.9261140803164825,0.5753640803164828,31.0,0.009551314674158639,0.08489335463881678,0.00410582661549096
2.0,41.0,63.0,5.9261140803164825,0.7131140803164828,31.0,0.008036869259876778,0.08489335463881678,0.005295535719446808
1.0,1.0,64.0,2.926114080316483,2.213114080316483,31.5,-0.007973642253187623,0.04943409772300963,-0.004854646741863828
1.0,2.0,64.0,2.926114080316483,2.350864080316483,31.5,-0.009401317774402115,0.04943409772300963,-0.0041675696400572905
1.0,3.0,64.0,2.926114080316483,2.488614080316483,31.5,-0.010828993295616608,0.04943409772300963,-0.0034895449673990144
1.0,4.0,64.0,2.926114080316483,2.626364080316483,31.5,-0.012256668816831101,0.04943409772300963,-0.0028200700898696274
1.0,5.0,64.0,2.9262281606329656,2.7612108185127324,31.5,-0.013654254205131678,0.04943528007999906,-0.002172099955371426
1.0,6.0,64.0,2.918185199544742,2.8141698042120584,31.5,-0.014203134404850562,0.04935192081565251,-0.001906073837130061
1.0,7.0,64.0,2.8951706892935642,2.859335698724533,31.5,-0.014671245054500043,0.049113392663795184,-0.001653472824227868
1.0,8.0,64.0,2.859335698724533,2.8951706892935642,31.5,-0.01504264787728304,0.04874198984101219,-0.001425069696293478
1.0,9.0,64.0,2.814169804212059,2.918185199544742,31.5,-0.015281176029140364,0.04827387919136271,-0.0012434734680662322
1.0,10.0,64.0,2.761210818512732,2.9262281606329656,31.5,-0.015364535293486917,0.04772499899164382,-0.001122363913634962
1.0,11.0,64.0,2.113614080316483,2.926114080316483,31.5,-0.015363352936497482,0.04101314410423086,-0.00016594188816692037
1.0,12.0,64.0,1.4631140803164828,2.926114080316483,31.5,-0.015363352936497482,0.03427119908390398,0.0007224629567915754
1.0,13.0,64.0,0.8126140803164827,2.926114080316483,31.5,-0.015363352936497482,0.027529254063577105,0.0015715163564096368
1.0,14.0,64.0,0.16501734212023322,2.9262281606329656,31.5,-0.015364535293486917,0.020817399176164143,0.0024138208838610196
1.0,15.0,64.0,0.11205835642090678,2.918185199544742,31.5,-0.015281176029140364,0.020268518976445254,0.0024711118222093147
1.0,16.0,64.0,0.06689246190843257,2.8951706892935642,31.5,-0.01504264787728304,0.019800408326795776,0.0024941739482497553
1.0,17.0,64.0,0.0310574713394014,2.859335698724533,31.5,-0.014671245054500043,0.01942900550401278,0.002482593877198479
1.0,18.0,64.0,0.008042961088223777,2.8141698042120584,31.5,-0.014203134404850562,0.019190477352155455,0.002435709089297985
1.0,19.0,64.0,0.0,2.7612108185127324,31.5,-0.013654254205131678,0.019107118087808902,0.002351392701204769
1.0,20.0,64.0,0.0001140803164827453,2.113614080316483,31.5,-0.006942399317718716,0.01910830044479834,0.0011770975755317698
1.0,21.0,64.0,0.0001140803164827453,1.4631140803164828,31.5,-0.00020045429739183826,0.01910830044479834,1.5617338911581355e-5
1.0,22.0,64.0,0.0001140803164827453,0.8126140803164827,31.5,0.00654149072293504,0.01910830044479834,-0.0011457299831230737
1.0,23.0,64.0,0.0,0.16501734212023322,31.5,0.013253345610348003,0.019107118087808902,-0.0023196506798939948
1.0,24.0,64.0,0.008042961088223777,0.11205835642090678,31.5,0.01380222581006689,0.019190477352155455,-0.00240419812247463
1.0,25.0,64.0,0.0310574713394014,0.06689246190843257,31.5,0.014270336459716367,0.01942900550401278,-0.002451819794719039
1.0,26.0,64.0,0.06689246190843257,0.0310574713394014,31.5,0.014641739282499365,0.019800408326795776,-0.002464568394309099
1.0,27.0,64.0,0.11205835642090678,0.008042961088223777,31.5,0.014880267434356689,0.020268518976445254,-0.002442988584621695
1.0,28.0,64.0,0.16501734212023322,0.0,31.5,0.014963626698703242,0.020817399176164143,-0.002387439040077912
1.0,29.0,64.0,0.8126140803164827,0.0001140803164827453,31.5,0.014962444341713805,0.027529254063577105,-0.001566378094279862
1.0,30.0,64.0,1.4631140803164828,0.0001140803164827453,31.5,0.014962444341713805,0.03427119908390398,-0.0007386480007901844
1.0,31.0,64.0,2.113614080316483,0.0001140803164827453,31.5,0.014962444341713805,0.04101314410423086,0.00012834007731153362
1.0,32.0,64.0,2.7612108185127324,0.0,31.5,0.014963626698703242,0.04772499899164382,0.001063286049992085
1.0,33.0,64.0,2.814169804212059,0.008042961088223777,31.5,0.014880267434356689,0.04827387919136271,0.0011826317256025329
1.0,34.0,64.0,2.859335698724533,0.0310574713394014,31.5,0.014641739282499365,0.04874198984101219,0.001362678599889929
1.0,35.0,64.0,2.8951706892935642,0.06689246190843257,31.5,0.014270336459716367,0.049113392663795184,0.00158993140289601
1.0,36.0,64.0,2.918185199544742,0.11205835642090678,31.5,0.01380222581006689,0.04935192081565251,0.0018418293073842365
1.0,37.0,64.0,2.9262281606329656,0.16501734212023322,31.5,0.013253345610348003,0.04943528007999906,0.0021075158926377275
1.0,38.0,64.0,2.926114080316483,0.29986408031648293,31.5,0.011855760222047422,0.04943409772300963,0.0027555548040719955
1.0,39.0,64.0,2.926114080316483,0.43761408031648275,31.5,0.01042808470083293,0.04943409772300963,0.0034250504247474475
1.0,40.0,64.0,2.926114080316483,0.5753640803164828,31.5,0.009000409179618439,0.04943409772300963,0.004103086600357793
1.0,41.0,64.0,2.926114080316483,0.7131140803164828,31.5,0.007572733658403946,0.04943409772300963,0.004790174594151561
2.0,1.0,64.0,5.9261140803164825,2.213114080316483,31.5,-0.007973642253187623,0.08052684954619277,-0.005420057414581203
2.0,2.0,64.0,5.9261140803164825,2.350864080316483,31.5,-0.009401317774402115,0.08052684954619277,-0.004205400570980898
2.0,3.0,64.0,5.9261140803164825,2.488614080316483,31.5,-0.010828993295616608,0.08052684954619277,-0.0029975176439370655
2.0,4.0,64.0,5.9261140803164825,2.626364080316483,31.5,-0.012256668816831101,0.08052684954619277,-0.0017949836174132212
2.0,5.0,64.0,5.926228160632966,2.7612108185127324,31.5,-0.013654254205131678,0.0805280319031822,-0.0006214229239100547
2.0,6.0,64.0,5.918185199544742,2.8141698042120584,31.5,-0.014203134404850562,0.08044467263883565,-0.000147792894910111
2.0,7.0,64.0,5.895170689293565,2.859335698724533,31.5,-0.014671245054500043,0.08020614448697833,0.00028321032931204903
2.0,8.0,64.0,5.859335698724533,2.8951706892935642,31.5,-0.01504264787728304,0.07983474166419532,0.0006549965148354597
2.0,9.0,64.0,5.814169804212058,2.918185199544742,31.5,-0.015281176029140364,0.07936663101454584,0.000931576958853977
2.0,10.0,64.0,5.7612108185127315,2.9262281606329656,31.5,-0.015364535293486917,0.07881775081482695,0.0010920910499064179
2.0,11.0,64.0,5.1136140803164825,2.926114080316483,31.5,-0.015363352936497482,0.072105895927414,0.0022223830646551897
2.0,12.0,64.0,4.463114080316483,2.926114080316483,31.5,-0.015363352936497482,0.06536395090708713,0.003413542617667417
2.0,13.0,64.0,3.8126140803164827,2.926114080316483,31.5,-0.015363352936497482,0.05862200588676024,0.0047039167965151375
2.0,14.0,64.0,3.1650173421202332,2.9262281606329656,31.5,-0.015364535293486917,0.05191015099934728,0.0061256866916794455
2.0,15.0,64.0,3.112058356420907,2.918185199544742,31.5,-0.015281176029140364,0.05136127079962839,0.00620673421720815
2.0,16.0,64.0,3.0668924619084326,2.8951706892935642,31.5,-0.01504264787728304,0.05089316014997891,0.0061946136271538955
2.0,17.0,64.0,3.0310574713394014,2.859335698724533,31.5,-0.014671245054500043,0.05052175732719592,0.006099616011595352
2.0,18.0,64.0,3.0080429610882238,2.8141698042120584,31.5,-0.014203134404850562,0.05028322917533859,0.005934484859465381
2.0,19.0,64.0,3.0,2.7612108185127324,31.5,-0.013654254205131678,0.05019986991099204,0.005706689585164879
2.0,20.0,64.0,3.0001140803164827,2.113614080316483,31.5,-0.006942399317718716,0.05020105226798147,0.0028327218021169374
2.0,21.0,64.0,3.0001140803164827,1.4631140803164828,31.5,-0.00020045429739183826,0.05020105226798147,2.970360159339561e-5
2.0,22.0,64.0,3.0001140803164827,0.8126140803164827,31.5,0.00654149072293504,0.05020105226798147,-0.002773300077637649
2.0,23.0,64.0,3.0,0.16501734212023322,31.5,0.013253345610348003,0.05019986991099204,-0.005647190074577967
2.0,24.0,64.0,3.0080429610882238,0.11205835642090678,31.5,0.01380222581006689,0.05028322917533859,-0.005875289788566935
2.0,25.0,64.0,3.0310574713394014,0.06689246190843257,31.5,0.014270336459716367,0.05052175732719592,-0.00604113577020003
2.0,26.0,64.0,3.0668924619084326,0.0310574713394014,31.5,0.014641739282499365,0.05089316014997891,-0.006137312750329663
2.0,27.0,64.0,3.112058356420907,0.008042961088223777,31.5,0.014880267434356689,0.05136127079962839,-0.0061509831180975635
2.0,28.0,64.0,3.1650173421202332,0.0,31.5,0.014963626698703242,0.05191015099934728,-0.006071701498928286
2.0,29.0,64.0,3.8126140803164827,0.0001140803164827453,31.5,0.014962444341713805,0.05862200588676024,-0.004671535077532963
2.0,30.0,64.0,4.463114080316483,0.0001140803164827453,31.5,0.014962444341713805,0.06536395090708713,-0.0034027626164221825
2.0,31.0,64.0,5.1136140803164825,0.0001140803164827453,31.5,0.014962444341713805,0.072105895927414,-0.002233162222856123
2.0,32.0,64.0,5.761210818512732,0.0,31.5,0.014963626698703242,0.07881775081482695,-0.0011243879032568711
2.0,33.0,64.0,5.814169804212058,0.008042961088223777,31.5,0.014880267434356689,0.07936663101454584,-0.0009656393594135056
2.0,34.0,64.0,5.859335698724533,0.0310574713394014,31.5,0.014641739282499365,0.07983474166419532,-0.0006905645491981602
2.0,35.0,64.0,5.895170689293565,0.06689246190843257,31.5,0.014270336459716367,0.08020614448697833,-0.00031997057932654544
2.0,36.0,64.0,5.918185199544742,0.11205835642090678,31.5,0.01380222581006689,0.08044467263883565,0.00011027164045599729
2.0,37.0,64.0,5.926228160632966,0.16501734212023322,31.5,0.013253345610348003,0.0805280319031822,0.000583645219926246
2.0,38.0,64.0,5.9261140803164825,0.29986408031648293,31.5,0.011855760222047422,0.08052684954619277,0.001757240595041633
2.0,39.0,64.0,5.9261140803164825,0.43761408031648275,31.5,0.01042808470083293,0.08052684954619277,0.0029597961520258422
2.0,40.0,64.0,5.9261140803164825,0.5753640803164828,31.5,0.009000409179618439,0.08052684954619277,0.004167690049169175
2.0,41.0,64.0,5.9261140803164825,0.7131140803164828,31.5,0.007572733658403946,0.08052684954619277,0.005382347684301571
1.0,1.0,65.0,2.926114080316483,2.213114080316483,32.0,-0.0074860763828438134,0.046907602678398476,-0.004826215973754114
1.0,2.0,65.0,2.926114080316483,2.350864080316483,32.0,-0.00882576804247023,0.046907602678398476,-0.004127714110411165
1.0,3.0,65.0,2.926114080316483,2.488614080316483,32.0,-0.010165459702096646,0.046907602678398476,-0.0034385942074428954
1.0,4.0,65.0,2.926114080316483,2.626364080316483,32.0,-0.011505151361723063,0.046907602678398476,-0.0027582953591409
1.0,5.0,65.0,2.9262281606329656,2.7612108185127324,32.0,-0.012816607263642064,0.046908712169857786,-0.002099970679885649
1.0,6.0,65.0,2.918185199544742,2.8141698042120584,32.0,-0.013331661430202221,0.046830490116220085,-0.001829973220213272
1.0,7.0,65.0,2.8951706892935642,2.859335698724533,32.0,-0.013770923660169037,0.046606661822689126,-0.0015734229489840624
1.0,8.0,65.0,2.859335698724533,2.8951706892935642,32.0,-0.01411943791053653,0.046258147572321634,-0.0013418290250176096
1.0,9.0,65.0,2.814169804212059,2.918185199544742,32.0,-0.014343266204067487,0.04581888534235482,-0.0011581560588306817
1.0,10.0,65.0,2.761210818512732,2.9262281606329656,32.0,-0.014421488257705187,0.04530383117579466,-0.0010358600507455649
1.0,11.0,65.0,2.113614080316483,2.926114080316483,32.0,-0.01442037876624588,0.03900561013069276,-7.588096333167162e-5
1.0,12.0,65.0,1.4631140803164828,2.926114080316483,32.0,-0.01442037876624588,0.03267915332788344,0.0008136028087003182
1.0,13.0,65.0,0.8126140803164827,2.926114080316483,32.0,-0.01442037876624588,0.026352696525074118,0.001662538641771215
1.0,14.0,65.0,0.16501734212023322,2.9262281606329656,32.0,-0.014421488257705187,0.020054475479972213,0.002504812287900526
1.0,15.0,65.0,0.11205835642090678,2.918185199544742,32.0,-0.014343266204067487,0.01953942131341205,0.0025617420619822853
1.0,16.0,65.0,0.06689246190843257,2.8951706892935642,32.0,-0.01411943791053653,0.019100159083445242,0.002583648870402931
1.0,17.0,65.0,0.0310574713394014,2.859335698724533,32.0,-0.013770923660169037,0.018751644833077747,0.0025701438904898242
1.0,18.0,65.0,0.008042961088223777,2.8141698042120584,32.0,-0.013331661430202221,0.01852781653954679,0.0025206703018831643
1.0,19.0,65.0,0.0,2.7612108185127324,32.0,-0.012816607263642064,0.01844959448590909,0.0024330939405442682
1.0,20.0,65.0,0.0001140803164827453,2.113614080316483,32.0,-0.006518386218540159,0.018450703977368397,0.0012179353152293546
1.0,21.0,65.0,0.0001140803164827453,1.4631140803164828,32.0,-0.00019192941573083967,0.018450703977368397,1.605524178521339e-5
1.0,22.0,65.0,0.0001140803164827453,0.8126140803164827,32.0,0.00613452738707848,0.018450703977368397,-0.0011856834933568672
1.0,23.0,65.0,0.0,0.16501734212023322,32.0,0.012432748432180384,0.01844959448590909,-0.0024004458709642475
1.0,24.0,65.0,0.008042961088223777,0.11205835642090678,32.0,0.012947802598740546,0.01852781653954679,-0.0024882584777126023
1.0,25.0,65.0,0.0310574713394014,0.06689246190843257,32.0,0.013387064828707357,0.018751644833077747,-0.0025384876751824367
1.0,26.0,65.0,0.06689246190843257,0.0310574713394014,32.0,0.01373557907907485,0.019100159083445242,-0.002553191407341074
1.0,27.0,65.0,0.11205835642090678,0.008042961088223777,32.0,0.013959407372605807,0.01953942131341205,-0.0025328056826771517
1.0,28.0,65.0,0.16501734212023322,0.0,32.0,0.014037629426243509,0.020054475479972213,-0.0024776630793704405
1.0,29.0,65.0,0.8126140803164827,0.0001140803164827453,32.0,0.014036519934784202,0.026352696525074118,-0.001657194850903289
1.0,30.0,65.0,1.4631140803164828,0.0001140803164827453,32.0,0.014036519934784202,0.03267915332788344,-0.000830162123688123
1.0,31.0,65.0,2.113614080316483,0.0001140803164827453,32.0,0.014036519934784202,0.03900561013069276,3.7309604626064505e-5
1.0,32.0,65.0,2.7612108185127324,0.0,32.0,0.014037629426243509,0.04530383117579466,0.0009751968960635814
1.0,33.0,65.0,2.814169804212059,0.008042961088223777,32.0,0.013959407372605807,0.04581888534235482,0.0010956787820183657
1.0,34.0,65.0,2.859335698724533,0.0310574713394014,32.0,0.01373557907907485,0.046258147572321634,0.00127786799337721
1.0,35.0,65.0,2.8951706892935642,0.06689246190843257,32.0,0.013387064828707357,0.046606661822689126,0.0015081736253909966
1.0,36.0,65.0,2.918185199544742,0.11205835642090678,32.0,0.012947802598740546,0.046830490116220085,0.0017638545581844332
1.0,37.0,65.0,2.9262281606329656,0.16501734212023322,32.0,0.012432748432180384,0.046908712169857786,0.0020337202995295107
1.0,38.0,65.0,2.926114080316483,0.29986408031648293,32.0,0.011121292530261381,0.046907602678398476,0.0026920281787371865
1.0,39.0,65.0,2.926114080316483,0.43761408031648275,32.0,0.009781600870634967,0.046907602678398476,0.0033723569863072793
1.0,40.0,65.0,2.926114080316483,0.5753640803164828,32.0,0.00844190921100855,0.046907602678398476,0.004061496104238654
1.0,41.0,65.0,2.926114080316483,0.7131140803164828,32.0,0.007102217551382134,0.046907602678398476,0.004759994871060123
2.0,1.0,65.0,5.9261140803164825,2.213114080316483,32.0,-0.0074860763828438134,0.07608419054685037,-0.005467620639432016
2.0,2.0,65.0,5.9261140803164825,2.350864080316483,32.0,-0.00882576804247023,0.07608419054685037,-0.004236095463724256
2.0,3.0,65.0,5.9261140803164825,2.488614080316483,32.0,-0.010165459702096646,0.07608419054685037,-0.003011532546584533
2.0,4.0,65.0,5.9261140803164825,2.626364080316483,32.0,-0.011505151361723063,0.07608419054685037,-0.0017924683113846247
2.0,5.0,65.0,5.926228160632966,2.7612108185127324,32.0,-0.012816607263642064,0.07608530003830967,-0.0006028228328080335
2.0,6.0,65.0,5.918185199544742,2.8141698042120584,32.0,-0.013331661430202221,0.07600707798467198,-0.00012275422015014061
2.0,7.0,65.0,5.895170689293565,2.859335698724533,32.0,-0.013770923660169037,0.07578324969114103,0.00031400538997392074
2.0,8.0,65.0,5.859335698724533,2.8951706892935642,32.0,-0.01411943791053653,0.07543473544077352,0.0006906383658764967
2.0,9.0,65.0,5.814169804212058,2.918185199544742,32.0,-0.014343266204067487,0.07499547321080671,0.000970674426058581
2.0,10.0,65.0,5.7612108185127315,2.9262281606329656,32.0,-0.014421488257705187,0.07448041904424656,0.0011329611880464946
2.0,11.0,65.0,5.1136140803164825,2.926114080316483,32.0,-0.01442037876624588,0.06818219799914466,0.0022733959155187833
2.0,12.0,65.0,4.463114080316483,2.926114080316483,32.0,-0.01442037876624588,0.06185574119633534,0.003476021297578725
2.0,13.0,65.0,3.8126140803164827,2.926114080316483,32.0,-0.01442037876624588,0.055529284393526016,0.004780275340523021
2.0,14.0,65.0,3.1650173421202332,2.9262281606329656,32.0,-0.014421488257705187,0.04923106334842411,0.0062194441273181675
2.0,15.0,65.0,3.112058356420907,2.918185199544742,32.0,-0.014343266204067487,0.048716009181863945,0.0063014361161747795
2.0,16.0,65.0,3.0668924619084326,2.8951706892935642,32.0,-0.01411943791053653,0.04827674695189713,0.006288720297379457
2.0,17.0,65.0,3.0310574713394014,2.859335698724533,32.0,-0.013770923660169037,0.04792823270152964,0.006192008637154616
2.0,18.0,65.0,3.0080429610882238,2.8141698042120584,32.0,-0.013331661430202221,0.04770440440799868,0.006024235374040413
2.0,19.0,65.0,3.0,2.7612108185127324,32.0,-0.012816607263642064,0.04762618235436098,0.00579272009136278
2.0,20.0,65.0,3.0001140803164827,2.113614080316483,32.0,-0.006518386218540159,0.04762729184582029,0.0028749836262033767
2.0,21.0,65.0,3.0001140803164827,1.4631140803164828,32.0,-0.00019192941573083967,0.04762729184582029,3.0364613155042547e-5
2.0,22.0,65.0,3.0001140803164827,0.8126140803164827,32.0,0.00613452738707848,0.04762729184582029,-0.002814245165174594
2.0,23.0,65.0,3.0,0.16501734212023322,32.0,0.012432748432180384,0.04762618235436098,-0.0057319335998122145
2.0,24.0,65.0,3.0080429610882238,0.11205835642090678,32.0,0.012947802598740546,0.04770440440799868,-0.005963653563399854
2.0,25.0,65.0,3.0310574713394014,0.06689246190843257,32.0,0.013387064828707357,0.04792823270152964,-0.0061322906622201375
2.0,26.0,65.0,3.0668924619084326,0.0310574713394014,32.0,0.01373557907907485,0.04827674695189713,-0.006230261293871157
2.0,27.0,65.0,3.112058356420907,0.008042961088223777,32.0,0.013959407372605807,0.048716009181863945,-0.006244477194851827
2.0,28.0,65.0,3.1650173421202332,0.0,32.0,0.014037629426243509,0.04923106334842411,-0.006164313523100112
2.0,29.0,65.0,3.8126140803164827,0.0001140803164827453,32.0,0.014036519934784202,0.055529284393526016,-0.004747342848484202
2.0,30.0,65.0,4.463114080316483,0.0001140803164827453,32.0,0.014036519934784202,0.06185574119633534,-0.0034652571814791444
2.0,31.0,65.0,5.1136140803164825,0.0001140803164827453,32.0,0.014036519934784202,0.06818219799914466,-0.0022847430314052743
2.0,32.0,65.0,5.761210818512732,0.0,32.0,0.014037629426243509,0.07448041904424656,-0.001166372909194303
2.0,33.0,65.0,5.814169804212058,0.008042961088223777,32.0,0.013959407372605807,0.07499547321080671,-0.0010058970367354994
2.0,34.0,65.0,5.859335698724533,0.0310574713394014,32.0,0.01373557907907485,0.07543473544077352,-0.0007274051484310699
2.0,35.0,65.0,5.895170689293565,0.06689246190843257,32.0,0.013387064828707357,0.07578324969114103,-0.000351994496390829
2.0,36.0,65.0,5.918185199544742,0.11205835642090678,32.0,0.012947802598740546,0.07600707798467198,8.398535667420551e-5
2.0,37.0,65.0,5.926228160632966,0.16501734212023322,32.0,0.012432748432180384,0.07608530003830967,0.0005637921328909543
2.0,38.0,65.0,5.9261140803164825,0.29986408031648293,32.0,0.011121292530261381,0.07608419054685037,0.0017534766573039505
2.0,39.0,65.0,5.9261140803164825,0.43761408031648275,32.0,0.009781600870634967,0.07608419054685037,0.002972565591779232
2.0,40.0,65.0,5.9261140803164825,0.5753640803164828,32.0,0.00844190921100855,0.07608419054685037,0.004197141320486638
2.0,41.0,65.0,5.9261140803164825,0.7131140803164828,32.0,0.007102217551382134,0.07608419054685037,0.0054286678373705365
1.0,1.0,66.0,2.926114080316483,2.213114080316483,32.5,-0.006995165462010132,0.04434716747874029,-0.004748656646384115
1.0,2.0,66.0,2.926114080316483,2.350864080316483,32.5,-0.008246299573546712,0.04434716747874029,-0.0040431604471796055
1.0,3.0,66.0,2.926114080316483,2.488614080316483,32.5,-0.009497433685083292,0.04434716747874029,-0.0033472922562841428
1.0,4.0,66.0,2.926114080316483,2.626364080316483,32.5,-0.010748567796619871,0.04434716747874029,-0.0026605516157490084
1.0,5.0,66.0,2.9262281606329656,2.7612108185127324,32.5,-0.01197333261685051,0.044348203629559935,-0.0019961718335500997
1.0,6.0,66.0,2.918185199544742,2.8141698042120584,32.5,-0.012454340192319146,0.044275152283097224,-0.001723548108996403
1.0,7.0,66.0,2.8951706892935642,2.859335698724533,32.5,-0.012864565900505134,0.04406611969626923,-0.001465289661072579
1.0,8.0,66.0,2.859335698724533,2.8951706892935642,32.5,-0.013190042336712077,0.04374064326006229,-0.0012321303988790352
1.0,9.0,66.0,2.814169804212059,2.918185199544742,32.5,-0.013399074923540075,0.043330417551876305,-0.0010472122000086518
1.0,10.0,66.0,2.761210818512732,2.9262281606329656,32.5,-0.013472126270002783,0.042849409976407654,-0.0009248783719963916
1.0,11.0,66.0,2.113614080316483,2.926114080316483,32.5,-0.013471090119183135,0.036967519815412006,3.0417771693538908e-5
1.0,12.0,66.0,1.4631140803164828,2.926114080316483,32.5,-0.013471090119183135,0.031059260363110408,0.0009129648144606235
1.0,13.0,66.0,0.8126140803164827,2.926114080316483,32.5,-0.013471090119183135,0.02515100091080881,0.0017539891627336925
1.0,14.0,66.0,0.16501734212023322,2.9262281606329656,32.5,-0.013472126270002783,0.01926911074981315,0.0025885741759414734
1.0,15.0,66.0,0.11205835642090678,2.918185199544742,32.5,-0.013399074923540075,0.01878810317434451,0.0026445654863833427
1.0,16.0,66.0,0.06689246190843257,2.8951706892935642,32.5,-0.013190042336712077,0.01837787746615853,0.0026649239787654862
1.0,17.0,66.0,0.0310574713394014,2.859335698724533,32.5,-0.012864565900505134,0.018052401029951586,0.0026492921274289777
1.0,18.0,66.0,0.008042961088223777,2.8141698042120584,32.5,-0.012454340192319146,0.017843368443123588,0.0025972401821788022
1.0,19.0,66.0,0.0,2.7612108185127324,32.5,-0.01197333261685051,0.017770317096660878,0.0025066448973199416
1.0,20.0,66.0,0.0001140803164827453,2.113614080316483,32.5,-0.006091442455854853,0.017771353247480526,0.0012547069882946846
1.0,21.0,66.0,0.0001140803164827453,1.4631140803164828,32.5,-0.000183183003553255,0.017771353247480526,1.6463143476504296e-5
1.0,22.0,66.0,0.0001140803164827453,0.8126140803164827,32.5,0.005725076448748343,0.017771353247480526,-0.0012216263047101735
1.0,23.0,66.0,0.0,0.16501734212023322,32.5,0.011606966609744,0.017770317096660878,-0.0024731339498027852
1.0,24.0,66.0,0.008042961088223777,0.11205835642090678,32.5,0.01208797418521264,0.017843368443123588,-0.0025639689610899965
1.0,25.0,66.0,0.0310574713394014,0.06689246190843257,32.5,0.012498199893398624,0.018052401029951586,-0.002616793377009902
1.0,26.0,66.0,0.06689246190843257,0.0310574713394014,32.5,0.012823676329605568,0.01837787746615853,-0.002633652173497401
1.0,27.0,66.0,0.11205835642090678,0.008042961088223777,32.5,0.013032708916433565,0.01878810317434451,-0.0026148509552424075
1.0,28.0,66.0,0.16501734212023322,0.0,32.5,0.013105760262896273,0.01926911074981315,-0.0025606895232064245
1.0,29.0,66.0,0.8126140803164827,0.0001140803164827453,32.5,0.013104724112076626,0.02515100091080881,-0.0017484394731851964
1.0,30.0,66.0,1.4631140803164828,0.0001140803164827453,32.5,0.013104724112076626,0.031059260363110408,-0.0009298705931995593
1.0,31.0,66.0,2.113614080316483,0.0001140803164827453,32.5,0.013104724112076626,0.036967519815412006,-6.992551003661729e-5
1.0,32.0,66.0,2.7612108185127324,0.0,32.5,0.013105760262896273,0.04284940997640766,0.0008626918456975024
1.0,33.0,66.0,2.814169804212059,0.008042961088223777,32.5,0.013032708916433565,0.043330417551876305,0.00098315668629819
1.0,34.0,66.0,2.859335698724533,0.0310574713394014,32.5,0.012823676329605568,0.04374064326006229,0.0011663889583359258
1.0,35.0,66.0,2.8951706892935642,0.06689246190843257,32.5,0.012498199893398624,0.04406611969626923,0.001398390506536233
1.0,36.0,66.0,2.918185199544742,0.11205835642090678,32.5,0.01208797418521264,0.044275152283097224,0.0016559846154069833
1.0,37.0,66.0,2.9262281606329656,0.16501734212023322,32.5,0.011606966609744,0.044348203629559935,0.0019281145112469145
1.0,38.0,66.0,2.926114080316483,0.29986408031648293,32.5,0.01038220178951336,0.04434716747874029,0.0025926127503692912
1.0,39.0,66.0,2.926114080316483,0.43761408031648275,32.5,0.009131067677976782,0.04434716747874029,0.0032793582448062126
1.0,40.0,66.0,2.926114080316483,0.5753640803164828,32.5,0.0078799335664402,0.04434716747874029,0.003975228762026898
1.0,41.0,66.0,2.926114080316483,0.7131140803164828,32.5,0.006628799454903621,0.04434716747874029,0.004680744511630552
2.0,1.0,66.0,5.9261140803164825,2.213114080316483,32.5,-0.006995165462010132,0.07159509731256779,-0.005473512761140913
2.0,2.0,66.0,5.9261140803164825,2.350864080316483,32.5,-0.008246299573546712,0.07159509731256779,-0.004233426382648477
2.0,3.0,66.0,5.9261140803164825,2.488614080316483,32.5,-0.009497433685083292,0.07159509731256779,-0.0030004586792480056
2.0,4.0,66.0,5.9261140803164825,2.626364080316483,32.5,-0.010748567796619871,0.07159509731256779,-0.0017731101111460677
2.0,5.0,66.0,5.926228160632966,2.7612108185127324,32.5,-0.01197333261685051,0.07159613346338743,-0.0005754318855658268
2.0,6.0,66.0,5.918185199544742,2.8141698042120584,32.5,-0.012454340192319146,0.07152308211692474,-9.218272705719309e-5
2.0,7.0,66.0,5.895170689293565,2.859335698724533,32.5,-0.012864565900505134,0.07131404953009675,0.00034735445740554375
2.0,8.0,66.0,5.859335698724533,2.8951706892935642,32.5,-0.013190042336712077,0.07098857309388978,0.0007262495214187243
2.0,9.0,66.0,5.814169804212058,2.918185199544742,32.5,-0.013399074923540075,0.0705783473857038,0.001007795911761761
2.0,10.0,66.0,5.7612108185127315,2.9262281606329656,32.5,-0.013472126270002783,0.07009733981023517,0.0011706931809343625
2.0,11.0,66.0,5.1136140803164825,2.926114080316483,32.5,-0.013471090119183135,0.06421544964923952,0.002312756793724993
2.0,12.0,66.0,4.463114080316483,2.926114080316483,32.5,-0.013471090119183135,0.05830719019693792,0.0035179022656182638
2.0,13.0,66.0,3.8126140803164827,2.926114080316483,32.5,-0.013471090119183135,0.052398930744636314,0.004826473483135166
2.0,14.0,66.0,3.1650173421202332,2.9262281606329656,32.5,-0.013472126270002783,0.04651704058364066,0.006272799609478779
2.0,15.0,66.0,3.112058356420907,2.918185199544742,32.5,-0.013399074923540075,0.046036033008172016,0.0063551150769808025
2.0,16.0,66.0,3.0668924619084326,2.8951706892935642,32.5,-0.013190042336712077,0.04562580729998603,0.006342046308673119
2.0,17.0,66.0,3.0310574713394014,2.859335698724533,32.5,-0.012864565900505134,0.04530033086377909,0.0062440811445427765
2.0,18.0,66.0,3.0080429610882238,2.8141698042120584,32.5,-0.012454340192319146,0.045091298276951096,0.006074397170931914
2.0,19.0,66.0,3.0,2.7612108185127324,32.5,-0.01197333261685051,0.045018246930488386,0.005840914107125626
2.0,20.0,66.0,3.0001140803164827,2.113614080316483,32.5,-0.006091442455854853,0.04501928308130803,0.0028984081496907683
2.0,21.0,66.0,3.0001140803164827,1.4631140803164828,32.5,-0.000183183003553255,0.04501928308130803,3.102724439658746e-5
2.0,22.0,66.0,3.0001140803164827,0.8126140803164827,32.5,0.005725076448748343,0.04501928308130803,-0.0028363671890769245
2.0,23.0,66.0,3.0,0.16501734212023322,32.5,0.011606966609744,0.045018246930488386,-0.005778844764527581
2.0,24.0,66.0,3.0080429610882238,0.11205835642090678,32.5,0.01208797418521264,0.045091298276951096,-0.006012716818990676
2.0,25.0,66.0,3.0310574713394014,0.06689246190843257,32.5,0.012498199893398624,0.04530033086377909,-0.0061830891928447125
2.0,26.0,66.0,3.0668924619084326,0.0310574713394014,32.5,0.012823676329605568,0.04562580729998603,-0.00628227411160659
2.0,27.0,66.0,3.112058356420907,0.008042961088223777,32.5,0.013032708916433565,0.046036033008172016,-0.006297020016818185
2.0,28.0,66.0,3.1650173421202332,0.0,32.5,0.013105760262896273,0.04651704058364066,-0.006216568817163848
2.0,29.0,66.0,3.8126140803164827,0.0001140803164827453,32.5,0.013104724112076626,0.052398930744636314,-0.004793015692822125
2.0,30.0,66.0,4.463114080316483,0.0001140803164827453,32.5,0.013104724112076626,0.05830719019693792,-0.0035071708003116663
2.0,31.0,66.0,5.1136140803164825,0.0001140803164827453,32.5,0.013104724112076626,0.06421544964923952,-0.002324660640716188
2.0,32.0,66.0,5.761210818512732,0.0,32.5,0.013105760262896273,0.07009733981023517,-0.0012051784958850584
2.0,33.0,66.0,5.814169804212058,0.008042961088223777,32.5,0.013032708916433565,0.0705783473857038,-0.0010441347712480057
2.0,34.0,66.0,5.859335698724533,0.0310574713394014,32.5,0.012823676329605568,0.07098857309388978,-0.0007641689390653726
2.0,35.0,66.0,5.895170689293565,0.06689246190843257,32.5,0.012498199893398624,0.07131404953009675,-0.00038652477399957213
2.0,36.0,66.0,5.918185199544742,0.11205835642090678,32.5,0.01208797418521264,0.07152308211692474,5.221524055648029e-5
2.0,37.0,66.0,5.926228160632966,0.16501734212023322,32.5,0.011606966609744,0.07159613346338743,0.0005351983759294142
2.0,38.0,66.0,5.9261140803164825,0.29986408031648293,32.5,0.01038220178951336,0.07159509731256779,0.0017329215072894
2.0,39.0,66.0,5.9261140803164825,0.43761408031648275,32.5,0.009131067677976782,0.07159509731256779,0.002960299043066519
2.0,40.0,66.0,5.9261140803164825,0.5753640803164828,32.5,0.0078799335664402,0.07159509731256779,0.004193282080230527
2.0,41.0,66.0,5.9261140803164825,0.7131140803164828,32.5,0.006628799454903621,0.07159509731256779,0.005433370550779292
1.0,1.0,67.0,2.926114080316483,2.213114080316483,33.0,-0.006504491268982422,0.04176898620291084,-0.004620542349623512
1.0,2.0,67.0,2.926114080316483,2.350864080316483,33.0,-0.007667150824781738,0.04176898620291084,-0.003912520158222352
1.0,3.0,67.0,2.926114080316483,2.488614080316483,33.0,-0.008829810380581053,0.04176898620291084,-0.003214447005517554
1.0,4.0,67.0,2.926114080316483,2.626364080316483,33.0,-0.00999246993638037,0.04176898620291084,-0.002525692547444357
1.0,5.0,67.0,2.9262281606329656,2.7612108185127324,33.0,-0.011130624918102607,0.04176994908182254,-0.0018595171109899629
1.0,6.0,67.0,2.918185199544742,2.8141698042120584,33.0,-0.011577617809491068,0.041702063596768854,-0.0015867531716048026
1.0,7.0,67.0,2.8951706892935642,2.859335698724533,33.0,-0.011958834207684553,0.04150781285073929,-0.0013276666283518206
1.0,8.0,67.0,2.859335698724533,2.8951706892935642,33.0,-0.01226129441978664,0.0412053526386372,-0.0010944706002523738
1.0,9.0,67.0,2.814169804212059,2.918185199544742,33.0,-0.012455545165816208,0.04082413624044372,-0.0009103773587403109
1.0,10.0,67.0,2.761210818512732,2.9262281606329656,33.0,-0.012523430650869895,0.040377143349055254,-0.00078861696352454
1.0,11.0,67.0,2.113614080316483,2.926114080316483,33.0,-0.01252246777195819,0.03491119390463901,0.00015343708336642916
1.0,12.0,67.0,1.4631140803164828,2.926114080316483,33.0,-0.01252246777195819,0.029420739886145693,0.0010207315507275408
1.0,13.0,67.0,0.8126140803164827,2.926114080316483,33.0,-0.01252246777195819,0.02393028586765237,0.0018458111550256496
1.0,14.0,67.0,0.16501734212023322,2.9262281606329656,33.0,-0.012523430650869895,0.018464336423236128,0.0026648624041382828
1.0,15.0,67.0,0.11205835642090678,2.918185199544742,33.0,-0.012455545165816208,0.01801734353184766,0.0027193273304819614
1.0,16.0,67.0,0.06689246190843257,2.8951706892935642,33.0,-0.01226129441978664,0.017636127133654183,0.0027377364524959905
1.0,17.0,67.0,0.0310574713394014,2.859335698724533,33.0,-0.011958834207684553,0.017333666921552096,0.002719771533340827
1.0,18.0,67.0,0.008042961088223777,2.8141698042120584,33.0,-0.011577617809491068,0.017139416175522528,0.0026651545769909328
1.0,19.0,67.0,0.0,2.7612108185127324,33.0,-0.011130624918102607,0.01707153069046884,0.0025717908340087627
1.0,20.0,67.0,0.0001140803164827453,2.113614080316483,33.0,-0.0056646754736863645,0.017072493569380544,0.0012872869359444796
1.0,21.0,67.0,0.0001140803164827453,1.4631140803164828,33.0,-0.0001742214551930433,0.017072493569380544,1.683815983270009e-5
1.0,22.0,67.0,0.0001140803164827453,0.8126140803164827,33.0,0.005316232563300278,0.017072493569380544,-0.0012534376004853945
1.0,23.0,67.0,0.0,0.16501734212023322,33.0,0.01078218200771652,0.01707153069046884,-0.0025374620981380553
1.0,24.0,67.0,0.008042961088223777,0.11205835642090678,33.0,0.011229174899104986,0.017139416175522528,-0.0026310676067608663
1.0,25.0,67.0,0.0310574713394014,0.06689246190843257,33.0,0.011610391297298467,0.017333666921552096,-0.002686471667327813
1.0,26.0,67.0,0.06689246190843257,0.0310574713394014,33.0,0.011912851509400553,0.017636127133654183,-0.0027056887726729915
1.0,27.0,67.0,0.11205835642090678,0.008042961088223777,33.0,0.012107102255430121,0.01801734353184766,-0.0026888702252647043
1.0,28.0,67.0,0.16501734212023322,0.0,33.0,0.01217498774048381,0.018464336423236128,-0.0026362749298910674
1.0,29.0,67.0,0.8126140803164827,0.0001140803164827453,33.0,0.012174024861572104,0.02393028586765237,-0.001840048577488474
1.0,30.0,67.0,1.4631140803164828,0.0001140803164827453,33.0,0.012174024861572104,0.029420739886145693,-0.001037952478571121
1.0,31.0,67.0,2.113614080316483,0.0001140803164827453,33.0,0.012174024861572104,0.03491119390463901,-0.0001938282018694904
1.0,32.0,67.0,2.7612108185127324,0.0,33.0,0.01217498774048381,0.040377143349055254,0.0007249186161633039
1.0,33.0,67.0,2.814169804212059,0.008042961088223777,33.0,0.012107102255430121,0.04082413624044372,0.0008447797845356105
1.0,34.0,67.0,2.859335698724533,0.0310574713394014,33.0,0.011912851509400553,0.0412053526386372,0.0010273884060730638
1.0,35.0,67.0,2.8951706892935642,0.06689246190843257,33.0,0.011610391297298467,0.04150781285073929,0.0012591244889241643
1.0,36.0,67.0,2.918185199544742,0.11205835642090678,33.0,0.011229174899104986,0.041702063596768854,0.001517151454804132
1.0,37.0,67.0,2.9262281606329656,0.16501734212023322,33.0,0.01078218200771652,0.04176994908182254,0.001790006210260405
1.0,38.0,67.0,2.926114080316483,0.29986408031648293,33.0,0.00964402702599428,0.04176898620291084,0.002456045766335602
1.0,39.0,67.0,2.926114080316483,0.43761408031648275,33.0,0.008481367470194966,0.04176898620291084,0.003144838808922233
1.0,40.0,67.0,2.926114080316483,0.5753640803164828,33.0,0.007318707914395651,0.04176898620291084,0.0038429354123668213
1.0,41.0,67.0,2.926114080316483,0.7131140803164828,33.0,0.006156048358596335,0.04176898620291084,0.004550934832484519
2.0,1.0,67.0,5.9261140803164825,2.213114080316483,33.0,-0.006504491268982422,0.06709006545806835,-0.005436799972233938
2.0,2.0,67.0,5.9261140803164825,2.350864080316483,33.0,-0.007667150824781738,0.06709006545806835,-0.004196657978005235
2.0,3.0,67.0,5.9261140803164825,2.488614080316483,33.0,-0.008829810380581053,0.06709006545806835,-0.0029637473208954388
2.0,4.0,67.0,5.9261140803164825,2.626364080316483,33.0,-0.00999246993638037,0.06709006545806835,-0.0017365462415931164
2.0,5.0,67.0,5.926228160632966,2.7612108185127324,33.0,-0.011130624918102607,0.06709102833698005,-0.0005390647335106179
2.0,6.0,67.0,5.918185199544742,2.8141698042120584,33.0,-0.011577617809491068,0.06702314285192637,-5.596140293916829e-5
2.0,7.0,67.0,5.895170689293565,2.859335698724533,33.0,-0.011958834207684553,0.0668288921058968,0.0003833107787147439
2.0,8.0,67.0,5.859335698724533,2.8951706892935642,33.0,-0.01226129441978664,0.06652643189379472,0.0007618250490886646
2.0,9.0,67.0,5.814169804212058,2.918185199544742,33.0,-0.012455545165816208,0.06614521549560123,0.0010428980548722292
2.0,10.0,67.0,5.7612108185127315,2.9262281606329656,33.0,-0.012523430650869895,0.06569822260421276,0.0012052264151180363
2.0,11.0,67.0,5.1136140803164825,2.926114080316483,33.0,-0.01252246777195819,0.060232273159796526,0.0023402964115400485
2.0,12.0,67.0,4.463114080316483,2.926114080316483,33.0,-0.01252246777195819,0.05474181914130321,0.003538849253160454
2.0,13.0,67.0,3.8126140803164827,2.926114080316483,33.0,-0.01252246777195819,0.049251365122809886,0.0048418912268658855
2.0,14.0,67.0,3.1650173421202332,2.9262281606329656,33.0,-0.012523430650869895,0.04378541567839364,0.0062848523558231804
2.0,15.0,67.0,3.112058356420907,2.918185199544742,33.0,-0.012455545165816208,0.04333842278700518,0.006366904500115118
2.0,16.0,67.0,3.0668924619084326,2.8951706892935642,33.0,-0.01226129441978664,0.042957206388811696,0.006353167192097308
2.0,17.0,67.0,3.0310574713394014,2.859335698724533,33.0,-0.011958834207684553,0.042654746176709606,0.006254717069146801
2.0,18.0,67.0,3.0080429610882238,2.8141698042120584,33.0,-0.011577617809491068,0.04246049543068004,0.006084702481549585
2.0,19.0,67.0,3.0,2.7612108185127324,33.0,-0.011130624918102607,0.04239260994562635,0.005850308548079482
2.0,20.0,67.0,3.0001140803164827,2.113614080316483,33.0,-0.0056646754736863645,0.04239357282453805,0.002902541257557723
2.0,21.0,67.0,3.0001140803164827,1.4631140803164828,33.0,-0.0001742214551930433,0.04239357282453805,3.169172563596447e-5
2.0,22.0,67.0,3.0001140803164827,0.8126140803164827,33.0,0.005316232563300278,0.04239357282453805,-0.002839189559313413
2.0,23.0,67.0,3.0,0.16501734212023322,33.0,0.01078218200771652,0.04239260994562635,-0.005787027571784029
2.0,24.0,67.0,3.0080429610882238,0.11205835642090678,33.0,0.011229174899104986,0.04246049543068004,-0.006021527447285153
2.0,25.0,67.0,3.0310574713394014,0.06689246190843257,33.0,0.011610391297298467,0.042654746176709606,-0.00619258442663686
2.0,26.0,67.0,3.0668924619084326,0.0310574713394014,33.0,0.011912851509400553,0.042957206388811696,-0.006292414518590987
2.0,27.0,67.0,3.112058356420907,0.008042961088223777,33.0,0.012107102255430121,0.04333842278700518,-0.006307664133655206
2.0,28.0,67.0,3.1650173421202332,0.0,33.0,0.01217498774048381,0.04378541567839364,-0.006227534961969675
2.0,29.0,67.0,3.8126140803164827,0.0001140803164827453,33.0,0.012174024861572104,0.049251365122809886,-0.004807953763174606
2.0,30.0,67.0,4.463114080316483,0.0001140803164827453,33.0,0.012174024861572104,0.05474181914130321,-0.0035281707483896464
2.0,31.0,67.0,5.1136140803164825,0.0001140803164827453,33.0,0.012174024861572104,0.060232273159796526,-0.002352748311441405
2.0,32.0,67.0,5.761210818512732,0.0,33.0,0.01217498774048381,0.06569822260421276,-0.0012407382281191997
2.0,33.0,67.0,5.814169804212058,0.008042961088223777,33.0,0.012107102255430121,0.06614521549560123,-0.0010803035257555315
2.0,34.0,67.0,5.859335698724533,0.0310574713394014,33.0,0.011912851509400553,0.06652643189379472,-0.0008008449919310935
2.0,35.0,67.0,5.895170689293565,0.06689246190843257,33.0,0.011610391297298467,0.0668288921058968,-0.00042360763366108286
2.0,36.0,67.0,5.918185199544742,0.11205835642090678,33.0,0.011229174899104986,0.06702314285192637,1.4851742232498759e-5
2.0,37.0,67.0,5.926228160632966,0.16501734212023322,33.0,0.01078218200771652,0.06709102833698005,0.0004976856892875265
2.0,38.0,67.0,5.9261140803164825,0.29986408031648293,33.0,0.00964402702599428,0.06709006545806835,0.0016952201233906567
2.0,39.0,67.0,5.9261140803164825,0.43761408031648275,33.0,0.008481367470194966,0.06709006545806835,0.002922456139131569
2.0,40.0,67.0,5.9261140803164825,0.5753640803164828,33.0,0.007318707914395651,0.06709006545806835,0.004155385618700484
2.0,41.0,67.0,5.9261140803164825,0.7131140803164828,33.0,0.006156048358596335,0.06709006545806835,0.005395530762596368
1.0,1.0,68.0,2.926114080316483,2.213114080316483,33.5,-0.0060177129733606435,0.0391896055270942,-0.004440476992375211
1.0,2.0,68.0,2.926114080316483,2.350864080316483,33.5,-0.0070926513004589435,0.0391896055270942,-0.003734607965008985
1.0,3.0,68.0,2.926114080316483,2.488614080316483,33.5,-0.008167589627557243,0.0391896055270942,-0.0030388269612268296
1.0,4.0,68.0,2.926114080316483,2.626364080316483,33.5,-0.009242527954655544,0.0391896055270942,-0.002352704427648748
1.0,5.0,68.0,2.9262281606329656,2.7612108185127324,33.5,-0.010294810547550926,0.039190495757980254,-0.001689378271492884
1.0,6.0,68.0,2.918185199544742,2.8141698042120584,33.5,-0.01070807837689725,0.039127732148999554,-0.0014171981230063791
1.0,7.0,68.0,2.8951706892935642,2.859335698724533,33.5,-0.011060532468288451,0.03894813738204211,-0.0011604959139282123
1.0,8.0,68.0,2.859335698724533,2.8951706892935642,33.5,-0.011340172430639504,0.038668497419691056,-0.000929066612703871
1.0,9.0,68.0,2.814169804212059,2.918185199544742,33.5,-0.011519767197596946,0.03831604332829986,-0.0007459634381492178
1.0,10.0,68.0,2.761210818512732,2.9262281606329656,33.5,-0.01158253080657765,0.037902775498953524,-0.0006263434995177268
1.0,11.0,68.0,2.113614080316483,2.926114080316483,33.5,-0.01158164057569159,0.0328492251948447,0.0002935953624462075
1.0,12.0,68.0,1.4631140803164828,2.926114080316483,33.5,-0.01158164057569159,0.027773019156532942,0.00113702264585006
1.0,13.0,68.0,0.8126140803164827,2.926114080316483,33.5,-0.01158164057569159,0.022696813118221186,0.0019379092087999316
1.0,14.0,68.0,0.16501734212023322,2.9262281606329656,33.5,-0.01158253080657765,0.01764326281411235,0.002733446743268348
1.0,15.0,68.0,0.11205835642090678,2.918185199544742,33.5,-0.011519767197596946,0.017229994984766024,0.0027857863908546
1.0,16.0,68.0,0.06689246190843257,2.8951706892935642,33.5,-0.011340172430639504,0.016877540893374825,0.0028018419967689194
1.0,17.0,68.0,0.0310574713394014,2.859335698724533,33.5,-0.011060532468288451,0.016597900931023774,0.0027813405722163878
1.0,18.0,68.0,0.008042961088223777,2.8141698042120584,33.5,-0.01070807837689725,0.01641830616406633,0.0027241761694808244
1.0,19.0,68.0,0.0,2.7612108185127324,33.5,-0.010294810547550926,0.016355542555085627,0.00262830187018797
1.0,20.0,68.0,0.0001140803164827453,2.113614080316483,33.5,-0.0052412602434420905,0.016356432785971688,0.001315568778484996
1.0,21.0,68.0,0.0001140803164827453,1.4631140803164828,33.5,-0.0001650542051303363,0.016356432785971688,1.717622569922976e-5
1.0,22.0,68.0,0.0001140803164827453,0.8126140803164827,33.5,0.004911151833181418,0.016356432785971688,-0.0012810179648078226
1.0,23.0,68.0,0.0,0.16501734212023322,33.5,0.009964702137290253,0.016355542555085627,-0.0025932037668502422
1.0,24.0,68.0,0.008042961088223777,0.11205835642090678,33.5,0.010377969966636582,0.01641830616406633,-0.0026893189365059015
1.0,25.0,68.0,0.0310574713394014,0.06689246190843257,33.5,0.010730424058027778,0.016597900931023774,-0.002747282336008963
1.0,26.0,68.0,0.06689246190843257,0.0310574713394014,33.5,0.011010064020378832,0.016877540893374825,-0.002769058498334569
1.0,27.0,68.0,0.11205835642090678,0.008042961088223777,33.5,0.011189658787336274,0.017229994984766024,-0.002754623262928515
1.0,28.0,68.0,0.16501734212023322,0.0,33.5,0.011252422396316977,0.01764326281411235,-0.0027041886740094704
1.0,29.0,68.0,0.8126140803164827,0.0001140803164827453,33.5,0.011251532165430917,0.022696813118221186,-0.0019319213071668298
1.0,30.0,68.0,1.4631140803164828,0.0001140803164827453,33.5,0.011251532165430917,0.027773019156532942,-0.0011545077763769277
1.0,31.0,68.0,2.113614080316483,0.0001140803164827453,33.5,0.011251532165430917,0.0328492251948447,-0.000334832289214797
1.0,32.0,68.0,2.7612108185127324,0.0,33.5,0.011252422396316977,0.03790277549895353,0.0005612192595226281
1.0,33.0,68.0,2.814169804212059,0.008042961088223777,33.5,0.011189658787336274,0.03831604332829986,0.0006788417728913901
1.0,34.0,68.0,2.859335698724533,0.0310574713394014,33.5,0.011010064020378832,0.038668497419691056,0.0008600433254103774
1.0,35.0,68.0,2.8951706892935642,0.06689246190843257,33.5,0.010730424058027778,0.03894813738204211,0.0010904174994560735
1.0,36.0,68.0,2.918185199544742,0.11205835642090678,33.5,0.010377969966636582,0.039127732148999554,0.0013466501514054923
1.0,37.0,68.0,2.9262281606329656,0.16501734212023322,33.5,0.009964702137290253,0.039190495757980254,0.0016178894139486852
1.0,38.0,68.0,2.926114080316483,0.29986408031648293,33.5,0.008912419544394869,0.0391896055270942,0.002281503449804255
1.0,39.0,68.0,2.926114080316483,0.43761408031648275,33.5,0.007837481217296572,0.0391896055270942,0.0029675783676110117
1.0,40.0,68.0,2.926114080316483,0.5753640803164828,33.5,0.006762542890198271,0.0391896055270942,0.003663332974364297
1.0,41.0,68.0,2.926114080316483,0.7131140803164828,33.5,0.005687604563099971,0.0391896055270942,0.004369251530648293
2.0,1.0,68.0,5.9261140803164825,2.213114080316483,33.5,-0.0060177129733606435,0.06260024060001543,-0.005356783085048011
2.0,2.0,68.0,5.9261140803164825,2.350864080316483,33.5,-0.0070926513004589435,0.06260024060001543,-0.004125241635954085
2.0,3.0,68.0,5.9261140803164825,2.488614080316483,33.5,-0.008167589627557243,0.06260024060001543,-0.0029010056686037803
2.0,4.0,68.0,5.9261140803164825,2.626364080316483,33.5,-0.009242527954655544,0.06260024060001543,-0.001682524433435727
2.0,5.0,68.0,5.926228160632966,2.7612108185127324,33.5,-0.010294810547550926,0.06260113083090148,-0.0004936022306480502
2.0,6.0,68.0,5.918185199544742,2.8141698042120584,33.5,-0.01070807837689725,0.06253836722192077,-1.4027913593642156e-5
2.0,7.0,68.0,5.895170689293565,2.859335698724533,33.5,-0.011060532468288451,0.062358772454963345,0.0004218891236012357
2.0,8.0,68.0,5.859335698724533,2.8951706892935642,33.5,-0.011340172430639504,0.06207913249261228,0.0007973468934433075
2.0,9.0,68.0,5.814169804212058,2.918185199544742,33.5,-0.011519767197596946,0.06172667840122109,0.0010759364721257894
2.0,10.0,68.0,5.7612108185127315,2.9262281606329656,33.5,-0.01158253080657765,0.061313410571874755,0.0012365032945573773
2.0,11.0,68.0,5.1136140803164825,2.926114080316483,33.5,-0.01158164057569159,0.05625986026776592,0.002355951812426101
2.0,12.0,68.0,4.463114080316483,2.926114080316483,33.5,-0.01158164057569159,0.05118365422945418,0.003538678988623518
2.0,13.0,68.0,3.8126140803164827,2.926114080316483,33.5,-0.01158164057569159,0.04610744819114242,0.004826104509162106
2.0,14.0,68.0,3.1650173421202332,2.9262281606329656,33.5,-0.01158253080657765,0.041053897887033584,0.006254759099617298
2.0,15.0,68.0,3.112058356420907,2.918185199544742,33.5,-0.011519767197596946,0.040640630057687255,0.006335899931850201
2.0,16.0,68.0,3.0668924619084326,2.8951706892935642,33.5,-0.011340172430639504,0.04028817596629606,0.006322024662322911
2.0,17.0,68.0,3.0310574713394014,2.859335698724533,33.5,-0.011060532468288451,0.040008536003945,0.006223353734044043
2.0,18.0,68.0,3.0080429610882238,2.8141698042120584,33.5,-0.01070807837689725,0.03982894123698756,0.0060532280797100735
2.0,19.0,68.0,3.0,2.7612108185127324,33.5,-0.010294810547550926,0.039766177628006855,0.005820238104004226
2.0,20.0,68.0,3.0001140803164827,2.113614080316483,33.5,-0.0052412602434420905,0.03976706785889292,0.002886928415601612
2.0,21.0,68.0,3.0001140803164827,1.4631140803164828,33.5,-0.0001650542051303363,0.03976706785889292,3.237208491966982e-5
2.0,22.0,68.0,3.0001140803164827,0.8126140803164827,33.5,0.004911151833181418,0.03976706785889292,-0.0028222796227630183
2.0,23.0,68.0,3.0,0.16501734212023322,33.5,0.009964702137290253,0.039766177628006855,-0.005755703125713908
2.0,24.0,68.0,3.0080429610882238,0.11205835642090678,33.5,0.010377969966636582,0.03982894123698756,-0.005989329482365175
2.0,25.0,68.0,3.0310574713394014,0.06689246190843257,33.5,0.010730424058027778,0.040008536003945,-0.00615996763148991
2.0,26.0,68.0,3.0668924619084326,0.0310574713394014,33.5,0.011010064020378832,0.04028817596629606,-0.006259839980806071
2.0,27.0,68.0,3.112058356420907,0.008042961088223777,33.5,0.011189658787336274,0.040640630057687255,-0.006275599181863249
2.0,28.0,68.0,3.1650173421202332,0.0,33.5,0.011252422396316977,0.041053897887033584,-0.006196439099895207
2.0,29.0,68.0,3.8126140803164827,0.0001140803164827453,33.5,0.011251532165430917,0.04610744819114242,-0.004791725808309029
2.0,30.0,68.0,4.463114080316483,0.0001140803164827453,33.5,0.011251532165430917,0.05118365422945418,-0.003528091017311006
2.0,31.0,68.0,5.1136140803164825,0.0001140803164827453,33.5,0.011251532165430917,0.05625986026776592,-0.0023689436664359794
2.0,32.0,68.0,5.761210818512732,0.0,33.5,0.011252422396316977,0.061313410571874755,-0.0012729883545718524
2.0,33.0,68.0,5.814169804212058,0.008042961088223777,33.5,0.011189658787336274,0.06172667840122109,-0.0011143511850526984
2.0,34.0,68.0,5.859335698724533,0.0310574713394014,33.5,0.011010064020378832,0.06207913249261228,-0.0008374068440440686
2.0,35.0,68.0,5.895170689293565,0.06689246190843257,33.5,0.010730424058027778,0.062358772454963345,-0.0004632498624053775
2.0,36.0,68.0,5.918185199544742,0.11205835642090678,33.5,0.010377969966636582,0.06253836722192077,-2.815912870162773e-5
2.0,37.0,68.0,5.926228160632966,0.16501734212023322,33.5,0.009964702137290253,0.06260113083090148,0.0004511448478095644
2.0,38.0,68.0,5.9261140803164825,0.29986408031648293,33.5,0.008912419544394869,0.06260024060001543,0.0016401311849350698
2.0,39.0,68.0,5.9261140803164825,0.43761408031648275,33.5,0.007837481217296572,0.06260024060001543,0.002858655556016211
2.0,40.0,68.0,5.9261140803164825,0.5753640803164828,33.5,0.006762542890198271,0.06260024060001543,0.0040829152722156445
2.0,41.0,68.0,5.9261140803164825,0.7131140803164828,33.5,0.005687604563099971,0.06260024060001543,0.005314461461450525
1.0,1.0,69.0,2.926114080316483,2.213114080316483,34.0,-0.005538543600573299,0.03662586599784318,-0.00420730097652866
1.0,2.0,69.0,2.926114080316483,2.350864080316483,34.0,-0.00652719508221162,0.03662586599784318,-0.0035081400179767593
1.0,3.0,69.0,2.926114080316483,2.488614080316483,34.0,-0.0075158465638499395,0.03662586599784318,-0.002819484006122736
1.0,4.0,69.0,2.926114080316483,2.626364080316483,34.0,-0.00850449804548826,0.03662586599784318,-0.0021405359760577817
1.0,5.0,69.0,2.9262281606329656,2.7612108185127324,34.0,-0.00947231240129092,0.03662668476861571,-0.001484297577834495
1.0,6.0,69.0,2.918185199544742,2.8141698042120584,34.0,-0.00985240662762632,0.03656895928479261,-0.0012164978178256878
1.0,7.0,69.0,2.8951706892935642,2.859335698724533,34.0,-0.010176568722212731,0.03640378084806661,-0.0009616772195276077
1.0,8.0,69.0,2.859335698724533,2.8951706892935642,34.0,-0.010433761582616127,0.036146587987663216,-0.0007334703102344174
1.0,9.0,69.0,2.814169804212059,2.918185199544742,34.0,-0.010598940019342131,0.035822425893076805,-0.0005547253863756449
1.0,10.0,69.0,2.761210818512732,2.9262281606329656,34.0,-0.01065666550316523,0.0354423316667414,-0.0004373146861912948
1.0,11.0,69.0,2.113614080316483,2.926114080316483,34.0,-0.010655846732392697,0.03079443711340663,0.0004512407896314972
1.0,12.0,69.0,1.4631140803164828,2.926114080316483,34.0,-0.010655846732392697,0.026125705434236198,0.0012618655235343047
1.0,13.0,69.0,0.8126140803164827,2.926114080316483,34.0,-0.010655846732392697,0.021456973755065764,0.002030134059933811
1.0,14.0,69.0,0.16501734212023322,2.9262281606329656,34.0,-0.01065666550316523,0.01680907920173099,0.0027941062862637963
1.0,15.0,69.0,0.11205835642090678,2.918185199544742,34.0,-0.010598940019342131,0.01642898497539559,0.002843723641042652
1.0,16.0,69.0,0.06689246190843257,2.8951706892935642,34.0,-0.010433761582616127,0.01610482288080918,0.002857020129187817
1.0,17.0,69.0,0.0310574713394014,2.859335698724533,34.0,-0.010176568722212731,0.015847630020405786,0.0028337779125434575
1.0,18.0,69.0,0.008042961088223777,2.8141698042120584,34.0,-0.00985240662762632,0.01568245158367978,0.002774090997773542
1.0,19.0,69.0,0.0,2.7612108185127324,34.0,-0.00947231240129092,0.015624726099856684,0.0026759779733612084
1.0,20.0,69.0,0.0001140803164827453,2.113614080316483,34.0,-0.004824417847956147,0.015625544870629216,0.0013394721047054108
1.0,21.0,69.0,0.0001140803164827453,1.4631140803164828,34.0,-0.00015568616878571578,0.015625544870629216,1.747192859079077e-5
1.0,22.0,69.0,0.0001140803164827453,0.8126140803164827,34.0,0.004513045510384716,0.015625544870629216,-0.001304296744940923
1.0,23.0,69.0,0.0,0.16501734212023322,34.0,0.009160940063719489,0.015624726099856684,-0.0026401641000796433
1.0,24.0,69.0,0.008042961088223777,0.11205835642090678,34.0,0.009541034290054892,0.01568245158367978,-0.002738515356025599
1.0,25.0,69.0,0.0310574713394014,0.06689246190843257,34.0,0.0098651963846413,0.015847630020405786,-0.002799009894366515
1.0,26.0,69.0,0.06689246190843257,0.0310574713394014,34.0,0.010122389245044695,0.01610482288080918,-0.002823544833253303
1.0,27.0,69.0,0.11205835642090678,0.008042961088223777,34.0,0.0102875676817707,0.01642898497539559,-0.002811894154005089
1.0,28.0,69.0,0.16501734212023322,0.0,34.0,0.010345293165593798,0.01680907920173099,-0.0027642130033247794
1.0,29.0,69.0,0.8126140803164827,0.0001140803164827453,34.0,0.010344474394821265,0.021456973755065764,-0.0020238946489598703
1.0,30.0,69.0,1.4631140803164828,0.0001140803164827453,34.0,0.010344474394821265,0.026125705434236198,-0.001279555676989829
1.0,31.0,69.0,2.113614080316483,0.0001140803164827453,34.0,0.010344474394821265,0.03079443711340663,-0.0004932335385400573
1.0,32.0,69.0,2.7612108185127324,0.0,34.0,0.010345293165593798,0.035442331666741406,0.0003707185624674344
1.0,33.0,69.0,2.814169804212059,0.008042961088223777,34.0,0.0102875676817707,0.035822425893076805,0.00048617914699322607
1.0,34.0,69.0,2.859335698724533,0.0310574713394014,34.0,0.010122389245044695,0.036146587987663216,0.0006635428018443804
1.0,35.0,69.0,2.8951706892935642,0.06689246190843257,34.0,0.0098651963846413,0.03640378084806661,0.0008899285366499991
1.0,36.0,69.0,2.918185199544742,0.11205835642090678,34.0,0.009541034290054892,0.03656895928479261,0.0011432304531356957
1.0,37.0,69.0,2.9262281606329656,0.16501734212023322,34.0,0.009160940063719489,0.03662668476861571,0.0014118272614349835
1.0,38.0,69.0,2.926114080316483,0.29986408031648293,34.0,0.008193125707916827,0.03662586599784318,0.0020675459287846556
1.0,39.0,69.0,2.926114080316483,0.43761408031648275,34.0,0.007204474226278508,0.03662586599784318,0.0027465691452650703
1.0,40.0,69.0,2.926114080316483,0.5753640803164828,34.0,0.006215822744640188,0.03662586599784318,0.0034352656878347656
1.0,41.0,69.0,2.926114080316483,0.7131140803164828,34.0,0.005227171263001869,0.03662586599784318,0.0041343389712421375
2.0,1.0,69.0,5.9261140803164825,2.213114080316483,34.0,-0.005538543600573299,0.058157295724993514,-0.005233020708274505
2.0,2.0,69.0,5.9261140803164825,2.350864080316483,34.0,-0.00652719508221162,0.058157295724993514,-0.00401887192350979
2.0,3.0,69.0,5.9261140803164825,2.488614080316483,34.0,-0.0075158465638499395,0.058157295724993514,-0.0028120257519423392
2.0,4.0,69.0,5.9261140803164825,2.626364080316483,34.0,-0.00850449804548826,0.058157295724993514,-0.0016109367923027437
2.0,5.0,69.0,5.926228160632966,2.7612108185127324,34.0,-0.00947231240129092,0.05815811449576604,-0.0004390211779267258
2.0,6.0,69.0,5.918185199544742,2.8141698042120584,34.0,-0.00985240662762632,0.05810038901194295,3.3615372968721495e-5
2.0,7.0,69.0,5.895170689293565,2.859335698724533,34.0,-0.010176568722212731,0.05793521057521695,0.0004630597816506577
2.0,8.0,69.0,5.859335698724533,2.8951706892935642,34.0,-0.010433761582616127,0.05767801771481355,0.0008327547428784335
2.0,9.0,69.0,5.814169804212058,2.918185199544742,34.0,-0.010598940019342131,0.05735385562022714,0.0011068415221984192
2.0,10.0,69.0,5.7612108185127315,2.9262281606329656,34.0,-0.01065666550316523,0.056973761393891736,0.0012644653684690792
2.0,11.0,69.0,5.1136140803164825,2.926114080316483,34.0,-0.010655846732392697,0.05232586684055696,0.002359784920446519
2.0,12.0,69.0,4.463114080316483,2.926114080316483,34.0,-0.010655846732392697,0.04765713516138654,0.003517426415322646
2.0,13.0,69.0,3.8126140803164827,2.926114080316483,34.0,-0.010655846732392697,0.0429884034822161,0.0047788233887467065
2.0,14.0,69.0,3.1650173421202332,2.9262281606329656,34.0,-0.01065666550316523,0.03834050892888133,0.006181974453860118
2.0,15.0,69.0,3.112058356420907,2.918185199544742,34.0,-0.010598940019342131,0.03796041470254593,0.006261512799659568
2.0,16.0,69.0,3.0668924619084326,2.8951706892935642,34.0,-0.010433761582616127,0.03763625260795952,0.006246677828196562
2.0,17.0,69.0,3.0310574713394014,2.859335698724533,34.0,-0.010176568722212731,0.03737905974755612,0.0061489266663404115
2.0,18.0,69.0,3.0080429610882238,2.8141698042120584,34.0,-0.00985240662762632,0.037213881310830116,0.005981237641690741
2.0,19.0,69.0,3.0,2.7612108185127324,34.0,-0.00947231240129092,0.03715615582700702,0.005749823140034546
2.0,20.0,69.0,3.0001140803164827,2.113614080316483,34.0,-0.004824417847956147,0.03715697459777955,0.002851216466972854
2.0,21.0,69.0,3.0001140803164827,1.4631140803164828,34.0,-0.00015568616878571578,0.03715697459777955,3.3065612008453237e-5
2.0,22.0,69.0,3.0001140803164827,0.8126140803164827,34.0,0.004513045510384716,0.03715697459777955,-0.002785212777624934
2.0,23.0,69.0,3.0,0.16501734212023322,34.0,0.009160940063719489,0.03715615582700702,-0.0056842050483535975
2.0,24.0,69.0,3.0080429610882238,0.11205835642090678,34.0,0.009541034290054892,0.037213881310830116,-0.005915371037283646
2.0,25.0,69.0,3.0310574713394014,0.06689246190843257,34.0,0.0098651963846413,0.03737905974755612,-0.006084554561764157
2.0,26.0,69.0,3.0668924619084326,0.0310574713394014,34.0,0.010122389245044695,0.03763625260795952,-0.006183926334842133
2.0,27.0,69.0,3.112058356420907,0.008042961088223777,34.0,0.0102875676817707,0.03796041470254593,-0.006200181159868349
2.0,28.0,69.0,3.1650173421202332,0.0,34.0,0.010345293165593798,0.03834050892888133,-0.006122632037381024
2.0,29.0,69.0,3.8126140803164827,0.0001140803164827453,34.0,0.010344474394821265,0.0429884034822161,-0.0047440964922908216
2.0,30.0,69.0,4.463114080316483,0.0001140803164827453,34.0,0.010344474394821265,0.04765713516138654,-0.0035069727090253507
2.0,31.0,69.0,5.1136140803164825,0.0001140803164827453,34.0,0.010344474394821265,0.05232586684055696,-0.002373315579194962
2.0,32.0,69.0,5.761210818512732,0.0,34.0,0.010345293165593798,0.056973761393891736,-0.0013018589493612673
2.0,33.0,69.0,5.814169804212058,0.008042961088223777,34.0,0.0102875676817707,0.05735385562022714,-0.001146197034562046
2.0,34.0,69.0,5.859335698724533,0.0310574713394014,34.0,0.010122389245044695,0.05767801771481355,-0.0008737823591839073
2.0,35.0,69.0,5.895170689293565,0.06689246190843257,34.0,0.0098651963846413,0.05793521057521695,-0.0005054077300449629
2.0,36.0,69.0,5.918185199544742,0.11205835642090678,34.0,0.009541034290054892,0.05810038901194295,-7.680015934275004e-5
2.0,37.0,69.0,5.926228160632966,0.16501734212023322,34.0,0.009160940063719489,0.05815811449576604,0.0003955662596371497
2.0,38.0,69.0,5.9261140803164825,0.29986408031648293,34.0,0.008193125707916827,0.058157295724993514,0.0015675614217998406
2.0,39.0,69.0,5.9261140803164825,0.43761408031648275,34.0,0.007204474226278508,0.058157295724993514,0.002768705302140061
2.0,40.0,69.0,5.9261140803164825,0.5753640803164828,34.0,0.006215822744640188,0.058157295724993514,0.003975582168181185
2.0,41.0,69.0,5.9261140803164825,0.7131140803164828,34.0,0.005227171263001869,0.058157295724993514,0.005189737902783987
1.0,1.0,70.0,2.926114080316483,2.213114080316483,34.5,-0.005070748550937828,0.03409482819236314,-0.003919676955160263
1.0,2.0,70.0,2.926114080316483,2.350864080316483,34.5,-0.005975236494292378,0.03409482819236314,-0.0032321664849611336
1.0,3.0,70.0,2.926114080316483,2.488614080316483,34.5,-0.006879724437646927,0.03409482819236314,-0.0025550859417209494
1.0,4.0,70.0,2.926114080316483,2.626364080316483,34.5,-0.0077842123810014765,0.03409482819236314,-0.00188828616327904
1.0,5.0,70.0,2.9262281606329656,2.7612108185127324,34.5,-0.008669637055405795,0.03409557726147989,-0.0012443751629013903
1.0,6.0,70.0,2.918185199544742,2.8141698042120584,34.5,-0.009017373999560615,0.034042765926937835,-0.0009796723434971927
1.0,7.0,70.0,2.8951706892935642,2.859335698724533,34.5,-0.009313940293842696,0.033891649069991196,-0.00073244673705992
1.0,8.0,70.0,2.859335698724533,2.8951706892935642,34.5,-0.009549238420303042,0.033656350943530845,-0.0005095962909939008
1.0,9.0,70.0,2.814169804212059,2.918185199544742,34.5,-0.009700355277249684,0.03335978464924877,-0.00033343594981610666
1.0,10.0,70.0,2.761210818512732,2.9262281606329656,34.5,-0.00975316661179174,0.033012047705093944,-0.00022088951658757368
1.0,11.0,70.0,2.113614080316483,2.926114080316483,34.5,-0.009752417542674986,0.028759826711596742,0.0006266492717674482
1.0,12.0,70.0,1.4631140803164828,2.926114080316483,34.5,-0.009752417542674986,0.024488542449149307,0.0013951624833555359
1.0,13.0,70.0,0.8126140803164827,2.926114080316483,34.5,-0.009752417542674986,0.02021725818670187,0.002122250973161835
1.0,14.0,70.0,0.16501734212023322,2.9262281606329656,34.5,-0.00975316661179174,0.01596503719320467,0.0028466369177767535
1.0,15.0,70.0,0.11205835642090678,2.918185199544742,34.5,-0.009700355277249684,0.015617300249049846,0.0028929322089649395
1.0,16.0,70.0,0.06689246190843257,2.8951706892935642,34.5,-0.009549238420303042,0.015320733954767766,0.0029030741896530388
1.0,17.0,70.0,0.0310574713394014,2.859335698724533,34.5,-0.009313940293842696,0.01508543582830742,0.0028769037813329264
1.0,18.0,70.0,0.008042961088223777,2.8141698042120584,34.5,-0.009017373999560615,0.01493431897136078,0.0028147306587390135
1.0,19.0,70.0,0.0,2.7612108185127324,34.5,-0.008669637055405795,0.014881507636818723,0.002714658926285914
1.0,20.0,70.0,0.0001140803164827453,2.113614080316483,34.5,-0.004417416061908591,0.014882256705935477,0.0013589564854380827
1.0,21.0,70.0,0.0001140803164827453,1.4631140803164828,34.5,-0.0001461317994611555,0.014882256705935477,1.771834287684111e-5
1.0,22.0,70.0,0.0001140803164827453,0.8126140803164827,34.5,0.0041251524629862795,0.014882256705935477,-0.0013232464584880942
1.0,23.0,70.0,0.0,0.16501734212023322,34.5,0.008377373456483485,0.014881507636818723,-0.0026781918909468522
1.0,24.0,70.0,0.008042961088223777,0.11205835642090678,34.5,0.008725110400638307,0.01493431897136078,-0.0027784935797723898
1.0,25.0,70.0,0.0310574713394014,0.06689246190843257,34.5,0.009021676694920384,0.01508543582830742,-0.00284147851478547
1.0,26.0,70.0,0.06689246190843257,0.0310574713394014,34.5,0.009256974821380732,0.015320733954767766,-0.0028689559301069752
1.0,27.0,70.0,0.11205835642090678,0.008042961088223777,34.5,0.009408091678327372,0.015617300249049846,-0.0028604804018486883
1.0,28.0,70.0,0.16501734212023322,0.0,34.5,0.00946090301286943,0.01596503719320467,-0.002816146168738113
1.0,29.0,70.0,0.8126140803164827,0.0001140803164827453,34.5,0.009460153943752676,0.02021725818670187,-0.0021157253401044504
1.0,30.0,70.0,1.4631140803164828,0.0001140803164827453,34.5,0.009460153943752676,0.024488542449149307,-0.0014129515437778324
1.0,31.0,70.0,2.113614080316483,0.0001140803164827453,34.5,0.009460153943752676,0.028759826711596742,-0.0006693427890223191
1.0,32.0,70.0,2.7612108185127324,0.0,34.5,0.00946090301286943,0.03301204770509395,0.00015296772837944023
1.0,33.0,70.0,2.814169804212059,0.008042961088223777,34.5,0.009408091678327372,0.03335978464924877,0.0002633023825618762
1.0,34.0,70.0,2.859335698724533,0.0310574713394014,34.5,0.009256974821380732,0.033656350943530845,0.000437178791044734
1.0,35.0,70.0,2.8951706892935642,0.06689246190843257,34.5,0.009021676694920384,0.033891649069991196,0.0006593596346657638
1.0,36.0,70.0,2.918185199544742,0.11205835642090678,34.5,0.008725110400638307,0.034042765926937835,0.000906721923653818
1.0,37.0,70.0,2.9262281606329656,0.16501734212023322,34.5,0.008377373456483485,0.03409557726147989,0.0011691622212408688
1.0,38.0,70.0,2.926114080316483,0.29986408031648293,34.5,0.007491948782079164,0.03409482819236314,0.001813925932837115
1.0,39.0,70.0,2.926114080316483,0.43761408031648275,34.5,0.0065874608387246165,0.03409482819236314,0.0024805113303197537
1.0,40.0,70.0,2.926114080316483,0.5753640803164828,34.5,0.005682972895370067,0.03409482819236314,0.00315747134672444
1.0,41.0,70.0,2.926114080316483,0.7131140803164828,34.5,0.004778484952015518,0.03409482819236314,0.0038451294580351594
2.0,1.0,70.0,5.9261140803164825,2.213114080316483,34.5,-0.005070748550937828,0.05379329519826983,-0.005065434404812065
2.0,2.0,70.0,5.9261140803164825,2.350864080316483,34.5,-0.005975236494292378,0.05379329519826983,-0.0038775186934700166
2.0,3.0,70.0,5.9261140803164825,2.488614080316483,34.5,-0.006879724437646927,0.05379329519826983,-0.002696857085468014
2.0,4.0,70.0,5.9261140803164825,2.626364080316483,34.5,-0.0077842123810014765,0.05379329519826983,-0.0015218664754879162
2.0,5.0,70.0,5.926228160632966,2.7612108185127324,34.5,-0.008669637055405795,0.053794044267386584,-0.0003754290851235566
2.0,6.0,70.0,5.918185199544742,2.8141698042120584,34.5,-0.009017373999560615,0.053741232932844524,8.684388620501132e-5
2.0,7.0,70.0,5.895170689293565,2.859335698724533,34.5,-0.009313940293842696,0.05359011607589789,0.0005066954658566671
2.0,8.0,70.0,5.859335698724533,2.8951706892935642,34.5,-0.009549238420303042,0.05335481794943754,0.0008679408440956361
2.0,9.0,70.0,5.814169804212058,2.918185199544742,34.5,-0.009700355277249684,0.053058251655155465,0.0011355158376588517
2.0,10.0,70.0,5.7612108185127315,2.9262281606329656,34.5,-0.00975316661179174,0.05271051471100064,0.0012890253248590035
2.0,11.0,70.0,5.1136140803164825,2.926114080316483,34.5,-0.009752417542674986,0.04845829371750344,0.002352040155551539
2.0,12.0,70.0,4.463114080316483,2.926114080316483,34.5,-0.009752417542674986,0.044187009455056006,0.003475368487700737
2.0,13.0,70.0,3.8126140803164827,2.926114080316483,34.5,-0.009752417542674986,0.03991572519260857,0.004700056220438816
2.0,14.0,70.0,3.1650173421202332,2.9262281606329656,34.5,-0.00975316661179174,0.03566350419911136,0.0060657754869198255
2.0,15.0,70.0,3.112058356420907,2.918185199544742,34.5,-0.009700355277249684,0.03531576725495654,0.00614315170609766
2.0,16.0,70.0,3.0668924619084326,2.8951706892935642,34.5,-0.009549238420303042,0.03501920096067446,0.006128603105815613
2.0,17.0,70.0,3.0310574713394014,2.859335698724533,34.5,-0.009313940293842696,0.03478390283421411,0.00603135595934242
2.0,18.0,70.0,3.0080429610882238,2.8141698042120584,34.5,-0.009017373999560615,0.034632785977267475,0.005864685875156205
2.0,19.0,70.0,3.0,2.7612108185127324,34.5,-0.008669637055405795,0.034579974642725414,0.005638821451761299
2.0,20.0,70.0,3.0001140803164827,2.113614080316483,34.5,-0.004417416061908591,0.03458072371184217,0.002794883273388692
2.0,21.0,70.0,3.0001140803164827,1.4631140803164828,34.5,-0.0001461317994611555,0.03458072371184217,3.3814034049231654e-5
2.0,22.0,70.0,3.0001140803164827,0.8126140803164827,34.5,0.0041251524629862795,0.03458072371184217,-0.002727552308982363
2.0,23.0,70.0,3.0,0.16501734212023322,34.5,0.008377373456483485,0.034579974642725414,-0.005571903098709403
2.0,24.0,70.0,3.0080429610882238,0.11205835642090678,34.5,0.008725110400638307,0.034632785977267475,-0.005799152351162846
2.0,25.0,70.0,3.0310574713394014,0.06689246190843257,34.5,0.009021676694920384,0.03478390283421411,-0.005965729070040015
2.0,26.0,70.0,3.0668924619084326,0.0310574713394014,34.5,0.009256974821380732,0.03501920096067446,-0.006063978836890259
2.0,27.0,70.0,3.112058356420907,0.008042961088223777,34.5,0.009408091678327372,0.03531576725495654,-0.006080794537819035
2.0,28.0,70.0,3.1650173421202332,0.0,34.5,0.00946090301286943,0.03566350419911136,-0.0060056012750434535
2.0,29.0,70.0,3.8126140803164827,0.0001140803164827453,34.5,0.009460153943752676,0.03991572519260857,-0.00466504415092013
2.0,30.0,70.0,4.463114080316483,0.0001140803164827453,34.5,0.009460153943752676,0.044187009455056006,-0.003465135183695575
2.0,31.0,70.0,5.1136140803164825,0.0001140803164827453,34.5,0.009460153943752676,0.04845829371750344,-0.0023661078781643903
2.0,32.0,70.0,5.761210818512732,0.0,34.5,0.00946090301286943,0.05271051471100064,-0.0013272505070297304
2.0,33.0,70.0,5.814169804212058,0.008042961088223777,34.5,0.009408091678327372,0.053058251655155465,-0.0011757285286643753
2.0,34.0,70.0,5.859335698724533,0.0310574713394014,34.5,0.009256974821380732,0.05335481794943754,-0.0009098477583862474
2.0,35.0,70.0,5.895170689293565,0.06689246190843257,34.5,0.009021676694920384,0.05359011607589789,-0.000549939219223502
2.0,36.0,70.0,5.918185199544742,0.11205835642090678,34.5,0.008725110400638307,0.053741232932844524,-0.00013093136459331182
2.0,37.0,70.0,5.926228160632966,0.16501734212023322,34.5,0.008377373456483485,0.053794044267386584,0.000331076752389749
2.0,38.0,70.0,5.9261140803164825,0.29986408031648293,34.5,0.007491948782079164,0.05379329519826983,0.0014776156731060321
2.0,39.0,70.0,5.9261140803164825,0.43761408031648275,34.5,0.0065874608387246165,0.05379329519826983,0.002652676948813859
2.0,40.0,70.0,5.9261140803164825,0.5753640803164828,34.5,0.005682972895370067,0.05379329519826983,0.0038333789071302105
2.0,41.0,70.0,5.9261140803164825,0.7131140803164828,34.5,0.004778484952015518,0.05379329519826983,0.005021305071916243
1.0,1.0,71.0,2.926114080316483,2.213114080316483,35.0,-0.00461810170761634,0.03161372582407139,-0.0035766053410869955
1.0,2.0,71.0,2.926114080316483,2.350864080316483,35.0,-0.005441242789166492,0.03161372582407139,-0.002905211788663434
1.0,3.0,71.0,2.926114080316483,2.488614080316483,35.0,-0.006264383870716644,0.03161372582407139,-0.002245041724254091
1.0,4.0,71.0,2.926114080316483,2.626364080316483,35.0,-0.007087524952266796,0.03161372582407139,-0.0015947639769373384
1.0,5.0,71.0,2.9262281606329656,2.7612108185127324,35.0,-0.007893317256603428,0.03161440752421726,-0.0009668616041746598
1.0,6.0,71.0,2.918185199544742,2.8141698042120584,35.0,-0.008209779810261084,0.03156634587856189,-0.0007127052356746581
1.0,7.0,71.0,2.8951706892935642,2.859335698724533,35.0,-0.008479673844803215,0.03142882000662359,-0.0004686800410188583
1.0,8.0,71.0,2.859335698724533,2.8951706892935642,35.0,-0.008693809981967148,0.031214683869459654,-0.0002523084395953439
1.0,9.0,71.0,2.814169804212059,2.918185199544742,35.0,-0.008831335853905452,0.030944789834917528,-8.54480068261795e-5
1.0,10.0,71.0,2.761210818512732,2.9262281606329656,35.0,-0.008879397499560815,0.030628327281259863,2.3837036007561078e-5
1.0,11.0,71.0,2.113614080316483,2.926114080316483,35.0,-0.008878715799414948,0.02675853795648882,0.0008199627105990006
1.0,12.0,71.0,1.4631140803164828,2.926114080316483,35.0,-0.008878715799414948,0.022871399854504256,0.0015366235751477348
1.0,13.0,71.0,0.8126140803164827,2.926114080316483,35.0,-0.008878715799414948,0.01898426175251969,0.00221390360581703
1.0,14.0,71.0,0.16501734212023322,2.9262281606329656,35.0,-0.008879397499560815,0.015114472427748648,0.0028908610476896875
1.0,15.0,71.0,0.11205835642090678,2.918185199544742,35.0,-0.008831335853905452,0.014798009874090988,0.002933262650467025
1.0,16.0,71.0,0.06689246190843257,2.8951706892935642,35.0,-0.008693809981967148,0.01452811583954886,0.002939864157375047
1.0,17.0,71.0,0.0310574713394014,2.859335698724533,35.0,-0.008479673844803215,0.014313979702384927,0.0029105818911237757
1.0,18.0,71.0,0.008042961088223777,2.8141698042120584,35.0,-0.008209779810261084,0.014176453830446622,0.00284597619264653
1.0,19.0,71.0,0.0,2.7612108185127324,35.0,-0.007893317256603428,0.014128392184791259,0.002744254243304098
1.0,20.0,71.0,0.0001140803164827453,2.113614080316483,35.0,-0.004023527931832383,0.014129073884937126,0.0013740438317375195
1.0,21.0,71.0,0.0001140803164827453,1.4631140803164828,35.0,-0.00013638982984781769,0.014129073884937126,1.790709368669777e-5
1.0,22.0,71.0,0.0001140803164827453,0.8126140803164827,35.0,0.0037507482721367475,0.014129073884937126,-0.001337906189693778
1.0,23.0,71.0,0.0,0.16501734212023322,35.0,0.0076205375969077924,0.014128392184791259,-0.0027072102162879917
1.0,24.0,71.0,0.008042961088223777,0.11205835642090678,35.0,0.007937000150565452,0.014176453830446622,-0.0028091532761159565
1.0,25.0,71.0,0.0310574713394014,0.06689246190843257,35.0,0.00820689418510758,0.014313979702384927,-0.0028745707225643785
1.0,26.0,71.0,0.06689246190843257,0.0310574713394014,35.0,0.008421030322271513,0.01452811583954886,-0.0029051670017048717
1.0,27.0,71.0,0.11205835642090678,0.008042961088223777,35.0,0.008558556194209817,0.014798009874090988,-0.002900245098733407
1.0,28.0,71.0,0.16501734212023322,0.0,35.0,0.00860661783986518,0.015114472427748648,-0.0028598220475100676
1.0,29.0,71.0,0.8126140803164827,0.0001140803164827453,35.0,0.008605936139719314,0.01898426175251969,-0.0022070343833710316
1.0,30.0,71.0,1.4631140803164828,0.0001140803164827453,35.0,0.008605936139719314,0.022871399854504256,-0.0015543851903157997
1.0,31.0,71.0,2.113614080316483,0.0001140803164827453,35.0,0.008605936139719314,0.02675853795648882,-0.0008631700961637549
1.0,32.0,71.0,2.7612108185127324,0.0,35.0,0.00860661783986518,0.030628327281259866,-9.325127755951444e-5
1.0,33.0,71.0,2.814169804212059,0.008042961088223777,35.0,0.008558556194209817,0.030944789834917528,1.4122976331160348e-5
1.0,34.0,71.0,2.859335698724533,0.0310574713394014,35.0,0.008421030322271513,0.031214683869459654,0.00017987803046273912
1.0,35.0,71.0,2.8951706892935642,0.06689246190843257,35.0,0.00820689418510758,0.03142882000662359,0.00039355822759194124
1.0,36.0,71.0,2.918185199544742,0.11205835642090678,35.0,0.007937000150565452,0.03156634587856189,0.0006348835625416172
1.0,37.0,71.0,2.9262281606329656,0.16501734212023322,35.0,0.0076205375969077924,0.03161440752421726,0.0008920122959691374
1.0,38.0,71.0,2.926114080316483,0.29986408031648293,35.0,0.00681474529257116,0.03161372582407139,0.0015181462734009054
1.0,39.0,71.0,2.926114080316483,0.43761408031648275,35.0,0.005991604211021009,0.03161372582407139,0.0021686217538412866
1.0,40.0,71.0,2.926114080316483,0.5753640803164828,35.0,0.005168463129470857,0.03161372582407139,0.0028289070963735535
1.0,41.0,71.0,2.926114080316483,0.7131140803164828,35.0,0.004345322047920704,0.03161372582407139,0.003500006564697363
2.0,1.0,71.0,5.9261140803164825,2.213114080316483,35.0,-0.00461810170761634,0.04954057333514548,-0.0048543331235750935
2.0,2.0,71.0,5.9261140803164825,2.350864080316483,35.0,-0.005441242789166492,0.04954057333514548,-0.003701591069079087
2.0,3.0,71.0,5.9261140803164825,2.488614080316483,35.0,-0.006264383870716644,0.04954057333514548,-0.002555875728375675
2.0,4.0,71.0,5.9261140803164825,2.626364080316483,35.0,-0.007087524952266796,0.04954057333514548,-0.0014156744462158952
2.0,5.0,71.0,5.926228160632966,2.7612108185127324,35.0,-0.007893317256603428,0.04954125503529134,-0.00030313488971645463
2.0,6.0,71.0,5.918185199544742,2.8141698042120584,35.0,-0.008209779810261084,0.049493193389635974,0.00014539066020160456
2.0,7.0,71.0,5.895170689293565,2.859335698724533,35.0,-0.008479673844803215,0.04935566751769768,0.0005525543267012267
2.0,8.0,71.0,5.859335698724533,2.8951706892935642,35.0,-0.008693809981967148,0.04914153138053374,0.000902667485631323
2.0,9.0,71.0,5.814169804212058,2.918185199544742,35.0,-0.008831335853905452,0.04887163734599161,0.0011617613867286574
2.0,10.0,71.0,5.7612108185127315,2.9262281606329656,35.0,-0.008879397499560815,0.048555174792333955,0.0013100581731465193
2.0,11.0,71.0,5.1136140803164825,2.926114080316483,35.0,-0.008878715799414948,0.04468538546756291,0.002333190800214923
2.0,12.0,71.0,4.463114080316483,2.926114080316483,35.0,-0.008878715799414948,0.04079824736557835,0.0034131994828751743
2.0,13.0,71.0,3.8126140803164827,2.926114080316483,35.0,-0.008878715799414948,0.03691110926359378,0.004589923409504625
2.0,14.0,71.0,3.1650173421202332,2.9262281606329656,35.0,-0.008879397499560815,0.033041319938822734,0.005905949820372197
2.0,15.0,71.0,3.112058356420907,2.918185199544742,35.0,-0.008831335853905452,0.032724857385165076,0.005980068300773614
2.0,16.0,71.0,3.0668924619084326,2.8951706892935642,35.0,-0.008693809981967148,0.03245496335062295,0.005963798058566148
2.0,17.0,71.0,3.0310574713394014,2.859335698724533,35.0,-0.008479673844803215,0.032240827213459014,0.00586932520409791
2.0,18.0,71.0,3.0080429610882238,2.8141698042120584,35.0,-0.008209779810261084,0.03210330134152071,0.005708986540489671
2.0,19.0,71.0,3.0,2.7612108185127324,35.0,-0.007893317256603428,0.03205523969586535,0.005485863093931126
2.0,20.0,71.0,3.0001140803164827,2.113614080316483,35.0,-0.004023527931832383,0.03205592139601121,0.00271761746551667
2.0,21.0,71.0,3.0001140803164827,1.4631140803164828,35.0,-0.00013638982984781769,0.03205592139601121,3.4591021636076734e-5
2.0,22.0,71.0,3.0001140803164827,0.8126140803164827,35.0,0.0037507482721367475,0.03205592139601121,-0.0026487466369717544
2.0,23.0,71.0,3.0,0.16501734212023322,35.0,0.0076205375969077924,0.03205523969586535,-0.005418168608151535
2.0,24.0,71.0,3.0080429610882238,0.11205835642090678,35.0,0.007937000150565452,0.03210330134152071,-0.005639846707494067
2.0,25.0,71.0,3.0310574713394014,0.06689246190843257,35.0,0.00820689418510758,0.032240827213459014,-0.00580291537004441
2.0,26.0,71.0,3.0668924619084326,0.0310574713394014,35.0,0.008421030322271513,0.03245496335062295,-0.005899617165847617
2.0,27.0,71.0,3.112058356420907,0.008042961088223777,35.0,0.008558556194209817,0.032724857385165076,-0.005917007995380066
2.0,28.0,71.0,3.1650173421202332,0.0,35.0,0.00860661783986518,0.033041319938822734,-0.005844822867364353
2.0,29.0,71.0,3.8126140803164827,0.0001140803164827453,35.0,0.008605936139719314,0.03691110926359378,-0.00455483426796157
2.0,30.0,71.0,4.463114080316483,0.0001140803164827453,35.0,0.008605936139719314,0.04079824736557835,-0.0034032804575800466
2.0,31.0,71.0,5.1136140803164825,0.0001140803164827453,35.0,0.008605936139719314,0.04468538546756291,-0.002347806849205922
2.0,32.0,71.0,5.761210818512732,0.0,35.0,0.00860661783986518,0.048555174792333955,-0.0013490133853295762
2.0,33.0,71.0,5.814169804212058,0.008042961088223777,35.0,0.008558556194209817,0.04887163734599161,-0.0012027235484440661
2.0,34.0,71.0,5.859335698724533,0.0310574713394014,35.0,0.008421030322271513,0.04914153138053374,-0.0009453390663212317
2.0,35.0,71.0,5.895170689293565,0.06689246190843257,35.0,0.00820689418510758,0.04935566751769768,-0.0005965715526896513
2.0,36.0,71.0,5.918185199544742,0.11205835642090678,35.0,0.007937000150565452,0.049493193389635974,-0.00019025375779414016
2.0,37.0,71.0,5.926228160632966,0.16501734212023322,35.0,0.0076205375969077924,0.04954125503529134,0.0002580128927556866
2.0,38.0,71.0,5.9261140803164825,0.29986408031648293,35.0,0.00681474529257116,0.04954057333514548,0.0013706823700356781
2.0,39.0,71.0,5.9261140803164825,0.43761408031648275,35.0,0.005991604211021009,0.04954057333514548,0.0025109770590148297
2.0,40.0,71.0,5.9261140803164825,0.5753640803164828,35.0,0.005168463129470857,0.04954057333514548,0.0036567462020998228
2.0,41.0,71.0,5.9261140803164825,0.7131140803164828,35.0,0.004345322047920704,0.04954057333514548,0.004809503078709237
1.0,1.0,72.0,2.926114080316483,2.213114080316483,35.5,-0.004184419908803455,0.029199861752681657,-0.0031766245665159937
1.0,2.0,72.0,2.926114080316483,2.350864080316483,35.5,-0.004929726206342824,0.029199861752681657,-0.002526585400874205
1.0,3.0,72.0,2.926114080316483,2.488614080316483,35.5,-0.005675032503882193,0.029199861752681657,-0.0018871349377303727
1.0,4.0,72.0,2.926114080316483,2.626364080316483,35.5,-0.006420338801421562,0.029199861752681657,-0.0012591803158750307
1.0,5.0,72.0,2.9262281606329656,2.7612108185127324,35.5,-0.007149936791841216,0.02920047899245153,-0.000653971662862726
1.0,6.0,72.0,2.918185199544742,2.8141698042120584,35.5,-0.007436475198759582,0.02915696197212545,-0.00040299065835529654
1.0,7.0,72.0,2.8951706892935642,2.859335698724533,35.5,-0.007680848524452113,0.029032440306608304,-0.0001744182000607961
1.0,8.0,72.0,2.859335698724533,2.8951706892935642,35.5,-0.007874736322226072,0.028838552508834346,3.259861584678679e-5
1.0,9.0,72.0,2.814169804212059,2.918185199544742,35.5,-0.00799925798774322,0.02859417918314182,0.00019713163635254002
1.0,10.0,72.0,2.761210818512732,2.9262281606329656,35.5,-0.008042775008069297,0.028307640776223445,0.00029736653398073455
1.0,11.0,72.0,2.113614080316483,2.926114080316483,35.5,-0.008042157768299425,0.024803771975906795,0.001031305104584589
1.0,12.0,72.0,1.4631140803164828,2.926114080316483,35.5,-0.008042157768299425,0.02128419486847043,0.0016856238299766129
1.0,13.0,72.0,0.8126140803164827,2.926114080316483,35.5,-0.008042157768299425,0.017764617761034066,0.002304556750477097
1.0,14.0,72.0,0.16501734212023322,2.9262281606329656,35.5,-0.008042775008069297,0.014260748960717414,0.0029266707376407065
1.0,15.0,72.0,0.11205835642090678,2.918185199544742,35.5,-0.00799925798774322,0.013974210553799044,0.0029646186373534457
1.0,16.0,72.0,0.06689246190843257,2.8951706892935642,35.5,-0.007874736322226072,0.013729837228106516,0.002967334310173443
1.0,17.0,72.0,0.0310574713394014,2.859335698724533,35.5,-0.007680848524452113,0.013535949430332556,0.0029348065829770645
1.0,18.0,72.0,0.008042961088223777,2.8141698042120584,35.5,-0.007436475198759582,0.013411427764815409,0.0028678495252045582
1.0,19.0,72.0,0.0,2.7612108185127324,35.5,-0.007149936791841216,0.013367910744489332,0.0027647918793955637
1.0,20.0,72.0,0.0001140803164827453,2.113614080316483,35.5,-0.0036460679915245645,0.013368527984259203,0.001384855460705434
1.0,21.0,72.0,0.0001140803164827453,1.4631140803164828,35.5,-0.00012649088408819858,0.013368527984259203,1.8028572432425917e-5
1.0,22.0,72.0,0.0001140803164827453,0.8126140803164827,35.5,0.0033930862233481677,0.013368527984259203,-0.0013484183196805736
1.0,23.0,72.0,0.0,0.16501734212023322,35.5,0.006896955023664818,0.013367910744489332,-0.002727270118646652
1.0,24.0,72.0,0.008042961088223777,0.11205835642090678,35.5,0.007183493430583187,0.013411427764815409,-0.0028305285884231684
1.0,25.0,72.0,0.0310574713394014,0.06689246190843257,35.5,0.0074278667562757165,0.013535949430332556,-0.0028982900941718374
1.0,26.0,72.0,0.06689246190843257,0.0310574713394014,35.5,0.007621754554049675,0.013729837228106516,-0.002932134743124696
1.0,27.0,72.0,0.11205835642090678,0.008042961088223777,35.5,0.007746276219566822,0.013974210553799044,-0.0029311074690399888
1.0,28.0,72.0,0.16501734212023322,0.0,35.5,0.0077897932398929,0.014260748960717414,-0.002895148819249184
1.0,29.0,72.0,0.8126140803164827,0.0001140803164827453,35.5,0.007789176000123028,0.017764617761034066,-0.002297280374682777
1.0,30.0,72.0,1.4631140803164828,0.0001140803164827453,35.5,0.007789176000123028,0.02128419486847043,-0.001703131600270349
1.0,31.0,72.0,2.113614080316483,0.0001140803164827453,35.5,0.007789176000123028,0.024803771975906795,-0.0010748822484621709
1.0,32.0,72.0,2.7612108185127324,0.0,35.5,0.0077897932398929,0.02830764077622345,-0.00036802194212123856
1.0,33.0,72.0,2.814169804212059,0.008042961088223777,35.5,0.007746276219566822,0.02859417918314182,-0.00027044487860992066
1.0,34.0,72.0,2.859335698724533,0.0310574713394014,35.5,0.007621754554049675,0.028838552508834346,-0.00010885812778629344
1.0,35.0,72.0,2.8951706892935642,0.06689246190843257,35.5,0.0074278667562757165,0.029032440306608304,9.859773629404283e-5
1.0,36.0,72.0,2.918185199544742,0.11205835642090678,35.5,0.007183493430583187,0.02915696197212545,0.0003289768112622363
1.0,37.0,72.0,2.9262281606329656,0.16501734212023322,35.5,0.006896955023664818,0.02920047899245153,0.000573678292055306
1.0,38.0,72.0,2.926114080316483,0.29986408031648293,35.5,0.006167357033245164,0.029199861752681657,0.001181627179841229
1.0,39.0,72.0,2.926114080316483,0.43761408031648275,35.5,0.005422050735705796,0.029199861752681657,0.0018088735103243654
1.0,40.0,72.0,2.926114080316483,0.5753640803164828,35.5,0.004676744438166427,0.029199861752681657,0.0024478565401330043
1.0,41.0,72.0,2.926114080316483,0.7131140803164828,35.5,0.0039314381406270575,0.029199861752681657,0.003098339080756683
2.0,1.0,72.0,5.9261140803164825,2.213114080316483,35.5,-0.004184419908803455,0.045431577851542684,-0.004600752210724339
2.0,2.0,72.0,5.9261140803164825,2.350864080316483,35.5,-0.004929726206342824,0.045431577851542684,-0.0034919767495645805
2.0,3.0,72.0,5.9261140803164825,2.488614080316483,35.5,-0.005675032503882193,0.045431577851542684,-0.00238997067212478
2.0,4.0,72.0,5.9261140803164825,2.626364080316483,35.5,-0.006420338801421562,0.045431577851542684,-0.0012931198039961183
2.0,5.0,72.0,5.926228160632966,2.7612108185127324,35.5,-0.007149936791841216,0.045432195091312556,-0.00022275147021266905
2.0,6.0,72.0,5.918185199544742,2.8141698042120584,35.5,-0.007436475198759582,0.045388678070986475,0.00020868804215179475
2.0,7.0,72.0,5.895170689293565,2.859335698724533,35.5,-0.007680848524452113,0.04526415640546933,0.0006001481854767168
2.0,8.0,72.0,5.859335698724533,2.8951706892935642,35.5,-0.007874736322226072,0.04507026860769537,0.0009365708784644005
2.0,9.0,72.0,5.814169804212058,2.918185199544742,35.5,-0.00799925798774322,0.04482589528200284,0.0011852930973077769
2.0,10.0,72.0,5.7612108185127315,2.9262281606329656,35.5,-0.008042775008069297,0.04453935687508447,0.0013273231958557123
2.0,11.0,72.0,5.1136140803164825,2.926114080316483,35.5,-0.008042157768299425,0.04103548807476782,0.002304080479760446
2.0,12.0,72.0,4.463114080316483,2.926114080316483,35.5,-0.008042157768299425,0.03751591096733146,0.003332109763200504
2.0,13.0,72.0,3.8126140803164827,2.926114080316483,35.5,-0.008042157768299425,0.03399633385989509,0.004449079808579065
2.0,14.0,72.0,3.1650173421202332,2.9262281606329656,35.5,-0.008042775008069297,0.03049246505957844,0.005701474237324752
2.0,15.0,72.0,3.112058356420907,2.918185199544742,35.5,-0.00799925798774322,0.03020592665266007,0.0057722992214274725
2.0,16.0,72.0,3.0668924619084326,2.8951706892935642,35.5,-0.007874736322226072,0.02996155332696754,0.005757081183839812
2.0,17.0,72.0,3.0310574713394014,2.859335698724533,35.5,-0.007680848524452113,0.029767665529193583,0.005662816405220936
2.0,18.0,72.0,3.0080429610882238,2.8141698042120584,35.5,-0.007436475198759582,0.029643143863676436,0.005502589115444401
2.0,19.0,72.0,3.0,2.7612108185127324,35.5,-0.007149936791841216,0.029599626843350355,0.005291524945582283
2.0,20.0,72.0,3.0001140803164827,2.113614080316483,35.5,-0.0036460679915245645,0.02960024408312023,0.0026183723735082013
2.0,21.0,72.0,3.0001140803164827,1.4631140803164828,35.5,-0.00012649088408819858,0.02960024408312023,3.5530001023268825e-5
2.0,22.0,72.0,3.0001140803164827,0.8126140803164827,35.5,0.0033930862233481677,0.02960024408312023,-0.0025481030138512473
2.0,23.0,72.0,3.0,0.16501734212023322,35.5,0.006896955023664818,0.029599626843350355,-0.005222158331448764
2.0,24.0,72.0,3.0080429610882238,0.11205835642090678,35.5,0.007183493430583187,0.029643143863676436,-0.005437003812264071
2.0,25.0,72.0,3.0310574713394014,0.06689246190843257,35.5,0.0074278667562757165,0.029767665529193583,-0.005595293511027126
2.0,26.0,72.0,3.0668924619084326,0.0310574713394014,35.5,0.007621754554049675,0.02996155332696754,-0.005689788538992871
2.0,27.0,72.0,3.112058356420907,0.008042961088223777,35.5,0.007746276219566822,0.03020592665266007,-0.0057079803291352925
2.0,28.0,72.0,3.1650173421202332,0.0,35.5,0.0077897932398929,0.03049246505957844,-0.00563983056867029
2.0,29.0,72.0,3.8126140803164827,0.0001140803164827453,35.5,0.007789176000123028,0.03399633385989509,-0.004414042373955214
2.0,30.0,72.0,4.463114080316483,0.0001140803164827453,35.5,0.007789176000123028,0.03751591096733146,-0.003322694400283963
2.0,31.0,72.0,5.1136140803164825,0.0001140803164827453,35.5,0.007789176000123028,0.04103548807476782,-0.002319246147781759
2.0,32.0,72.0,5.761210818512732,0.0,35.5,0.0077897932398929,0.04453935687508447,-0.0013668787771258038
2.0,33.0,72.0,5.814169804212058,0.008042961088223777,35.5,0.007746276219566822,0.04482589528200284,-0.0012268657815083274
2.0,34.0,72.0,5.859335698724533,0.0310574713394014,35.5,0.007621754554049675,0.04507026860769537,-0.0009798628392259246
2.0,35.0,72.0,5.895170689293565,0.06689246190843257,35.5,0.0074278667562757165,0.04526415640546933,-0.000644791469503417
2.0,36.0,72.0,5.918185199544742,0.11205835642090678,35.5,0.007183493430583187,0.045388678070986475,-0.00025417344227997865
2.0,37.0,72.0,5.926228160632966,0.16501734212023322,35.5,0.006896955023664818,0.045432195091312556,0.00017702375014452492
2.0,38.0,72.0,5.9261140803164825,0.29986408031648293,35.5,0.006167357033245164,0.045431577851542684,0.00124756357446273
2.0,39.0,72.0,5.9261140803164825,0.43761408031648275,35.5,0.005422050735705796,0.045431577851542684,0.0023445355450930783
2.0,40.0,72.0,5.9261140803164825,0.5753640803164828,35.5,0.004676744438166427,0.045431577851542684,0.003446612679457701
2.0,41.0,72.0,5.9261140803164825,0.7131140803164828,35.5,0.0039314381406270575,0.045431577851542684,0.004555410145449606
1.0,1.0,73.0,2.926114080316483,2.213114080316483,36.0,-0.003773445613617456,0.026870590653490827,-0.0027185191409799785
1.0,2.0,73.0,2.926114080316483,2.350864080316483,36.0,-0.004445121515036931,0.026870590653490827,-0.002094128943628872
1.0,3.0,73.0,2.926114080316483,2.488614080316483,36.0,-0.005116797416456408,0.026870590653490827,-0.0014821272962810572
1.0,4.0,73.0,2.926114080316483,2.626364080316483,36.0,-0.005788473317875883,0.026870590653490827,-0.0008792091733315939
1.0,5.0,73.0,2.9262281606329656,2.7612108185127324,36.0,-0.00644599276928381,0.02687114691482954,-0.00029823575391968107
1.0,6.0,73.0,2.918185199544742,2.8141698042120584,36.0,-0.0067042234368544515,0.026831929033602573,-6.865487145625645e-5
1.0,7.0,73.0,2.8951706892935642,2.859335698724533,36.0,-0.006924454601355964,0.02671970912856673,0.0001592330899759132
1.0,8.0,73.0,2.859335698724533,2.8951706892935642,36.0,-0.007099187810741172,0.02654497591918152,0.0003567605912385065
1.0,9.0,73.0,2.814169804212059,2.918185199544742,36.0,-0.007211407715777015,0.02632474475468001,0.0005037469817340651
1.0,10.0,73.0,2.761210818512732,2.9262281606329656,36.0,-0.007250625597003981,0.026066514087109364,0.0006018593145163837
1.0,11.0,73.0,2.113614080316483,2.926114080316483,36.0,-0.007250069335665268,0.022908799946388655,0.0012602931505856238
1.0,12.0,73.0,1.4631140803164828,2.926114080316483,36.0,-0.007250069335665268,0.019736929355656397,0.001841072193965563
1.0,13.0,73.0,0.8126140803164827,2.926114080316483,36.0,-0.007250069335665268,0.016565058764924135,0.0023933970069658634
1.0,14.0,73.0,0.16501734212023322,2.9262281606329656,36.0,-0.007250625597003981,0.013407344624203425,0.0029541249015084033
1.0,15.0,73.0,0.11205835642090678,2.918185199544742,36.0,-0.007211407715777015,0.01314911395663278,0.0029871442644446504
1.0,16.0,73.0,0.06689246190843257,2.8951706892935642,36.0,-0.007099187810741172,0.012928882792131271,0.0029856492735924702
1.0,17.0,73.0,0.0310574713394014,2.859335698724533,36.0,-0.006924454601355964,0.012754149582746063,0.002949741791441847
1.0,18.0,73.0,0.008042961088223777,2.8141698042120584,36.0,-0.0067042234368544515,0.01264192967771022,0.0028805433659145696
1.0,19.0,73.0,0.0,2.7612108185127324,36.0,-0.00644599276928381,0.012602711796483253,0.002776524335084221
1.0,20.0,73.0,0.0001140803164827453,2.113614080316483,36.0,-0.0032882786285630987,0.012603268057821967,0.0013916578131228387
1.0,21.0,73.0,0.0001140803164827453,1.4631140803164828,36.0,-0.00011640803783083829,0.012603268057821967,1.8072842419004772e-5
1.0,22.0,73.0,0.0001140803164827453,0.8126140803164827,36.0,0.003055462552901422,0.012603268057821967,-0.0013550750094491128
1.0,23.0,73.0,0.0,0.16501734212023322,36.0,0.006213176693622133,0.012602711796483253,-0.00273865702155224
1.0,24.0,73.0,0.008042961088223777,0.11205835642090678,36.0,0.006471407361192777,0.01264192967771022,-0.0028428639285242568
1.0,25.0,73.0,0.0310574713394014,0.06689246190843257,36.0,0.006691638525694287,0.012754149582746063,-0.0029128569822854875
1.0,26.0,73.0,0.06689246190843257,0.0310574713394014,36.0,0.006866371735079495,0.012928882792131271,-0.002950073412353134
1.0,27.0,73.0,0.11205835642090678,0.008042961088223777,36.0,0.006978591640115339,0.01314911395663278,-0.0029532510179754675
1.0,28.0,73.0,0.16501734212023322,0.0,36.0,0.007017809521342304,0.013407344624203425,-0.002922216551466292
1.0,29.0,73.0,0.8126140803164827,0.0001140803164827453,36.0,0.007017253260003591,0.016565058764924135,-0.0023856386190238303
1.0,30.0,73.0,1.4631140803164828,0.0001140803164827453,36.0,0.007017253260003591,0.019736929355656397,-0.0018580369465524343
1.0,31.0,73.0,2.113614080316483,0.0001140803164827453,36.0,0.007017253260003591,0.022908799946388655,-0.0013038177545860814
1.0,32.0,73.0,2.7612108185127324,0.0,36.0,0.007017809521342304,0.026066514087109367,-0.0006740055877864732
1.0,33.0,73.0,2.814169804212059,0.008042961088223777,36.0,0.006978591640115339,0.02632474475468001,-0.0005776445862989289
1.0,34.0,73.0,2.859335698724533,0.0310574713394014,36.0,0.006866371735079495,0.02654497591918152,-0.00043140032822105317
1.0,35.0,73.0,2.8951706892935642,0.06689246190843257,36.0,0.006691638525694287,0.02671970912856673,-0.00023876246248968335
1.0,36.0,73.0,2.918185199544742,0.11205835642090678,36.0,0.006471407361192777,0.026831929033602573,-1.6611872474431234e-5
1.0,37.0,73.0,2.9262281606329656,0.16501734212023322,36.0,0.006213176693622133,0.02687114691482954,0.00022269942203375183
1.0,38.0,73.0,2.926114080316483,0.29986408031648293,36.0,0.005555657242214206,0.026870590653490827,0.0007977679821839479
1.0,39.0,73.0,2.926114080316483,0.43761408031648275,36.0,0.004883981340794731,0.026870590653490827,0.0014011296666051065
1.0,40.0,73.0,2.926114080316483,0.5753640803164828,36.0,0.004212305439375255,0.026870590653490827,0.002013606315770522
1.0,41.0,73.0,2.926114080316483,0.7131140803164828,36.0,0.0035406295379557793,0.026870590653490827,0.0026371105167283557
2.0,1.0,73.0,5.9261140803164825,2.213114080316483,36.0,-0.003773445613617456,0.041498740956637296,-0.004306364286151
2.0,2.0,73.0,5.9261140803164825,2.350864080316483,36.0,-0.004445121515036931,0.041498740956637296,-0.00325054463378693
2.0,3.0,73.0,5.9261140803164825,2.488614080316483,36.0,-0.005116797416456408,0.041498740956637296,-0.002200730628921905
2.0,4.0,73.0,5.9261140803164825,2.626364080316483,36.0,-0.005788473317875883,0.041498740956637296,-0.0011555631389419852
2.0,5.0,73.0,5.926228160632966,2.7612108185127324,36.0,-0.00644599276928381,0.04149929721797601,-0.0001353301118005334
2.0,6.0,73.0,5.918185199544742,2.8141698042120584,36.0,-0.0067042234368544515,0.04146007933674904,0.00027584716903848955
2.0,7.0,73.0,5.895170689293565,2.859335698724533,36.0,-0.006924454601355964,0.04134785943171321,0.0006486918001174271
2.0,8.0,73.0,5.859335698724533,2.8951706892935642,36.0,-0.007099187810741172,0.041173126222327994,0.0009689115396578997
2.0,9.0,73.0,5.814169804212058,2.918185199544742,36.0,-0.007211407715777015,0.04095289505782648,0.0012055063489999998
2.0,10.0,73.0,5.7612108185127315,2.9262281606329656,36.0,-0.007250625597003981,0.04069466439025583,0.0013404452785316311
2.0,11.0,73.0,5.1136140803164825,2.926114080316483,36.0,-0.007250069335665268,0.03753695024953513,0.0022660274516068377
2.0,12.0,73.0,4.463114080316483,2.926114080316483,36.0,-0.007250069335665268,0.03436507965880287,0.0032342362056895614
2.0,13.0,73.0,3.8126140803164827,2.926114080316483,36.0,-0.007250069335665268,0.031193209068070608,0.0042783482168271695
2.0,14.0,73.0,3.1650173421202332,2.9262281606329656,36.0,-0.007250625597003981,0.028035494927349896,0.005451998602549014
2.0,15.0,73.0,3.112058356420907,2.918185199544742,36.0,-0.007211407715777015,0.027777264259779253,0.005517139987037434
2.0,16.0,73.0,3.0668924619084326,2.8951706892935642,36.0,-0.007099187810741172,0.027557033095277742,0.0054986940154606615
2.0,17.0,73.0,3.0310574713394014,2.859335698724533,36.0,-0.006924454601355964,0.027382299885892532,0.005410467670554186
2.0,18.0,73.0,3.0080429610882238,2.8141698042120584,36.0,-0.0067042234368544515,0.02727007998085669,0.005263539009044596
2.0,19.0,73.0,3.0,2.7612108185127324,36.0,-0.00644599276928381,0.027230862099629723,0.005051723190341089
2.0,20.0,73.0,3.0001140803164827,2.113614080316483,36.0,-0.0032882786285630987,0.027231418360968436,0.0024969869558654234
2.0,21.0,73.0,3.0001140803164827,1.4631140803164828,36.0,-0.00011640803783083829,0.027231418360968436,3.646879380819721e-5
2.0,22.0,73.0,3.0001140803164827,0.8126140803164827,36.0,0.003055462552901422,0.027231418360968436,-0.002424560690274092
2.0,23.0,73.0,3.0,0.16501734212023322,36.0,0.006213176693622133,0.027230862099629723,-0.004982587144260191
2.0,24.0,73.0,3.0080429610882238,0.11205835642090678,36.0,0.006471407361192777,0.02727007998085669,-0.005188832183416825
2.0,25.0,73.0,3.0310574713394014,0.06689246190843257,36.0,0.006691638525694287,0.027382299885892532,-0.005341918848295748
2.0,26.0,73.0,3.0668924619084326,0.0310574713394014,36.0,0.006866371735079495,0.027557033095277742,-0.005434130231725296
2.0,27.0,73.0,3.112058356420907,0.008042961088223777,36.0,0.006978591640115339,0.027777264259779253,-0.005453175699581496
2.0,28.0,73.0,3.1650173421202332,0.0,36.0,0.007017809521342304,0.028035494927349896,-0.005389567679748804
2.0,29.0,73.0,3.8126140803164827,0.0001140803164827453,36.0,0.007017253260003591,0.031193209068070608,-0.004243821588094778
2.0,30.0,73.0,4.463114080316483,0.0001140803164827453,36.0,0.007017253260003591,0.03436507965880287,-0.003225534403280282
2.0,31.0,73.0,5.1136140803164825,0.0001140803164827453,36.0,0.007017253260003591,0.03753695024953513,-0.002281747970170052
2.0,32.0,73.0,5.761210818512732,0.0,36.0,0.007017809521342304,0.04069466439025583,-0.0013804226497768166
2.0,33.0,73.0,5.814169804212058,0.008042961088223777,36.0,0.006978591640115339,0.04095289505782648,-0.001247499017567506
2.0,34.0,73.0,5.859335698724533,0.0310574713394014,36.0,0.006866371735079495,0.041173126222327994,-0.0010126189932255273
2.0,35.0,73.0,5.895170689293565,0.06689246190843257,36.0,0.006691638525694287,0.04134785943171321,-0.0006937421250930929
2.0,36.0,73.0,5.918185199544742,0.11205835642090678,36.0,0.006471407361192777,0.04146007933674904,-0.00032172960476623127
2.0,37.0,73.0,5.926228160632966,0.16501734212023322,36.0,0.006213176693622133,0.04149929721797601,8.921789588064553e-5
2.0,38.0,73.0,5.9261140803164825,0.29986408031648293,36.0,0.005555657242214206,0.041498740956637296,0.0011096662656116907
2.0,39.0,73.0,5.9261140803164825,0.43761408031648275,36.0,0.004883981340794731,0.041498740956637296,0.002154994530956643
2.0,40.0,73.0,5.9261140803164825,0.5753640803164828,36.0,0.004212305439375255,0.041498740956637296,0.003204903696554073
2.0,41.0,73.0,5.9261140803164825,0.7131140803164828,36.0,0.0035406295379557793,0.041498740956637296,0.0042607532382780726
1.0,1.0,74.0,2.926114080316483,2.213114080316483,36.5,-0.0033890380826608574,0.02464307015553283,-0.002201741017240016
1.0,2.0,74.0,2.926114080316483,2.350864080316483,36.5,-0.003991979953544441,0.02464307015553283,-0.0016078137835637547
1.0,3.0,74.0,2.926114080316483,2.488614080316483,36.5,-0.004594921824428026,0.02464307015553283,-0.0010241179511345534
1.0,4.0,74.0,2.926114080316483,2.626364080316483,36.5,-0.00519786369531161,0.02464307015553283,-0.0004557458485265355
1.0,5.0,74.0,2.9262281606329656,2.7612108185127324,36.5,-0.00578809777596929,0.02464356949345988,9.116013435729592e-5
1.0,6.0,74.0,2.918185199544742,2.8141698042120584,36.5,-0.006019903147422275,0.02460836486183754,0.00032575100632120554
1.0,7.0,74.0,2.8951706892935642,2.859335698724533,36.5,-0.006217597586169876,0.024507628659526725,0.0005241017741929679
1.0,8.0,74.0,2.859335698724533,2.8951706892935642,36.5,-0.006374449972789021,0.02435077627290758,0.000707517398871446
1.0,9.0,74.0,2.814169804212059,2.918185199544742,36.5,-0.006475186175099834,0.02415308183415998,0.0008569674856907688
1.0,10.0,74.0,2.761210818512732,2.9262281606329656,36.5,-0.006510390806722175,0.023921276462706993,0.0009369146851523063
1.0,11.0,74.0,2.113614080316483,2.926114080316483,36.5,-0.006509891468795125,0.021086697958851073,0.001507156173830449
1.0,12.0,74.0,1.4631140803164828,2.926114080316483,36.5,-0.006509891468795125,0.018239411664769247,0.0020006065096062524
1.0,13.0,74.0,0.8126140803164827,2.926114080316483,36.5,-0.006509891468795125,0.015392125370687423,0.002479372121460352
1.0,14.0,74.0,0.16501734212023322,2.9262281606329656,36.5,-0.006510390806722175,0.012557546866831502,0.0029735987174728247
1.0,15.0,74.0,0.11205835642090678,2.918185199544742,36.5,-0.006475186175099834,0.012325741495378515,0.003001239566875426
1.0,16.0,74.0,0.06689246190843257,2.8951706892935642,36.5,-0.006374449972789021,0.012128047056630916,0.0029953099724178258
1.0,17.0,74.0,0.0310574713394014,2.859335698724533,36.5,-0.006217597586169876,0.011971194670011771,0.0029560043177835043
1.0,18.0,74.0,0.008042961088223777,2.8141698042120584,36.5,-0.006019903147422275,0.011870458467700958,0.0028847234801242672
1.0,19.0,74.0,0.0,2.7612108185127324,36.5,-0.00578809777596929,0.011835253836078617,0.0027800875167925043
1.0,20.0,74.0,0.0001140803164827453,2.113614080316483,36.5,-0.0029535192721133687,0.011835753174005667,0.001394911288275938
1.0,21.0,74.0,0.0001140803164827453,1.4631140803164828,36.5,-0.0001062329780315434,0.011835753174005667,1.8032241560494788e-5
1.0,22.0,74.0,0.0001140803164827453,0.8126140803164827,36.5,0.0027410533160502817,0.011835753174005667,-0.0013583670101243082
1.0,23.0,74.0,0.0,0.16501734212023322,36.5,0.005575631819906204,0.011835253836078617,-0.002742054077368609
1.0,24.0,74.0,0.008042961088223777,0.11205835642090678,36.5,0.00580743719135919,0.011870458467700958,-0.00284684177608703
1.0,25.0,74.0,0.0310574713394014,0.06689246190843257,36.5,0.006005131630106789,0.011971194670011771,-0.002918897240999581
1.0,26.0,74.0,0.06689246190843257,0.0310574713394014,36.5,0.0061619840167259346,0.012128047056630916,-0.0029595049713653523
1.0,27.0,74.0,0.11205835642090678,0.008042961088223777,36.5,0.006262720219036747,0.012325741495378515,-0.0029671185404482837
1.0,28.0,74.0,0.16501734212023322,0.0,36.5,0.006297924850659088,0.012557546866831502,-0.0029414628848476025
1.0,29.0,74.0,0.8126140803164827,0.0001140803164827453,36.5,0.006297425512732039,0.015392125370687423,-0.002471073309108652
1.0,30.0,74.0,1.4631140803164828,0.0001140803164827453,36.5,0.006297425512732039,0.018239411664769247,-0.0020166174493754098
1.0,31.0,74.0,2.113614080316483,0.0001140803164827453,36.5,0.006297425512732039,0.021086697958851073,-0.0015499911420186788
1.0,32.0,74.0,2.7612108185127324,0.0,36.5,0.006297924850659088,0.023921276462706996,-0.0010104184653857984
1.0,33.0,74.0,2.814169804212059,0.008042961088223777,36.5,0.006262720219036747,0.02415308183415998,-0.0009338889325899251
1.0,34.0,74.0,2.859335698724533,0.0310574713394014,36.5,0.0061619840167259346,0.02435077627290758,-0.0007881447246933744
1.0,35.0,74.0,2.8951706892935642,0.06689246190843257,36.5,0.006005131630106789,0.024507628659526725,-0.0006014412839602189
1.0,36.0,74.0,2.918185199544742,0.11205835642090678,36.5,0.00580743719135919,0.02460836486183754,-0.00039711416696617624
1.0,37.0,74.0,2.9262281606329656,0.16501734212023322,36.5,0.005575631819906204,0.02464356949345988,-0.0001814125242966009
1.0,38.0,74.0,2.926114080316483,0.29986408031648293,36.5,0.004985397739248522,0.02464307015553283,0.00037449313799891627
1.0,39.0,74.0,2.926114080316483,0.43761408031648275,36.5,0.0043824558683649385,0.02464307015553283,0.0009409878331354094
1.0,40.0,74.0,2.926114080316483,0.5753640803164828,36.5,0.0037795139974813544,0.02464307015553283,0.001522732219677779
1.0,41.0,74.0,2.926114080316483,0.7131140803164828,36.5,0.0031765721265977704,0.02464307015553283,0.0021177760840397934
2.0,1.0,74.0,5.9261140803164825,2.213114080316483,36.5,-0.0033890380826608574,0.03777429057405009,-0.003974738499621133
2.0,2.0,74.0,5.9261140803164825,2.350864080316483,36.5,-0.003991979953544441,0.03777429057405009,-0.0029801170998764513
2.0,3.0,74.0,5.9261140803164825,2.488614080316483,36.5,-0.004594921824428026,0.03777429057405009,-0.001990852326533702
2.0,4.0,74.0,5.9261140803164825,2.626364080316483,36.5,-0.00519786369531161,0.03777429057405009,-0.0010052852556441275
2.0,5.0,74.0,5.926228160632966,2.7612108185127324,36.5,-0.00578809777596929,0.037774789911977136,-4.267351403017527e-5
2.0,6.0,74.0,5.918185199544742,2.8141698042120584,36.5,-0.006019903147422275,0.037739585280354794,0.0003452575258136327
2.0,7.0,74.0,5.895170689293565,2.859335698724533,36.5,-0.006217597586169876,0.03763884907804398,0.0006968591777641241
2.0,8.0,74.0,5.859335698724533,2.8951706892935642,36.5,-0.006374449972789021,0.03748199669142484,0.0009987371832456302
2.0,9.0,74.0,5.814169804212058,2.918185199544742,36.5,-0.006475186175099834,0.03728430225267724,0.0012216626868367633
2.0,10.0,74.0,5.7612108185127315,2.9262281606329656,36.5,-0.006510390806722175,0.03705249688122425,0.0013487402790192209
2.0,11.0,74.0,5.1136140803164825,2.926114080316483,36.5,-0.006509891468795125,0.03421791837736833,0.0022210297437410425
2.0,12.0,74.0,4.463114080316483,2.926114080316483,36.5,-0.006509891468795125,0.031370632083286505,0.0031231071326779406
2.0,13.0,74.0,3.8126140803164827,2.926114080316483,36.5,-0.006509891468795125,0.02852334578920468,0.004079490086732611
2.0,14.0,74.0,3.1650173421202332,2.9262281606329656,36.5,-0.006510390806722175,0.025688767285348756,0.005155356725040567
2.0,15.0,74.0,3.112058356420907,2.918185199544742,36.5,-0.006475186175099834,0.02545696191389577,0.005216103510572371
2.0,16.0,74.0,3.0668924619084326,2.8951706892935642,36.5,-0.006374449972789021,0.025259267475148173,0.0051992902678546435
2.0,17.0,74.0,3.0310574713394014,2.859335698724533,36.5,-0.006217597586169876,0.025102415088529027,0.005107813040026736
2.0,18.0,74.0,3.0080429610882238,2.8141698042120584,36.5,-0.006019903147422275,0.025001678886218213,0.004954601353952742
2.0,19.0,74.0,3.0,2.7612108185127324,36.5,-0.00578809777596929,0.02496647425459587,0.0047698740426334405
2.0,20.0,74.0,3.0001140803164827,2.113614080316483,36.5,-0.0029535192721133687,0.024966973592522923,0.0023506792740231757
2.0,21.0,74.0,3.0001140803164827,1.4631140803164828,36.5,-0.0001062329780315434,0.024966973592522923,3.788539609591788e-5
2.0,22.0,74.0,3.0001140803164827,0.8126140803164827,36.5,0.0027410533160502817,0.024966973592522923,-0.0022769011260298784
2.0,23.0,74.0,3.0,0.16501734212023322,36.5,0.005575631819906204,0.02496647425459587,-0.0046971267917219235
2.0,24.0,74.0,3.0080429610882238,0.11205835642090678,36.5,0.00580743719135919,0.025001678886218213,-0.004893882836373122
2.0,25.0,74.0,3.0310574713394014,0.06689246190843257,36.5,0.006005131630106789,0.025102415088529027,-0.005039962419897719
2.0,26.0,74.0,3.0668924619084326,0.0310574713394014,36.5,0.0061619840167259346,0.025259267475148173,-0.00512907219801781
2.0,27.0,74.0,3.112058356420907,0.008042961088223777,36.5,0.006262720219036747,0.02545696191389577,-0.005149696916328249
2.0,28.0,74.0,3.1650173421202332,0.0,36.5,0.006297924850659088,0.025688767285348756,-0.005092725951415681
2.0,29.0,74.0,3.8126140803164827,0.0001140803164827453,36.5,0.006297425512732039,0.02852334578920468,-0.004045967854968988
2.0,30.0,74.0,4.463114080316483,0.0001140803164827453,36.5,0.006297425512732039,0.031370632083286505,-0.003115460252866679
2.0,31.0,74.0,5.1136140803164825,0.0001140803164827453,36.5,0.006297425512732039,0.03421791837736833,-0.0022372710863628794
2.0,32.0,74.0,5.761210818512732,0.0,36.5,0.006297924850659088,0.03705249688122425,-0.001388890161359614
2.0,33.0,74.0,5.814169804212058,0.008042961088223777,36.5,0.006262720219036747,0.03728430225267724,-0.0012638230233734
2.0,34.0,74.0,5.859335698724533,0.0310574713394014,36.5,0.0061619840167259346,0.03748199669142484,-0.0010426128390305647
2.0,35.0,74.0,5.895170689293565,0.06689246190843257,36.5,0.006005131630106789,0.03763884907804398,-0.0007420740861875751
2.0,36.0,74.0,5.918185199544742,0.11205835642090678,36.5,0.00580743719135919,0.037739585280354794,-0.00039128829138803246
2.0,37.0,74.0,5.926228160632966,0.16501734212023322,36.5,0.005575631819906204,0.037774789911977136,-3.55356612718251e-6
2.0,38.0,74.0,5.9261140803164825,0.29986408031648293,36.5,0.004985397739248522,0.03777429057405009,0.0009593483836367473
2.0,39.0,74.0,5.9261140803164825,0.43761408031648275,36.5,0.0043824558683649385,0.03777429057405009,0.0019451203608987612
2.0,40.0,74.0,5.9261140803164825,0.5753640803164828,36.5,0.0037795139974813544,0.03777429057405009,0.0029345071527185616
2.0,41.0,74.0,5.9261140803164825,0.7131140803164828,36.5,0.0031765721265977704,0.03777429057405009,0.003929171249800493
1.0,1.0,75.0,2.926114080316483,2.213114080316483,37.0,-0.0030347235691336105,0.022534145596717754,-0.0016246675665837088
1.0,2.0,75.0,2.926114080316483,2.350864080316483,37.0,-0.0035745030195208347,0.022534145596717754,-0.0010663492833325786
1.0,3.0,75.0,2.926114080316483,2.488614080316483,37.0,-0.004114282469908059,0.022534145596717754,-0.0005209053421768649
1.0,4.0,75.0,2.926114080316483,2.626364080316483,37.0,-0.004654061920295284,0.022534145596717754,2.1699181038173778e-5
1.0,5.0,75.0,2.9262281606329656,2.7612108185127324,37.0,-0.005182464811257763,0.022534592625469342,0.0005382740549946068
1.0,6.0,75.0,2.918185199544742,2.8141698042120584,37.0,-0.005389986932447215,0.022503075927714805,0.0007257060235813124
1.0,7.0,75.0,2.8951706892935642,2.859335698724533,37.0,-0.005566971482111033,0.022412892554253376,0.0009355605359607701
1.0,8.0,75.0,2.859335698724533,2.8951706892935642,37.0,-0.005707392473138132,0.022272471563226277,0.001107925113486429
1.0,9.0,75.0,2.814169804212059,2.918185199544742,37.0,-0.005797575846599561,0.02209548701356246,0.0012252511050124802
1.0,10.0,75.0,2.761210818512732,2.9262281606329656,37.0,-0.005829092544354097,0.021887964892373005,0.0013136903915692906
1.0,11.0,75.0,2.113614080316483,2.926114080316483,37.0,-0.00582864551560251,0.01935032851185663,0.0017685597268797155
1.0,12.0,75.0,1.4631140803164828,2.926114080316483,37.0,-0.00582864551560251,0.01680131557191551,0.0021607343561204926
1.0,13.0,75.0,0.8126140803164827,2.926114080316483,37.0,-0.00582864551560251,0.01425230263197439,0.0025609654986467026
1.0,14.0,75.0,0.16501734212023322,2.9262281606329656,37.0,-0.005829092544354097,0.011714666251458013,0.0029862677675391498
1.0,15.0,75.0,0.11205835642090678,2.918185199544742,37.0,-0.005797575846599561,0.011507144130268558,0.003008253064366047
1.0,16.0,75.0,0.06689246190843257,2.8951706892935642,37.0,-0.005707392473138132,0.011330159580604742,0.0029976220533140794
1.0,17.0,75.0,0.0310574713394014,2.859335698724533,37.0,-0.005566971482111033,0.011189738589577643,0.0029547819239483
1.0,18.0,75.0,0.008042961088223777,2.8141698042120584,37.0,-0.005389986932447215,0.011099555216116214,0.002881524906783896
1.0,19.0,75.0,0.0,2.7612108185127324,37.0,-0.005182464811257763,0.011068038518361679,0.0027766677772972257
1.0,20.0,75.0,0.0001140803164827453,2.113614080316483,37.0,-0.0026448284307413867,0.011068485547113266,0.0013953171165371084
1.0,21.0,75.0,0.0001140803164827453,1.4631140803164828,37.0,-9.581549080026563e-5,0.011068485547113266,1.7903793909517816e-5
1.0,22.0,75.0,0.0001140803164827453,0.8126140803164827,37.0,0.0024531974491408554,0.011068485547113266,-0.0013590225102901399
1.0,23.0,75.0,0.0,0.16501734212023322,37.0,0.004990833829657231,0.011068038518361679,-0.0027387315672906497
1.0,24.0,75.0,0.008042961088223777,0.11205835642090678,37.0,0.005198355950846685,0.011099555216116214,-0.002843729184707622
1.0,25.0,75.0,0.0310574713394014,0.06689246190843257,37.0,0.005375340500510501,0.011189738589577643,-0.0029177414082876708
1.0,26.0,75.0,0.06689246190843257,0.0310574713394014,37.0,0.0055157614915376015,0.011330159580604742,-0.002961855989377552
1.0,27.0,75.0,0.11205835642090678,0.008042961088223777,37.0,0.00560594486499903,0.011507144130268558,-0.0029741368910624366
1.0,28.0,75.0,0.16501734212023322,0.0,37.0,0.005637461562753566,0.011714666251458013,-0.002954101336082487
1.0,29.0,75.0,0.8126140803164827,0.0001140803164827453,37.0,0.005637014534001979,0.01425230263197439,-0.002552196005807349
1.0,30.0,75.0,1.4631140803164828,0.0001140803164827453,37.0,0.005637014534001979,0.01680131557191551,-0.0021751527860482027
1.0,31.0,75.0,2.113614080316483,0.0001140803164827453,37.0,0.005637014534001979,0.01935032851185663,-0.0018098793227902224
1.0,32.0,75.0,2.7612108185127324,0.0,37.0,0.005637461562753566,0.021887964892373008,-0.001387417929434069
1.0,33.0,75.0,2.814169804212059,0.008042961088223777,37.0,0.00560594486499903,0.02209548701356246,-0.001301397768949638
1.0,34.0,75.0,2.859335698724533,0.0310574713394014,37.0,0.0055157614915376015,0.022272471563226277,-0.0011857690929047244
1.0,35.0,75.0,2.8951706892935642,0.06689246190843257,37.0,0.005375340500510501,0.022412892554253376,-0.001023823744825598
1.0,36.0,75.0,2.918185199544742,0.11205835642090678,37.0,0.005198355950846685,0.022503075927714805,-0.0008270234469814925
1.0,37.0,75.0,2.9262281606329656,0.16501734212023322,37.0,0.004990833829657231,0.022534592625469342,-0.0006082847323502038
1.0,38.0,75.0,2.926114080316483,0.29986408031648293,37.0,0.004462430938694751,0.022534145596717754,-0.00011151547970798631
1.0,39.0,75.0,2.926114080316483,0.43761408031648275,37.0,0.003922651488307528,0.022534145596717754,0.00043069614736721055
1.0,40.0,75.0,2.926114080316483,0.5753640803164828,37.0,0.0033828720379203035,0.022534145596717754,0.0009784280153644512
1.0,41.0,75.0,2.926114080316483,0.7131140803164828,37.0,0.002843092587533079,0.022534145596717754,0.0015346792800111431
2.0,1.0,75.0,5.9261140803164825,2.213114080316483,37.0,-0.0030347235691336105,0.03428977791005113,-0.003610456413715506
2.0,2.0,75.0,5.9261140803164825,2.350864080316483,37.0,-0.0035745030195208347,0.03428977791005113,-0.0026860933784296054
2.0,3.0,75.0,5.9261140803164825,2.488614080316483,37.0,-0.004114282469908059,0.03428977791005113,-0.0017648419173258165
2.0,4.0,75.0,5.9261140803164825,2.626364080316483,37.0,-0.004654061920295284,0.03428977791005113,-0.0008458038030929115
2.0,5.0,75.0,5.926228160632966,2.7612108185127324,37.0,-0.005182464811257763,0.03429022493880272,5.272812941205104e-5
2.0,6.0,75.0,5.918185199544742,2.8141698042120584,37.0,-0.005389986932447215,0.03425870824104818,0.00041480896118294825
2.0,7.0,75.0,5.895170689293565,2.859335698724533,37.0,-0.005566971482111033,0.03416852486758676,0.0007427258386278388
2.0,8.0,75.0,5.859335698724533,2.8951706892935642,37.0,-0.005707392473138132,0.034028103876559655,0.001024176571769856
2.0,9.0,75.0,5.814169804212058,2.918185199544742,37.0,-0.005797575846599561,0.03385111932689584,0.0012322122000686902
2.0,10.0,75.0,5.7612108185127315,2.9262281606329656,37.0,-0.005829092544354097,0.03364359720570639,0.0013512973918643418
2.0,11.0,75.0,5.1136140803164825,2.926114080316483,37.0,-0.00582864551560251,0.03110596082519001,0.002171805602334993
2.0,12.0,75.0,4.463114080316483,2.926114080316483,37.0,-0.00582864551560251,0.02855694788524889,0.0030044686443651035
2.0,13.0,75.0,3.8126140803164827,2.926114080316483,37.0,-0.00582864551560251,0.026007934945307766,0.003856256739476551
2.0,14.0,75.0,3.1650173421202332,2.9262281606329656,37.0,-0.005829092544354097,0.02347029856479139,0.004806276866820349
2.0,15.0,75.0,3.112058356420907,2.918185199544742,37.0,-0.005797575846599561,0.02326277644360194,0.004858380686244794
2.0,16.0,75.0,3.0668924619084326,2.8951706892935642,37.0,-0.005707392473138132,0.023085791893938123,0.004837547953440119
2.0,17.0,75.0,3.0310574713394014,2.859335698724533,37.0,-0.005566971482111033,0.022945370902911023,0.00476005451264416
2.0,18.0,75.0,3.0080429610882238,2.8141698042120584,37.0,-0.005389986932447215,0.022855187529449594,0.004634973198841172
2.0,19.0,75.0,3.0,2.7612108185127324,37.0,-0.005182464811257763,0.022823670831695057,0.004428858929826364
2.0,20.0,75.0,3.0001140803164827,2.113614080316483,37.0,-0.0026448284307413867,0.022824117860446642,0.00218220259716413
2.0,21.0,75.0,3.0001140803164827,1.4631140803164828,37.0,-9.581549080026563e-5,0.022824117860446642,3.879542593419712e-5
2.0,22.0,75.0,3.0001140803164827,0.8126140803164827,37.0,0.0024531974491408554,0.022824117860446642,-0.0021039265710734553
2.0,23.0,75.0,3.0,0.16501734212023322,37.0,0.004990833829657231,0.022823670831695057,-0.004360485602981423
2.0,24.0,75.0,3.0080429610882238,0.11205835642090678,37.0,0.005198355950846685,0.022855187529449594,-0.0045458553343776615
2.0,25.0,75.0,3.0310574713394014,0.06689246190843257,37.0,0.005375340500510501,0.022945370902911023,-0.004686135748270472
2.0,26.0,75.0,3.0668924619084326,0.0310574713394014,37.0,0.0055157614915376015,0.023085791893938123,-0.00477303815894516
2.0,27.0,75.0,3.112058356420907,0.008042961088223777,37.0,0.00560594486499903,0.02326277644360194,-0.004795153152637839
2.0,28.0,75.0,3.1650173421202332,0.0,37.0,0.005637461562753566,0.02347029856479139,-0.004744250830384692
2.0,29.0,75.0,3.8126140803164827,0.0001140803164827453,37.0,0.005637014534001979,0.026007934945307766,-0.0038245124500883637
2.0,30.0,75.0,4.463114080316483,0.0001140803164827453,37.0,0.005637014534001979,0.02855694788524889,-0.0029983847591416447
2.0,31.0,75.0,5.1136140803164825,0.0001140803164827453,37.0,0.005637014534001979,0.03110596082519001,-0.0021883985452217786
2.0,32.0,75.0,5.761210818512732,0.0,37.0,0.005637461562753566,0.03364359720570639,-0.0013913252084158602
2.0,33.0,75.0,5.814169804212058,0.008042961088223777,37.0,0.00560594486499903,0.03385111932689584,-0.001274218587546303
2.0,34.0,75.0,5.859335698724533,0.0310574713394014,37.0,0.0055157614915376015,0.034028103876559655,-0.0010678598443761855
2.0,35.0,75.0,5.895170689293565,0.06689246190843257,37.0,0.005375340500510501,0.03416852486758676,-0.0007877094656683356
2.0,36.0,75.0,5.918185199544742,0.11205835642090678,37.0,0.005198355950846685,0.03425870824104818,-0.00046057853863991794
2.0,37.0,75.0,5.926228160632966,0.16501734212023322,37.0,0.004990833829657231,0.03429022493880272,-9.867269696971411e-5
2.0,38.0,75.0,5.9261140803164825,0.29986408031648293,37.0,0.004462430938694751,0.03428977791005113,0.0008002018654101617
2.0,39.0,75.0,5.9261140803164825,0.43761408031648275,37.0,0.003922651488307528,0.03428977791005113,0.0017195014410157636
2.0,40.0,75.0,5.9261140803164825,0.5753640803164828,37.0,0.0033828720379203035,0.03428977791005113,0.002640913089827063
2.0,41.0,75.0,5.9261140803164825,0.7131140803164828,37.0,0.002843092587533079,0.03428977791005113,0.0035653335659310502
1.0,1.0,76.0,2.926114080316483,2.213114080316483,37.5,-0.0027147948725353525,0.020559467003870638,-0.0009973689507800745
1.0,2.0,76.0,2.926114080316483,2.350864080316483,37.5,-0.0031976972308811477,0.020559467003870638,-0.0004737000856714601
1.0,3.0,76.0,2.926114080316483,2.488614080316483,37.5,-0.003680599589226943,0.020559467003870638,4.236839640355112e-5
1.0,4.0,76.0,2.926114080316483,2.626364080316483,37.5,-0.004163501947572738,0.020559467003870638,0.0005322542635054328
1.0,5.0,76.0,2.9262281606329656,2.7612108185127324,37.5,-0.004636226505759357,0.02055986692876262,0.001016748467808358
1.0,6.0,76.0,2.918185199544742,2.8141698042120584,37.5,-0.004821881816756132,0.02053167117647524,0.0012497769251079663
1.0,7.0,76.0,2.8951706892935642,2.859335698724533,37.5,-0.004980217330199845,0.02045099051385116,0.0014041799296924985
1.0,8.0,76.0,2.859335698724533,2.8951706892935642,37.5,-0.005105842023173235,0.020325365820877767,0.0015553134350397805
1.0,9.0,76.0,2.814169804212059,2.918185199544742,37.5,-0.005186522685797316,0.020167030307434056,0.0016861466943576078
1.0,10.0,76.0,2.761210818512732,2.9262281606329656,37.5,-0.005214718438084697,0.019981374996437276,0.0017243981235739512
1.0,11.0,76.0,2.113614080316483,2.926114080316483,37.5,-0.0052143185131927165,0.017711131859362773,0.002045945388633055
1.0,12.0,76.0,1.4631140803164828,2.926114080316483,37.5,-0.0052143185131927165,0.015430710922129092,0.002311942529166331
1.0,13.0,76.0,0.8126140803164827,2.926114080316483,37.5,-0.0052143185131927165,0.013150289984895409,0.0026380714209420265
1.0,14.0,76.0,0.16501734212023322,2.9262281606329656,37.5,-0.005214718438084697,0.010880046847820903,0.002993918361964667
1.0,15.0,76.0,0.11205835642090678,2.918185199544742,37.5,-0.005186522685797316,0.010694391536824126,0.003009857051076646
1.0,16.0,76.0,0.06689246190843257,2.8951706892935642,37.5,-0.005105842023173235,0.010536056023380416,0.0029944260871374436
1.0,17.0,76.0,0.0310574713394014,2.859335698724533,37.5,-0.004980217330199845,0.010410431330407026,0.002948162903728533
1.0,18.0,76.0,0.008042961088223777,2.8141698042120584,37.5,-0.004821881816756132,0.010329750667782944,0.0028731460954095045
1.0,19.0,76.0,0.0,2.7612108185127324,37.5,-0.004636226505759357,0.010301554915495564,0.002768352692344722
1.0,20.0,76.0,0.0001140803164827453,2.113614080316483,37.5,-0.002365983368684851,0.010301954840387545,0.0013937470451544547
1.0,21.0,76.0,0.0001140803164827453,1.4631140803164828,37.5,-8.556243145116965e-5,0.010301954840387545,1.770597669115432e-5
1.0,22.0,76.0,0.0001140803164827453,0.8126140803164827,37.5,0.0021948585057825123,0.010301954840387545,-0.0013579587241686869
1.0,23.0,76.0,0.0,0.16501734212023322,37.5,0.0044651016428570185,0.010301554915495564,-0.0027308536629905896
1.0,24.0,76.0,0.008042961088223777,0.11205835642090678,37.5,0.004650756953853795,0.010329750667782944,-0.002835748644351167
1.0,25.0,76.0,0.0310574713394014,0.06689246190843257,37.5,0.004809092467297506,0.010410431330407026,-0.002911491647513016
1.0,26.0,76.0,0.06689246190843257,0.0310574713394014,37.5,0.004934717160270896,0.010536056023380416,-0.0029590090957326734
1.0,27.0,76.0,0.11205835642090678,0.008042961088223777,37.5,0.0050153978228949765,0.010694391536824126,-0.002976075048529789
1.0,28.0,76.0,0.16501734212023322,0.0,37.5,0.005043593575182358,0.010880046847820903,-0.0029620608610200633
1.0,29.0,76.0,0.8126140803164827,0.0001140803164827453,37.5,0.005043193650290377,0.013150289984895409,-0.002628832994933157
1.0,30.0,76.0,1.4631140803164828,0.0001140803164827453,37.5,0.005043193650290377,0.015430710922129092,-0.002324794173487783
1.0,31.0,76.0,2.113614080316483,0.0001140803164827453,37.5,0.005043193650290377,0.017711131859362773,-0.0020823854405255192
1.0,32.0,76.0,2.7612108185127324,0.0,37.5,0.005043593575182358,0.01998137499643728,-0.0018009494964298933
1.0,33.0,76.0,2.814169804212059,0.008042961088223777,37.5,0.0050153978228949765,0.020167030307434056,-0.0017649945398299607
1.0,34.0,76.0,2.859335698724533,0.0310574713394014,37.5,0.004934717160270896,0.020325365820877767,-0.0016360794813375515
1.0,35.0,76.0,2.8951706892935642,0.06689246190843257,37.5,0.004809092467297506,0.02045099051385116,-0.0014752229595076268
1.0,36.0,76.0,2.918185199544742,0.11205835642090678,37.5,0.004650756953853795,0.02053167117647524,-0.0013064573938791203
1.0,37.0,76.0,2.9262281606329656,0.16501734212023322,37.5,0.0044651016428570185,0.02055986692876262,-0.0011339319796907711
1.0,38.0,76.0,2.926114080316483,0.29986408031648293,37.5,0.0039923770846703975,0.020559467003870638,-0.0006207015875965454
1.0,39.0,76.0,2.926114080316483,0.43761408031648275,37.5,0.0035094747263246036,0.020559467003870638,-0.0001331760494172809
1.0,40.0,76.0,2.926114080316483,0.5753640803164828,37.5,0.0030265723679788084,0.020559467003870638,0.000373746432503578
1.0,41.0,76.0,2.926114080316483,0.7131140803164828,37.5,0.0025436700096330136,0.020559467003870638,0.0008982890207365816
2.0,1.0,76.0,5.9261140803164825,2.213114080316483,37.5,-0.0027147948725353525,0.031076396768207372,-0.0032248594963071526
2.0,2.0,76.0,5.9261140803164825,2.350864080316483,37.5,-0.0031976972308811477,0.031076396768207372,-0.002376612398737464
2.0,3.0,76.0,5.9261140803164825,2.488614080316483,37.5,-0.003680599589226943,0.031076396768207372,-0.0015295883959285047
2.0,4.0,76.0,5.9261140803164825,2.626364080316483,37.5,-0.004163501947572738,0.031076396768207372,-0.0006826468765130543
2.0,5.0,76.0,5.926228160632966,2.7612108185127324,37.5,-0.004636226505759357,0.03107679669309935,0.00014704679186013312
2.0,6.0,76.0,5.918185199544742,2.8141698042120584,37.5,-0.004821881816756132,0.03104860094081197,0.00048152363303237574
2.0,7.0,76.0,5.895170689293565,2.859335698724533,37.5,-0.004980217330199845,0.030967920278187892,0.0007843406715838795
2.0,8.0,76.0,5.859335698724533,2.8951706892935642,37.5,-0.005105842023173235,0.030842295585214497,0.0010443506848898233
2.0,9.0,76.0,5.814169804212058,2.918185199544742,37.5,-0.005186522685797316,0.030683960071770787,0.0012367052785788332
2.0,10.0,76.0,5.7612108185127315,2.9262281606329656,37.5,-0.005214718438084697,0.03049830476077401,0.0013473557444241809
2.0,11.0,76.0,5.1136140803164825,2.926114080316483,37.5,-0.0052143185131927165,0.028228061623699504,0.0021207518202888283
2.0,12.0,76.0,4.463114080316483,2.926114080316483,37.5,-0.0052143185131927165,0.025947640686465826,0.002888726332024264
2.0,13.0,76.0,3.8126140803164827,2.926114080316483,37.5,-0.0052143185131927165,0.02366721974923214,0.0036143271343063448
2.0,14.0,76.0,3.1650173421202332,2.9262281606329656,37.5,-0.005214718438084697,0.021396976612157635,0.004400600148519632
2.0,15.0,76.0,3.112058356420907,2.918185199544742,37.5,-0.005186522685797316,0.02121132130116086,0.0044415981419325835
2.0,16.0,76.0,3.0668924619084326,2.8951706892935642,37.5,-0.005105842023173235,0.021052985787717148,0.004416091450827269
2.0,17.0,76.0,3.0310574713394014,2.859335698724533,37.5,-0.004980217330199845,0.020927361094743756,0.004322188567853585
2.0,18.0,76.0,3.0080429610882238,2.8141698042120584,37.5,-0.004821881816756132,0.020846680432119676,0.004172717522586437
2.0,19.0,76.0,3.0,2.7612108185127324,37.5,-0.004636226505759357,0.020818484679832296,0.004043997792748623
2.0,20.0,76.0,3.0001140803164827,2.113614080316483,37.5,-0.002365983368684851,0.020818884604724277,0.0019867313244614827
2.0,21.0,76.0,3.0001140803164827,1.4631140803164828,37.5,-8.556243145116965e-5,0.020818884604724277,4.0985108688333535e-5
2.0,22.0,76.0,3.0001140803164827,0.8126140803164827,37.5,0.0021948585057825123,0.020818884604724277,-0.0019082141907189776
2.0,23.0,76.0,3.0,0.16501734212023322,37.5,0.0044651016428570185,0.020818484679832296,-0.00396132084113272
2.0,24.0,76.0,3.0080429610882238,0.11205835642090678,37.5,0.004650756953853795,0.020846680432119676,-0.004133722665419835
2.0,25.0,76.0,3.0310574713394014,0.06689246190843257,37.5,0.004809092467297506,0.020927361094743756,-0.004263687269249239
2.0,26.0,76.0,3.0668924619084326,0.0310574713394014,37.5,0.004934717160270896,0.021052985787717148,-0.004347036225378826
2.0,27.0,76.0,3.112058356420907,0.008042961088223777,37.5,0.0050153978228949765,0.02121132130116086,-0.0043736844770168246
2.0,28.0,76.0,3.1650173421202332,0.0,37.5,0.005043593575182358,0.021396976612157635,-0.00433620095153819
2.0,29.0,76.0,3.8126140803164827,0.0001140803164827453,37.5,0.005043193650290377,0.02366721974923214,-0.0035876445536568657
2.0,30.0,76.0,4.463114080316483,0.0001140803164827453,37.5,0.005043193650290377,0.025947640686465826,-0.002883971957785728
2.0,31.0,76.0,5.1136140803164825,0.0001140803164827453,37.5,0.005043193650290377,0.028228061623699504,-0.0021376034683529476
2.0,32.0,76.0,5.761210818512732,0.0,37.5,0.005043593575182358,0.03049830476077401,-0.0013868404904995748
2.0,33.0,76.0,5.814169804212058,0.008042961088223777,37.5,0.0050153978228949765,0.030683960071770787,-0.0012781199377760563
2.0,34.0,76.0,5.859335698724533,0.0310574713394014,37.5,0.004934717160270896,0.030842295585214497,-0.0010874194349140295
2.0,35.0,76.0,5.895170689293565,0.06689246190843257,37.5,0.004809092467297506,0.030967920278187892,-0.0008286936102622801
2.0,36.0,76.0,5.918185199544742,0.11205835642090678,37.5,0.004650756953853795,0.03104860094081197,-0.0005266344740973153
2.0,37.0,76.0,5.926228160632966,0.16501734212023322,37.5,0.0044651016428570185,0.03107679669309935,-0.0001922884224176213
2.0,38.0,76.0,5.9261140803164825,0.29986408031648293,37.5,0.0039923770846703975,0.031076396768207372,0.000637860478926044
2.0,39.0,76.0,5.9261140803164825,0.43761408031648275,37.5,0.0035094747263246036,0.031076396768207372,0.0014851292961657082
2.0,40.0,76.0,5.9261140803164825,0.5753640803164828,37.5,0.0030265723679788084,0.031076396768207372,0.0023323460072265227
2.0,41.0,76.0,5.9261140803164825,0.7131140803164828,37.5,0.0025436700096330136,0.031076396768207372,0.003180663514733212
1.0,1.0,77.0,2.926114080316483,2.213114080316483,38.0,-0.00243167882307631,0.018729029728516193,-0.0003607664206562438
1.0,2.0,77.0,2.926114080316483,2.350864080316483,38.0,-0.0028646020746220854,0.018729029728516193,0.00013209573022366508
1.0,3.0,77.0,2.926114080316483,2.488614080316483,38.0,-0.003297525326167861,0.018729029728516193,0.0006386812210240811
1.0,4.0,77.0,2.926114080316483,2.626364080316483,38.0,-0.0037304485777136364,0.018729029728516193,0.0011627727754119212
1.0,5.0,77.0,2.9262281606329656,2.7612108185127324,38.0,-0.004154247404285413,0.01872938826224795,0.0016000201789330736
1.0,6.0,77.0,2.918185199544742,2.8141698042120584,38.0,-0.004320687885501518,0.018704110695159964,0.0017058337809809998
1.0,7.0,77.0,2.8951706892935642,2.859335698724533,38.0,-0.004462636095384015,0.018631780266044368,0.0019082516436707674
1.0,8.0,77.0,2.859335698724533,2.8951706892935642,38.0,-0.0045752589675165534,0.018519157393911828,0.0020625869210386567
1.0,9.0,77.0,2.814169804212059,2.918185199544742,38.0,-0.00464758939663215,0.018377209184029332,0.002154357108444624
1.0,10.0,77.0,2.761210818512732,2.9262281606329656,38.0,-0.004672866963720135,0.018210768702813223,0.0022673133677069317
1.0,11.0,77.0,2.113614080316483,2.926114080316483,38.0,-0.004672508429988381,0.0161754896785638,0.0022972178574257145
1.0,12.0,77.0,1.4631140803164828,2.926114080316483,38.0,-0.004672508429988381,0.014131086229340372,0.0024515944111638296
1.0,13.0,77.0,0.8126140803164827,2.926114080316483,38.0,-0.004672508429988381,0.012086682780116948,0.002709660361047956
1.0,14.0,77.0,0.16501734212023322,2.9262281606329656,38.0,-0.004672866963720135,0.01005140375586752,0.00299922669800981
1.0,15.0,77.0,0.11205835642090678,2.918185199544742,38.0,-0.00464758939663215,0.009884963274651415,0.003009774858975148
1.0,16.0,77.0,0.06689246190843257,2.8951706892935642,38.0,-0.0045752589675165534,0.009743015064768918,0.002989575203676595
1.0,17.0,77.0,0.0310574713394014,2.859335698724533,38.0,-0.004462636095384015,0.009630392192636379,0.002939555702811838
1.0,18.0,77.0,0.008042961088223777,2.8141698042120584,38.0,-0.004320687885501518,0.009558061763520783,0.0028624266577158487
1.0,19.0,77.0,0.0,2.7612108185127324,38.0,-0.004154247404285413,0.009532784196432798,0.0027575864973218064
1.0,20.0,77.0,0.0001140803164827453,2.113614080316483,38.0,-0.002118968380035986,0.009533142730164552,0.0013913345289654465
1.0,21.0,77.0,0.0001140803164827453,1.4631140803164828,38.0,-7.456493081256006e-5,0.009533142730164552,1.7462929253993537e-5
1.0,22.0,77.0,0.0001140803164827453,0.8126140803164827,38.0,0.0019698385184108657,0.009533142730164552,-0.001356248745789548
1.0,23.0,77.0,0.0,0.16501734212023322,38.0,0.0040051175426602924,0.009532784196432798,-0.0027212273916280417
1.0,24.0,77.0,0.008042961088223777,0.11205835642090678,38.0,0.004171558023876399,0.009558061763520783,-0.0028261195308442177
1.0,25.0,77.0,0.0310574713394014,0.06689246190843257,38.0,0.004313506233758895,0.009630392192636379,-0.002903935456578794
1.0,26.0,77.0,0.06689246190843257,0.0310574713394014,38.0,0.004426129105891434,0.009743015064768918,-0.0029551789682036923
1.0,27.0,77.0,0.11205835642090678,0.008042961088223777,38.0,0.00449845953500703,0.009884963274651415,-0.002976983929987633
1.0,28.0,77.0,0.16501734212023322,0.0,38.0,0.0045237371020950155,0.01005140375586752,-0.002968312483994843
1.0,29.0,77.0,0.8126140803164827,0.0001140803164827453,38.0,0.004523378568363262,0.012086682780116948,-0.002699953782126372
1.0,30.0,77.0,1.4631140803164828,0.0001140803164827453,38.0,0.004523378568363262,0.014131086229340372,-0.0024627497508193986
1.0,31.0,77.0,2.113614080316483,0.0001140803164827453,38.0,0.004523378568363262,0.0161754896785638,-0.0023282737694610054
1.0,32.0,77.0,2.7612108185127324,0.0,38.0,0.0045237371020950155,0.018210768702813226,-0.002331887214113206
1.0,33.0,77.0,2.814169804212059,0.008042961088223777,38.0,0.00449845953500703,0.018377209184029332,-0.002232356857044899
1.0,34.0,77.0,2.859335698724533,0.0310574713394014,38.0,0.004426129105891434,0.018519157393911828,-0.0021538649205014256
1.0,35.0,77.0,2.8951706892935642,0.06689246190843257,38.0,0.004313506233758895,0.018631780266044368,-0.0020231045765851654
1.0,36.0,77.0,2.918185199544742,0.11205835642090678,38.0,0.004171558023876399,0.018704110695159964,-0.0018475034994407918
1.0,37.0,77.0,2.9262281606329656,0.16501734212023322,38.0,0.0040051175426602924,0.01872938826224795,-0.0016376110553645306
1.0,38.0,77.0,2.926114080316483,0.29986408031648293,38.0,0.0035813187160885153,0.018729029728516193,-0.00126645770781687
1.0,39.0,77.0,2.926114080316483,0.43761408031648275,38.0,0.0031483954645427407,0.018729029728516193,-0.0007598286017077693
1.0,40.0,77.0,2.926114080316483,0.5753640803164828,38.0,0.002715472212996965,0.018729029728516193,-0.00024408097130357016
1.0,41.0,77.0,2.926114080316483,0.7131140803164828,38.0,0.0022825489614511896,0.018729029728516193,0.0002474449824399648
2.0,1.0,77.0,5.9261140803164825,2.213114080316483,38.0,-0.00243167882307631,0.028157485297571193,-0.002830340644721423
2.0,2.0,77.0,5.9261140803164825,2.350864080316483,38.0,-0.0028646020746220854,0.028157485297571193,-0.002066215022894212
2.0,3.0,77.0,5.9261140803164825,2.488614080316483,38.0,-0.003297525326167861,0.028157485297571193,-0.0012976767381481413
2.0,4.0,77.0,5.9261140803164825,2.626364080316483,38.0,-0.0037304485777136364,0.028157485297571193,-0.0005243306917683275
2.0,5.0,77.0,5.926228160632966,2.7612108185127324,38.0,-0.004154247404285413,0.028157843831302945,0.00023591202037312863
2.0,6.0,77.0,5.918185199544742,2.8141698042120584,38.0,-0.004320687885501518,0.02813256626421496,0.0005423170452173986
2.0,7.0,77.0,5.895170689293565,2.859335698724533,38.0,-0.004462636095384015,0.028060235835099367,0.0008194213010786228
2.0,8.0,77.0,5.859335698724533,2.8951706892935642,38.0,-0.0045752589675165534,0.027947612962966824,0.0010576019368874134
2.0,9.0,77.0,5.814169804212058,2.918185199544742,38.0,-0.00464758939663215,0.027805664753084332,0.001234926669110393
2.0,10.0,77.0,5.7612108185127315,2.9262281606329656,38.0,-0.004672866963720135,0.027639224271868223,0.001338983654043301
2.0,11.0,77.0,5.1136140803164825,2.926114080316483,38.0,-0.004672508429988381,0.025603945247618796,0.0020694257383805257
2.0,12.0,77.0,4.463114080316483,2.926114080316483,38.0,-0.004672508429988381,0.023559541798395374,0.0027847701010889378
2.0,13.0,77.0,3.8126140803164827,2.926114080316483,38.0,-0.004672508429988381,0.021515138349171948,0.0033879011981910894
2.0,14.0,77.0,3.1650173421202332,2.9262281606329656,38.0,-0.004672866963720135,0.019479859324922518,0.0038832934066853684
2.0,15.0,77.0,3.112058356420907,2.918185199544742,38.0,-0.00464758939663215,0.019313418843706413,0.003924136099042664
2.0,16.0,77.0,3.0668924619084326,2.8951706892935642,38.0,-0.0045752589675165534,0.019171470633823916,0.003909538907247912
2.0,17.0,77.0,3.0310574713394014,2.859335698724533,38.0,-0.004462636095384015,0.019058847761691377,0.0038522549358388533
2.0,18.0,77.0,3.0080429610882238,2.8141698042120584,38.0,-0.004320687885501518,0.01898651733257578,0.003759260567883318
2.0,19.0,77.0,3.0,2.7612108185127324,38.0,-0.004154247404285413,0.018961239765487796,0.0035181651987077154
2.0,20.0,77.0,3.0001140803164827,2.113614080316483,38.0,-0.002118968380035986,0.01896159829921955,0.0018049533326600327
2.0,21.0,77.0,3.0001140803164827,1.4631140803164828,38.0,-7.456493081256006e-5,0.01896159829921955,3.64321737099978e-5
2.0,22.0,77.0,3.0001140803164827,0.8126140803164827,38.0,0.0019698385184108657,0.01896159829921955,-0.0017069487064626928
2.0,23.0,77.0,3.0,0.16501734212023322,38.0,0.0040051175426602924,0.018961239765487796,-0.003462116295451993
2.0,24.0,77.0,3.0080429610882238,0.11205835642090678,38.0,0.004171558023876399,0.01898651733257578,-0.00362018654319849
2.0,25.0,77.0,3.0310574713394014,0.06689246190843257,38.0,0.004313506233758895,0.019058847761691377,-0.0037473091623515587
2.0,26.0,77.0,3.0668924619084326,0.0310574713394014,38.0,0.004426129105891434,0.019171470633823916,-0.003831103314361175
2.0,27.0,77.0,3.112058356420907,0.008042961088223777,38.0,0.00449845953500703,0.019313418843706413,-0.0038610185834289995
2.0,28.0,77.0,3.1650173421202332,0.0,38.0,0.0045237371020950155,0.019479859324922518,-0.003831475058775011
2.0,29.0,77.0,3.8126140803164827,0.0001140803164827453,38.0,0.004523378568363262,0.021515138349171948,-0.003366592230784334
2.0,30.0,77.0,4.463114080316483,0.0001140803164827453,38.0,0.004523378568363262,0.023559541798395374,-0.002781065465704735
2.0,31.0,77.0,5.1136140803164825,0.0001140803164827453,38.0,0.004523378568363262,0.025603945247618796,-0.002086600092723985
2.0,32.0,77.0,5.761210818512732,0.0,38.0,0.0045237371020950155,0.027639224271868223,-0.0013771118949272173
2.0,33.0,77.0,5.814169804212058,0.008042961088223777,38.0,0.00449845953500703,0.027805664753084332,-0.0012749622433081533
2.0,34.0,77.0,5.859335698724533,0.0310574713394014,38.0,0.004426129105891434,0.027947612962966824,-0.0010992693656160931
2.0,35.0,77.0,5.895170689293565,0.06689246190843257,38.0,0.004313506233758895,0.028060235835099367,-0.0008623335673888569
2.0,36.0,77.0,5.918185199544742,0.11205835642090678,38.0,0.004171558023876399,0.02813256626421496,-0.0005859491418217068
2.0,37.0,77.0,5.926228160632966,0.16501734212023322,38.0,0.0040051175426602924,0.028157843831302945,-0.00027962756365860944
2.0,38.0,77.0,5.9261140803164825,0.29986408031648293,38.0,0.0035813187160885153,0.028157485297571193,0.00048109418806014954
2.0,39.0,77.0,5.9261140803164825,0.43761408031648275,38.0,0.0031483954645427407,0.028157485297571193,0.00125470950821509
2.0,40.0,77.0,5.9261140803164825,0.5753640803164828,38.0,0.002715472212996965,0.028157485297571193,0.0020233923136037343
2.0,41.0,77.0,5.9261140803164825,0.7131140803164828,38.0,0.0022825489614511896,0.028157485297571193,0.0027875889243040622
1.0,1.0,78.0,2.926114080316483,2.213114080316483,38.5,-0.002195686949036543,0.017045420989638568,0.00020157798109230986
1.0,2.0,78.0,2.926114080316483,2.350864080316483,38.5,-0.00258701204153231,0.017045420989638568,0.0006670837076430957
1.0,3.0,78.0,2.926114080316483,2.488614080316483,38.5,-0.0029783371340280766,0.017045420989638568,0.0011729566318949966
1.0,4.0,78.0,2.926114080316483,2.626364080316483,38.5,-0.0033696622265238434,0.017045420989638568,0.0017233414933393986
1.0,5.0,78.0,2.9262281606329656,2.7612108185127324,38.5,-0.003752739629771754,0.017045745073053446,0.002421477132720259
1.0,6.0,78.0,2.918185199544742,2.8141698042120584,38.5,-0.00390318739730185,0.017022896343530474,0.002782591106181083
1.0,7.0,78.0,2.8951706892935642,2.859335698724533,38.5,-0.004031496274599478,0.01695751590539772,0.0028919038066061295
1.0,8.0,78.0,2.859335698724533,2.8951706892935642,38.5,-0.00413329758856689,0.01685571459143031,0.002969426183192924
1.0,9.0,78.0,2.814169804212059,2.918185199544742,38.5,-0.004198678026699644,0.016727405714132684,0.003007609182641055
1.0,10.0,78.0,2.761210818512732,2.9262281606329656,38.5,-0.004221526756222613,0.016576957946602584,0.002851091739392062
1.0,11.0,78.0,2.113614080316483,2.926114080316483,38.5,-0.004221202672807734,0.014737242131904915,0.002484403889199264
1.0,12.0,78.0,1.4631140803164828,2.926114080316483,38.5,-0.004221202672807734,0.01288927862795939,0.002583228989467938
1.0,13.0,78.0,0.8126140803164827,2.926114080316483,38.5,-0.004221202672807734,0.011041315124013865,0.0027722642495864435
1.0,14.0,78.0,0.16501734212023322,2.9262281606329656,38.5,-0.004221526756222613,0.009201599309316194,0.0030047529529015258
1.0,15.0,78.0,0.11205835642090678,2.918185199544742,38.5,-0.004198678026699644,0.009051151541786097,0.0030102265272777345
1.0,16.0,78.0,0.06689246190843257,2.8951706892935642,38.5,-0.00413329758856689,0.00892284266448847,0.0029852333976626163
1.0,17.0,78.0,0.0310574713394014,2.859335698724533,38.5,-0.004031496274599478,0.008821041350521058,0.0029313866867708895
1.0,18.0,78.0,0.008042961088223777,2.8141698042120584,38.5,-0.00390318739730185,0.008755660912388304,0.002852105975419653
1.0,19.0,78.0,0.0,2.7612108185127324,38.5,-0.003752739629771754,0.008732812182865335,0.002747380542932555
1.0,20.0,78.0,0.0001140803164827453,2.113614080316483,38.5,-0.001913023815074084,0.008733136266280214,0.001389294001010532
1.0,21.0,78.0,0.0001140803164827453,1.4631140803164828,38.5,-6.506031112855817e-5,0.008733136266280214,1.7181132626879924e-5
1.0,22.0,78.0,0.0001140803164827453,0.8126140803164827,38.5,0.0017829031928169676,0.008733136266280214,-0.0013549667308457238
1.0,23.0,78.0,0.0,0.16501734212023322,38.5,0.003622619007514638,0.008732812182865335,-0.0027130822088496606
1.0,24.0,78.0,0.008042961088223777,0.11205835642090678,38.5,0.0037730667750447353,0.008755660912388304,-0.0028180552293567643
1.0,25.0,78.0,0.0310574713394014,0.06689246190843257,38.5,0.0039013756523423614,0.008821041350521058,-0.0028980279561874674
1.0,26.0,78.0,0.06689246190843257,0.0310574713394014,38.5,0.004003176966309773,0.00892284266448847,-0.0029529475564274736
1.0,27.0,78.0,0.11205835642090678,0.008042961088223777,38.5,0.004068557404442528,0.009051151541786097,-0.002979288396581687
1.0,28.0,78.0,0.16501734212023322,0.0,38.5,0.004091406133965497,0.009201599309316194,-0.002975396405406224
1.0,29.0,78.0,0.8126140803164827,0.0001140803164827453,38.5,0.004091082050550618,0.011041315124013865,-0.0027622567151226038
1.0,30.0,78.0,1.4631140803164828,0.0001140803164827453,38.5,0.004091082050550618,0.01288927862795939,-0.0025919985997451553
1.0,31.0,78.0,2.113614080316483,0.0001140803164827453,38.5,0.004091082050550618,0.014737242131904915,-0.002512813187628144
1.0,32.0,78.0,2.7612108185127324,0.0,38.5,0.004091406133965497,0.016576957946602588,-0.0028848713138805416
1.0,33.0,78.0,2.814169804212059,0.008042961088223777,38.5,0.004068557404442528,0.016727405714132684,-0.003031089027161935
1.0,34.0,78.0,2.859335698724533,0.0310574713394014,38.5,0.004003176966309773,0.01685571459143031,-0.0029893408550281074
1.0,35.0,78.0,2.8951706892935642,0.06689246190843257,38.5,0.0039013756523423614,0.01695751590539772,-0.0029096743934254243
1.0,36.0,78.0,2.918185199544742,0.11205835642090678,38.5,0.0037730667750447353,0.017022896343530474,-0.0027998474845585906
1.0,37.0,78.0,2.9262281606329656,0.16501734212023322,38.5,0.003622619007514638,0.017045745073053446,-0.002663018219713045
1.0,38.0,78.0,2.926114080316483,0.29986408031648293,38.5,0.0032395416042667264,0.017045420989638568,-0.0018951651776422684
1.0,39.0,78.0,2.926114080316483,0.43761408031648275,38.5,0.00284821651177096,0.017045420989638568,-0.001295867398568932
1.0,40.0,78.0,2.926114080316483,0.5753640803164828,38.5,0.0024568914192751937,0.017045420989638568,-0.0007906502307983714
1.0,41.0,78.0,2.926114080316483,0.7131140803164828,38.5,0.002065566326779427,0.017045420989638568,-0.0003200649736263342
2.0,1.0,78.0,5.9261140803164825,2.213114080316483,38.5,-0.002195686949036543,0.025567927541270505,-0.002465868035599048
2.0,2.0,78.0,5.9261140803164825,2.350864080316483,38.5,-0.00258701204153231,0.025567927541270505,-0.001785781226326037
2.0,3.0,78.0,5.9261140803164825,2.488614080316483,38.5,-0.0029783371340280766,0.025567927541270505,-0.0010891015427951893
2.0,4.0,78.0,5.9261140803164825,2.626364080316483,38.5,-0.0033696622265238434,0.025567927541270505,-0.00038175904015503014
2.0,5.0,78.0,5.926228160632966,2.7612108185127324,38.5,-0.003752739629771754,0.025568251624685383,0.0003162736394433151
2.0,6.0,78.0,5.918185199544742,2.8141698042120584,38.5,-0.00390318739730185,0.025545402895162415,0.0005971141161097074
2.0,7.0,78.0,5.895170689293565,2.859335698724533,38.5,-0.004031496274599478,0.025480022457029666,0.0008503848373747823
2.0,8.0,78.0,5.859335698724533,2.8951706892935642,38.5,-0.00413329758856689,0.02537822114306225,0.001068228677798179
2.0,9.0,78.0,5.814169804212058,2.918185199544742,38.5,-0.004198678026699644,0.02524991226576462,0.001231213718469523
2.0,10.0,78.0,5.7612108185127315,2.9262281606329656,38.5,-0.004221526756222613,0.025099464498234525,0.0013290873469400167
2.0,11.0,78.0,5.1136140803164825,2.926114080316483,38.5,-0.004221202672807734,0.023259748683536856,0.0020295260736296673
2.0,12.0,78.0,4.463114080316483,2.926114080316483,38.5,-0.004221202672807734,0.021411785179591334,0.0026715309183126877
2.0,13.0,78.0,3.8126140803164827,2.926114080316483,38.5,-0.004221202672807734,0.019563821675645805,0.0032723508372402574
2.0,14.0,78.0,3.1650173421202332,2.9262281606329656,38.5,-0.004221526756222613,0.017724105860948133,0.0032130237291709916
2.0,15.0,78.0,3.112058356420907,2.918185199544742,38.5,-0.004198678026699644,0.017573658093418036,0.0031636666494672767
2.0,16.0,78.0,3.0668924619084326,2.8951706892935642,38.5,-0.00413329758856689,0.01744534921612041,0.0030781607500131366
2.0,17.0,78.0,3.0310574713394014,2.859335698724533,38.5,-0.004031496274599478,0.017343547902153,0.0029630919970350545
2.0,18.0,78.0,3.0080429610882238,2.8141698042120584,38.5,-0.00390318739730185,0.017278167464020243,0.0028296656732873715
2.0,19.0,78.0,3.0,2.7612108185127324,38.5,-0.003752739629771754,0.017255318734497274,0.0028924053329804156
2.0,20.0,78.0,3.0001140803164827,2.113614080316483,38.5,-0.001913023815074084,0.017255642817912153,0.0016832425847326138
2.0,21.0,78.0,3.0001140803164827,1.4631140803164828,38.5,-6.506031112855817e-5,0.017255642817912153,4.206394012140482e-5
2.0,22.0,78.0,3.0001140803164827,0.8126140803164827,38.5,0.0017829031928169676,0.017255642817912153,-0.0016161623373159974
2.0,23.0,78.0,3.0,0.16501734212023322,38.5,0.003622619007514638,0.017255318734497274,-0.002694378362691168
2.0,24.0,78.0,3.0080429610882238,0.11205835642090678,38.5,0.0037730667750447353,0.017278167464020243,-0.0028380456950665004
2.0,25.0,78.0,3.0310574713394014,0.06689246190843257,38.5,0.0039013756523423614,0.017343547902153,-0.002967439374620929
2.0,26.0,78.0,3.0668924619084326,0.0310574713394014,38.5,0.004003176966309773,0.01744534921612041,-0.0030775724868454942
2.0,27.0,78.0,3.112058356420907,0.008042961088223777,38.5,0.004068557404442528,0.017573658093418036,-0.0031577203768608027
2.0,28.0,78.0,3.1650173421202332,0.0,38.5,0.004091406133965497,0.017724105860948133,-0.00320153277155637
2.0,29.0,78.0,3.8126140803164827,0.0001140803164827453,38.5,0.004091082050550618,0.019563821675645805,-0.003249133825642871
2.0,30.0,78.0,4.463114080316483,0.0001140803164827453,38.5,0.004091082050550618,0.021411785179591334,-0.0026707907814550913
2.0,31.0,78.0,5.1136140803164825,0.0001140803164827453,38.5,0.004091082050550618,0.023259748683536856,-0.002046419017098846
2.0,32.0,78.0,5.761210818512732,0.0,38.5,0.004091406133965497,0.025099464498234525,-0.001365340433887403
2.0,33.0,78.0,5.814169804212058,0.008042961088223777,38.5,0.004068557404442528,0.02524991226576462,-0.0012690096382113878
2.0,34.0,78.0,5.859335698724533,0.0310574713394014,38.5,0.004003176966309773,0.02537822114306225,-0.0011073471590675751
2.0,35.0,78.0,5.895170689293565,0.06689246190843257,38.5,0.0039013756523423614,0.025480022457029666,-0.0008905651503013447
2.0,36.0,78.0,5.918185199544742,0.11205835642090678,38.5,0.0037730667750447353,0.025545402895162415,-0.0006379757961213678
2.0,37.0,78.0,5.926228160632966,0.16501734212023322,38.5,0.003622619007514638,0.025568251624685383,-0.00035737150957663896
2.0,38.0,78.0,5.9261140803164825,0.29986408031648293,38.5,0.0032395416042667264,0.025567927541270505,0.00034067987669190704
2.0,39.0,78.0,5.9261140803164825,0.43761408031648275,38.5,0.00284821651177096,0.025567927541270505,0.0010480375649247731
2.0,40.0,78.0,5.9261140803164825,0.5753640803164828,38.5,0.0024568914192751937,0.025567927541270505,0.0017447281153669537
2.0,41.0,78.0,5.9261140803164825,0.7131140803164828,38.5,0.002065566326779427,0.025567927541270505,0.002424832788565836
1.0,1.0,79.0,2.926114080316483,2.213114080316483,39.0,-0.0019985864429800447,0.01548622106927428,0.0006058710686902535
1.0,2.0,79.0,2.926114080316483,2.350864080316483,39.0,-0.0023547222119113045,0.01548622106927428,0.0010449057109257235
1.0,3.0,79.0,2.926114080316483,2.488614080316483,39.0,-0.0027108579808425644,0.01548622106927428,0.0015254348456118696
1.0,4.0,79.0,2.926114080316483,2.626364080316483,39.0,-0.0030669937497738247,0.01548622106927428,0.002062041290134012
1.0,5.0,79.0,2.9262281606329656,2.7612108185127324,39.0,-0.0034156234905752298,0.015486516009972869,0.0026068189361306087
1.0,6.0,79.0,2.918185199544742,2.8141698042120584,39.0,-0.0035525424676630633,0.015465721918273131,0.002782591106181083
1.0,7.0,79.0,2.8951706892935642,2.859335698724533,39.0,-0.003669313361105302,0.015406220718237709,0.0028919038066061295
1.0,8.0,79.0,2.859335698724533,2.8951706892935642,39.0,-0.0037619603441974713,0.015313573735145539,0.002969426183192924
1.0,9.0,79.0,2.814169804212059,2.918185199544742,39.0,-0.0038214615442328944,0.015196802841703301,0.003007609182641055
1.0,10.0,79.0,2.761210818512732,2.9262281606329656,39.0,-0.0038422556359326314,0.015059883864615466,0.0030158856060918298
1.0,11.0,79.0,2.113614080316483,2.926114080316483,39.0,-0.0038419606952340432,0.013385601742547248,0.0026744502586385117
1.0,12.0,79.0,1.4631140803164828,2.926114080316483,39.0,-0.0038419606952340432,0.011703813592349175,0.0026863348401654726
1.0,13.0,79.0,0.8126140803164827,2.926114080316483,39.0,-0.0038419606952340432,0.010022025442151103,0.002829178591149735
1.0,14.0,79.0,0.16501734212023322,2.9262281606329656,39.0,-0.0038422556359326314,0.008347743320082883,0.0030099812268290795
1.0,15.0,79.0,0.11205835642090678,2.918185199544742,39.0,-0.0038214615442328944,0.00821082434299505,0.003011115098711899
1.0,16.0,79.0,0.06689246190843257,2.8951706892935642,39.0,-0.0037619603441974713,0.008094053449552812,0.0029827867778994092
1.0,17.0,79.0,0.0310574713394014,2.859335698724533,39.0,-0.003669313361105302,0.008001406466460642,0.002926619273243973
1.0,18.0,79.0,0.008042961088223777,2.8141698042120584,39.0,-0.0035525424676630633,0.00794190526642522,0.0028462510906442314
1.0,19.0,79.0,0.0,2.7612108185127324,39.0,-0.0034156234905752298,0.007921111174725482,0.002741704871325417
1.0,20.0,79.0,0.0001140803164827453,2.113614080316483,39.0,-0.0017413413685070113,0.00792140611542407,0.001388526836487419
1.0,21.0,79.0,0.0001140803164827453,1.4631140803164828,39.0,-5.955321830893828e-5,0.00792140611542407,1.6903838506829523e-5
1.0,22.0,79.0,0.0001140803164827453,0.8126140803164827,39.0,0.0016222349318891348,0.00792140611542407,-0.0013549685145990734
1.0,23.0,79.0,0.0,0.16501734212023322,39.0,0.0032965170539573535,0.007921111174725482,-0.002709518148215313
1.0,24.0,79.0,0.008042961088223777,0.11205835642090678,39.0,0.003433436031045188,0.00794190526642522,-0.002814478753058389
1.0,25.0,79.0,0.0310574713394014,0.06689246190843257,39.0,0.003550206924487425,0.008001406466460642,-0.002895538751386161
1.0,26.0,79.0,0.06689246190843257,0.0310574713394014,39.0,0.003642853907579595,0.008094053449552812,-0.002952642689502523
1.0,27.0,79.0,0.11205835642090678,0.008042961088223777,39.0,0.0037023551076150176,0.00821082434299505,-0.0029820972813438228
1.0,28.0,79.0,0.16501734212023322,0.0,39.0,0.0037231491993147546,0.008347743320082883,-0.002982286989546453
1.0,29.0,79.0,0.8126140803164827,0.0001140803164827453,39.0,0.0037228542586161665,0.010022025442151103,-0.002818784297885292
1.0,30.0,79.0,1.4631140803164828,0.0001140803164827453,39.0,0.0037228542586161665,0.011703813592349175,-0.0026935463607370485
1.0,31.0,79.0,2.113614080316483,0.0001140803164827453,39.0,0.0037228542586161665,0.013385601742547248,-0.002697121126044002
1.0,32.0,79.0,2.7612108185127324,0.0,39.0,0.0037231491993147546,0.015059883864615467,-0.003038761611264416
1.0,33.0,79.0,2.814169804212059,0.008042961088223777,39.0,0.0037023551076150176,0.015196802841703301,-0.003031089027161935
1.0,34.0,79.0,2.859335698724533,0.0310574713394014,39.0,0.003642853907579595,0.015313573735145539,-0.0029893408550281074
1.0,35.0,79.0,2.8951706892935642,0.06689246190843257,39.0,0.003550206924487425,0.015406220718237709,-0.0029096743934254243
1.0,36.0,79.0,2.918185199544742,0.11205835642090678,39.0,0.003433436031045188,0.015465721918273131,-0.0027998474845585906
1.0,37.0,79.0,2.9262281606329656,0.16501734212023322,39.0,0.0032965170539573535,0.015486516009972869,-0.002663018219713045
1.0,38.0,79.0,2.926114080316483,0.29986408031648293,39.0,0.0029478873131559475,0.01548622106927428,-0.0021876993185392774
1.0,39.0,79.0,2.926114080316483,0.43761408031648275,39.0,0.002591751544224688,0.01548622106927428,-0.001645631126486811
1.0,40.0,79.0,2.926114080316483,0.5753640803164828,39.0,0.002235615775293428,0.01548622106927428,-0.0011555447530202227
1.0,41.0,79.0,2.926114080316483,0.7131140803164828,39.0,0.001879480006362168,0.01548622106927428,-0.0007167956248931076
2.0,1.0,79.0,5.9261140803164825,2.213114080316483,39.0,-0.0019985864429800447,0.023242353967958707,-0.00219812699092439
2.0,2.0,79.0,5.9261140803164825,2.350864080316483,39.0,-0.0023547222119113045,0.023242353967958707,-0.001568743312137708
2.0,3.0,79.0,5.9261140803164825,2.488614080316483,39.0,-0.0027108579808425644,0.023242353967958707,-0.0009227568787184084
2.0,4.0,79.0,5.9261140803164825,2.626364080316483,39.0,-0.0030669937497738247,0.023242353967958707,-0.0002648281324370306
2.0,5.0,79.0,5.926228160632966,2.7612108185127324,39.0,-0.0034156234905752298,0.023242648908657293,0.0003858998222036847
2.0,6.0,79.0,5.918185199544742,2.8141698042120584,39.0,-0.0035525424676630633,0.023221854816957554,0.0006477507967438931
2.0,7.0,79.0,5.895170689293565,2.859335698724533,39.0,-0.003669313361105302,0.023162353616922135,0.0008837020964756036
2.0,8.0,79.0,5.859335698724533,2.8951706892935642,39.0,-0.0037619603441974713,0.023069706633829963,0.0010866581078693921
2.0,9.0,79.0,5.814169804212058,2.918185199544742,39.0,-0.0038214615442328944,0.022952935740387728,0.0012390657687187943
2.0,10.0,79.0,5.7612108185127315,2.9262281606329656,39.0,-0.0038422556359326314,0.02281601676329989,0.0013313157750373572
2.0,11.0,79.0,5.1136140803164825,2.926114080316483,39.0,-0.0038419606952340432,0.021141734641231674,0.0019914716225607337
2.0,12.0,79.0,4.463114080316483,2.926114080316483,39.0,-0.0038419606952340432,0.0194599464910336,0.002599647671916686
2.0,13.0,79.0,3.8126140803164827,2.926114080316483,39.0,-0.0038419606952340432,0.01777815834083553,0.0030919845527307443
2.0,14.0,79.0,3.1650173421202332,2.9262281606329656,39.0,-0.0038422556359326314,0.01610387621876731,0.0032130237291709916
2.0,15.0,79.0,3.112058356420907,2.918185199544742,39.0,-0.0038214615442328944,0.015966957241679475,0.0031636666494672767
2.0,16.0,79.0,3.0668924619084326,2.8951706892935642,39.0,-0.0037619603441974713,0.015850186348237236,0.0030781607500131366
2.0,17.0,79.0,3.0310574713394014,2.859335698724533,39.0,-0.003669313361105302,0.015757539365145068,0.0029630919970350545
2.0,18.0,79.0,3.0080429610882238,2.8141698042120584,39.0,-0.0035525424676630633,0.015698038165109646,0.0028296656732873715
2.0,19.0,79.0,3.0,2.7612108185127324,39.0,-0.0034156234905752298,0.015677244073409907,0.0027110301915168698
2.0,20.0,79.0,3.0001140803164827,2.113614080316483,39.0,-0.0017413413685070113,0.015677539014108496,0.0015461931304611863
2.0,21.0,79.0,3.0001140803164827,1.4631140803164828,39.0,-5.955321830893828e-5,0.015677539014108496,3.340079704873386e-5
2.0,22.0,79.0,3.0001140803164827,0.8126140803164827,39.0,0.0016222349318891348,0.015677539014108496,-0.0014440066230441324
2.0,23.0,79.0,3.0,0.16501734212023322,39.0,0.0032965170539573535,0.015677244073409907,-0.002694378362691168
2.0,24.0,79.0,3.0080429610882238,0.11205835642090678,39.0,0.003433436031045188,0.015698038165109646,-0.0028380456950665004
2.0,25.0,79.0,3.0310574713394014,0.06689246190843257,39.0,0.003550206924487425,0.015757539365145068,-0.002967439374620929
2.0,26.0,79.0,3.0668924619084326,0.0310574713394014,39.0,0.003642853907579595,0.015850186348237236,-0.0030775724868454942
2.0,27.0,79.0,3.112058356420907,0.008042961088223777,39.0,0.0037023551076150176,0.015966957241679475,-0.0031577203768608027
2.0,28.0,79.0,3.1650173421202332,0.0,39.0,0.0037231491993147546,0.01610387621876731,-0.00320153277155637
2.0,29.0,79.0,3.8126140803164827,0.0001140803164827453,39.0,0.0037228542586161665,0.01777815834083553,-0.0030750630349542477
2.0,30.0,79.0,4.463114080316483,0.0001140803164827453,39.0,0.0037228542586161665,0.0194599464910336,-0.00259959078879115
2.0,31.0,79.0,5.1136140803164825,0.0001140803164827453,39.0,0.0037228542586161665,0.021141734641231674,-0.0020085213643725
2.0,32.0,79.0,5.761210818512732,0.0,39.0,0.0037231491993147546,0.02281601676329989,-0.0013654542036270502
2.0,33.0,79.0,5.814169804212058,0.008042961088223777,39.0,0.0037023551076150176,0.022952935740387728,-0.001274510646061997
2.0,34.0,79.0,5.859335698724533,0.0310574713394014,39.0,0.003642853907579595,0.023069706633829963,-0.0011232110929741373
2.0,35.0,79.0,5.895170689293565,0.06689246190843257,39.0,0.003550206924487425,0.023162353616922135,-0.0009211586141793903
2.0,36.0,79.0,5.918185199544742,0.11205835642090678,39.0,0.003433436031045188,0.023221854816957554,-0.0006858588748780694
2.0,37.0,79.0,5.926228160632966,0.16501734212023322,39.0,0.0032965170539573535,0.023242648908657293,-0.0004243841035635196
2.0,38.0,79.0,5.9261140803164825,0.29986408031648293,39.0,0.0029478873131559475,0.023242353967958707,0.00022591411334647486
2.0,39.0,79.0,5.9261140803164825,0.43761408031648275,39.0,0.002591751544224688,0.023242353967958707,0.00088358707670797
2.0,40.0,79.0,5.9261140803164825,0.5753640803164828,39.0,0.002235615775293428,0.023242353967958707,0.0015294395240937314
2.0,41.0,79.0,5.9261140803164825,0.7131140803164828,39.0,0.001879480006362168,0.023242353967958707,0.0021587725013196726
1.0,1.0,80.0,2.926114080316483,2.213114080316483,39.5,-0.0018148432986380034,0.013995873233838056,0.0008330593743007603
1.0,2.0,80.0,2.926114080316483,2.350864080316483,39.5,-0.0021379908021505866,0.013995873233838056,0.0012517293236315302
1.0,3.0,80.0,2.926114080316483,2.488614080316483,39.5,-0.00246113830566317,0.013995873233838056,0.0016948353695092097
1.0,4.0,80.0,2.926114080316483,2.626364080316483,39.5,-0.0027842858091757534,0.013995873233838056,0.0021449014789703567
1.0,5.0,80.0,2.9262281606329656,2.7612108185127324,39.5,-0.0031006225554910563,0.013996140854669064,0.0025915498401248432
1.0,6.0,80.0,2.918185199544742,2.8141698042120584,39.5,-0.003224858954890663,0.01397727288518443,0.002782591106181083
1.0,7.0,80.0,2.8951706892935642,2.859335698724533,39.5,-0.0033308135542055002,0.013923283182591088,0.0028919038066061295
1.0,8.0,80.0,2.859335698724533,2.8951706892935642,39.5,-0.003414878800962519,0.013839217935834069,0.002969426183192924
1.0,9.0,80.0,2.814169804212059,2.918185199544742,39.5,-0.003468868503555861,0.013733263336519233,0.003007609182641055
1.0,10.0,80.0,2.761210818512732,2.9262281606329656,39.5,-0.003487736473040495,0.013609026937119625,0.00299636026736656
1.0,11.0,80.0,2.113614080316483,2.926114080316483,39.5,-0.003487468852209487,0.012089830790252038,0.0028051899660477436
1.0,12.0,80.0,1.4631140803164828,2.926114080316483,39.5,-0.003487468852209487,0.010563823886187172,0.0027720060287673843
1.0,13.0,80.0,0.8126140803164827,2.926114080316483,39.5,-0.003487468852209487,0.009037816982122304,0.002876736043894824
1.0,14.0,80.0,0.16501734212023322,2.9262281606329656,39.5,-0.003487736473040495,0.007518620835254718,0.0030191551374230264
1.0,15.0,80.0,0.11205835642090678,2.918185199544742,39.5,-0.003468868503555861,0.007394384435855111,0.0030169913797454093
1.0,16.0,80.0,0.06689246190843257,2.8951706892935642,39.5,-0.003414878800962519,0.0072884298365402745,0.0029864153933060935
1.0,17.0,80.0,0.0310574713394014,2.859335698724533,39.5,-0.0033308135542055002,0.007204364589783255,0.0029288340703630543
1.0,18.0,80.0,0.008042961088223777,2.8141698042120584,39.5,-0.003224858954890663,0.007150374887189914,0.0028477406911166206
1.0,19.0,80.0,0.0,2.7612108185127324,39.5,-0.0031006225554910563,0.007131506917705279,0.002742988323948321
1.0,20.0,80.0,0.0001140803164827453,2.113614080316483,39.5,-0.0015814264086234698,0.007131774538536287,0.0013897978274340216
1.0,21.0,80.0,0.0001140803164827453,1.4631140803164828,39.5,-5.541950455860273e-5,0.007131774538536287,1.668143515579182e-5
1.0,22.0,80.0,0.0001140803164827453,0.8126140803164827,39.5,0.0014705873995062644,0.007131774538536287,-0.0013569161826984103
1.0,23.0,80.0,0.0,0.16501734212023322,39.5,0.0029897835463738504,0.007131506917705279,-0.0027121151607721506
1.0,24.0,80.0,0.008042961088223777,0.11205835642090678,39.5,0.0031140199457734582,0.007150374887189914,-0.0028172742255125447
1.0,25.0,80.0,0.0310574713394014,0.06689246190843257,39.5,0.003219974545088295,0.007204364589783255,-0.0028990304241772805
1.0,26.0,80.0,0.06689246190843257,0.0310574713394014,39.5,0.0033040397918453136,0.0072884298365402745,-0.0029575021849750486
1.0,27.0,80.0,0.11205835642090678,0.008042961088223777,39.5,0.0033580294944386556,0.007394384435855111,-0.0029891369671129083
1.0,28.0,80.0,0.16501734212023322,0.0,39.5,0.0033768974639232898,0.007518620835254718,-0.0029925266874369807
1.0,29.0,80.0,0.8126140803164827,0.0001140803164827453,39.5,0.0033766298430922817,0.009037816982122304,-0.002866106916885934
1.0,30.0,80.0,1.4631140803164828,0.0001140803164827453,39.5,0.0033766298430922817,0.010563823886187172,-0.0027777616709414575
1.0,31.0,80.0,2.113614080316483,0.0001140803164827453,39.5,0.0033766298430922817,0.012089830790252038,-0.0028231028517925285
1.0,32.0,80.0,2.7612108185127324,0.0,39.5,0.0033768974639232898,0.013609026937119625,-0.003020978037052505
1.0,33.0,80.0,2.814169804212059,0.008042961088223777,39.5,0.0033580294944386556,0.013733263336519233,-0.003031089027161935
1.0,34.0,80.0,2.859335698724533,0.0310574713394014,39.5,0.0033040397918453136,0.013839217935834069,-0.0029893408550281074
1.0,35.0,80.0,2.8951706892935642,0.06689246190843257,39.5,0.003219974545088295,0.013923283182591088,-0.0029096743934254243
1.0,36.0,80.0,2.918185199544742,0.11205835642090678,39.5,0.0031140199457734582,0.01397727288518443,-0.0027998474845585906
1.0,37.0,80.0,2.9262281606329656,0.16501734212023322,39.5,0.0029897835463738504,0.013996140854669064,-0.002663018219713045
1.0,38.0,80.0,2.926114080316483,0.29986408031648293,39.5,0.0026734468000585475,0.013995873233838056,-0.0022194122295651334
1.0,39.0,80.0,2.926114080316483,0.43761408031648275,39.5,0.0023502992965459646,0.013995873233838056,-0.001778597315811018
1.0,40.0,80.0,2.926114080316483,0.5753640803164828,39.5,0.002027151793033381,0.013995873233838056,-0.001343510938803033
1.0,41.0,80.0,2.926114080316483,0.7131140803164828,39.5,0.001704004289520798,0.013995873233838056,-0.0009238775978633708
2.0,1.0,80.0,5.9261140803164825,2.213114080316483,39.5,-0.0018148432986380034,0.02103356841015566,-0.0020308398534907195
2.0,2.0,80.0,5.9261140803164825,2.350864080316483,39.5,-0.0021379908021505866,0.02103356841015566,-0.0014238594216420396
2.0,3.0,80.0,5.9261140803164825,2.488614080316483,39.5,-0.00246113830566317,0.02103356841015566,-0.0008059400543855253
2.0,4.0,80.0,5.9261140803164825,2.626364080316483,39.5,-0.0027842858091757534,0.02103356841015566,-0.000178364430481735
2.0,5.0,80.0,5.926228160632966,2.7612108185127324,39.5,-0.0031006225554910563,0.021033836030986665,0.00044223119862587135
2.0,6.0,80.0,5.918185199544742,2.8141698042120584,39.5,-0.003224858954890663,0.02101496806150203,0.0006922102728048081
2.0,7.0,80.0,5.895170689293565,2.859335698724533,39.5,-0.0033308135542055002,0.020960978358908693,0.0009175401303545035
2.0,8.0,80.0,5.859335698724533,2.8951706892935642,39.5,-0.003414878800962519,0.02087691311215167,0.0011111396969147663
2.0,9.0,80.0,5.814169804212058,2.918185199544742,39.5,-0.003468868503555861,0.020770958512836835,0.0012556726740209731
2.0,10.0,80.0,5.7612108185127315,2.9262281606329656,39.5,-0.003487736473040495,0.020646722113437228,0.0013419313928509343
2.0,11.0,80.0,5.1136140803164825,2.926114080316483,39.5,-0.003487468852209487,0.019127525966569643,0.00196664627372504
2.0,12.0,80.0,4.463114080316483,2.926114080316483,39.5,-0.003487468852209487,0.017601519062504775,0.002533643859565572
2.0,13.0,80.0,3.8126140803164827,2.926114080316483,39.5,-0.003487468852209487,0.016075512158439907,0.0030084047553624515
2.0,14.0,80.0,3.1650173421202332,2.9262281606329656,39.5,-0.003487736473040495,0.014556316011572321,0.0032130237291709916
2.0,15.0,80.0,3.112058356420907,2.918185199544742,39.5,-0.003468868503555861,0.014432079612172714,0.0031636666494672767
2.0,16.0,80.0,3.0668924619084326,2.8951706892935642,39.5,-0.003414878800962519,0.014326125012857877,0.0030781607500131366
2.0,17.0,80.0,3.0310574713394014,2.859335698724533,39.5,-0.0033308135542055002,0.014242059766100858,0.0029630919970350545
2.0,18.0,80.0,3.0080429610882238,2.8141698042120584,39.5,-0.003224858954890663,0.014188070063507516,0.0028296656732873715
2.0,19.0,80.0,3.0,2.7612108185127324,39.5,-0.0031006225554910563,0.014169202094022882,0.0027365911839032217
2.0,20.0,80.0,3.0001140803164827,2.113614080316483,39.5,-0.0015814264086234698,0.01416946971485389,0.001452914253662337
2.0,21.0,80.0,3.0001140803164827,1.4631140803164828,39.5,-5.541950455860273e-5,0.01416946971485389,3.8509233102988247e-5
2.0,22.0,80.0,3.0001140803164827,0.8126140803164827,39.5,0.0014705873995062644,0.01416946971485389,-0.0013775040592400492
2.0,23.0,80.0,3.0,0.16501734212023322,39.5,0.0029897835463738504,0.014169202094022882,-0.002694378362691168
2.0,24.0,80.0,3.0080429610882238,0.11205835642090678,39.5,0.0031140199457734582,0.014188070063507516,-0.0028380456950665004
2.0,25.0,80.0,3.0310574713394014,0.06689246190843257,39.5,0.003219974545088295,0.014242059766100858,-0.002967439374620929
2.0,26.0,80.0,3.0668924619084326,0.0310574713394014,39.5,0.0033040397918453136,0.014326125012857877,-0.0030775724868454942
2.0,27.0,80.0,3.112058356420907,0.008042961088223777,39.5,0.0033580294944386556,0.014432079612172714,-0.0031577203768608027
2.0,28.0,80.0,3.1650173421202332,0.0,39.5,0.0033768974639232898,0.014556316011572321,-0.00320153277155637
2.0,29.0,80.0,3.8126140803164827,0.0001140803164827453,39.5,0.0033766298430922817,0.016075512158439907,-0.0029940314432480735
2.0,30.0,80.0,4.463114080316483,0.0001140803164827453,39.5,0.0033766298430922817,0.017601519062504775,-0.002534869292184341
2.0,31.0,80.0,5.1136140803164825,0.0001140803164827453,39.5,0.0033766298430922817,0.019127525966569643,-0.0019835126435302905
2.0,32.0,80.0,5.761210818512732,0.0,39.5,0.0033768974639232898,0.020646722113437228,-0.0013746825911385542
2.0,33.0,80.0,5.814169804212058,0.008042961088223777,39.5,0.0033580294944386556,0.020770958512836835,-0.0012896017133563979
2.0,34.0,80.0,5.859335698724533,0.0310574713394014,39.5,0.0033040397918453136,0.02087691311215167,-0.0011460866028455711
2.0,35.0,80.0,5.895170689293565,0.06689246190843257,39.5,0.003219974545088295,0.020960978358908693,-0.000953342015081711
2.0,36.0,80.0,5.918185199544742,0.11205835642090678,39.5,0.0031140199457734582,0.02101496806150203,-0.0007286368812600753
2.0,37.0,80.0,5.926228160632966,0.16501734212023322,39.5,0.0029897835463738504,0.021033836030986665,-0.0004790269514181532
2.0,38.0,80.0,5.9261140803164825,0.29986408031648293,39.5,0.0026734468000585475,0.02103356841015566,0.00014106605415021008
2.0,39.0,80.0,5.9261140803164825,0.43761408031648275,39.5,0.0023502992965459646,0.02103356841015566,0.000768275953618977
2.0,40.0,80.0,5.9261140803164825,0.5753640803164828,39.5,0.002027151793033381,0.02103356841015566,0.0013859789140321288
2.0,41.0,80.0,5.9261140803164825,0.7131140803164828,39.5,0.001704004289520798,0.02103356841015566,0.0019928667642313304
1.0,1.0,81.0,2.926114080316483,2.213114080316483,40.0,-0.0016373544285327674,0.012540249198662002,0.0009307524324692537
1.0,2.0,81.0,2.926114080316483,2.350864080316483,40.0,-0.0019286335990493348,0.012540249198662002,0.0013365976680498293
1.0,3.0,81.0,2.926114080316483,2.488614080316483,40.0,-0.0022199127695659024,0.012540249198662002,0.0017533238003955352
1.0,4.0,81.0,2.926114080316483,2.626364080316483,40.0,-0.0025111919400824696,0.012540249198662002,0.0021843532836002544
1.0,5.0,81.0,2.9262281606329656,2.7612108185127324,40.0,-0.0027963320202905877,0.012540490427119041,0.0026209747827288126
1.0,6.0,81.0,2.918185199544742,2.8141698042120584,40.0,-0.0029083164081374004,0.012523483189120676,0.002782591106181083
1.0,7.0,81.0,2.8951706892935642,2.859335698724533,40.0,-0.003003821920218942,0.012474817871837133,0.0028919038066061295
1.0,8.0,81.0,2.859335698724533,2.8951706892935642,40.0,-0.0030795967755976456,0.01239904301645843,0.002969426183192924
1.0,9.0,81.0,2.814169804212059,2.918185199544742,40.0,-0.0031282620928811886,0.012303537504376889,0.003007609182641055
1.0,10.0,81.0,2.761210818512732,2.9262281606329656,40.0,-0.0031452693308795542,0.012191553116530075,0.0030095472618409656
1.0,11.0,81.0,2.113614080316483,2.926114080316483,40.0,-0.0031450281024225134,0.010822177866214009,0.002866340328747305
1.0,12.0,81.0,1.4631140803164828,2.926114080316483,40.0,-0.0031450281024225134,0.009446663525589493,0.0028380270305454346
1.0,13.0,81.0,0.8126140803164827,2.926114080316483,40.0,-0.0031450281024225134,0.008071149184964977,0.0029162418059914203
1.0,14.0,81.0,0.16501734212023322,2.9262281606329656,40.0,-0.0031452693308795542,0.006701773934648911,0.0030339265982540463
1.0,15.0,81.0,0.11205835642090678,2.918185199544742,40.0,-0.0031282620928811886,0.006589789546802097,0.0030298929605211584
1.0,16.0,81.0,0.06689246190843257,2.8951706892935642,40.0,-0.0030795967755976456,0.006494284034720556,0.0029977214099483496
1.0,17.0,81.0,0.0310574713394014,2.859335698724533,40.0,-0.003003821920218942,0.006418509179341852,0.0029388283931096257
1.0,18.0,81.0,0.008042961088223777,2.8141698042120584,40.0,-0.0029083164081374004,0.006369843862058309,0.0028567828206909956
1.0,19.0,81.0,0.0,2.7612108185127324,40.0,-0.0027963320202905877,0.006352836624059944,0.002751428967320127
1.0,20.0,81.0,0.0001140803164827453,2.113614080316483,40.0,-0.0014269567699745213,0.0063530778525169845,0.0013936112968301682
1.0,21.0,81.0,0.0001140803164827453,1.4631140803164828,40.0,-5.144242935000524e-5,0.0063530778525169845,1.6531107278378765e-5
1.0,22.0,81.0,0.0001140803164827453,0.8126140803164827,40.0,0.0013240719112745107,0.0063530778525169845,-0.0013611430843152481
1.0,23.0,81.0,0.0,0.16501734212023322,40.0,0.002693447161590577,0.006352836624059944,-0.0027211205021934687
1.0,24.0,81.0,0.008042961088223777,0.11205835642090678,40.0,0.0028054315494373907,0.006369843862058309,-0.002826880919478184
1.0,25.0,81.0,0.0310574713394014,0.06689246190843257,40.0,0.0029009370615189316,0.006418509179341852,-0.0029095711400528327
1.0,26.0,81.0,0.06689246190843257,0.0310574713394014,40.0,0.0029767119168976354,0.006494284034720556,-0.002969322040624967
1.0,27.0,81.0,0.11205835642090678,0.008042961088223777,40.0,0.0030253772341811785,0.006589789546802097,-0.003002511854579206
1.0,28.0,81.0,0.16501734212023322,0.0,40.0,0.0030423844721795437,0.006701773934648911,-0.003007727766567246
1.0,29.0,81.0,0.8126140803164827,0.0001140803164827453,40.0,0.003042143243722503,0.008071149184964977,-0.0029054104258197924
1.0,30.0,81.0,1.4631140803164828,0.0001140803164827453,40.0,0.003042143243722503,0.009446663525589493,-0.0028425078180826114
1.0,31.0,81.0,2.113614080316483,0.0001140803164827453,40.0,0.003042143243722503,0.010822177866214009,-0.002882760337779608
1.0,32.0,81.0,2.7612108185127324,0.0,40.0,0.0030423844721795437,0.012191553116530075,-0.0030334508955238496
1.0,33.0,81.0,2.814169804212059,0.008042961088223777,40.0,0.0030253772341811785,0.012303537504376889,-0.003031089027161935
1.0,34.0,81.0,2.859335698724533,0.0310574713394014,40.0,0.0029767119168976354,0.01239904301645843,-0.0029893408550281074
1.0,35.0,81.0,2.8951706892935642,0.06689246190843257,40.0,0.0029009370615189316,0.012474817871837133,-0.0029096743934254243
1.0,36.0,81.0,2.918185199544742,0.11205835642090678,40.0,0.0028054315494373907,0.012523483189120676,-0.0027998474845585906
1.0,37.0,81.0,2.9262281606329656,0.16501734212023322,40.0,0.002693447161590577,0.012540490427119041,-0.002663018219713045
1.0,38.0,81.0,2.926114080316483,0.29986408031648293,40.0,0.0024083070813824587,0.012540249198662002,-0.0022546168218266598
1.0,39.0,81.0,2.926114080316483,0.43761408031648275,40.0,0.002117027910865892,0.012540249198662002,-0.0018235933141550384
1.0,40.0,81.0,2.926114080316483,0.5753640803164828,40.0,0.0018257487403493245,0.012540249198662002,-0.0014095307299048557
1.0,41.0,81.0,2.926114080316483,0.7131140803164828,40.0,0.001534469569832757,0.012540249198662002,-0.00100698811199732
2.0,1.0,81.0,5.9261140803164825,2.213114080316483,40.0,-0.0016373544285327674,0.01888389719539305,-0.0019322164149966389
2.0,2.0,81.0,5.9261140803164825,2.350864080316483,40.0,-0.0019286335990493348,0.01888389719539305,-0.0013382602378994427
2.0,3.0,81.0,5.9261140803164825,2.488614080316483,40.0,-0.0022199127695659024,0.01888389719539305,-0.0007339956662885046
2.0,4.0,81.0,5.9261140803164825,2.626364080316483,40.0,-0.0025111919400824696,0.01888389719539305,-0.00012179508636953695
2.0,5.0,81.0,5.926228160632966,2.7612108185127324,40.0,-0.0027963320202905877,0.01888413842385009,0.00048286293277679946
2.0,6.0,81.0,5.918185199544742,2.8141698042120584,40.0,-0.0029083164081374004,0.018867131185851725,0.0007263128106420991
2.0,7.0,81.0,5.895170689293565,2.859335698724533,40.0,-0.003003821920218942,0.018818465868568186,0.0009455160523434636
2.0,8.0,81.0,5.859335698724533,2.8951706892935642,40.0,-0.0030795967755976456,0.018742691013189476,0.0011335061526445808
2.0,9.0,81.0,5.814169804212058,2.918185199544742,40.0,-0.0031282620928811886,0.018647185501107937,0.0012735929437844172
2.0,10.0,81.0,5.7612108185127315,2.9262281606329656,40.0,-0.0031452693308795542,0.018535201113261124,0.0013566753654305815
2.0,11.0,81.0,5.1136140803164825,2.926114080316483,40.0,-0.0031450281024225134,0.01716582586294506,0.0019505688142030572
2.0,12.0,81.0,4.463114080316483,2.926114080316483,40.0,-0.0031450281024225134,0.015790311522320542,0.0024920692734362554
2.0,13.0,81.0,3.8126140803164827,2.926114080316483,40.0,-0.0031450281024225134,0.014414797181696026,0.0029674610700368225
2.0,14.0,81.0,3.1650173421202332,2.9262281606329656,40.0,-0.0031452693308795542,0.013045421931379959,0.0032130237291709916
2.0,15.0,81.0,3.112058356420907,2.918185199544742,40.0,-0.0031282620928811886,0.012933437543533146,0.0031636666494672767
2.0,16.0,81.0,3.0668924619084326,2.8951706892935642,40.0,-0.0030795967755976456,0.012837932031451605,0.0030781607500131366
2.0,17.0,81.0,3.0310574713394014,2.859335698724533,40.0,-0.003003821920218942,0.0127621571760729,0.0029630919970350545
2.0,18.0,81.0,3.0080429610882238,2.8141698042120584,40.0,-0.0029083164081374004,0.012713491858789358,0.0028296656732873715
2.0,19.0,81.0,3.0,2.7612108185127324,40.0,-0.0027963320202905877,0.012696484620790992,0.0027238270303486527
2.0,20.0,81.0,3.0001140803164827,2.113614080316483,40.0,-0.0014269567699745213,0.012696725849248034,0.0014271861427855063
2.0,21.0,81.0,3.0001140803164827,1.4631140803164828,40.0,-5.144242935000524e-5,0.012696725849248034,3.58390488831262e-5
2.0,22.0,81.0,3.0001140803164827,0.8126140803164827,40.0,0.0013240719112745107,0.012696725849248034,-0.0013537956730992884
2.0,23.0,81.0,3.0,0.16501734212023322,40.0,0.002693447161590577,0.012696484620790992,-0.002694378362691168
2.0,24.0,81.0,3.0080429610882238,0.11205835642090678,40.0,0.0028054315494373907,0.012713491858789358,-0.0028380456950665004
2.0,25.0,81.0,3.0310574713394014,0.06689246190843257,40.0,0.0029009370615189316,0.0127621571760729,-0.002967439374620929
2.0,26.0,81.0,3.0668924619084326,0.0310574713394014,40.0,0.0029767119168976354,0.012837932031451605,-0.0030775724868454942
2.0,27.0,81.0,3.112058356420907,0.008042961088223777,40.0,0.0030253772341811785,0.012933437543533146,-0.0031577203768608027
2.0,28.0,81.0,3.1650173421202332,0.0,40.0,0.0030423844721795437,0.013045421931379959,-0.00320153277155637
2.0,29.0,81.0,3.8126140803164827,0.0001140803164827453,40.0,0.003042143243722503,0.014414797181696026,-0.0029540744567116317
2.0,30.0,81.0,4.463114080316483,0.0001140803164827453,40.0,0.003042143243722503,0.015790311522320542,-0.0024940212956325674
2.0,31.0,81.0,5.1136140803164825,0.0001140803164827453,40.0,0.003042143243722503,0.01716582586294506,-0.001967368815230856
2.0,32.0,81.0,5.761210818512732,0.0,40.0,0.0030423844721795437,0.018535201113261124,-0.001388682528220434
2.0,33.0,81.0,5.814169804212058,0.008042961088223777,40.0,0.0030253772341811785,0.018647185501107937,-0.001306753197276906
2.0,34.0,81.0,5.859335698724533,0.0310574713394014,40.0,0.0029767119168976354,0.018742691013189476,-0.0011676539569715778
2.0,35.0,81.0,5.895170689293565,0.06689246190843257,40.0,0.0029009370615189316,0.018818465868568186,-0.0009804806652172202
2.0,36.0,81.0,5.918185199544742,0.11205835642090678,40.0,0.0028054315494373907,0.018867131185851725,-0.000761877413804426
2.0,37.0,81.0,5.926228160632966,0.16501734212023322,40.0,0.002693447161590577,0.01888413842385009,-0.0005187890594652476
2.0,38.0,81.0,5.9261140803164825,0.29986408031648293,40.0,0.0024083070813824587,0.01888389719539305,8.537583971671797e-5
2.0,39.0,81.0,5.9261140803164825,0.43761408031648275,40.0,0.002117027910865892,0.01888389719539305,0.0006972072040551355
2.0,40.0,81.0,5.9261140803164825,0.5753640803164828,40.0,0.0018257487403493245,0.01888389719539305,0.0013012393013571873
2.0,41.0,81.0,5.9261140803164825,0.7131140803164828,40.0,0.001534469569832757,0.01888389719539305,0.0018950949500739884
1.0,1.0,82.0,2.926114080316483,2.213114080316483,40.5,-0.0014628715432608607,0.011096083938072702,0.0009409832623446096
1.0,2.0,82.0,2.926114080316483,2.350864080316483,40.5,-0.0017228132295029912,0.011096083938072702,0.001346736256698578
1.0,3.0,82.0,2.926114080316483,2.488614080316483,40.5,-0.001982754915745122,0.011096083938072702,0.0017666022084945594
1.0,4.0,82.0,2.926114080316483,2.626364080316483,40.5,-0.0022426966019872523,0.011096083938072702,0.0021908008437510388
1.0,5.0,82.0,2.9262281606329656,2.7612108185127324,40.5,-0.0024971596764771556,0.011096299213788373,0.002608930282699342
1.0,6.0,82.0,2.918185199544742,2.8141698042120584,40.5,-0.0025970961414089576,0.01108112171202683,0.002782591106181083
1.0,7.0,82.0,2.8951706892935642,2.859335698724533,40.5,-0.0026823266225719836,0.011037692088776535,0.0028919038066061295
1.0,8.0,82.0,2.859335698724533,2.8951706892935642,40.5,-0.0027499491842778623,0.010970069527070657,0.002969426183192924
1.0,9.0,82.0,2.814169804212059,2.918185199544742,40.5,-0.002793378807528156,0.01088483904590763,0.003007609182641055
1.0,10.0,82.0,2.761210818512732,2.9262281606329656,40.5,-0.0028085563092897,0.010784902580975827,0.0030080599254079777
1.0,11.0,82.0,2.113614080316483,2.926114080316483,40.5,-0.00280834103357403,0.009562852576390444,0.002897854252445121
1.0,12.0,82.0,1.4631140803164828,2.926114080316483,40.5,-0.00280834103357403,0.008335323960052834,0.002878383432923815
1.0,13.0,82.0,0.8126140803164827,2.926114080316483,40.5,-0.00280834103357403,0.007107795343715223,0.002949667667882086
1.0,14.0,82.0,0.16501734212023322,2.9262281606329656,40.5,-0.0028085563092897,0.005885745339129839,0.0030537002303559343
1.0,15.0,82.0,0.11205835642090678,2.918185199544742,40.5,-0.002793378807528156,0.005785808874198037,0.0030486383395296407
1.0,16.0,82.0,0.06689246190843257,2.8951706892935642,40.5,-0.0027499491842778623,0.005700578393035011,0.003015522761590126
1.0,17.0,82.0,0.0310574713394014,2.859335698724533,40.5,-0.0026823266225719836,0.0056329558313291325,0.002955682925333599
1.0,18.0,82.0,0.008042961088223777,2.8141698042120584,40.5,-0.0025970961414089576,0.005589526208078839,0.0028726876506691428
1.0,19.0,82.0,0.0,2.7612108185127324,40.5,-0.0024971596764771556,0.005574348706317294,0.002766371322665275
1.0,20.0,82.0,0.0001140803164827453,2.113614080316483,40.5,-0.001275109671891772,0.005574563982032965,0.0013999550131256644
1.0,21.0,82.0,0.0001140803164827453,1.4631140803164828,40.5,-4.758105555416095e-5,0.005574563982032965,1.6467923381843166e-5
1.0,22.0,82.0,0.0001140803164827453,0.8126140803164827,40.5,0.00117994756078345,0.005574563982032965,-0.0013675690513734878
1.0,23.0,82.0,0.0,0.16501734212023322,40.5,0.0024019975653688337,0.005574348706317294,-0.0027360476921675773
1.0,24.0,82.0,0.008042961088223777,0.11205835642090678,40.5,0.0025019340303006365,0.005589526208078839,-0.002842757432902833
1.0,25.0,82.0,0.0310574713394014,0.06689246190843257,40.5,0.0025871645114636617,0.0056329558313291325,-0.00292638662400391
1.0,26.0,82.0,0.06689246190843257,0.0310574713394014,40.5,0.0026547870731695403,0.005700578393035011,-0.002987075068321188
1.0,27.0,82.0,0.11205835642090678,0.008042961088223777,40.5,0.002698216696419834,0.005785808874198037,-0.00302119850133821
1.0,28.0,82.0,0.16501734212023322,0.0,40.5,0.002713394198181378,0.005885745339129839,-0.00302742686027337
1.0,29.0,82.0,0.8126140803164827,0.0001140803164827453,40.5,0.002713178922465708,0.007107795343715223,-0.002938498579684696
1.0,30.0,82.0,1.4631140803164828,0.0001140803164827453,40.5,0.002713178922465708,0.008335323960052834,-0.00288244532176869
1.0,31.0,82.0,2.113614080316483,0.0001140803164827453,40.5,0.002713178922465708,0.009562852576390444,-0.002913882296194564
1.0,32.0,82.0,2.7612108185127324,0.0,40.5,0.002713394198181378,0.010784902580975829,-0.0030322757873998936
1.0,33.0,82.0,2.814169804212059,0.008042961088223777,40.5,0.002698216696419834,0.01088483904590763,-0.003031089027161935
1.0,34.0,82.0,2.859335698724533,0.0310574713394014,40.5,0.0026547870731695403,0.010970069527070657,-0.0029893408550281074
1.0,35.0,82.0,2.8951706892935642,0.06689246190843257,40.5,0.0025871645114636617,0.011037692088776535,-0.0029096743934254243
1.0,36.0,82.0,2.918185199544742,0.11205835642090678,40.5,0.0025019340303006365,0.01108112171202683,-0.0027998474845585906
1.0,37.0,82.0,2.9262281606329656,0.16501734212023322,40.5,0.0024019975653688337,0.011096299213788373,-0.002663018219713045
1.0,38.0,82.0,2.926114080316483,0.29986408031648293,40.5,0.00214753449087893,0.011096083938072702,-0.002249972516605618
1.0,39.0,82.0,2.926114080316483,0.43761408031648275,40.5,0.0018875928046368,0.011096083938072702,-0.0018320664624717222
1.0,40.0,82.0,2.926114080316483,0.5753640803164828,40.5,0.0016276511183946692,0.011096083938072702,-0.0014173115943129843
1.0,41.0,82.0,2.926114080316483,0.7131140803164828,40.5,0.0013677094321525387,0.011096083938072702,-0.0010109391766284222
2.0,1.0,82.0,5.9261140803164825,2.213114080316483,40.5,-0.0014628715432608607,0.0167572458888995,-0.0018921415240885262
2.0,2.0,82.0,5.9261140803164825,2.350864080316483,40.5,-0.0017228132295029912,0.0167572458888995,-0.001299944124304133
2.0,3.0,82.0,5.9261140803164825,2.488614080316483,40.5,-0.001982754915745122,0.0167572458888995,-0.0006996910584314562
2.0,4.0,82.0,5.9261140803164825,2.626364080316483,40.5,-0.0022426966019872523,0.0167572458888995,-9.209719908556471e-5
2.0,5.0,82.0,5.926228160632966,2.7612108185127324,40.5,-0.0024971596764771556,0.01675746116461517,0.0005075412697595266
2.0,6.0,82.0,5.918185199544742,2.8141698042120584,40.5,-0.0025970961414089576,0.016742283662853626,0.0007488769261186303
2.0,7.0,82.0,5.895170689293565,2.859335698724533,40.5,-0.0026823266225719836,0.016698854039603337,0.0009661150045466574
2.0,8.0,82.0,5.859335698724533,2.8951706892935642,40.5,-0.0027499491842778623,0.016631231477897454,0.0011522161841031602
2.0,9.0,82.0,5.814169804212058,2.918185199544742,40.5,-0.002793378807528156,0.01654600099673443,0.001290297404588126
2.0,10.0,82.0,5.7612108185127315,2.9262281606329656,40.5,-0.0028085563092897,0.016446064531802626,0.001371201566157452
2.0,11.0,82.0,5.1136140803164825,2.926114080316483,40.5,-0.00280834103357403,0.015224014527217243,0.001943994989518116
2.0,12.0,82.0,4.463114080316483,2.926114080316483,40.5,-0.00280834103357403,0.013996485910879633,0.002472483775695734
2.0,13.0,82.0,3.8126140803164827,2.926114080316483,40.5,-0.00280834103357403,0.012768957294542022,0.0029520320822988004
2.0,14.0,82.0,3.1650173421202332,2.9262281606329656,40.5,-0.0028085563092897,0.011546907289956637,0.0032130237291709916
2.0,15.0,82.0,3.112058356420907,2.918185199544742,40.5,-0.002793378807528156,0.011446970825024836,0.0031636666494672767
2.0,16.0,82.0,3.0668924619084326,2.8951706892935642,40.5,-0.0027499491842778623,0.01136174034386181,0.0030781607500131366
2.0,17.0,82.0,3.0310574713394014,2.859335698724533,40.5,-0.0026823266225719836,0.011294117782155931,0.0029630919970350545
2.0,18.0,82.0,3.0080429610882238,2.8141698042120584,40.5,-0.0025970961414089576,0.011250688158905637,0.0028296656732873715
2.0,19.0,82.0,3.0,2.7612108185127324,40.5,-0.0024971596764771556,0.011235510657144093,0.002730311052620469
2.0,20.0,82.0,3.0001140803164827,2.113614080316483,40.5,-0.001275109671891772,0.011235725932859764,0.0014259941308188643
2.0,21.0,82.0,3.0001140803164827,1.4631140803164828,40.5,-4.758105555416095e-5,0.011235725932859764,3.525191185149945e-5
2.0,22.0,82.0,3.0001140803164827,0.8126140803164827,40.5,0.00117994756078345,0.011235725932859764,-0.0013564223106266747
2.0,23.0,82.0,3.0,0.16501734212023322,40.5,0.0024019975653688337,0.011235510657144093,-0.002694378362691168
2.0,24.0,82.0,3.0080429610882238,0.11205835642090678,40.5,0.0025019340303006365,0.011250688158905637,-0.0028380456950665004
2.0,25.0,82.0,3.0310574713394014,0.06689246190843257,40.5,0.0025871645114636617,0.011294117782155931,-0.002967439374620929
2.0,26.0,82.0,3.0668924619084326,0.0310574713394014,40.5,0.0026547870731695403,0.01136174034386181,-0.0030775724868454942
2.0,27.0,82.0,3.112058356420907,0.008042961088223777,40.5,0.002698216696419834,0.011446970825024836,-0.0031577203768608027
2.0,28.0,82.0,3.1650173421202332,0.0,40.5,0.002713394198181378,0.011546907289956637,-0.00320153277155637
2.0,29.0,82.0,3.8126140803164827,0.0001140803164827453,40.5,0.002713178922465708,0.012768957294542022,-0.002938652237167698
2.0,30.0,82.0,4.463114080316483,0.0001140803164827453,40.5,0.002713178922465708,0.013996485910879633,-0.0024745463760096876
2.0,31.0,82.0,5.1136140803164825,0.0001140803164827453,40.5,0.002713178922465708,0.015224014527217243,-0.0019608374898171677
2.0,32.0,82.0,5.761210818512732,0.0,40.5,0.002713394198181378,0.016446064531802626,-0.0014030843711565467
2.0,33.0,82.0,5.814169804212058,0.008042961088223777,40.5,0.002698216696419834,0.01654600099673443,-0.0013233024005114427
2.0,34.0,82.0,5.859335698724533,0.0310574713394014,40.5,0.0026547870731695403,0.016631231477897454,-0.0011861915082571203
2.0,35.0,82.0,5.895170689293565,0.06689246190843257,40.5,0.0025871645114636617,0.016698854039603337,-0.0010009044074634327
2.0,36.0,82.0,5.918185199544742,0.11205835642090678,40.5,0.0025019340303006365,0.016742283662853626,-0.0007842616055297362
2.0,37.0,82.0,5.926228160632966,0.16501734212023322,40.5,0.0024019975653688337,0.01675746116461517,-0.0005432791104089983
2.0,38.0,82.0,5.9261140803164825,0.29986408031648293,40.5,0.00214753449087893,0.0167572458888995,5.58752296956719e-5
2.0,39.0,82.0,5.9261140803164825,0.43761408031648275,40.5,0.0018875928046368,0.0167572458888995,0.0006631125926320854
2.0,40.0,82.0,5.9261140803164825,0.5753640803164828,40.5,0.0016276511183946692,0.0167572458888995,0.0012631510939358046
2.0,41.0,82.0,5.9261140803164825,0.7131140803164828,40.5,0.0013677094321525387,0.0167572458888995,0.0018552564625564478
1.0,1.0,83.0,2.926114080316483,2.213114080316483,41.0,-0.0012885450941298707,0.009645290663078447,0.0008784770994739048
1.0,2.0,83.0,2.926114080316483,2.350864080316483,41.0,-0.001517176695542499,0.009645290663078447,0.0012896721597756605
1.0,3.0,83.0,2.926114080316483,2.488614080316483,41.0,-0.0017458082969551275,0.009645290663078447,0.0017179126980431585
1.0,4.0,83.0,2.926114080316483,2.626364080316483,41.0,-0.001974439898367756,0.009645290663078447,0.002169572061447708
1.0,5.0,83.0,2.9262281606329656,2.7612108185127324,41.0,-0.002198252789105164,0.009645480008744125,0.0026219043334958633
1.0,6.0,83.0,2.918185199544742,2.8141698042120584,41.0,-0.002286151865037109,0.00963213064341781,0.002782591106181083
1.0,7.0,83.0,2.8951706892935642,2.859335698724533,41.0,-0.002361116299096063,0.009593932136452625,0.0028919038066061295
1.0,8.0,83.0,2.859335698724533,2.8951706892935642,41.0,-0.002420593694961065,0.009534454740587622,0.002969426183192924
1.0,9.0,83.0,2.814169804212059,2.918185199544742,41.0,-0.0024587922019262487,0.00945949030652867,0.003007609182641055
1.0,10.0,83.0,2.761210818512732,2.9262281606329656,41.0,-0.002472141567252565,0.009371591230596723,0.0030179991100350695
1.0,11.0,83.0,2.113614080316483,2.926114080316483,41.0,-0.002471952221586887,0.008296737660190893,0.0028946463179022434
1.0,12.0,83.0,1.4631140803164828,2.926114080316483,41.0,-0.002471952221586887,0.007217065379109842,0.0029017217874875716
1.0,13.0,83.0,0.8126140803164827,2.926114080316483,41.0,-0.002471952221586887,0.006137393098028791,0.0029761483805137903
1.0,14.0,83.0,0.16501734212023322,2.9262281606329656,41.0,-0.002472141567252565,0.0050625395276229605,0.003077732737424206
1.0,15.0,83.0,0.11205835642090678,2.918185199544742,41.0,-0.0024587922019262487,0.004974640451691015,0.0030725166946969067
1.0,16.0,83.0,0.06689246190843257,2.8951706892935642,41.0,-0.002420593694961065,0.004899676017632061,0.0030388836323997047
1.0,17.0,83.0,0.0310574713394014,2.859335698724533,41.0,-0.002361116299096063,0.004840198621767059,0.002978223308891584
1.0,18.0,83.0,0.008042961088223777,2.8141698042120584,41.0,-0.002286151865037109,0.004802000114801875,0.0028942162343757244
1.0,19.0,83.0,0.0,2.7612108185127324,41.0,-0.002198252789105164,0.004788650749475559,0.0027867590639846646
1.0,20.0,83.0,0.0001140803164827453,2.113614080316483,41.0,-0.0011233992186993334,0.004788840095141237,0.0014083733834936356
1.0,21.0,83.0,0.0001140803164827453,1.4631140803164828,41.0,-4.372693761828221e-5,0.004788840095141237,1.6493598780456678e-5
1.0,22.0,83.0,0.0001140803164827453,0.8126140803164827,41.0,0.001035945343462769,0.004788840095141237,-0.0013757791426098505
1.0,23.0,83.0,0.0,0.16501734212023322,41.0,0.0021107989138686,0.004788650749475559,-0.0027557891652117586
1.0,24.0,83.0,0.008042961088223777,0.11205835642090678,41.0,0.0021986979898005452,0.004802000114801875,-0.0028636337577976683
1.0,25.0,83.0,0.0310574713394014,0.06689246190843257,41.0,0.0022736624238594984,0.004840198621767059,-0.0029482731224797945
1.0,26.0,83.0,0.06689246190843257,0.0310574713394014,41.0,0.0023331398197245007,0.004899676017632061,-0.0030097828888984643
1.0,27.0,83.0,0.11205835642090678,0.008042961088223777,41.0,0.0023713383266896846,0.004974640451691015,-0.0030444310348197215
1.0,28.0,83.0,0.16501734212023322,0.0,41.0,0.002384687692016001,0.0050625395276229605,-0.003050832471183353
1.0,29.0,83.0,0.8126140803164827,0.0001140803164827453,41.0,0.002384498346350323,0.006137393098028791,-0.002964657279035747
1.0,30.0,83.0,1.4631140803164828,0.0001140803164827453,41.0,0.002384498346350323,0.007217065379109842,-0.002905753951016425
1.0,31.0,83.0,2.113614080316483,0.0001140803164827453,41.0,0.002384498346350323,0.008296737660190893,-0.002912230051384
1.0,32.0,83.0,2.7612108185127324,0.0,41.0,0.002384687692016001,0.009371591230596724,-0.003041375427469561
1.0,33.0,83.0,2.814169804212059,0.008042961088223777,41.0,0.0023713383266896846,0.00945949030652867,-0.003031089027161935
1.0,34.0,83.0,2.859335698724533,0.0310574713394014,41.0,0.0023331398197245007,0.009534454740587622,-0.0029893408550281074
1.0,35.0,83.0,2.8951706892935642,0.06689246190843257,41.0,0.0022736624238594984,0.009593932136452625,-0.0029096743934254243
1.0,36.0,83.0,2.918185199544742,0.11205835642090678,41.0,0.0021986979898005452,0.00963213064341781,-0.0027998474845585906
1.0,37.0,83.0,2.9262281606329656,0.16501734212023322,41.0,0.0021107989138686,0.009645480008744125,-0.002663018219713045
1.0,38.0,83.0,2.926114080316483,0.29986408031648293,41.0,0.0018869860231311912,0.009645290663078447,-0.002245489508946325
1.0,39.0,83.0,2.926114080316483,0.43761408031648275,41.0,0.0016583544217185632,0.009645290663078447,-0.0017918889034381485
1.0,40.0,83.0,2.926114080316483,0.5753640803164828,41.0,0.0014297228203059345,0.009645290663078447,-0.0013606982995718233
1.0,41.0,83.0,2.926114080316483,0.7131140803164828,41.0,0.001201091218893306,0.009645290663078447,-0.0009503316515550207
2.0,1.0,83.0,5.9261140803164825,2.213114080316483,41.0,-0.0012885450941298707,0.0146245632891248,-0.001902412793452138
2.0,2.0,83.0,5.9261140803164825,2.350864080316483,41.0,-0.001517176695542499,0.0146245632891248,-0.0013059448586200853
2.0,3.0,83.0,5.9261140803164825,2.488614080316483,41.0,-0.0017458082969551275,0.0146245632891248,-0.0006994703221173981
2.0,4.0,83.0,5.9261140803164825,2.626364080316483,41.0,-0.001974439898367756,0.0146245632891248,-8.585709899191654e-5
2.0,5.0,83.0,5.926228160632966,2.7612108185127324,41.0,-0.002198252789105164,0.014624752634790478,0.0005189022845575788
2.0,6.0,83.0,5.918185199544742,2.8141698042120584,41.0,-0.002286151865037109,0.014611403269464161,0.0007619536720617501
2.0,7.0,83.0,5.895170689293565,2.859335698724533,41.0,-0.002361116299096063,0.01457320476249898,0.0009804380830790277
2.0,8.0,83.0,5.859335698724533,2.8951706892935642,41.0,-0.002420593694961065,0.014513727366633975,0.001167315808840663
2.0,9.0,83.0,5.814169804212058,2.918185199544742,41.0,-0.0024587922019262487,0.014438762932575023,0.00130585388160228
2.0,10.0,83.0,5.7612108185127315,2.9262281606329656,41.0,-0.002472141567252565,0.014350863856643076,0.0013867396488871496
2.0,11.0,83.0,5.1136140803164825,2.926114080316483,41.0,-0.002471952221586887,0.013276010286237247,0.001945223065888011
2.0,12.0,83.0,4.463114080316483,2.926114080316483,41.0,-0.002471952221586887,0.012196338005156198,0.0024703650580027905
2.0,13.0,83.0,3.8126140803164827,2.926114080316483,41.0,-0.002471952221586887,0.011116665724075145,0.0029590423954091445
2.0,14.0,83.0,3.1650173421202332,2.9262281606329656,41.0,-0.002472141567252565,0.010041812153669314,0.0032130237291709916
2.0,15.0,83.0,3.112058356420907,2.918185199544742,41.0,-0.0024587922019262487,0.009953913077737369,0.0031636666494672767
2.0,16.0,83.0,3.0668924619084326,2.8951706892935642,41.0,-0.002420593694961065,0.009878948643678415,0.0030781607500131366
2.0,17.0,83.0,3.0310574713394014,2.859335698724533,41.0,-0.002361116299096063,0.009819471247813414,0.0029630919970350545
2.0,18.0,83.0,3.0080429610882238,2.8141698042120584,41.0,-0.002286151865037109,0.009781272740848229,0.0028296656732873715
2.0,19.0,83.0,3.0,2.7612108185127324,41.0,-0.002198252789105164,0.009767923375521913,0.002714079839917342
2.0,20.0,83.0,3.0001140803164827,2.113614080316483,41.0,-0.0011233992186993334,0.009768112721187591,0.0014662051997150274
2.0,21.0,83.0,3.0001140803164827,1.4631140803164828,41.0,-4.372693761828221e-5,0.009768112721187591,3.0564459139569254e-5
2.0,22.0,83.0,3.0001140803164827,0.8126140803164827,41.0,0.001035945343462769,0.009768112721187591,-0.001384893035670458
2.0,23.0,83.0,3.0,0.16501734212023322,41.0,0.0021107989138686,0.009767923375521913,-0.002694378362691168
2.0,24.0,83.0,3.0080429610882238,0.11205835642090678,41.0,0.0021986979898005452,0.009781272740848229,-0.0028380456950665004
2.0,25.0,83.0,3.0310574713394014,0.06689246190843257,41.0,0.0022736624238594984,0.009819471247813414,-0.002967439374620929
2.0,26.0,83.0,3.0668924619084326,0.0310574713394014,41.0,0.0023331398197245007,0.009878948643678415,-0.0030775724868454942
2.0,27.0,83.0,3.112058356420907,0.008042961088223777,41.0,0.0023713383266896846,0.009953913077737369,-0.0031577203768608027
2.0,28.0,83.0,3.1650173421202332,0.0,41.0,0.002384687692016001,0.010041812153669314,-0.00320153277155637
2.0,29.0,83.0,3.8126140803164827,0.0001140803164827453,41.0,0.002384498346350323,0.011116665724075145,-0.0029445838387216145
2.0,30.0,83.0,4.463114080316483,0.0001140803164827453,41.0,0.002384498346350323,0.012196338005156198,-0.0024720436597938473
2.0,31.0,83.0,5.1136140803164825,0.0001140803164827453,41.0,0.002384498346350323,0.013276010286237247,-0.00196221143085907
2.0,32.0,83.0,5.761210818512732,0.0,41.0,0.002384687692016001,0.014350863856643076,-0.0014190935591613379
2.0,33.0,83.0,5.814169804212058,0.008042961088223777,41.0,0.0023713383266896846,0.014438762932575023,-0.0013393765887658553
2.0,34.0,83.0,5.859335698724533,0.0310574713394014,41.0,0.0023331398197245007,0.014513727366633975,-0.001201833347436448
2.0,35.0,83.0,5.895170689293565,0.06689246190843257,41.0,0.0022736624238594984,0.01457320476249898,-0.0010157724157486404
2.0,36.0,83.0,5.918185199544742,0.11205835642090678,41.0,0.0021986979898005452,0.014611403269464161,-0.0007978819331068632
2.0,37.0,83.0,5.926228160632966,0.16501734212023322,41.0,0.0021107989138686,0.014624752634790478,-0.0005551798068142919
2.0,38.0,83.0,5.9261140803164825,0.29986408031648293,41.0,0.0018869860231311912,0.0146245632891248,4.9148404194036007e-5
2.0,39.0,83.0,5.9261140803164825,0.43761408031648275,41.0,0.0016583544217185632,0.0146245632891248,0.0006624799168479123
2.0,40.0,83.0,5.9261140803164825,0.5753640803164828,41.0,0.0014297228203059345,0.0146245632891248,0.0012687982922577092
2.0,41.0,83.0,5.9261140803164825,0.7131140803164828,41.0,0.001201091218893306,0.0146245632891248,0.001865207827316862
1.0,1.0,84.0,2.926114080316483,2.213114080316483,41.5,-0.0011101617842056081,0.008167869142700195,0.0007395287538176788
1.0,2.0,84.0,2.926114080316483,2.350864080316483,41.5,-0.0013068566962274651,0.008167869142700195,0.001160979666335066
1.0,3.0,84.0,2.926114080316483,2.488614080316483,41.5,-0.0015035516082493221,0.008167869142700195,0.001595996247596748
1.0,4.0,84.0,2.926114080316483,2.626364080316483,41.5,-0.0017002465202711793,0.008167869142700195,0.002044800872217754
1.0,5.0,84.0,2.9262281606329656,2.7612108185127324,41.5,-0.001892795829207264,0.00816803203938124,0.0025476289556476037
1.0,6.0,84.0,2.918185199544742,2.8141698042120584,41.5,-0.0019684166134751094,0.00815654739674136,0.002782591106181083
1.0,7.0,84.0,2.8951706892935642,2.859335698724533,41.5,-0.0020329095473953975,0.008123684695695396,0.0028919038066061295
1.0,8.0,84.0,2.859335698724533,2.8951706892935642,41.5,-0.002084078769299424,0.00807251547379137,0.002969426183192924
1.0,9.0,84.0,2.814169804212059,2.918185199544742,41.5,-0.002116941470345388,0.008008022539871084,0.003007609182641055
1.0,10.0,84.0,2.761210818512732,2.9262281606329656,41.5,-0.002128426112985267,0.007932401755603237,0.0029672904560757315
1.0,11.0,84.0,2.113614080316483,2.926114080316483,41.5,-0.002128263216304222,0.00700769044202681,0.0028683297566242764
1.0,12.0,84.0,1.4631140803164828,2.926114080316483,41.5,-0.002128263216304222,0.00607883352536461,0.002913028104305224
1.0,13.0,84.0,0.8126140803164827,2.926114080316483,41.5,-0.002128263216304222,0.005149976608702411,0.0029961942713987817
1.0,14.0,84.0,0.16501734212023322,2.9262281606329656,41.5,-0.002128426112985267,0.004225265295125984,0.003103901664150816
1.0,15.0,84.0,0.11205835642090678,2.918185199544742,41.5,-0.002116941470345388,0.004149644510858138,0.003099356616656451
1.0,16.0,84.0,0.06689246190843257,2.8951706892935642,41.5,-0.002084078769299424,0.00408515157693785,0.0030659512560576438
1.0,17.0,84.0,0.0310574713394014,2.859335698724533,41.5,-0.0020329095473953975,0.004033982355033824,0.0030049994304759946
1.0,18.0,84.0,0.008042961088223777,2.8141698042120584,41.5,-0.0019684166134751094,0.0040011196539878596,0.0029201345025058503
1.0,19.0,84.0,0.0,2.7612108185127324,41.5,-0.001892795829207264,0.003989635011347981,0.002811232805986578
1.0,20.0,84.0,0.0001140803164827453,2.113614080316483,41.5,-0.0009680845156308369,0.003989797908029026,0.0014179753725805167
1.0,21.0,84.0,0.0001140803164827453,1.4631140803164828,41.5,-3.922759896863746e-5,0.003989797908029026,1.6596807901077165e-5
1.0,22.0,84.0,0.0001140803164827453,0.8126140803164827,41.5,0.000889629317693562,0.003989797908029026,-0.0013850005141648114
1.0,23.0,84.0,0.0,0.16501734212023322,41.5,0.001814340631269989,0.003989635011347981,-0.0027789554862543064
1.0,24.0,84.0,0.008042961088223777,0.11205835642090678,41.5,0.0018899614155378352,0.0040011196539878596,-0.002888136696227457
1.0,25.0,84.0,0.0310574713394014,0.06689246190843257,41.5,0.0019544543494581226,0.004033982355033824,-0.002973619073303141
1.0,26.0,84.0,0.06689246190843257,0.0310574713394014,41.5,0.002005623571362149,0.00408515157693785,-0.003035481041523789
1.0,27.0,84.0,0.11205835642090678,0.008042961088223777,41.5,0.002038486272408113,0.004149644510858138,-0.003070011067918277
1.0,28.0,84.0,0.16501734212023322,0.0,41.5,0.002049970915047992,0.004225265295125984,-0.0030758714546888838
1.0,29.0,84.0,0.8126140803164827,0.0001140803164827453,41.5,0.002049808018366947,0.005149976608702411,-0.00298446735138503
1.0,30.0,84.0,1.4631140803164828,0.0001140803164827453,41.5,0.002049808018366947,0.00607883352536461,-0.002917301033417337
1.0,31.0,84.0,2.113614080316483,0.0001140803164827453,41.5,0.002049808018366947,0.00700769044202681,-0.0028882427237606843
1.0,32.0,84.0,2.7612108185127324,0.0,41.5,0.002049970915047992,0.007932401755603237,-0.0029955004902262067
1.0,33.0,84.0,2.814169804212059,0.008042961088223777,41.5,0.002038486272408113,0.008008022539871084,-0.003031089027161935
1.0,34.0,84.0,2.859335698724533,0.0310574713394014,41.5,0.002005623571362149,0.00807251547379137,-0.0029893408550281074
1.0,35.0,84.0,2.8951706892935642,0.06689246190843257,41.5,0.0019544543494581226,0.008123684695695396,-0.0029096743934254243
1.0,36.0,84.0,2.918185199544742,0.11205835642090678,41.5,0.0018899614155378352,0.00815654739674136,-0.0027998474845585906
1.0,37.0,84.0,2.9262281606329656,0.16501734212023322,41.5,0.001814340631269989,0.00816803203938124,-0.002663018219713045
1.0,38.0,84.0,2.926114080316483,0.29986408031648293,41.5,0.001621791322333904,0.008167869142700195,-0.0021356120471959263
1.0,39.0,84.0,2.926114080316483,0.43761408031648275,41.5,0.0014250964103120472,0.008167869142700195,-0.0016675549977613517
1.0,40.0,84.0,2.926114080316483,0.5753640803164828,41.5,0.0012284014982901902,0.008167869142700195,-0.0012337649273849722
1.0,41.0,84.0,2.926114080316483,0.7131140803164828,41.5,0.0010317065862683332,0.008167869142700195,-0.0008102644674320283
2.0,1.0,84.0,5.9261140803164825,2.213114080316483,41.5,-0.0011101617842056081,0.012451605883648078,-0.001971943225087844
2.0,2.0,84.0,5.9261140803164825,2.350864080316483,41.5,-0.0013068566962274651,0.012451605883648078,-0.0013543394034466294
2.0,3.0,84.0,5.9261140803164825,2.488614080316483,41.5,-0.0015035516082493221,0.012451605883648078,-0.0007290018289432136
2.0,4.0,84.0,5.9261140803164825,2.626364080316483,41.5,-0.0017002465202711793,0.012451605883648078,-9.87391503342753e-5
2.0,5.0,84.0,5.926228160632966,2.7612108185127324,41.5,-0.001892795829207264,0.012451768780329123,0.0005208565646583835
2.0,6.0,84.0,5.918185199544742,2.8141698042120584,41.5,-0.0019684166134751094,0.012440284137689243,0.0007697264140373688
2.0,7.0,84.0,5.895170689293565,2.859335698724533,41.5,-0.0020329095473953975,0.01240742143664328,0.000993385514653185
2.0,8.0,84.0,5.859335698724533,2.8951706892935642,41.5,-0.002084078769299424,0.012356252214739252,0.0011843552504302158
2.0,9.0,84.0,5.814169804212058,2.918185199544742,41.5,-0.002116941470345388,0.012291759280818966,0.0013250455417155383
2.0,10.0,84.0,5.7612108185127315,2.9262281606329656,41.5,-0.002128426112985267,0.01221613849655112,0.0014056595563262286
2.0,11.0,84.0,5.1136140803164825,2.926114080316483,41.5,-0.002128263216304222,0.011291427182974692,0.0019534822759626094
2.0,12.0,84.0,4.463114080316483,2.926114080316483,41.5,-0.002128263216304222,0.010362570266312494,0.002475596561574048
2.0,13.0,84.0,3.8126140803164827,2.926114080316483,41.5,-0.002128263216304222,0.009433713349650293,0.0030002774193729704
2.0,14.0,84.0,3.1650173421202332,2.9262281606329656,41.5,-0.002128426112985267,0.008509002036073866,0.0032130237291709916
2.0,15.0,84.0,3.112058356420907,2.918185199544742,41.5,-0.002116941470345388,0.00843338125180602,0.0031636666494672767
2.0,16.0,84.0,3.0668924619084326,2.8951706892935642,41.5,-0.002084078769299424,0.008368888317885733,0.0030781607500131366
2.0,17.0,84.0,3.0310574713394014,2.859335698724533,41.5,-0.0020329095473953975,0.008317719095981706,0.0029630919970350545
2.0,18.0,84.0,3.0080429610882238,2.8141698042120584,41.5,-0.0019684166134751094,0.008284856394935742,0.0028296656732873715
2.0,19.0,84.0,3.0,2.7612108185127324,41.5,-0.001892795829207264,0.008273371752295863,0.0028140314416962523
2.0,20.0,84.0,3.0001140803164827,2.113614080316483,41.5,-0.0009680845156308369,0.00827353464897691,0.0015255622879560048
2.0,21.0,84.0,3.0001140803164827,1.4631140803164828,41.5,-3.922759896863746e-5,0.00827353464897691,3.420676114371998e-5
2.0,22.0,84.0,3.0001140803164827,0.8126140803164827,41.5,0.000889629317693562,0.00827353464897691,-0.0014667202431034785
2.0,23.0,84.0,3.0,0.16501734212023322,41.5,0.001814340631269989,0.008273371752295863,-0.002694378362691168
2.0,24.0,84.0,3.0080429610882238,0.11205835642090678,41.5,0.0018899614155378352,0.008284856394935742,-0.0028380456950665004
2.0,25.0,84.0,3.0310574713394014,0.06689246190843257,41.5,0.0019544543494581226,0.008317719095981706,-0.002967439374620929
2.0,26.0,84.0,3.0668924619084326,0.0310574713394014,41.5,0.002005623571362149,0.008368888317885733,-0.0030775724868454942
2.0,27.0,84.0,3.112058356420907,0.008042961088223777,41.5,0.002038486272408113,0.00843338125180602,-0.0031577203768608027
2.0,28.0,84.0,3.1650173421202332,0.0,41.5,0.002049970915047992,0.008509002036073866,-0.00320153277155637
2.0,29.0,84.0,3.8126140803164827,0.0001140803164827453,41.5,0.002049808018366947,0.009433713349650293,-0.0029825659565776226
2.0,30.0,84.0,4.463114080316483,0.0001140803164827453,41.5,0.002049808018366947,0.010362570266312494,-0.0024770879614442924
2.0,31.0,84.0,5.1136140803164825,0.0001140803164827453,41.5,0.002049808018366947,0.011291427182974692,-0.001970463999936903
2.0,32.0,84.0,5.761210818512732,0.0,41.5,0.002049970915047992,0.01221613849655112,-0.00143913765819453
2.0,33.0,84.0,5.814169804212058,0.008042961088223777,41.5,0.002038486272408113,0.012291759280818966,-0.0013598022327218678
2.0,34.0,84.0,5.859335698724533,0.0310574713394014,41.5,0.002005623571362149,0.012356252214739252,-0.0012202118132815158
2.0,35.0,84.0,5.895170689293565,0.06689246190843257,41.5,0.0019544543494581226,0.01240742143664328,-0.0010301363858136773
2.0,36.0,84.0,5.918185199544742,0.11205835642090678,41.5,0.0018899614155378352,0.012440284137689243,-0.0008070763052117644
2.0,37.0,84.0,5.926228160632966,0.16501734212023322,41.5,0.001814340631269989,0.012451768780329123,-0.0005584656243907397
2.0,38.0,84.0,5.9261140803164825,0.29986408031648293,41.5,0.001621791322333904,0.012451605883648078,6.097984408286465e-5
2.0,39.0,84.0,5.9261140803164825,0.43761408031648275,41.5,0.0014250964103120472,0.012451605883648078,0.0006911397357836318
2.0,40.0,84.0,5.9261140803164825,0.5753640803164828,41.5,0.0012284014982901902,0.012451605883648078,0.0013164206391360854
2.0,41.0,84.0,5.9261140803164825,0.7131140803164828,41.5,0.0010317065862683332,0.012451605883648078,0.0019340198866659001
1.0,1.0,85.0,2.926114080316483,2.213114080316483,42.0,-0.0009138175829421361,0.006630038092691742,0.000549728886833549
1.0,2.0,85.0,2.926114080316483,2.350864080316483,42.0,-0.0010757252511310593,0.006630038092691742,0.0009835572877324992
1.0,3.0,85.0,2.926114080316483,2.488614080316483,42.0,-0.0012376329193199823,0.006630038092691742,0.0014160354657914275
1.0,4.0,85.0,2.926114080316483,2.626364080316483,42.0,-0.0013995405875089056,0.006630038092691742,0.0018489508562366888
1.0,5.0,85.0,2.9262281606329656,2.7612108185127324,42.0,-0.0015580358393726948,0.006630172179646573,0.0022310985902791536
1.0,6.0,85.0,2.918185199544742,2.8141698042120584,42.0,-0.0016202824156647338,0.006620718698157437,0.0023517765274310267
1.0,7.0,85.0,2.8951706892935642,2.859335698724533,42.0,-0.0016733692008711343,0.006593668057944891,0.00251067726943872
1.0,8.0,85.0,2.859335698724533,2.8951706892935642,42.0,-0.0017154886909807813,0.006551548567835243,0.002641160723338817
1.0,9.0,85.0,2.814169804212059,2.918185199544742,42.0,-0.0017425393311933275,0.006498461782628843,0.0027292994731000844
1.0,10.0,85.0,2.761210818512732,2.9262281606329656,42.0,-0.001751992812682464,0.006436215206336803,0.0027890559946171707
1.0,11.0,85.0,2.113614080316483,2.926114080316483,42.0,-0.001751858725727633,0.0056750473093632485,0.002842915504301613
1.0,12.0,85.0,1.4631140803164828,2.926114080316483,42.0,-0.001751858725727633,0.004910466996064559,0.002912713640601982
1.0,13.0,85.0,0.8126140803164827,2.926114080316483,42.0,-0.001751858725727633,0.004145886682765869,0.0030116844805460246
1.0,14.0,85.0,0.16501734212023322,2.9262281606329656,42.0,-0.001751992812682464,0.0033847187857923133,0.003129044054773066
1.0,15.0,85.0,0.11205835642090678,2.918185199544742,42.0,-0.0017425393311933275,0.0033224722095002734,0.0031255316860700033
1.0,16.0,85.0,0.06689246190843257,2.8951706892935642,42.0,-0.0017154886909807813,0.0032693854242938736,0.003093026376638498
1.0,17.0,85.0,0.0310574713394014,2.859335698724533,42.0,-0.0016733692008711343,0.0032272659341842265,0.0030324913473128603
1.0,18.0,85.0,0.008042961088223777,2.8141698042120584,42.0,-0.0016202824156647338,0.0032002152939716805,0.0029472538956995717
1.0,19.0,85.0,0.0,2.7612108185127324,42.0,-0.0015580358393726948,0.0031907618124825438,0.002836918543022632
1.0,20.0,85.0,0.0001140803164827453,2.113614080316483,42.0,-0.0007968679423991391,0.003190895899437375,0.00142777164049135
1.0,21.0,85.0,0.0001140803164827453,1.4631140803164828,42.0,-3.228762910044944e-5,0.003190895899437375,1.6736476675090455e-5
1.0,22.0,85.0,0.0001140803164827453,0.8126140803164827,42.0,0.0007322926841982402,0.003190895899437375,-0.0013943448868680174
1.0,23.0,85.0,0.0,0.16501734212023322,42.0,0.0014934605811717959,0.0031907618124825438,-0.0028031836675347275
1.0,24.0,85.0,0.008042961088223777,0.11205835642090678,42.0,0.0015557071574638355,0.0032002152939716805,-0.002913651053035329
1.0,25.0,85.0,0.0310574713394014,0.06689246190843257,42.0,0.0016087939426702353,0.0032272659341842265,-0.002999485496387914
1.0,26.0,85.0,0.06689246190843257,0.0310574713394014,42.0,0.0016509134327798824,0.0032693854242938736,-0.0030610136007253983
1.0,27.0,85.0,0.11205835642090678,0.008042961088223777,42.0,0.0016779640729924286,0.0033224722095002734,-0.003094794203379355
1.0,28.0,85.0,0.16501734212023322,0.0,42.0,0.0016874175544815651,0.0033847187857923133,-0.003099795171065506
1.0,29.0,85.0,0.8126140803164827,0.0001140803164827453,42.0,0.001687283467526734,0.004145886682765869,-0.0029997249203943853
1.0,30.0,85.0,1.4631140803164828,0.0001140803164827453,42.0,0.001687283467526734,0.004910466996064559,-0.002917701705577466
1.0,31.0,85.0,2.113614080316483,0.0001140803164827453,42.0,0.001687283467526734,0.0056750473093632485,-0.002864119552052338
1.0,32.0,85.0,2.7612108185127324,0.0,42.0,0.0016874175544815651,0.006436215206336804,-0.0028311170564789103
1.0,33.0,85.0,2.814169804212059,0.008042961088223777,42.0,0.0016779640729924286,0.006498461782628843,-0.0027776119108200276
1.0,34.0,85.0,2.859335698724533,0.0310574713394014,42.0,0.0016509134327798824,0.006551548567835243,-0.002696543968573786
1.0,35.0,85.0,2.8951706892935642,0.06689246190843257,42.0,0.0016087939426702353,0.006593668057944891,-0.002577358856963928
1.0,36.0,85.0,2.918185199544742,0.11205835642090678,42.0,0.0015557071574638355,0.006620718698157437,-0.002430770672555874
1.0,37.0,85.0,2.9262281606329656,0.16501734212023322,42.0,0.0014934605811717959,0.006630172179646573,-0.0022646764527991608
1.0,38.0,85.0,2.926114080316483,0.29986408031648293,42.0,0.0013349653293080065,0.006630038092691742,-0.0019102351081718243
1.0,39.0,85.0,2.926114080316483,0.43761408031648275,42.0,0.0011730576611190834,0.006630038092691742,-0.001485788262903544
1.0,40.0,85.0,2.926114080316483,0.5753640803164828,42.0,0.0010111499929301604,0.006630038092691742,-0.001049917723465421
1.0,41.0,85.0,2.926114080316483,0.7131140803164828,42.0,0.0008492423247412372,0.006630038092691742,-0.0006169327838663605
2.0,1.0,85.0,5.9261140803164825,2.213114080316483,42.0,-0.0009138175829421361,0.010156157908058489,-0.002085519950122714
2.0,2.0,85.0,5.9261140803164825,2.350864080316483,42.0,-0.0010757252511310593,0.010156157908058489,-0.001431193586147728
2.0,3.0,85.0,5.9261140803164825,2.488614080316483,42.0,-0.0012376329193199823,0.010156157908058489,-0.0007778840779097293
2.0,4.0,85.0,5.9261140803164825,2.626364080316483,42.0,-0.0013995405875089056,0.010156157908058489,-0.00012409189253883906
2.0,5.0,85.0,5.926228160632966,2.7612108185127324,42.0,-0.0015580358393726948,0.01015629199501332,0.0005166250756815267
2.0,6.0,85.0,5.918185199544742,2.8141698042120584,42.0,-0.0016202824156647338,0.010146838513524183,0.0007742097117938285
2.0,7.0,85.0,5.895170689293565,2.859335698724533,42.0,-0.0016733692008711343,0.010119787873311638,0.0010059686771796677
2.0,8.0,85.0,5.859335698724533,2.8951706892935642,42.0,-0.0017154886909807813,0.010077668383201989,0.0012034673250990366
2.0,9.0,85.0,5.814169804212058,2.918185199544742,42.0,-0.0017425393311933275,0.01002458159799559,0.0013479783566099773
2.0,10.0,85.0,5.7612108185127315,2.9262281606329656,42.0,-0.001751992812682464,0.00996233502170355,0.0014287705896351031
2.0,11.0,85.0,5.1136140803164825,2.926114080316483,42.0,-0.001751858725727633,0.009201167124729995,0.001961659865377422
2.0,12.0,85.0,4.463114080316483,2.926114080316483,42.0,-0.001751858725727633,0.008436586811431305,0.0025001618523554066
2.0,13.0,85.0,3.8126140803164827,2.926114080316483,42.0,-0.001751858725727633,0.007672006498132615,0.003007912475745236
2.0,14.0,85.0,3.1650173421202332,2.9262281606329656,42.0,-0.001751992812682464,0.00691083860115906,0.003470615434336697
2.0,15.0,85.0,3.112058356420907,2.918185199544742,42.0,-0.0017425393311933275,0.0068485920248670205,0.003507450309304302
2.0,16.0,85.0,3.0668924619084326,2.8951706892935642,42.0,-0.0017154886909807813,0.006795505239660621,0.003490144954586059
2.0,17.0,85.0,3.0310574713394014,2.859335698724533,42.0,-0.0016733692008711343,0.006753385749550973,0.003430840371208586
2.0,18.0,85.0,3.0080429610882238,2.8141698042120584,42.0,-0.0016202824156647338,0.006726335109338427,0.0033369398562390364
2.0,19.0,85.0,3.0,2.7612108185127324,42.0,-0.0015580358393726948,0.006716881627849291,0.003140322692846385
2.0,20.0,85.0,3.0001140803164827,2.113614080316483,42.0,-0.0007968679423991391,0.006717015714804122,0.0015682311391050307
2.0,21.0,85.0,3.0001140803164827,1.4631140803164828,42.0,-3.228762910044944e-5,0.006717015714804122,3.054709368108696e-5
2.0,22.0,85.0,3.0001140803164827,0.8126140803164827,42.0,0.0007322926841982402,0.006717015714804122,-0.0014949662629519756
2.0,23.0,85.0,3.0,0.16501734212023322,42.0,0.0014934605811717959,0.006716881627849291,-0.0030994126319904536
2.0,24.0,85.0,3.0080429610882238,0.11205835642090678,42.0,0.0015557071574638355,0.006726335109338427,-0.003244464900498033
2.0,25.0,85.0,3.0310574713394014,0.06689246190843257,42.0,0.0016087939426702353,0.006753385749550973,-0.0033602096643377305
2.0,26.0,85.0,3.0668924619084326,0.0310574713394014,42.0,0.0016509134327798824,0.006795505239660621,-0.00343648018494168
2.0,27.0,85.0,3.112058356420907,0.008042961088223777,42.0,0.0016779640729924286,0.0068485920248670205,-0.0034635909165352603
2.0,28.0,85.0,3.1650173421202332,0.0,42.0,0.0016874175544815651,0.00691083860115906,-0.0034342398242504283
2.0,29.0,85.0,3.8126140803164827,0.0001140803164827453,42.0,0.001687283467526734,0.007672006498132615,-0.0029921034232783137
2.0,30.0,85.0,4.463114080316483,0.0001140803164827453,42.0,0.001687283467526734,0.008436586811431305,-0.0024998846123612823
2.0,31.0,85.0,5.1136140803164825,0.0001140803164827453,42.0,0.001687283467526734,0.009201167124729995,-0.0019790024158953083
2.0,32.0,85.0,5.761210818512732,0.0,42.0,0.0016874175544815651,0.00996233502170355,-0.00146341377210633
2.0,33.0,85.0,5.814169804212058,0.008042961088223777,42.0,0.0016779640729924286,0.01002458159799559,-0.0013841389317179895
2.0,34.0,85.0,5.859335698724533,0.0310574713394014,42.0,0.0016509134327798824,0.010077668383201989,-0.0012409220444479364
2.0,35.0,85.0,5.895170689293565,0.06689246190843257,42.0,0.0016087939426702353,0.010119787873311638,-0.001044428331037959
2.0,36.0,85.0,5.918185199544742,0.11205835642090678,42.0,0.0015557071574638355,0.010146838513524183,-0.0008132836007351563
2.0,37.0,85.0,5.926228160632966,0.16501734212023322,42.0,0.0014934605811717959,0.01015629199501332,-0.0005558459165355466
2.0,38.0,85.0,5.9261140803164825,0.29986408031648293,42.0,0.0013349653293080065,0.010156157908058489,8.505163350039733e-5
2.0,39.0,85.0,5.9261140803164825,0.43761408031648275,42.0,0.0011730576611190834,0.010156157908058489,0.0007389287799810243
2.0,40.0,85.0,5.9261140803164825,0.5753640803164828,42.0,0.0010111499929301604,0.010156157908058489,0.0013922827058831882
2.0,41.0,85.0,5.9261140803164825,0.7131140803164828,42.0,0.0008492423247412372,0.010156157908058489,0.002046643268146187
1.0,1.0,86.0,2.926114080316483,2.213114080316483,42.5,-0.0006981120136184664,0.005029805133318253,0.0003609471005291948
1.0,2.0,86.0,2.926114080316483,2.350864080316483,42.5,-0.0008219009041800462,0.005029805133318253,0.0008054873322028931
1.0,3.0,86.0,2.926114080316483,2.488614080316483,42.5,-0.000945689794741626,0.005029805133318253,0.001239772917659544
1.0,4.0,86.0,2.926114080316483,2.626364080316483,42.5,-0.001069478685303206,0.005029805133318253,0.0016557518664164217
1.0,5.0,86.0,2.9262281606329656,2.7612108185127324,42.5,-0.0011906585627417651,0.005029907651472971,0.002060793196236493
1.0,6.0,86.0,2.918185199544742,2.8141698042120584,42.5,-0.001238250098748924,0.005022679853070494,0.0022414096261229644
1.0,7.0,86.0,2.8951706892935642,2.859335698724533,42.5,-0.0012788383816739373,0.005001997887982934,0.0023775466790228474
1.0,8.0,86.0,2.859335698724533,2.8951706892935642,42.5,-0.0013110414577234839,0.004969794811933387,0.002499063244170592
1.0,9.0,86.0,2.814169804212059,2.918185199544742,42.5,-0.001331723422811044,0.004929206529008375,0.002592754032018631
1.0,10.0,86.0,2.761210818512732,2.9262281606329656,42.5,-0.0013389512212135207,0.0048816149930012145,0.0026320225802351103
1.0,11.0,86.0,2.113614080316483,2.926114080316483,42.5,-0.0013388487030588034,0.004299652875014924,0.0028037353084197736
1.0,12.0,86.0,1.4631140803164828,2.926114080316483,42.5,-0.0013388487030588034,0.0037150817439056127,0.002909106529870382
1.0,13.0,86.0,0.8126140803164827,2.926114080316483,42.5,-0.0013388487030588034,0.003130510612796301,0.0030224383546289904
1.0,14.0,86.0,0.16501734212023322,2.9262281606329656,42.5,-0.0013389512212135207,0.00254854849481001,0.0031515450172843944
1.0,15.0,86.0,0.11205835642090678,2.918185199544742,42.5,-0.001331723422811044,0.002500956958802851,0.003149059557142909
1.0,16.0,86.0,0.06689246190843257,2.8951706892935642,42.5,-0.0013110414577234839,0.0024603686758778377,0.003117302779333995
1.0,17.0,86.0,0.0310574713394014,2.859335698724533,42.5,-0.0012788383816739373,0.002428165599828291,0.0030570617130820433
1.0,18.0,86.0,0.008042961088223777,2.8141698042120584,42.5,-0.001238250098748924,0.0024074836347407315,0.0029714895452645183
1.0,19.0,86.0,0.0,2.7612108185127324,42.5,-0.0011906585627417651,0.0024002558363382547,0.0028600453575554005
1.0,20.0,86.0,0.0001140803164827453,2.113614080316483,42.5,-0.0006086964447554741,0.002400358354492972,0.0014368270868734022
1.0,21.0,86.0,0.0001140803164827453,1.4631140803164828,42.5,-2.4125313646162475e-5,0.002400358354492972,1.6875686730043833e-5
1.0,22.0,86.0,0.0001140803164827453,0.8126140803164827,42.5,0.0005604458174631492,0.002400358354492972,-0.0014029270085043706
1.0,23.0,86.0,0.0,0.16501734212023322,42.5,0.0011424079354494401,0.0024002558363382547,-0.0028253120228078185
1.0,24.0,86.0,0.008042961088223777,0.11205835642090678,42.5,0.0011899994714565994,0.0024074836347407315,-0.0029368858587237225
1.0,25.0,86.0,0.0310574713394014,0.06689246190843257,42.5,0.0012305877543816123,0.002428165599828291,-0.003023063099149307
1.0,26.0,86.0,0.06689246190843257,0.0310574713394014,42.5,0.001262790830431159,0.0024603686758778377,-0.0030843130827062928
1.0,27.0,86.0,0.11205835642090678,0.008042961088223777,42.5,0.001283472795518719,0.002500956958802851,-0.0031173707393485476
1.0,28.0,86.0,0.16501734212023322,0.0,42.5,0.0012907005939211957,0.00254854849481001,-0.003121384088608146
1.0,29.0,86.0,0.8126140803164827,0.0001140803164827453,42.5,0.0012905980757664784,0.003130510612796301,-0.0030103302886462175
1.0,30.0,86.0,1.4631140803164828,0.0001140803164827453,42.5,0.0012905980757664784,0.0037150817439056127,-0.00291465468598494
1.0,31.0,86.0,2.113614080316483,0.0001140803164827453,42.5,0.0012905980757664784,0.004299652875014924,-0.002827320631527611
1.0,32.0,86.0,2.7612108185127324,0.0,42.5,0.0012907005939211957,0.004881614993001215,-0.0026810408349192904
1.0,33.0,86.0,2.814169804212059,0.008042961088223777,42.5,0.001283472795518719,0.004929206529008375,-0.0026437589868415204
1.0,34.0,86.0,2.859335698724533,0.0310574713394014,42.5,0.001262790830431159,0.004969794811933387,-0.0025513430429751276
1.0,35.0,86.0,2.8951706892935642,0.06689246190843257,42.5,0.0012305877543816123,0.005001997887982934,-0.002425673173786232
1.0,36.0,86.0,2.918185199544742,0.11205835642090678,42.5,0.0011899994714565994,0.005022679853070494,-0.0022831996348192407
1.0,37.0,86.0,2.9262281606329656,0.16501734212023322,42.5,0.0011424079354494401,0.005029907651472971,-0.002129698292204705
1.0,38.0,86.0,2.926114080316483,0.29986408031648293,42.5,0.0010212280580108807,0.005029805133318253,-0.0017124629419516997
1.0,39.0,86.0,2.926114080316483,0.43761408031648275,42.5,0.000897439167449301,0.005029805133318253,-0.00129732089020546
1.0,40.0,86.0,2.926114080316483,0.5753640803164828,42.5,0.0007736502768877213,0.005029805133318253,-0.0008670576965749721
1.0,41.0,86.0,2.926114080316483,0.7131140803164828,42.5,0.0006498613863261414,0.005029805133318253,-0.00042209870611021206
2.0,1.0,86.0,5.9261140803164825,2.213114080316483,42.5,-0.0006981120136184664,0.007725751933207469,-0.0021949148727120737
2.0,2.0,86.0,5.9261140803164825,2.350864080316483,42.5,-0.0008219009041800462,0.007725751933207469,-0.0015110631536262087
2.0,3.0,86.0,5.9261140803164825,2.488614080316483,42.5,-0.000945689794741626,0.007725751933207469,-0.0008310776544484373
2.0,4.0,86.0,5.9261140803164825,2.626364080316483,42.5,-0.001069478685303206,0.007725751933207469,-0.00015357022420332687
2.0,5.0,86.0,5.926228160632966,2.7612108185127324,42.5,-0.0011906585627417651,0.007725854451362186,0.0005086007312150644
2.0,6.0,86.0,5.918185199544742,2.8141698042120584,42.5,-0.001238250098748924,0.007718626652959709,0.0007747025661742786
2.0,7.0,86.0,5.895170689293565,2.859335698724533,42.5,-0.0012788383816739373,0.007697944687872151,0.001014114930393027
2.0,8.0,86.0,5.859335698724533,2.8951706892935642,42.5,-0.0013110414577234839,0.007665741611822602,0.0012178078461287662
2.0,9.0,86.0,5.814169804212058,2.918185199544742,42.5,-0.001331723422811044,0.00762515332889759,0.0013659964253662272
2.0,10.0,86.0,5.7612108185127315,2.9262281606329656,42.5,-0.0013389512212135207,0.00757756179289043,0.0014471730757787975
2.0,11.0,86.0,5.1136140803164825,2.926114080316483,42.5,-0.0013388487030588034,0.0069955996749041394,0.0019744669133982913
2.0,12.0,86.0,4.463114080316483,2.926114080316483,42.5,-0.0013388487030588034,0.006411028543794829,0.002515730433851885
2.0,13.0,86.0,3.8126140803164827,2.926114080316483,42.5,-0.0013388487030588034,0.005826457412685516,0.0030587436924916266
2.0,14.0,86.0,3.1650173421202332,2.9262281606329656,42.5,-0.0013389512212135207,0.005244495294699225,0.003677433174478396
2.0,15.0,86.0,3.112058356420907,2.918185199544742,42.5,-0.001331723422811044,0.005196903758692066,0.0037064926133976096
2.0,16.0,86.0,3.0668924619084326,2.8951706892935642,42.5,-0.0013110414577234839,0.005156315475767053,0.0036817947218876585
2.0,17.0,86.0,3.0310574713394014,2.859335698724533,42.5,-0.0012788383816739373,0.005124112399717507,0.0036023881414392555
2.0,18.0,86.0,3.0080429610882238,2.8141698042120584,42.5,-0.001238250098748924,0.0051034304346299466,0.0034790106419938416
2.0,19.0,86.0,3.0,2.7612108185127324,42.5,-0.0011906585627417651,0.00509620263622747,0.0033621961679024107
2.0,20.0,86.0,3.0001140803164827,2.113614080316483,42.5,-0.0006086964447554741,0.005096305154382187,0.0016380122485572025
2.0,21.0,86.0,3.0001140803164827,1.4631140803164828,42.5,-2.4125313646162475e-5,0.005096305154382187,3.2596092409032606e-5
2.0,22.0,86.0,3.0001140803164827,0.8126140803164827,42.5,0.0005604458174631492,0.005096305154382187,-0.0015771020495484957
2.0,23.0,86.0,3.0,0.16501734212023322,42.5,0.0011424079354494401,0.00509620263622747,-0.003302456521680946
2.0,24.0,86.0,3.0080429610882238,0.11205835642090678,42.5,0.0011899994714565994,0.0051034304346299466,-0.003447295311672551
2.0,25.0,86.0,3.0310574713394014,0.06689246190843257,42.5,0.0012305877543816123,0.005124112399717507,-0.0035583482326085056
2.0,26.0,86.0,3.0668924619084326,0.0310574713394014,42.5,0.001262790830431159,0.005156315475767053,-0.00363137257890609
2.0,27.0,86.0,3.112058356420907,0.008042961088223777,42.5,0.001283472795518719,0.005196903758692066,-0.003657441193392508
2.0,28.0,86.0,3.1650173421202332,0.0,42.5,0.0012907005939211957,0.005244495294699225,-0.0036309982851154745
2.0,29.0,86.0,3.8126140803164827,0.0001140803164827453,42.5,0.0012905980757664784,0.005826457412685516,-0.0030400393784951758
2.0,30.0,86.0,4.463114080316483,0.0001140803164827453,42.5,0.0012905980757664784,0.006411028543794829,-0.0025150218748645438
2.0,31.0,86.0,5.1136140803164825,0.0001140803164827453,42.5,0.0012905980757664784,0.0069955996749041394,-0.0019917837316511164
2.0,32.0,86.0,5.761210818512732,0.0,42.5,0.0012907005939211957,0.00757756179289043,-0.0014828423913405163
2.0,33.0,86.0,5.814169804212058,0.008042961088223777,42.5,0.001283472795518719,0.00762515332889759,-0.001403203043293726
2.0,34.0,86.0,5.859335698724533,0.0310574713394014,42.5,0.001262790830431159,0.007665741611822602,-0.0012563347519024982
2.0,35.0,86.0,5.895170689293565,0.06689246190843257,42.5,0.0012305877543816123,0.007697944687872151,-0.0010536765946743088
2.0,36.0,86.0,5.918185199544742,0.11205835642090678,42.5,0.0011899994714565994,0.007718626652959709,-0.0008148947111894475
2.0,37.0,86.0,5.926228160632966,0.16501734212023322,42.5,0.0011424079354494401,0.007725854451362186,-0.0005489447559922274
2.0,38.0,86.0,5.9261140803164825,0.29986408031648293,42.5,0.0010212280580108807,0.007725751933207469,0.0001134560915972015
2.0,39.0,86.0,5.9261140803164825,0.43761408031648275,42.5,0.000897439167449301,0.007725751933207469,0.0007911253026077549
2.0,40.0,86.0,5.9261140803164825,0.5753640803164828,42.5,0.0007736502768877213,0.007725751933207469,0.0014712076082564211
2.0,41.0,86.0,5.9261140803164825,0.7131140803164828,42.5,0.0006498613863261414,0.007725751933207469,0.0021550976667610382
1.0,1.0,87.0,2.926114080316483,2.213114080316483,43.0,-0.00047182265265267994,0.003381448928284608,0.0002124148119952264
1.0,2.0,87.0,2.926114080316483,2.350864080316483,43.0,-0.0005555017549921662,0.003381448928284608,0.0006668807704795806
1.0,3.0,87.0,2.926114080316483,2.488614080316483,43.0,-0.0006391808573316527,0.003381448928284608,0.001108856082253927
1.0,4.0,87.0,2.926114080316483,2.626364080316483,43.0,-0.000722859959671139,0.003381448928284608,0.0015436851554355103
1.0,5.0,87.0,2.9262281606329656,2.7612108185127324,43.0,-0.0008047754152476898,0.0033815182287454276,0.0019574083220161797
1.0,6.0,87.0,2.918185199544742,2.8141698042120584,43.0,-0.0008369464525190459,0.0033766323647598452,0.0021121085906604963
1.0,7.0,87.0,2.8951706892935642,2.859335698724533,43.0,-0.000864383414473048,0.0033626517218661865,0.0022712002446835947
1.0,8.0,87.0,2.859335698724533,2.8951706892935642,43.0,-0.000886152124768224,0.003340883011571011,0.0024036144601392935
1.0,9.0,87.0,2.814169804212059,2.918185199544742,43.0,-0.0009001327676618824,0.0033134460496170087,0.002494906770636797
1.0,10.0,87.0,2.761210818512732,2.9262281606329656,43.0,-0.0009050186316474649,0.0032812750123456524,0.0025475707223136697
1.0,11.0,87.0,2.113614080316483,2.926114080316483,43.0,-0.0009049493311866454,0.00288787890541105,0.0027623381808331714
1.0,12.0,87.0,1.4631140803164828,2.926114080316483,43.0,-0.0009049493311866454,0.002492719151713512,0.0029038721933498848
1.0,13.0,87.0,0.8126140803164827,2.926114080316483,43.0,-0.0009049493311866454,0.002097559398015974,0.003029688705213389
1.0,14.0,87.0,0.16501734212023322,2.9262281606329656,43.0,-0.0009050186316474649,0.0017041632910813715,0.003169368850231374
1.0,15.0,87.0,0.11205835642090678,2.918185199544742,43.0,-0.0009001327676618824,0.0016719922538100153,0.003167890435319826
1.0,16.0,87.0,0.06689246190843257,2.8951706892935642,43.0,-0.000886152124768224,0.0016445552918560133,0.0031366855134051528
1.0,17.0,87.0,0.0310574713394014,2.859335698724533,43.0,-0.000864383414473048,0.0016227865815608374,0.003076516293497259
1.0,18.0,87.0,0.008042961088223777,2.8141698042120584,43.0,-0.0008369464525190459,0.001608805938667179,0.002990521545015528
1.0,19.0,87.0,0.0,2.7612108185127324,43.0,-0.0008047754152476898,0.0016039200746815964,0.002878142763361341
1.0,20.0,87.0,0.0001140803164827453,2.113614080316483,43.0,-0.0004113793083130873,0.001603989375142416,0.0014441038372633933
1.0,21.0,87.0,0.0001140803164827453,1.4631140803164828,43.0,-1.6219554615549333e-5,0.001603989375142416,1.700259947853055e-5
1.0,22.0,87.0,0.0001140803164827453,0.8126140803164827,43.0,0.00037894019908198866,0.001603989375142416,-0.001409812522350519
1.0,23.0,87.0,0.0,0.16501734212023322,43.0,0.0007723363060165912,0.0016039200746815964,-0.0028428334825134614
1.0,24.0,87.0,0.008042961088223777,0.11205835642090678,43.0,0.0008045073432879474,0.001608805938667179,-0.0029553481478083524
1.0,25.0,87.0,0.0310574713394014,0.06689246190843257,43.0,0.0008319443052419494,0.0016227865815608374,-0.0030419546247912764
1.0,26.0,87.0,0.06689246190843257,0.0310574713394014,43.0,0.0008537130155371254,0.0016445552918560133,-0.003103138674174146
1.0,27.0,87.0,0.11205835642090678,0.008042961088223777,43.0,0.0008676936584307837,0.0016719922538100153,-0.0031356501109206184
1.0,28.0,87.0,0.16501734212023322,0.0,43.0,0.0008725795224163662,0.0017041632910813715,-0.0031386688506838773
1.0,29.0,87.0,0.8126140803164827,0.0001140803164827453,43.0,0.0008725102219555468,0.002097559398015974,-0.0030174745653696582
1.0,30.0,87.0,1.4631140803164828,0.0001140803164827453,43.0,0.0008725102219555468,0.002492719151713512,-0.0029099129060555255
1.0,31.0,87.0,2.113614080316483,0.0001140803164827453,43.0,0.0008725102219555468,0.00288787890541105,-0.0027883226542941265
1.0,32.0,87.0,2.7612108185127324,0.0,43.0,0.0008725795224163662,0.0032812750123456524,-0.0025963294638651304
1.0,33.0,87.0,2.814169804212059,0.008042961088223777,43.0,0.0008676936584307837,0.0033134460496170087,-0.002545187900813757
1.0,34.0,87.0,2.859335698724533,0.0310574713394014,43.0,0.0008537130155371254,0.003340883011571011,-0.0024551630021197065
1.0,35.0,87.0,2.8951706892935642,0.06689246190843257,43.0,0.0008319443052419494,0.0033626517218661865,-0.0023283243336348616
1.0,36.0,87.0,2.918185199544742,0.11205835642090678,43.0,0.0008045073432879474,0.0033766323647598452,-0.0021759356595259824
1.0,37.0,87.0,2.9262281606329656,0.16501734212023322,43.0,0.0007723363060165912,0.0033815182287454276,-0.0020064251398978408
1.0,38.0,87.0,2.926114080316483,0.29986408031648293,43.0,0.0006904208504400402,0.003381448928284608,-0.001601745427770568
1.0,39.0,87.0,2.926114080316483,0.43761408031648275,43.0,0.0006067417481005539,0.003381448928284608,-0.0011671592058668744
1.0,40.0,87.0,2.926114080316483,0.5753640803164828,43.0,0.0005230626457610676,0.003381448928284608,-0.0007241122767514425
1.0,41.0,87.0,2.926114080316483,0.7131140803164828,43.0,0.00043938354342158123,0.003381448928284608,-0.0002706366498354147
2.0,1.0,87.0,5.9261140803164825,2.213114080316483,43.0,-0.00047182265265267994,0.00520386132043313,-0.0022792104956061493
2.0,2.0,87.0,5.9261140803164825,2.350864080316483,43.0,-0.0005555017549921662,0.00520386132043313,-0.0015750111852604323
2.0,3.0,87.0,5.9261140803164825,2.488614080316483,43.0,-0.0006391808573316527,0.00520386132043313,-0.000875517029148305
2.0,4.0,87.0,5.9261140803164825,2.626364080316483,43.0,-0.000722859959671139,0.00520386132043313,-0.00017957453557965747
2.0,5.0,87.0,5.926228160632966,2.7612108185127324,43.0,-0.0008047754152476898,0.00520393062089395,0.0004996371311968974
2.0,6.0,87.0,5.918185199544742,2.8141698042120584,43.0,-0.0008369464525190459,0.0051990447569083675,0.0007724159223076541
2.0,7.0,87.0,5.895170689293565,2.859335698724533,43.0,-0.000864383414473048,0.00518506411401471,0.001017746929653893
2.0,8.0,87.0,5.859335698724533,2.8951706892935642,43.0,-0.000886152124768224,0.005163295403719533,0.0012262559489971477
2.0,9.0,87.0,5.814169804212058,2.918185199544742,43.0,-0.0009001327676618824,0.005135858441765531,0.0013776598164976263
2.0,10.0,87.0,5.7612108185127315,2.9262281606329656,43.0,-0.0009050186316474649,0.005103687404494174,0.0014600648443977213
2.0,11.0,87.0,5.1136140803164825,2.926114080316483,43.0,-0.0009049493311866454,0.004710291297559573,0.00198488383935347
2.0,12.0,87.0,4.463114080316483,2.926114080316483,43.0,-0.0009049493311866454,0.004315131543862035,0.00253107927421818
2.0,13.0,87.0,3.8126140803164827,2.926114080316483,43.0,-0.0009049493311866454,0.003919971790164497,0.003114174015076737
2.0,14.0,87.0,3.1650173421202332,2.9262281606329656,43.0,-0.0009050186316474649,0.0035265756832298938,0.00379829667373206
2.0,15.0,87.0,3.112058356420907,2.918185199544742,43.0,-0.0009001327676618824,0.0034944046459585375,0.003835409811616794
2.0,16.0,87.0,3.0668924619084326,2.8951706892935642,43.0,-0.000886152124768224,0.003466967684004536,0.0038135185093602464
2.0,17.0,87.0,3.0310574713394014,2.859335698724533,43.0,-0.000864383414473048,0.0034451989737093597,0.003746402210334011
2.0,18.0,87.0,3.0080429610882238,2.8141698042120584,43.0,-0.0008369464525190459,0.0034312183308157014,0.003642169140999056
2.0,19.0,87.0,3.0,2.7612108185127324,43.0,-0.0008047754152476898,0.0034263324668301186,0.003479208143014235
2.0,20.0,87.0,3.0001140803164827,2.113614080316483,43.0,-0.0004113793083130873,0.003426401767290938,0.001702701285146549
2.0,21.0,87.0,3.0001140803164827,1.4631140803164828,43.0,-1.6219554615549333e-5,0.003426401767290938,3.103592783376421e-5
2.0,22.0,87.0,3.0001140803164827,0.8126140803164827,43.0,0.00037894019908198866,0.003426401767290938,-0.0016415813554122645
2.0,23.0,87.0,3.0,0.16501734212023322,43.0,0.0007723363060165912,0.0034263324668301186,-0.003427288734403672
2.0,24.0,87.0,3.0080429610882238,0.11205835642090678,43.0,0.0008045073432879474,0.0034312183308157014,-0.0035765455883881355
2.0,25.0,87.0,3.0310574713394014,0.06689246190843257,43.0,0.0008319443052419494,0.0034451989737093597,-0.0036915723856888465
2.0,26.0,87.0,3.0668924619084326,0.0310574713394014,43.0,0.0008537130155371254,0.003466967684004536,-0.003765364714267689
2.0,27.0,87.0,3.112058356420907,0.008042961088223777,43.0,0.0008676936584307837,0.0034944046459585375,-0.0037880994492832587
2.0,28.0,87.0,3.1650173421202332,0.0,43.0,0.0008725795224163662,0.0035265756832298938,-0.003752133512544735
2.0,29.0,87.0,3.8126140803164827,0.0001140803164827453,43.0,0.0008725102219555468,0.003919971790164497,-0.0030922701495725066
2.0,30.0,87.0,4.463114080316483,0.0001140803164827453,43.0,0.0008725102219555468,0.004315131543862035,-0.0025298594456582123
2.0,31.0,87.0,5.1136140803164825,0.0001140803164827453,43.0,0.0008725102219555468,0.004710291297559573,-0.0020022713588546586
2.0,32.0,87.0,5.761210818512732,0.0,43.0,0.0008725795224163662,0.005103687404494174,-0.0014963124739397979
2.0,33.0,87.0,5.814169804212058,0.008042961088223777,43.0,0.0008676936584307837,0.005135858441765531,-0.0014154831300625798
2.0,34.0,87.0,5.859335698724533,0.0310574713394014,43.0,0.0008537130155371254,0.005163295403719533,-0.001265414653047961
2.0,35.0,87.0,5.895170689293565,0.06689246190843257,43.0,0.0008319443052419494,0.00518506411401471,-0.0010579469896515132
2.0,36.0,87.0,5.918185199544742,0.11205835642090678,43.0,0.0008045073432879474,0.0051990447569083675,-0.0008132562808737183
2.0,37.0,87.0,5.926228160632966,0.16501734212023322,43.0,0.0007723363060165912,0.00520393062089395,-0.0005406433474441189
2.0,38.0,87.0,5.9261140803164825,0.29986408031648293,43.0,0.0006904208504400402,0.00520386132043313,0.0001387716066259095
2.0,39.0,87.0,5.9261140803164825,0.43761408031648275,43.0,0.0006067417481005539,0.00520386132043313,0.0008348699631280784
2.0,40.0,87.0,5.9261140803164825,0.5753640803164828,43.0,0.0005230626457610676,0.00520386132043313,0.0015344602104867089
2.0,41.0,87.0,5.9261140803164825,0.7131140803164828,43.0,0.00043938354342158123,0.00520386132043313,0.0022386961460247215
1.0,1.0,88.0,2.926114080316483,2.213114080316483,43.5,-0.00023775284964130432,0.0016992073505578238,0.00012127220418684224
1.0,2.0,88.0,2.926114080316483,2.350864080316483,43.5,-0.0002799323664351141,0.0016992073505578238,0.0005829392722643364
1.0,3.0,88.0,2.926114080316483,2.488614080316483,43.5,-0.00032211188322892395,0.0016992073505578238,0.0010337509457237419
1.0,4.0,88.0,2.926114080316483,2.626364080316483,43.5,-0.0003642914000227338,0.0016992073505578238,0.0014709574393663278
1.0,5.0,88.0,2.9262281606329656,2.7612108185127324,43.5,-0.0004055819282139438,0.001699242282337315,0.0018892549412364492
1.0,6.0,88.0,2.918185199544742,2.8141698042120584,43.5,-0.0004217981490973402,0.0016967795003968963,0.0020651930982028307
1.0,7.0,88.0,2.8951706892935642,2.859335698724533,43.5,-0.00043562809905085283,0.0016897323793686504,0.002214037825679331
1.0,8.0,88.0,2.859335698724533,2.8951706892935642,43.5,-0.00044660089459722287,0.0016787595838222806,0.0023455705200451675
1.0,9.0,88.0,2.814169804212059,2.918185199544742,43.5,-0.0004536480156254686,0.0016649296338687681,0.00244597059484474
1.0,10.0,88.0,2.761210818512732,2.9262281606329656,43.5,-0.00045611079756588743,0.0016487134129853714,0.0024962216745475444
1.0,11.0,88.0,2.113614080316483,2.926114080316483,43.5,-0.00045607586578639615,0.001450417097236804,0.0027372176544490797
1.0,12.0,88.0,1.4631140803164828,2.926114080316483,43.5,-0.00045607586578639615,0.001251231792885637,0.002898315055822382
1.0,13.0,88.0,0.8126140803164827,2.926114080316483,43.5,-0.00045607586578639615,0.0010520464885344697,0.003034108808489871
1.0,14.0,88.0,0.16501734212023322,2.9262281606329656,43.5,-0.00045611079756588743,0.0008537501727859022,0.0031806544128285394
1.0,15.0,88.0,0.11205835642090678,2.918185199544742,43.5,-0.0004536480156254686,0.0008375339519025056,0.003179752535569581
1.0,16.0,88.0,0.06689246190843257,2.8951706892935642,43.5,-0.00044660089459722287,0.0008237040019489931,0.0031489281941402426
1.0,17.0,88.0,0.0310574713394014,2.859335698724533,43.5,-0.00043562809905085283,0.0008127312064026232,0.0030888740085145794
1.0,18.0,88.0,0.008042961088223777,2.8141698042120584,43.5,-0.0004217981490973402,0.0008056840853743774,0.0030026555659826157
1.0,19.0,88.0,0.0,2.7612108185127324,43.5,-0.0004055819282139438,0.0008032213034339585,0.0028896753578809236
1.0,20.0,88.0,0.0001140803164827453,2.113614080316483,43.5,-0.00020728561246537638,0.0008032562352134499,0.0014487620940705594
1.0,21.0,88.0,0.0001140803164827453,1.4631140803164828,43.5,-8.100308114209162e-6,0.0008032562352134499,1.7091371881105e-5
1.0,22.0,88.0,0.0001140803164827453,0.8126140803164827,43.5,0.00019108499623695806,0.0008032562352134499,-0.0014142358888588448
1.0,23.0,88.0,0.0,0.16501734212023322,43.5,0.00038938131198552547,0.0008032213034339585,-0.0028540360005666317
1.0,24.0,88.0,0.008042961088223777,0.11205835642090678,43.5,0.000405597532868922,0.0008056840853743774,-0.002967137972590611
1.0,25.0,88.0,0.0310574713394014,0.06689246190843257,43.5,0.00041942748282243453,0.0008127312064026232,-0.0030539681371459493
1.0,26.0,88.0,0.06689246190843257,0.0310574713394014,43.5,0.0004304002783688045,0.0008237040019489931,-0.0031150488323794644
1.0,27.0,88.0,0.11205835642090678,0.008042961088223777,43.5,0.0004374473993970503,0.0008375339519025056,-0.0031471994955870083
1.0,28.0,88.0,0.16501734212023322,0.0,43.5,0.00043991018133746914,0.0008537501727859022,-0.003149663800233905
1.0,29.0,88.0,0.8126140803164827,0.0001140803164827453,43.5,0.0004398752495579778,0.0010520464885344697,-0.003021818623444154
1.0,30.0,88.0,1.4631140803164828,0.0001140803164827453,43.5,0.0004398752495579778,0.001251231792885637,-0.002904857138215671
1.0,31.0,88.0,2.113614080316483,0.0001140803164827453,43.5,0.0004398752495579778,0.001450417097236804,-0.0027640564929486736
1.0,32.0,88.0,2.7612108185127324,0.0,43.5,0.00043991018133746914,0.0016487134129853714,-0.002545585881318989
1.0,33.0,88.0,2.814169804212059,0.008042961088223777,43.5,0.0004374473993970503,0.0016649296338687681,-0.002497893227629658
1.0,34.0,88.0,2.859335698724533,0.0310574713394014,43.5,0.0004304002783688045,0.0016787595838222806,-0.002400074151502223
1.0,35.0,88.0,2.8951706892935642,0.06689246190843257,43.5,0.00041942748282243453,0.0016897323793686504,-0.002266803575936638
1.0,36.0,88.0,2.918185199544742,0.11205835642090678,43.5,0.000405597532868922,0.0016967795003968963,-0.0021145322460705707
1.0,37.0,88.0,2.9262281606329656,0.16501734212023322,43.5,0.00038938131198552547,0.001699242282337315,-0.0019493625606509437
1.0,38.0,88.0,2.926114080316483,0.29986408031648293,43.5,0.0003480907837943154,0.0016992073505578238,-0.0015260759780777258
1.0,39.0,88.0,2.926114080316483,0.43761408031648275,43.5,0.00030591126700050565,0.0016992073505578238,-0.0010898474770065097
1.0,40.0,88.0,2.926114080316483,0.5753640803164828,43.5,0.0002637317502066958,0.0016992073505578238,-0.0006400871323904246
1.0,41.0,88.0,2.926114080316483,0.7131140803164828,43.5,0.000221552233412886,0.0016992073505578238,-0.0001777593139578527
2.0,1.0,88.0,5.9261140803164825,2.213114080316483,43.5,-0.00023775284964130432,0.0026178175166662043,-0.0023333157094995597
2.0,2.0,88.0,5.9261140803164825,2.350864080316483,43.5,-0.0002799323664351141,0.0026178175166662043,-0.0016158348386760538
2.0,3.0,88.0,5.9261140803164825,2.488614080316483,43.5,-0.00032211188322892395,0.0026178175166662043,-0.0009042789141605479
2.0,4.0,88.0,5.9261140803164825,2.626364080316483,43.5,-0.0003642914000227338,0.0026178175166662043,-0.0001969626131187216
2.0,5.0,88.0,5.926228160632966,2.7612108185127324,43.5,-0.0004055819282139438,0.0026178524484456954,0.0004929106131557806
2.0,6.0,88.0,5.918185199544742,2.8141698042120584,43.5,-0.0004217981490973402,0.002615389666505277,0.0007699361904995275
2.0,7.0,88.0,5.895170689293565,2.859335698724533,43.5,-0.00043562809905085283,0.002608342545477031,0.0010191178118839673
2.0,8.0,88.0,5.859335698724533,2.8951706892935642,43.5,-0.00044660089459722287,0.002597369749930661,0.0012308456579452345
2.0,9.0,88.0,5.814169804212058,2.918185199544742,43.5,-0.0004536480156254686,0.0025835397999771485,0.0013843411141719682
2.0,10.0,88.0,5.7612108185127315,2.9262281606329656,43.5,-0.00045611079756588743,0.002567323579093752,0.0014673613342226959
2.0,11.0,88.0,5.1136140803164825,2.926114080316483,43.5,-0.00045607586578639615,0.0023690272633451847,0.001991473847443758
2.0,12.0,88.0,4.463114080316483,2.926114080316483,43.5,-0.00045607586578639615,0.002169841958994018,0.0025435784537341717
2.0,13.0,88.0,3.8126140803164827,2.926114080316483,43.5,-0.00045607586578639615,0.0019706566546428502,0.0031495937373790233
2.0,14.0,88.0,3.1650173421202332,2.9262281606329656,43.5,-0.00045611079756588743,0.0017723603388942828,0.0038704556484437684
2.0,15.0,88.0,3.112058356420907,2.918185199544742,43.5,-0.0004536480156254686,0.0017561441180108863,0.003909464702535593
2.0,16.0,88.0,3.0668924619084326,2.8951706892935642,43.5,-0.00044660089459722287,0.0017423141680573738,0.0038909854198227946
2.0,17.0,88.0,3.0310574713394014,2.859335698724533,43.5,-0.00043562809905085283,0.0017313413725110038,0.003816177042676904
2.0,18.0,88.0,3.0080429610882238,2.8141698042120584,43.5,-0.0004217981490973402,0.001724294251482758,0.003695715488578084
2.0,19.0,88.0,3.0,2.7612108185127324,43.5,-0.0004055819282139438,0.001721831469542339,0.0035548063021979275
2.0,20.0,88.0,3.0001140803164827,2.113614080316483,43.5,-0.00020728561246537638,0.0017218664013218304,0.0017393525291318766
2.0,21.0,88.0,3.0001140803164827,1.4631140803164828,43.5,-8.100308114209162e-6,0.0017218664013218304,3.07223967994645e-5
2.0,22.0,88.0,3.0001140803164827,0.8126140803164827,43.5,0.00019108499623695806,0.0017218664013218304,-0.0016804785839990063
2.0,23.0,88.0,3.0,0.16501734212023322,43.5,0.00038938131198552547,0.001721831469542339,-0.0034989073843772938
2.0,24.0,88.0,3.0080429610882238,0.11205835642090678,43.5,0.000405597532868922,0.001724294251482758,-0.003649579193444936
2.0,25.0,88.0,3.0310574713394014,0.06689246190843257,43.5,0.00041942748282243453,0.0017313413725110038,-0.003764183820484079
2.0,26.0,88.0,3.0668924619084326,0.0310574713394014,43.5,0.0004304002783688045,0.0017423141680573738,-0.0038371804480906795
2.0,27.0,88.0,3.112058356420907,0.008042961088223777,43.5,0.0004374473993970503,0.0017561441180108863,-0.0038591513167671354
2.0,28.0,88.0,3.1650173421202332,0.0,43.5,0.00043991018133746914,0.0017723603388942828,-0.003823300411012021
2.0,29.0,88.0,3.8126140803164827,0.0001140803164827453,43.5,0.0004398752495579778,0.0019706566546428502,-0.0031265629725037328
2.0,30.0,88.0,4.463114080316483,0.0001140803164827453,43.5,0.0004398752495579778,0.002169841958994018,-0.0025417383956054464
2.0,31.0,88.0,5.1136140803164825,0.0001140803164827453,43.5,0.0004398752495579778,0.0023690272633451847,-0.0020089365226737214
2.0,32.0,88.0,5.761210818512732,0.0,43.5,0.00043991018133746914,0.002567323579093752,-0.0015039339147089924
2.0,33.0,88.0,5.814169804212058,0.008042961088223777,43.5,0.0004374473993970503,0.0025835397999771485,-0.0014225106461541724
2.0,34.0,88.0,5.859335698724533,0.0310574713394014,43.5,0.0004304002783688045,0.002597369749930661,-0.0012703783649701136
2.0,35.0,88.0,5.895170689293565,0.06689246190843257,43.5,0.00041942748282243453,0.002608342545477031,-0.0010597164673194221
2.0,36.0,88.0,5.918185199544742,0.11205835642090678,43.5,0.000405597532868922,0.002615389666505277,-0.0008111869682540209
2.0,37.0,88.0,5.926228160632966,0.16501734212023322,43.5,0.00038938131198552547,0.0026178524484456954,-0.0005343244952588177
2.0,38.0,88.0,5.9261140803164825,0.29986408031648293,43.5,0.0003480907837943154,0.0026178175166662043,0.00015575786891016492
2.0,39.0,88.0,5.9261140803164825,0.43761408031648275,43.5,0.00030591126700050565,0.0026178175166662043,0.0008632214140560385
2.0,40.0,88.0,5.9261140803164825,0.5753640803164828,43.5,0.0002637317502066958,0.0026178175166662043,0.0015748665271409401
2.0,41.0,88.0,5.9261140803164825,0.7131140803164828,43.5,0.000221552233412886,0.0026178175166662043,0.0022923808252535913
1.0,1.0,89.0,2.926114080316483,2.213114080316483,44.0,0.0,0.0,9.123167762120593e-5
1.0,2.0,89.0,2.926114080316483,2.350864080316483,44.0,0.0,0.0,0.0005552743489948586
1.0,3.0,89.0,2.926114080316483,2.488614080316483,44.0,0.0,0.0,0.0010067457574517483
1.0,4.0,89.0,2.926114080316483,2.626364080316483,44.0,0.0,0.0,0.0014487456095956903
1.0,5.0,89.0,2.9262281606329656,2.7612108185127324,44.0,0.0,0.0,0.0018720515888636475
1.0,6.0,89.0,2.918185199544742,2.8141698042120584,44.0,0.0,0.0,0.0020355493240367165
1.0,7.0,89.0,2.8951706892935642,2.859335698724533,44.0,0.0,0.0,0.0021961447789757703
1.0,8.0,89.0,2.859335698724533,2.8951706892935642,44.0,0.0,0.0,0.0023313866277784143
1.0,9.0,89.0,2.814169804212059,2.918185199544742,44.0,0.0,0.0,0.002426519421987289
1.0,10.0,89.0,2.761210818512732,2.9262281606329656,44.0,0.0,0.0,0.002480281431906553
1.0,11.0,89.0,2.113614080316483,2.926114080316483,44.0,0.0,0.0,0.002728460582009222
1.0,12.0,89.0,1.4631140803164828,2.926114080316483,44.0,0.0,0.0,0.002896254312686129
1.0,13.0,89.0,0.8126140803164827,2.926114080316483,44.0,0.0,0.0,0.0030355287265419572
1.0,14.0,89.0,0.16501734212023322,2.9262281606329656,44.0,0.0,0.0,0.003184543123617208
1.0,15.0,89.0,0.11205835642090678,2.918185199544742,44.0,0.0,0.0,0.003183845482998788
1.0,16.0,89.0,0.06689246190843257,2.8951706892935642,44.0,0.0,0.0,0.0031531088296480074
1.0,17.0,89.0,0.0310574713394014,2.859335698724533,44.0,0.0,0.0,0.0030930359365609296
1.0,18.0,89.0,0.008042961088223777,2.8141698042120584,44.0,0.0,0.0,0.0030067197091152554
1.0,19.0,89.0,0.0,2.7612108185127324,44.0,0.0,0.0,0.0028935605247463222
1.0,20.0,89.0,0.0001140803164827453,2.113614080316483,44.0,0.0,0.0,0.0014503307297707641
1.0,21.0,89.0,0.0001140803164827453,1.4631140803164828,44.0,0.0,0.0,1.7120250269292193e-5
1.0,22.0,89.0,0.0001140803164827453,0.8126140803164827,44.0,0.0,0.0,-0.0014157278755909718
1.0,23.0,89.0,0.0,0.16501734212023322,44.0,0.0,0.0,-0.002857818261365971
1.0,24.0,89.0,0.008042961088223777,0.11205835642090678,44.0,0.0,0.0,-0.002971109708808776
1.0,25.0,89.0,0.0310574713394014,0.06689246190843257,44.0,0.0,0.0,-0.0030580409815105293
1.0,26.0,89.0,0.06689246190843257,0.0310574713394014,44.0,0.0,0.0,-0.0031191377251131138
1.0,27.0,89.0,0.11205835642090678,0.008042961088223777,44.0,0.0,0.0,-0.0031511947872948517
1.0,28.0,89.0,0.16501734212023322,0.0,44.0,0.0,0.0,-0.003153450215788845
1.0,29.0,89.0,0.8126140803164827,0.0001140803164827453,44.0,0.0,0.0,-0.0030232283379584665
1.0,30.0,89.0,1.4631140803164828,0.0001140803164827453,44.0,0.0,0.0,-0.0029029494747931143
1.0,31.0,89.0,2.113614080316483,0.0001140803164827453,44.0,0.0,0.0,-0.002755584379921496
1.0,32.0,89.0,2.7612108185127324,0.0,44.0,0.0,0.0,-0.0025297711065984715
1.0,33.0,89.0,2.814169804212059,0.008042961088223777,44.0,0.0,0.0,-0.0024772465326736064
1.0,34.0,89.0,2.859335698724533,0.0310574713394014,44.0,0.0,0.0,-0.0023827215868046057
1.0,35.0,89.0,2.8951706892935642,0.06689246190843257,44.0,0.0,0.0,-0.0022515728654653334
1.0,36.0,89.0,2.918185199544742,0.11205835642090678,44.0,0.0,0.0,-0.0020958300875423496
1.0,37.0,89.0,2.9262281606329656,0.16501734212023322,44.0,0.0,0.0,-0.001923938276380885
1.0,38.0,89.0,2.926114080316483,0.29986408031648293,44.0,0.0,0.0,-0.0015055542767231454
1.0,39.0,89.0,2.926114080316483,0.43761408031648275,44.0,0.0,0.0,-0.0010632141265027254
1.0,40.0,89.0,2.926114080316483,0.5753640803164828,44.0,0.0,0.0,-0.0006112842746363104
1.0,41.0,89.0,2.926114080316483,0.7131140803164828,44.0,0.0,0.0,-0.0001479904595652377
2.0,1.0,89.0,5.9261140803164825,2.213114080316483,44.0,0.0,0.0,-0.0023514885365590724
2.0,2.0,89.0,5.9261140803164825,2.350864080316483,44.0,0.0,0.0,-0.0016299947399423585
2.0,3.0,89.0,5.9261140803164825,2.488614080316483,44.0,0.0,0.0,-0.0009143070915527953
2.0,4.0,89.0,5.9261140803164825,2.626364080316483,44.0,0.0,0.0,-0.0002031206343866066
2.0,5.0,89.0,5.926228160632966,2.7612108185127324,44.0,0.0,0.0,0.000490373612790011
2.0,6.0,89.0,5.918185199544742,2.8141698042120584,44.0,0.0,0.0,0.0007688407195549147
2.0,7.0,89.0,5.895170689293565,2.859335698724533,44.0,0.0,0.0,0.0010192919072150434
2.0,8.0,89.0,5.859335698724533,2.8951706892935642,44.0,0.0,0.0,0.0012320411537962942
2.0,9.0,89.0,5.814169804212058,2.918185199544742,44.0,0.0,0.0,0.001386266132472666
2.0,10.0,89.0,5.7612108185127315,2.9262281606329656,44.0,0.0,0.0,0.0014696482973096281
2.0,11.0,89.0,5.1136140803164825,2.926114080316483,44.0,0.0,0.0,0.001993750566849201
2.0,12.0,89.0,4.463114080316483,2.926114080316483,44.0,0.0,0.0,0.0025480723430671187
2.0,13.0,89.0,3.8126140803164827,2.926114080316483,44.0,0.0,0.0,0.0031619012877840266
2.0,14.0,89.0,3.1650173421202332,2.9262281606329656,44.0,0.0,0.0,0.003893449542826231
2.0,15.0,89.0,3.112058356420907,2.918185199544742,44.0,0.0,0.0,0.003932565534771847
2.0,16.0,89.0,3.0668924619084326,2.8951706892935642,44.0,0.0,0.0,0.003911080019926405
2.0,17.0,89.0,3.0310574713394014,2.859335698724533,44.0,0.0,0.0,0.0038419337645234906
2.0,18.0,89.0,3.0080429610882238,2.8141698042120584,44.0,0.0,0.0,0.003733611222637672
2.0,19.0,89.0,3.0,2.7612108185127324,44.0,0.0,0.0,0.0035755654884765654
2.0,20.0,89.0,3.0001140803164827,2.113614080316483,44.0,0.0,0.0,0.0017526729293227143
2.0,21.0,89.0,3.0001140803164827,1.4631140803164828,44.0,0.0,0.0,3.0334606971731443e-5
2.0,22.0,89.0,3.0001140803164827,0.8126140803164827,44.0,0.0,0.0,-0.0016933892613650206
2.0,23.0,89.0,3.0,0.16501734212023322,44.0,0.0,0.0,-0.0035219912416992105
2.0,24.0,89.0,3.0080429610882238,0.11205835642090678,44.0,0.0,0.0,-0.0036731537085636294
2.0,25.0,89.0,3.0310574713394014,0.06689246190843257,44.0,0.0,0.0,-0.003788773648648483
2.0,26.0,89.0,3.0668924619084326,0.0310574713394014,44.0,0.0,0.0,-0.003862319232165305
2.0,27.0,89.0,3.112058356420907,0.008042961088223777,44.0,0.0,0.0,-0.003883889437968165
2.0,28.0,89.0,3.1650173421202332,0.0,44.0,0.0,0.0,-0.0038458630084108234
2.0,29.0,89.0,3.8126140803164827,0.0001140803164827453,44.0,0.0,0.0,-0.003138532550143727
2.0,30.0,89.0,4.463114080316483,0.0001140803164827453,44.0,0.0,0.0,-0.002546029101245485
2.0,31.0,89.0,5.1136140803164825,0.0001140803164827453,44.0,0.0,0.0,-0.00201122073651586
2.0,32.0,89.0,5.761210818512732,0.0,44.0,0.0,0.0,-0.0015063375767763755
2.0,33.0,89.0,5.814169804212058,0.008042961088223777,44.0,0.0,0.0,-0.00142455437747835
2.0,34.0,89.0,5.859335698724533,0.0310574713394014,44.0,0.0,0.0,-0.0012716878453690262
2.0,35.0,89.0,5.895170689293565,0.06689246190843257,44.0,0.0,0.0,-0.0010600000315620322
2.0,36.0,89.0,5.918185199544742,0.11205835642090678,44.0,0.0,0.0,-0.0008102035361685147
2.0,37.0,89.0,5.926228160632966,0.16501734212023322,44.0,0.0,0.0,-0.000531910769192043
2.0,38.0,89.0,5.9261140803164825,0.29986408031648293,44.0,0.0,0.0,0.00016177821654276683
2.0,39.0,89.0,5.9261140803164825,0.43761408031648275,44.0,0.0,0.0,0.0008731126209327768
2.0,40.0,89.0,5.9261140803164825,0.5753640803164828,44.0,0.0,0.0,0.0015888895591090269
2.0,41.0,89.0,5.9261140803164825,0.7131140803164828,44.0,0.0,0.0,0.0023104139735069616
